Date,HOBBIES_1_004_CA_2_evaluation,HOBBIES_1_008_CA_2_evaluation,HOBBIES_1_014_CA_2_evaluation,HOBBIES_1_015_CA_2_evaluation,HOBBIES_1_016_CA_2_evaluation,HOBBIES_1_021_CA_2_evaluation,HOBBIES_1_043_CA_2_evaluation,HOBBIES_1_048_CA_2_evaluation,HOBBIES_1_079_CA_2_evaluation,HOBBIES_1_085_CA_2_evaluation,HOBBIES_1_103_CA_2_evaluation,HOBBIES_1_105_CA_2_evaluation,HOBBIES_1_108_CA_2_evaluation,HOBBIES_1_134_CA_2_evaluation,HOBBIES_1_144_CA_2_evaluation,HOBBIES_1_148_CA_2_evaluation,HOBBIES_1_149_CA_2_evaluation,HOBBIES_1_151_CA_2_evaluation,HOBBIES_1_157_CA_2_evaluation,HOBBIES_1_173_CA_2_evaluation,HOBBIES_1_178_CA_2_evaluation,HOBBIES_1_179_CA_2_evaluation,HOBBIES_1_189_CA_2_evaluation,HOBBIES_1_201_CA_2_evaluation,HOBBIES_1_215_CA_2_evaluation,HOBBIES_1_244_CA_2_evaluation,HOBBIES_1_254_CA_2_evaluation,HOBBIES_1_256_CA_2_evaluation,HOBBIES_1_279_CA_2_evaluation,HOBBIES_1_287_CA_2_evaluation,HOBBIES_1_297_CA_2_evaluation,HOBBIES_1_319_CA_2_evaluation,HOBBIES_1_323_CA_2_evaluation,HOBBIES_1_324_CA_2_evaluation,HOBBIES_1_329_CA_2_evaluation,HOBBIES_1_337_CA_2_evaluation,HOBBIES_1_341_CA_2_evaluation,HOBBIES_1_348_CA_2_evaluation,HOBBIES_1_350_CA_2_evaluation,HOBBIES_1_356_CA_2_evaluation,HOBBIES_1_364_CA_2_evaluation,HOBBIES_1_370_CA_2_evaluation,HOBBIES_1_371_CA_2_evaluation,HOBBIES_1_379_CA_2_evaluation,HOBBIES_1_381_CA_2_evaluation,HOBBIES_1_404_CA_2_evaluation,HOBBIES_1_416_CA_2_evaluation,HOBBIES_1_420_CA_2_evaluation,HOUSEHOLD_1_003_CA_2_evaluation,HOUSEHOLD_1_007_CA_2_evaluation,HOUSEHOLD_1_012_CA_2_evaluation,HOUSEHOLD_1_014_CA_2_evaluation,HOUSEHOLD_1_025_CA_2_evaluation,HOUSEHOLD_1_027_CA_2_evaluation,HOUSEHOLD_1_038_CA_2_evaluation,HOUSEHOLD_1_047_CA_2_evaluation,HOUSEHOLD_1_048_CA_2_evaluation,HOUSEHOLD_1_055_CA_2_evaluation,HOUSEHOLD_1_061_CA_2_evaluation,HOUSEHOLD_1_072_CA_2_evaluation,HOUSEHOLD_1_075_CA_2_evaluation,HOUSEHOLD_1_079_CA_2_evaluation,HOUSEHOLD_1_082_CA_2_evaluation,HOUSEHOLD_1_083_CA_2_evaluation,HOUSEHOLD_1_087_CA_2_evaluation,HOUSEHOLD_1_095_CA_2_evaluation,HOUSEHOLD_1_099_CA_2_evaluation,HOUSEHOLD_1_107_CA_2_evaluation,HOUSEHOLD_1_121_CA_2_evaluation,HOUSEHOLD_1_122_CA_2_evaluation,HOUSEHOLD_1_129_CA_2_evaluation,HOUSEHOLD_1_141_CA_2_evaluation,HOUSEHOLD_1_153_CA_2_evaluation,HOUSEHOLD_1_158_CA_2_evaluation,HOUSEHOLD_1_165_CA_2_evaluation,HOUSEHOLD_1_170_CA_2_evaluation,HOUSEHOLD_1_176_CA_2_evaluation,HOUSEHOLD_1_188_CA_2_evaluation,HOUSEHOLD_1_192_CA_2_evaluation,HOUSEHOLD_1_194_CA_2_evaluation,HOUSEHOLD_1_197_CA_2_evaluation,HOUSEHOLD_1_198_CA_2_evaluation,HOUSEHOLD_1_202_CA_2_evaluation,HOUSEHOLD_1_204_CA_2_evaluation,HOUSEHOLD_1_205_CA_2_evaluation,HOUSEHOLD_1_212_CA_2_evaluation,HOUSEHOLD_1_215_CA_2_evaluation,HOUSEHOLD_1_218_CA_2_evaluation,HOUSEHOLD_1_220_CA_2_evaluation,HOUSEHOLD_1_232_CA_2_evaluation,HOUSEHOLD_1_235_CA_2_evaluation,HOUSEHOLD_1_238_CA_2_evaluation,HOUSEHOLD_1_241_CA_2_evaluation,HOUSEHOLD_1_243_CA_2_evaluation,HOUSEHOLD_1_247_CA_2_evaluation,HOUSEHOLD_1_249_CA_2_evaluation,HOUSEHOLD_1_262_CA_2_evaluation,HOUSEHOLD_1_268_CA_2_evaluation,HOUSEHOLD_1_275_CA_2_evaluation,HOUSEHOLD_1_280_CA_2_evaluation
2013/05/13,0,6,0,1,0,0,0,0,0,1,2,0,0,9,1,1,1,1,1,0,0,0,3,0,0,6,1,1,0,0,0,6,2,1,0,0,2,3,0,0,0,4,2,2,0,3,0,2,0,1,0,2,1,2,1,0,0,6,1,12,2,1,0,0,2,0,2,2,0,0,6,0,0,0,0,0,4,0,0,2,0,0,0,2,4,1,3,1,1,0,3,2,0,0,4,0,1,1,1,1
2013/05/14,0,12,0,24,1,1,6,4,0,1,1,1,0,4,1,0,1,1,0,0,17,0,0,0,2,0,4,6,3,0,2,0,2,0,1,7,11,18,0,0,3,6,11,0,8,4,2,0,0,4,0,1,0,2,1,0,1,0,3,2,0,2,0,7,0,0,3,1,0,2,1,1,0,4,1,0,2,4,1,2,2,1,0,0,2,1,3,1,2,0,2,0,1,2,1,2,3,0,4,1
2013/05/15,17,16,1,2,0,1,5,6,0,0,3,1,1,7,0,0,0,1,0,1,4,0,1,1,1,1,3,11,2,0,1,3,1,0,2,1,5,5,0,2,0,2,11,1,2,0,0,0,2,0,2,0,1,5,1,0,2,5,2,3,3,1,0,3,1,0,1,0,0,1,0,0,0,2,2,2,0,1,0,2,1,5,2,0,2,2,3,0,0,0,0,0,0,1,1,2,4,1,4,0
2013/05/16,4,6,1,2,0,0,0,18,0,2,1,3,0,3,1,0,0,2,5,0,8,0,4,2,2,2,1,4,1,4,1,1,0,0,3,1,8,0,0,2,0,2,8,2,1,2,2,0,1,0,2,1,0,1,0,0,0,4,1,0,0,1,0,10,1,0,1,2,0,2,1,0,0,0,0,0,0,1,0,2,1,1,1,0,0,0,2,0,1,0,3,0,1,1,0,3,6,0,2,0
2013/05/17,0,8,1,0,1,1,3,8,1,0,2,0,2,4,1,0,0,0,0,0,0,0,1,0,2,1,9,10,1,4,0,0,0,1,0,0,0,0,1,2,1,2,2,0,0,2,2,1,3,2,0,1,1,1,2,0,4,4,1,3,0,0,2,10,4,0,1,4,0,2,1,0,1,2,2,4,0,2,1,2,3,6,3,1,0,0,0,2,0,0,0,3,1,4,1,2,4,3,4,0
2013/05/18,5,6,3,14,26,1,0,24,1,1,1,1,3,9,0,0,2,0,0,1,25,2,7,1,6,12,4,7,2,0,0,7,4,0,0,3,20,16,0,1,1,4,12,0,0,29,1,5,1,1,1,3,2,4,3,0,2,4,4,1,2,2,1,6,1,0,2,3,0,1,2,0,5,2,1,4,2,0,0,3,2,10,1,0,4,0,0,4,2,0,3,4,3,0,0,3,3,1,5,2
2013/05/19,0,4,3,2,0,0,1,4,1,1,4,0,1,6,1,4,1,0,1,1,21,4,7,1,4,5,3,10,0,0,1,0,1,1,4,3,2,21,0,0,0,6,4,0,18,2,1,4,1,3,2,2,0,7,0,0,0,4,2,7,1,3,1,0,0,2,1,1,2,5,1,0,0,1,3,0,1,1,0,5,5,3,1,0,3,5,1,2,2,0,2,0,6,1,0,0,9,0,1,5
2013/05/20,4,8,0,12,0,1,1,4,0,0,0,0,0,6,1,0,1,0,0,0,9,0,5,0,1,3,0,6,1,0,1,1,0,1,0,0,0,3,1,1,2,5,4,0,4,7,0,0,0,3,2,2,0,3,1,0,0,3,2,8,0,2,0,0,1,1,1,1,1,3,5,0,2,1,2,0,0,0,1,1,1,4,2,1,3,1,0,1,2,0,1,1,0,2,3,0,1,0,4,1
2013/05/21,8,11,0,4,0,1,2,2,0,1,0,0,2,1,2,1,2,0,1,0,0,0,1,2,0,8,1,0,0,4,1,0,0,0,0,1,2,6,0,0,1,7,1,0,0,13,0,0,4,1,1,0,0,7,1,0,2,1,3,1,3,1,1,7,2,0,0,2,1,2,1,0,1,0,0,2,0,1,1,1,2,10,1,0,4,1,2,2,2,0,1,0,0,2,1,3,7,1,2,2
2013/05/22,3,4,0,0,0,0,24,6,0,0,25,0,1,7,0,0,2,0,1,0,5,0,1,1,0,1,1,0,0,0,0,2,1,0,1,3,4,10,0,6,2,1,1,0,0,7,1,3,3,3,2,0,2,2,1,0,2,2,1,4,0,1,1,5,1,0,1,1,0,2,1,0,0,0,1,1,0,1,1,0,3,3,0,0,0,1,1,3,0,1,2,0,0,1,3,3,1,1,0,0
2013/05/23,6,10,0,4,0,1,4,11,1,3,1,2,0,12,1,3,1,0,0,1,10,1,2,2,2,10,12,3,0,2,2,1,0,1,0,8,3,6,0,1,1,3,9,2,3,5,1,2,0,5,0,1,0,4,0,1,2,3,0,2,1,1,0,5,0,2,0,2,0,4,3,0,0,0,0,4,1,0,1,0,0,3,1,1,1,0,2,3,1,0,1,0,0,0,2,3,3,1,2,0
2013/05/24,1,1,0,2,5,1,6,8,2,1,14,1,2,4,0,0,1,0,1,1,0,3,6,0,2,14,3,0,1,2,0,11,1,0,1,3,4,4,0,0,0,16,0,0,1,17,1,2,1,3,0,0,4,4,1,0,1,4,2,3,2,4,1,6,3,0,1,2,1,2,1,0,0,0,2,2,1,0,1,1,2,6,3,0,2,2,2,1,0,1,3,0,0,1,0,4,5,0,1,0
2013/05/25,2,3,0,12,0,0,0,4,0,0,2,1,0,5,1,4,1,0,2,1,3,0,1,1,1,0,7,32,0,0,0,2,2,0,2,5,8,13,1,0,2,0,10,0,10,5,1,3,1,0,2,0,1,8,0,3,2,4,2,4,2,2,1,4,5,1,6,1,0,3,1,0,2,2,2,0,2,1,0,2,1,8,2,2,2,1,2,2,2,0,2,2,1,0,7,2,5,2,1,0
2013/05/26,2,10,1,13,7,0,0,10,0,0,5,0,1,1,2,0,1,0,0,1,6,1,7,2,2,8,7,5,0,0,1,0,0,0,2,6,4,11,0,1,1,2,11,0,2,9,0,0,1,2,1,2,0,3,0,2,0,2,3,7,1,0,1,9,3,0,3,0,2,4,4,5,0,0,1,3,1,3,0,1,3,10,0,4,6,3,2,1,1,2,2,1,0,4,4,4,3,3,7,1
2013/05/27,4,1,0,0,0,0,3,8,0,2,16,0,0,6,0,0,0,1,0,1,3,4,0,0,2,0,0,5,1,0,0,1,1,0,1,2,4,7,3,0,1,6,0,2,9,0,1,0,1,1,3,1,0,3,1,1,6,4,1,3,0,5,0,9,0,2,5,3,2,7,3,6,3,3,2,1,0,5,0,2,1,4,2,1,4,0,2,1,1,1,6,1,1,2,2,8,4,0,3,0
2013/05/28,0,8,0,0,13,1,0,7,0,1,5,1,4,3,1,3,0,1,1,2,4,0,10,1,3,13,0,8,0,1,0,1,2,2,0,2,0,1,1,2,2,37,2,2,3,8,0,1,4,1,0,0,0,5,3,0,2,1,3,2,2,1,2,3,0,0,3,3,0,2,3,4,1,0,3,7,0,1,1,3,1,1,3,0,1,4,1,1,2,1,4,2,1,1,2,2,2,1,0,0
2013/05/29,7,5,0,0,0,1,2,8,0,0,0,3,2,1,0,1,1,0,0,1,6,0,2,1,2,3,0,3,0,1,1,0,1,0,2,2,6,5,0,0,0,2,6,2,0,42,0,2,0,0,1,2,2,1,2,0,0,0,0,2,0,3,0,4,4,3,0,1,0,0,0,1,1,1,2,1,2,3,0,1,0,5,0,1,2,1,1,1,0,0,3,0,0,1,2,1,2,1,3,1
2013/05/30,11,13,0,0,0,0,0,0,2,0,0,0,0,6,2,4,1,1,1,0,0,0,4,1,2,0,0,3,1,2,0,0,0,1,0,2,7,8,0,3,0,0,4,2,1,2,0,2,0,0,0,0,1,2,0,0,1,4,1,2,3,3,2,3,0,5,0,3,1,0,2,0,1,0,0,1,0,1,0,2,1,3,1,0,0,0,2,0,0,1,1,1,0,0,1,0,2,0,0,1
2013/05/31,3,1,0,0,0,1,3,3,0,1,14,0,0,27,2,3,1,0,0,0,3,0,2,1,2,6,0,9,0,0,0,9,0,0,0,1,0,4,2,1,1,6,6,0,6,16,1,2,1,0,0,3,0,4,1,1,0,8,2,7,0,2,0,17,1,1,0,2,0,1,1,3,0,0,2,4,0,2,0,4,0,1,2,0,1,1,0,0,1,1,1,0,0,2,0,1,13,2,4,0
2013/06/01,4,7,7,14,0,2,0,0,0,3,0,0,1,6,0,0,1,0,4,1,8,0,3,2,3,7,0,7,3,1,1,1,1,1,0,3,8,2,0,0,0,6,13,0,0,0,0,1,0,3,2,0,5,4,2,4,0,3,3,5,1,1,2,9,3,1,0,1,1,6,0,1,2,0,2,1,0,1,0,3,4,6,1,2,2,1,0,2,1,1,3,0,4,2,5,0,14,0,1,0
2013/06/02,11,3,0,5,10,0,6,0,0,1,4,1,0,1,0,2,2,0,0,0,4,2,2,0,0,4,0,1,2,1,1,4,0,0,0,5,10,15,1,2,2,6,2,1,2,3,0,2,2,5,0,1,2,5,1,1,4,3,1,8,0,4,0,3,3,3,0,3,1,3,4,4,2,2,2,3,4,3,0,2,3,11,3,1,0,0,2,2,3,0,1,2,3,1,3,2,7,2,3,2
2013/06/03,1,4,0,13,0,1,2,1,2,1,1,2,0,1,1,0,1,0,1,2,0,3,0,1,2,2,3,6,0,0,0,0,2,0,2,14,1,31,1,1,1,2,0,1,0,0,2,0,1,1,0,0,0,5,4,0,1,1,2,3,2,0,2,0,1,0,2,1,0,3,2,2,1,1,1,0,1,1,0,2,5,11,0,0,4,1,2,3,1,3,0,0,1,1,3,2,5,2,5,1
2013/06/04,5,1,1,2,0,0,0,3,1,0,0,1,0,8,0,2,2,0,1,0,5,1,2,2,1,8,2,10,0,1,0,3,0,3,0,6,7,14,0,6,0,5,2,1,0,6,1,0,2,6,0,1,2,3,1,0,4,3,0,1,2,3,0,11,1,0,3,1,3,6,1,10,3,0,2,2,0,1,0,2,3,4,1,2,1,0,6,0,2,0,0,0,1,0,3,2,1,2,0,3
2013/06/05,5,0,0,0,12,0,24,0,1,0,14,0,0,6,0,2,2,0,0,1,0,0,0,0,1,2,2,16,0,0,2,0,1,1,0,0,7,2,0,1,1,0,5,0,0,0,1,1,0,3,1,1,2,4,0,1,1,4,2,2,0,1,0,1,0,0,0,0,0,1,2,3,0,0,1,2,0,1,1,1,0,2,4,0,2,1,1,3,0,2,2,0,0,2,4,2,1,0,2,1
2013/06/06,6,8,0,2,3,0,4,16,0,0,2,1,0,1,1,3,2,0,1,1,8,0,8,0,3,6,3,9,0,0,0,0,0,0,1,1,3,6,5,0,1,48,11,0,0,13,0,3,0,0,0,0,1,2,0,1,3,1,0,4,0,2,0,11,1,0,0,0,1,4,1,3,2,0,0,3,0,0,0,3,4,2,4,1,3,0,1,1,1,1,1,1,0,1,1,5,1,0,3,0
2013/06/07,3,6,1,11,0,0,12,11,0,1,3,0,0,7,0,1,3,1,0,0,42,0,14,1,3,12,4,0,0,1,2,0,1,0,0,3,2,7,0,2,3,21,0,1,6,22,1,2,3,1,1,0,1,6,2,1,2,4,1,5,2,3,1,3,1,0,2,3,2,0,4,3,2,1,3,2,1,2,0,0,4,1,1,1,4,0,2,0,1,1,3,0,0,3,0,1,0,1,3,6
2013/06/08,6,15,0,3,4,1,8,3,0,0,0,1,1,3,0,1,1,0,1,0,5,2,11,2,7,3,3,3,0,1,0,4,0,0,0,1,9,13,0,1,1,9,10,2,6,5,0,1,3,9,3,4,3,2,2,1,2,1,2,1,0,2,1,7,0,0,2,1,2,4,4,3,4,0,0,2,0,0,1,2,2,4,0,0,3,1,0,4,1,1,2,1,3,3,2,1,2,2,3,0
2013/06/09,5,16,0,4,5,0,0,15,1,1,2,1,3,2,0,1,3,0,1,0,7,4,12,1,2,15,12,15,0,1,0,0,2,1,1,1,9,7,1,0,1,2,7,0,1,15,1,2,0,0,2,0,1,7,1,1,0,3,2,7,0,4,0,7,2,0,1,3,1,9,6,0,1,0,2,3,0,1,1,5,1,2,2,0,4,4,2,3,3,1,4,1,2,2,4,4,8,5,4,2
2013/06/10,3,25,0,8,3,0,1,0,0,0,2,1,0,2,0,1,0,0,1,0,0,2,8,1,0,6,11,0,0,0,2,8,0,2,3,2,0,0,1,2,0,2,5,1,1,2,0,5,1,2,0,2,0,2,0,0,1,2,2,2,1,1,1,7,1,0,0,4,0,1,1,0,0,2,1,1,0,5,0,3,0,5,1,0,2,1,1,1,3,1,6,3,0,2,3,4,4,0,1,1
2013/06/11,11,19,0,2,5,2,0,0,0,0,4,1,3,9,0,1,1,0,0,0,1,0,9,2,0,4,0,2,2,0,0,2,1,0,1,10,5,9,1,0,2,4,14,0,1,5,0,2,0,1,1,0,1,2,0,6,0,0,0,8,4,2,2,4,2,0,1,2,0,2,3,0,0,0,0,1,2,1,0,3,3,3,3,0,0,3,0,0,2,1,2,2,0,1,1,1,2,0,4,1
2013/06/12,3,0,0,2,8,0,0,0,0,0,3,2,1,0,2,2,1,0,1,0,2,1,2,0,3,10,6,0,0,0,0,0,0,0,0,5,0,0,0,0,0,14,4,0,7,18,0,2,2,0,3,0,1,0,0,0,1,3,2,1,0,2,2,6,2,1,0,3,1,0,1,2,0,2,0,1,0,4,0,2,0,7,0,0,1,1,2,2,1,2,2,0,1,4,0,2,6,0,2,2
2013/06/13,1,13,0,3,2,1,5,5,0,0,9,0,1,6,0,0,1,2,0,1,7,1,3,1,1,5,0,16,0,0,0,0,0,0,2,5,9,11,0,1,0,6,13,0,7,0,1,0,4,0,1,0,0,3,1,0,2,3,1,5,1,2,0,9,2,1,0,2,2,1,1,2,0,0,0,1,0,1,0,1,1,2,0,3,0,1,0,1,0,0,0,2,2,3,1,2,3,0,1,0
2013/06/14,4,8,3,12,1,1,0,28,1,0,1,0,0,2,2,1,1,0,0,2,4,1,3,0,3,15,0,4,0,2,1,2,0,3,3,3,1,3,1,2,0,11,2,1,14,10,0,1,0,2,0,1,0,3,0,0,2,4,1,4,2,2,2,10,1,1,0,1,1,1,0,1,3,2,1,3,3,2,0,1,0,5,3,0,4,0,5,4,0,0,2,3,3,1,4,5,4,3,3,1
2013/06/15,1,0,0,15,16,0,1,5,0,2,4,1,3,3,0,0,1,0,2,3,18,0,4,0,0,16,29,11,1,0,1,5,0,0,3,1,0,2,0,1,0,0,7,2,1,35,2,2,0,2,0,3,1,5,2,0,3,4,3,0,0,4,1,5,3,5,2,3,1,4,2,4,3,3,1,0,2,2,1,3,2,5,0,0,1,0,0,0,3,1,2,2,1,4,4,7,5,3,1,1
2013/06/16,1,1,0,0,0,0,2,14,2,1,45,0,1,7,1,0,0,0,1,0,1,2,4,0,5,3,2,5,0,0,1,2,0,1,3,5,0,10,0,0,2,9,13,3,15,4,1,0,1,9,1,1,2,3,2,1,1,2,1,4,3,3,3,4,2,2,1,2,0,2,1,2,2,0,4,0,0,1,0,2,5,3,0,1,5,1,2,1,4,2,3,0,1,1,4,1,1,2,6,0
2013/06/17,6,5,0,0,0,1,0,8,0,0,0,0,0,17,0,0,2,0,1,1,1,0,6,0,2,6,0,10,0,0,1,1,0,1,5,3,0,5,0,2,2,5,4,1,0,5,1,0,2,2,0,0,0,6,0,0,0,3,2,2,1,0,1,9,0,0,0,0,1,1,1,3,0,0,0,7,0,0,0,2,1,9,0,0,3,1,0,3,1,0,1,0,0,0,1,3,3,1,1,0
2013/06/18,7,4,2,0,0,0,13,1,0,1,0,0,0,4,0,1,0,1,0,1,1,0,0,1,1,5,2,10,0,0,1,0,0,0,1,0,0,4,0,1,3,3,5,1,2,15,1,2,1,2,1,2,2,3,1,1,0,1,2,2,1,1,1,1,1,1,1,4,0,4,2,1,1,0,0,0,2,4,1,3,1,0,3,1,1,0,1,1,1,1,1,2,1,2,1,4,6,0,5,2
2013/06/19,10,6,1,0,0,0,3,5,0,0,7,1,0,5,3,1,0,0,0,0,7,1,2,2,1,2,1,2,1,1,1,0,1,0,1,1,1,7,0,0,1,10,5,6,5,4,1,2,1,2,7,0,0,3,0,2,0,3,0,2,5,3,0,10,1,1,0,1,0,3,1,1,0,0,1,2,0,1,0,2,6,3,4,2,0,0,2,1,0,2,3,1,0,2,0,4,4,0,1,0
2013/06/20,0,2,0,4,2,1,1,10,1,0,3,0,0,0,0,0,1,0,1,0,0,0,2,1,2,8,16,4,0,0,1,0,1,0,1,4,0,0,0,1,0,6,0,0,10,52,2,3,1,3,2,1,0,3,0,2,0,2,1,3,0,2,1,3,2,5,2,3,0,1,3,4,1,0,0,3,1,4,3,2,1,1,1,1,3,2,1,1,0,2,0,0,1,3,2,0,9,1,2,0
2013/06/21,2,2,1,12,2,0,0,15,1,0,21,2,0,9,1,2,1,0,1,0,2,1,15,2,2,4,5,18,0,1,1,1,2,0,1,4,2,0,1,0,0,6,5,0,1,0,1,2,1,1,1,0,0,0,1,0,1,6,3,2,4,4,1,9,0,1,2,2,0,5,1,0,2,1,1,1,2,1,2,3,0,6,3,0,3,2,2,0,2,2,0,1,0,1,3,4,4,0,1,1
2013/06/22,6,3,0,32,1,1,4,24,4,0,4,1,1,5,1,1,1,1,1,1,31,0,6,0,4,2,15,4,2,2,0,7,1,1,0,3,15,18,3,2,0,5,10,1,1,14,0,4,0,0,0,1,2,3,0,1,6,3,2,5,5,5,0,3,2,1,0,0,2,4,4,7,2,1,3,2,1,1,0,6,0,19,0,0,2,1,3,4,5,1,9,0,2,2,1,1,11,5,4,0
2013/06/23,10,5,1,0,0,1,0,9,0,1,1,1,1,10,0,2,0,2,0,3,13,0,3,2,5,10,0,12,1,0,1,3,0,3,3,3,4,13,0,0,1,10,12,4,2,12,2,4,4,6,4,1,2,4,1,3,2,4,2,4,6,3,2,1,2,1,7,0,1,5,4,4,0,0,3,3,2,0,1,2,1,6,2,0,4,2,3,2,1,2,5,2,2,3,3,6,6,1,1,1
2013/06/24,1,0,0,0,2,2,1,4,0,1,3,0,1,5,1,2,2,0,0,1,0,2,30,0,2,5,0,0,0,1,0,0,0,1,0,2,0,0,2,1,0,3,0,1,15,29,2,0,2,0,2,1,0,1,1,0,0,3,3,3,0,1,1,6,0,1,0,2,0,0,3,1,0,3,2,0,2,4,0,0,2,5,2,0,1,1,2,2,0,2,2,2,4,0,1,3,4,0,3,0
2013/06/25,0,5,0,0,0,0,0,10,0,2,0,0,0,5,2,0,0,0,0,1,14,0,2,0,1,2,8,4,0,0,0,0,1,1,0,0,19,21,1,0,0,52,6,0,1,1,0,0,1,1,0,1,0,4,0,0,3,0,1,4,2,4,0,1,2,1,1,1,1,4,3,7,1,2,0,0,0,2,0,1,1,2,2,1,1,0,1,1,1,0,0,1,0,2,5,0,0,0,0,0
2013/06/26,1,10,2,3,4,0,4,1,0,2,4,0,2,12,3,1,0,0,2,0,3,0,7,0,4,7,0,2,1,0,1,4,1,0,1,2,0,6,0,2,1,20,7,1,0,10,1,0,2,3,0,0,0,2,1,0,0,1,0,10,2,1,0,2,0,1,1,1,1,1,1,1,4,1,1,0,0,3,0,5,0,3,0,0,1,0,0,0,1,2,1,2,0,2,1,2,3,0,3,1
2013/06/27,6,8,0,0,1,0,25,12,0,0,14,1,0,6,0,3,2,0,1,2,1,0,7,1,0,3,1,3,2,2,3,2,1,1,0,2,3,15,0,1,1,3,3,2,1,4,0,2,1,5,0,2,0,4,0,0,1,2,3,1,5,3,3,3,2,0,0,2,0,3,3,2,2,2,1,2,0,0,0,3,1,4,1,0,3,0,2,1,1,0,2,0,1,2,3,2,8,0,3,2
2013/06/28,1,13,0,26,3,0,3,0,1,0,0,0,0,8,0,2,0,0,0,2,0,0,8,1,2,4,4,0,1,1,0,7,2,1,1,4,4,9,3,0,1,0,13,1,1,0,2,1,1,2,0,3,4,4,1,1,2,2,2,4,8,1,1,10,0,0,5,1,1,2,0,3,1,0,0,5,0,0,0,2,2,6,3,0,1,2,2,1,2,0,4,2,2,2,4,2,6,0,4,1
2013/06/29,4,12,4,0,5,1,5,4,0,1,0,3,2,5,2,2,1,1,0,1,13,4,4,0,6,3,2,15,2,1,1,3,0,0,2,0,19,22,0,3,0,6,8,0,0,10,0,2,3,1,1,1,3,4,0,1,4,7,0,2,1,6,2,11,1,2,1,2,3,6,7,1,3,0,0,1,1,3,1,1,5,7,0,1,6,2,4,1,0,1,11,2,3,2,3,2,6,0,3,4
2013/06/30,3,1,0,3,4,3,2,10,1,0,2,0,0,3,0,1,3,0,1,3,0,0,0,4,2,10,3,0,0,0,1,1,0,2,2,1,2,2,0,2,0,22,4,3,1,20,1,2,3,1,0,1,0,4,2,2,3,3,4,6,0,1,1,3,2,2,3,3,0,2,0,2,2,2,4,3,2,2,1,5,3,8,2,3,6,5,0,1,4,1,10,1,0,2,5,8,6,0,2,3
2013/07/01,2,13,0,3,0,0,0,3,1,1,2,1,0,0,0,4,0,1,0,0,0,1,4,2,0,1,2,5,0,1,0,6,0,1,0,0,14,0,0,1,1,0,8,4,7,9,2,0,1,5,1,0,0,5,1,0,2,2,2,1,2,0,0,7,0,1,0,1,1,7,5,6,3,0,0,1,0,0,0,1,2,4,2,0,1,1,1,1,0,2,1,0,0,2,1,3,9,1,4,0
2013/07/02,2,3,0,1,0,0,1,0,0,1,6,0,0,7,0,0,0,1,2,3,7,0,7,0,2,3,1,6,2,1,2,2,0,0,1,0,4,11,0,2,2,2,7,0,0,1,0,2,1,2,0,0,0,1,0,0,3,3,3,5,1,1,2,1,0,1,0,1,0,2,2,4,1,1,1,6,0,3,1,3,1,15,1,0,3,1,3,13,2,2,1,1,3,4,2,0,8,0,3,0
2013/07/03,0,11,2,7,12,1,0,13,0,2,5,1,2,2,1,0,1,0,3,0,0,0,15,0,0,6,4,10,0,0,0,1,0,4,1,0,2,0,0,1,1,5,13,1,3,6,1,2,1,1,1,0,0,0,1,0,0,1,3,7,2,1,0,3,4,0,0,0,0,1,2,1,0,0,1,6,1,1,2,1,2,3,3,0,0,2,1,1,3,0,2,2,1,1,5,6,4,0,0,2
2013/07/04,0,4,1,33,13,0,1,4,0,3,8,0,0,2,0,1,1,0,0,1,0,0,0,1,3,0,3,6,2,0,1,1,1,1,4,3,2,8,0,0,2,0,13,0,14,0,0,1,1,3,0,0,1,6,3,1,1,3,1,3,2,2,1,3,2,2,0,3,0,6,1,0,2,1,1,2,0,0,1,3,1,3,0,0,0,1,4,0,4,1,0,0,2,2,0,3,9,0,0,1
2013/07/05,0,6,0,0,0,0,1,24,0,0,2,1,4,5,0,0,0,0,1,0,10,0,19,1,0,7,5,6,0,2,1,1,0,1,1,5,13,6,1,3,0,15,13,1,0,2,1,0,2,7,2,1,0,2,2,1,3,1,2,3,1,1,2,5,1,1,4,3,2,0,5,3,1,1,1,0,3,3,0,5,5,9,2,0,6,2,2,0,2,0,0,1,1,1,6,0,11,1,4,2
2013/07/06,0,9,0,0,0,0,0,7,0,0,37,1,1,9,1,0,0,0,0,2,27,1,8,0,1,7,24,10,3,0,1,1,0,0,1,2,0,4,6,0,1,4,23,2,0,5,0,1,0,4,2,0,0,6,2,3,3,5,1,6,1,2,1,14,4,0,2,3,1,2,4,7,1,2,0,7,1,1,1,2,1,15,1,0,4,0,0,1,1,2,0,1,1,3,3,4,0,2,1,1
2013/07/07,0,4,0,4,1,0,13,9,0,2,5,0,0,1,0,0,1,1,1,0,7,7,1,1,0,7,17,4,0,0,0,5,0,0,0,4,16,13,0,1,0,4,6,0,4,12,0,0,3,2,1,1,5,2,2,2,5,4,4,7,0,6,2,5,1,1,2,3,0,4,1,4,3,1,1,1,0,2,0,3,0,8,2,0,2,0,5,1,2,1,0,2,2,2,3,2,2,1,3,0
2013/07/08,0,2,0,0,4,0,0,7,1,1,2,1,0,5,0,1,0,0,0,0,2,0,1,2,2,5,1,6,0,0,1,2,0,0,3,2,6,0,0,1,1,0,0,3,18,5,0,0,3,1,2,1,0,0,0,1,4,1,0,9,0,1,0,9,1,1,3,2,0,4,1,1,6,0,3,2,1,1,1,3,0,9,1,0,0,0,0,2,0,0,1,0,0,3,0,2,7,1,0,0
2013/07/09,0,12,1,0,1,2,0,17,2,0,0,0,1,12,2,0,4,0,2,3,4,0,0,1,1,5,1,12,0,0,0,0,0,0,1,2,5,11,0,2,0,0,10,0,1,0,0,1,0,4,0,1,1,0,0,1,0,1,0,1,2,1,0,6,1,0,3,2,1,1,2,4,0,0,2,0,1,1,0,0,0,4,1,1,0,4,1,2,1,0,8,1,0,0,3,2,3,1,2,2
2013/07/10,5,2,1,1,0,2,1,5,0,1,13,2,0,5,0,3,0,0,1,1,6,0,8,1,1,0,0,5,0,0,4,1,3,1,0,0,0,5,0,0,2,0,5,0,0,1,0,0,1,0,0,0,0,3,0,2,4,1,0,1,1,2,1,3,0,2,2,1,2,2,1,3,2,0,0,0,3,4,0,1,3,0,2,0,1,1,1,2,2,2,3,1,0,0,1,2,0,1,1,0
2013/07/11,2,5,0,5,18,1,3,0,0,2,3,1,0,2,0,5,1,0,1,0,0,0,0,1,2,2,8,1,0,1,1,1,0,0,3,1,6,14,1,1,0,0,4,1,0,0,1,3,0,0,0,0,4,4,2,2,3,5,1,1,1,2,1,11,0,2,0,3,2,1,4,3,1,0,2,0,2,1,0,2,2,5,0,0,1,1,2,1,1,0,0,1,2,1,4,4,5,0,2,2
2013/07/12,0,0,0,3,0,0,3,3,1,0,6,1,1,7,1,5,1,0,0,0,0,0,5,1,1,6,6,12,2,1,3,0,0,0,1,4,0,1,0,0,1,1,1,1,0,6,1,1,1,0,0,0,1,6,1,3,1,1,2,2,1,1,2,0,2,0,1,2,0,2,1,0,0,2,3,1,1,2,0,4,3,10,1,14,5,1,2,3,1,2,7,0,0,2,4,5,7,1,2,1
2013/07/13,6,11,2,4,0,0,1,4,1,0,3,1,2,6,0,1,1,0,0,0,4,0,4,0,4,9,1,4,1,0,1,2,0,4,3,2,13,7,0,1,0,9,13,0,4,10,0,1,1,0,3,1,0,8,2,1,1,7,1,9,3,2,2,10,1,2,5,2,1,1,3,0,0,0,1,2,0,2,0,2,7,7,0,0,2,1,3,0,1,1,4,1,0,7,6,2,5,2,4,2
2013/07/14,0,1,2,32,0,0,0,10,0,0,2,0,4,4,1,0,1,0,0,0,8,2,8,1,2,7,4,5,2,0,1,0,2,0,2,1,14,5,0,1,0,9,1,0,4,13,3,4,1,0,0,0,1,3,0,2,1,1,1,7,5,4,1,1,2,2,5,2,0,2,2,0,0,1,3,3,1,2,0,6,4,9,3,0,2,4,2,4,1,1,7,0,5,10,3,1,8,2,4,2
2013/07/15,0,1,0,0,0,1,1,11,1,1,0,0,0,1,0,0,1,0,0,1,3,1,6,2,3,1,0,10,1,0,3,7,1,0,3,0,3,4,1,0,1,9,3,0,2,8,2,2,3,1,0,0,0,0,0,2,2,1,1,5,0,1,2,2,0,3,0,4,3,5,2,0,0,1,2,1,0,2,0,1,3,8,1,0,1,0,2,0,1,0,2,1,1,0,1,4,2,1,10,5
2013/07/16,4,2,0,3,0,2,0,14,0,1,2,1,1,4,4,1,1,0,2,0,6,1,6,3,1,6,3,15,0,0,0,0,2,1,1,1,10,6,0,2,1,3,11,0,2,10,0,0,0,2,3,0,0,5,1,0,1,1,5,3,1,1,0,5,3,0,0,4,1,1,1,0,0,1,1,2,1,2,1,3,1,6,0,0,3,1,1,4,0,0,3,2,0,0,3,2,5,1,4,1
2013/07/17,8,8,0,6,7,1,16,10,0,1,4,0,0,5,0,3,1,3,0,2,10,0,11,0,1,9,2,5,0,0,1,2,0,0,1,3,7,17,0,0,1,2,6,0,4,9,1,2,3,1,0,1,1,6,0,0,2,4,1,2,1,3,5,4,1,1,1,2,2,3,2,0,0,0,1,1,0,2,0,2,3,5,1,0,0,2,4,2,0,0,3,3,0,1,2,0,9,0,0,3
2013/07/18,6,0,1,11,20,0,0,10,3,3,6,0,0,1,0,4,1,0,0,3,3,1,0,2,1,5,9,0,2,0,2,0,0,0,3,1,4,6,0,2,2,14,4,1,8,4,1,0,1,6,2,0,0,4,0,0,2,1,2,3,0,1,1,2,1,1,0,1,0,2,2,0,0,0,1,0,0,1,0,2,3,4,0,0,1,1,1,0,1,2,1,0,2,0,1,4,6,0,0,2
2013/07/19,6,11,4,2,1,0,3,5,1,0,2,1,1,6,1,3,0,1,1,0,7,1,5,2,2,9,4,6,1,1,0,2,1,3,3,2,13,22,0,2,2,9,12,1,1,6,2,3,1,0,0,2,1,4,0,1,1,3,5,4,3,3,1,5,1,0,1,5,0,4,1,0,1,0,3,3,1,5,0,4,1,1,2,0,0,1,2,3,1,0,3,0,0,1,5,4,8,0,0,0
2013/07/20,3,3,0,3,3,3,3,17,0,0,2,0,1,11,0,2,2,0,1,0,7,4,1,3,3,5,2,10,0,1,0,1,0,1,5,1,5,3,4,1,2,1,18,1,0,58,0,2,3,5,1,0,3,3,1,0,6,2,6,6,1,3,1,9,1,1,6,0,1,2,3,0,4,0,3,2,0,1,1,1,1,8,1,0,2,0,2,1,2,3,4,1,3,5,4,5,3,2,0,1
2013/07/21,9,7,2,6,3,0,1,17,0,1,3,2,1,6,1,2,3,0,2,0,5,0,24,2,0,3,6,19,0,0,0,0,3,0,3,7,8,20,2,1,0,8,22,3,0,1,1,5,1,2,2,2,1,6,0,4,4,8,3,1,1,3,1,10,0,4,4,3,3,7,2,4,0,0,1,0,4,1,0,3,1,10,5,0,1,1,3,1,4,2,3,1,1,0,6,1,7,0,12,0
2013/07/22,0,5,0,12,0,0,0,3,1,0,0,1,1,4,0,1,2,0,0,1,1,1,1,0,3,4,0,0,2,0,1,4,1,0,1,0,1,1,1,1,1,4,0,0,0,0,0,0,0,5,0,0,0,2,1,2,0,0,3,2,1,3,2,1,1,0,0,1,1,3,1,5,0,0,2,2,1,2,0,1,0,6,2,0,3,3,3,2,1,1,1,1,1,3,7,1,1,0,3,1
2013/07/23,0,7,0,1,1,2,3,6,0,0,0,0,0,8,0,1,1,0,1,1,18,0,2,0,0,8,1,4,2,0,0,0,0,1,2,3,6,16,0,1,2,14,9,0,1,4,0,0,0,2,1,1,1,1,1,1,0,5,0,4,2,1,0,0,1,1,1,1,0,0,0,1,4,0,0,1,2,2,0,2,1,4,1,0,2,1,0,0,1,1,3,2,0,0,2,2,3,1,3,0
2013/07/24,0,4,0,14,0,1,0,0,1,0,2,1,1,8,1,0,0,2,0,0,4,3,1,2,1,7,2,12,1,1,1,0,2,1,1,2,10,11,0,1,0,16,7,0,0,1,0,0,1,4,1,0,1,6,2,0,0,3,3,6,1,5,1,0,1,0,1,1,2,1,3,2,4,0,2,1,0,0,0,3,1,4,1,0,1,2,1,1,2,0,4,0,2,4,3,3,3,1,4,0
2013/07/25,0,11,0,4,0,1,0,12,0,0,2,0,0,7,0,2,0,0,0,0,4,0,6,2,1,2,4,10,0,0,1,2,1,0,3,2,6,16,1,0,1,2,17,2,2,3,1,1,0,0,1,0,0,4,0,1,2,2,1,1,2,1,1,9,1,1,2,4,1,0,2,2,1,0,1,0,0,2,0,0,8,2,2,0,2,2,1,0,1,3,2,1,0,5,1,1,3,3,0,0
2013/07/26,0,9,0,2,1,0,2,27,0,0,3,0,1,5,0,2,1,1,0,0,5,0,19,1,1,8,2,0,0,0,0,3,2,1,0,0,0,0,0,0,1,3,16,0,1,11,1,0,1,0,3,1,0,1,1,1,0,5,0,3,1,2,3,8,0,0,0,4,0,2,0,5,2,0,1,2,2,1,0,0,0,9,2,1,5,1,1,0,3,0,2,0,2,2,2,1,10,1,2,3
2013/07/27,0,12,3,19,1,0,2,20,1,0,1,0,4,4,2,3,4,0,2,1,13,4,7,1,3,7,11,1,2,2,3,2,1,0,3,2,12,0,1,1,1,4,11,5,5,4,0,1,1,6,0,1,6,5,0,1,7,2,4,8,2,3,3,7,0,2,0,1,1,2,2,4,2,2,2,1,0,3,1,5,0,6,1,0,2,2,2,3,3,2,9,2,1,2,6,10,10,2,0,2
2013/07/28,0,5,0,3,12,0,6,8,1,0,11,1,0,2,0,2,2,0,0,0,5,0,8,1,6,3,7,4,0,0,1,2,1,0,1,6,1,4,0,2,0,2,1,0,4,5,6,3,1,2,2,0,0,5,3,1,3,4,3,3,3,3,2,0,1,1,0,3,0,6,1,5,3,1,3,3,0,3,1,7,1,7,2,1,3,1,2,1,2,0,3,2,3,2,4,0,7,0,0,0
2013/07/29,0,3,0,0,0,0,1,0,2,0,2,0,1,7,0,1,0,0,1,0,0,3,8,2,0,0,0,4,1,1,0,0,0,1,0,4,0,0,0,0,2,0,0,1,2,0,1,2,2,3,0,0,0,3,2,0,3,1,3,1,0,2,1,3,2,1,1,0,0,2,0,2,2,3,0,0,0,1,0,5,1,7,0,0,1,0,3,2,0,0,2,2,1,0,4,5,10,0,0,0
2013/07/30,0,16,0,12,3,0,4,22,0,0,6,0,1,3,0,2,1,0,1,0,4,0,4,0,1,10,16,6,0,0,0,1,0,0,0,0,4,8,0,1,0,6,8,1,9,11,0,1,1,4,3,0,0,2,0,3,0,1,2,6,0,0,0,13,1,1,0,3,0,1,0,1,2,5,0,2,0,2,1,0,0,5,2,0,0,0,0,2,1,3,5,1,0,1,3,0,4,2,5,0
2013/07/31,8,10,1,1,2,0,0,3,1,0,2,1,1,1,0,3,3,1,0,0,18,0,1,3,4,2,3,0,0,0,1,1,1,2,0,2,9,11,0,0,1,5,10,0,0,0,0,0,0,0,0,0,0,2,0,2,4,2,1,3,2,4,0,6,2,3,1,3,0,4,1,3,2,1,0,1,2,0,1,0,0,4,1,0,0,2,0,1,4,0,1,0,1,0,5,1,2,0,1,0
2013/08/01,10,6,0,14,3,0,2,8,1,5,10,2,1,6,1,2,1,1,2,0,0,1,10,2,2,7,13,4,0,0,0,4,3,0,1,12,3,8,1,2,2,6,4,0,0,7,0,1,1,5,2,1,2,5,0,0,7,3,2,2,0,0,3,4,0,1,1,2,1,5,4,3,0,0,0,0,0,2,0,2,2,3,3,0,2,1,4,0,1,0,2,2,0,0,5,3,6,0,0,0
2013/08/02,0,1,1,6,8,0,1,15,1,1,10,1,1,3,1,0,0,0,0,0,8,2,10,4,0,4,6,0,2,2,0,2,1,1,1,0,6,24,0,1,0,16,9,0,0,8,1,2,3,8,1,0,3,1,3,0,6,2,3,7,1,6,0,2,2,0,5,1,2,2,3,1,1,0,0,5,1,2,1,2,1,7,2,1,0,1,3,0,2,0,2,0,0,15,2,4,7,1,4,3
2013/08/03,0,5,0,27,7,2,1,8,0,1,11,1,1,11,2,1,1,1,1,2,2,4,0,0,2,1,3,5,0,0,0,10,2,0,1,2,12,4,5,1,2,1,9,0,0,8,0,2,1,3,1,1,2,5,1,2,4,6,5,4,2,3,0,7,1,2,0,2,0,4,4,3,0,0,3,2,1,3,0,1,1,10,3,4,3,4,4,5,3,0,3,2,1,5,5,1,5,4,6,2
2013/08/04,0,4,1,2,0,0,1,11,0,0,1,0,0,6,0,3,2,0,1,0,1,2,3,1,2,4,0,5,1,1,0,3,0,0,0,1,6,3,3,1,2,39,3,0,1,4,0,2,1,0,2,2,1,8,0,3,5,3,4,6,1,3,0,11,5,3,4,3,5,4,1,8,0,0,3,2,1,1,0,2,3,12,3,0,5,1,3,2,2,2,3,1,3,3,3,5,1,3,3,3
2013/08/05,10,20,0,0,0,1,0,5,1,1,0,0,0,1,0,1,0,0,1,2,4,0,5,5,1,1,0,0,0,0,0,3,0,0,0,5,8,5,1,0,1,1,13,0,0,2,2,1,0,0,1,1,0,5,0,0,3,3,3,3,2,1,0,4,1,1,0,1,2,3,4,6,2,0,1,1,0,1,1,3,0,10,0,1,0,1,1,1,0,0,0,0,0,0,0,0,3,1,3,0
2013/08/06,2,25,0,1,15,1,3,0,0,0,11,0,1,8,0,1,1,0,1,1,0,2,4,0,1,4,2,5,0,0,3,4,1,2,2,2,4,14,0,0,3,0,2,0,7,8,0,2,2,0,0,0,0,3,1,0,1,6,3,4,5,1,0,8,0,0,2,2,0,3,1,5,0,1,1,0,0,0,0,3,1,2,0,0,0,2,0,0,1,0,0,2,0,0,5,1,3,0,1,1
2013/08/07,2,5,0,2,2,0,0,6,1,0,4,0,1,1,1,0,0,0,1,0,7,0,0,1,3,2,10,0,0,1,2,0,0,0,0,1,5,6,0,0,0,1,15,1,0,3,0,0,0,0,0,1,0,0,3,0,0,3,1,0,1,2,0,2,2,2,1,0,0,0,0,2,2,6,1,1,2,1,0,3,2,0,0,0,2,2,0,2,3,1,4,1,2,0,4,3,10,0,2,3
2013/08/08,6,6,0,4,26,0,4,3,0,1,17,0,0,8,2,1,0,0,3,0,0,1,4,0,0,4,9,0,0,0,1,4,1,0,0,2,1,2,4,0,0,11,7,1,7,4,0,0,1,1,1,0,0,2,1,1,0,2,1,2,3,0,1,5,2,0,1,3,0,3,0,0,0,5,0,2,0,0,0,1,0,4,0,1,1,1,6,0,2,0,6,1,1,0,1,2,3,1,2,2
2013/08/09,4,0,0,4,6,0,0,17,0,0,0,3,0,13,0,0,0,1,1,0,2,1,5,3,1,7,2,2,0,1,0,4,2,1,1,2,5,1,0,0,3,7,7,1,36,7,3,1,2,1,0,2,5,1,2,0,0,2,1,4,1,2,1,11,1,2,2,3,2,2,1,1,2,0,0,1,1,0,1,4,5,10,2,0,0,1,3,2,3,1,2,2,0,0,5,3,11,1,3,2
2013/08/10,7,1,3,38,0,0,0,12,1,0,6,2,0,7,1,3,1,0,2,1,8,5,3,1,5,2,6,7,6,1,1,0,0,1,2,2,7,4,0,1,0,4,18,2,1,10,1,0,3,2,2,0,2,1,1,1,2,4,1,8,0,1,0,5,5,0,3,3,2,6,1,7,5,0,5,3,1,2,0,1,0,15,1,3,7,2,3,2,2,1,4,0,2,1,0,3,6,4,2,3
2013/08/11,5,5,0,1,1,0,0,6,1,0,2,0,0,0,1,2,1,0,0,1,12,1,10,0,2,5,2,15,1,0,0,2,2,0,1,2,9,14,0,0,2,10,11,0,9,2,4,1,2,1,2,0,0,7,0,1,3,5,5,6,1,4,1,12,2,1,4,1,2,7,2,2,4,0,4,2,0,1,0,5,1,5,5,1,2,2,0,2,3,0,4,2,2,2,4,4,9,0,5,1
2013/08/12,6,1,3,2,0,0,2,8,0,2,2,0,2,6,1,1,2,0,2,0,1,0,1,2,3,0,3,0,1,1,5,1,1,2,1,2,3,5,0,0,1,0,0,1,1,0,0,1,3,2,0,2,0,2,0,0,0,1,1,2,1,0,2,3,0,0,2,3,1,3,1,3,0,0,0,0,1,1,0,3,1,3,2,1,1,0,0,2,2,1,2,3,1,1,2,3,4,0,0,0
2013/08/13,0,9,0,0,1,1,3,4,1,0,0,0,0,3,0,0,3,0,1,2,7,1,10,0,3,12,1,8,0,1,0,11,0,2,0,1,8,15,0,1,0,0,2,1,2,2,0,4,3,2,1,1,0,5,1,0,2,1,1,3,1,2,0,5,1,0,0,0,1,1,0,1,1,0,1,1,2,3,1,1,2,6,0,0,1,1,0,2,2,0,6,1,0,3,4,2,6,0,2,1
2013/08/14,10,11,2,2,2,2,0,4,1,0,0,1,0,2,0,0,2,3,0,1,10,4,2,0,1,12,1,2,1,1,1,0,1,1,2,5,4,11,0,0,2,23,14,0,0,5,0,1,1,0,1,0,1,4,1,1,3,1,0,4,0,2,0,0,2,1,1,0,2,1,4,0,6,3,2,2,0,2,0,1,3,7,0,0,1,0,6,3,3,1,4,1,1,5,2,1,8,0,5,0
2013/08/15,6,1,1,2,2,1,4,0,0,0,0,0,1,7,0,2,1,1,3,1,8,0,2,1,0,5,0,4,1,1,0,3,0,1,1,4,0,1,0,1,2,3,3,0,0,11,2,2,0,2,1,0,0,0,3,1,2,3,3,5,0,2,0,7,3,0,0,5,0,3,0,1,2,0,2,1,1,0,0,1,1,4,1,0,1,1,3,0,4,1,5,0,0,1,1,4,8,0,1,2
2013/08/16,6,4,3,1,0,0,0,5,0,0,1,3,0,0,1,0,0,1,0,0,14,1,3,1,2,11,13,1,2,1,0,3,0,0,4,2,22,4,0,1,1,15,21,0,0,6,2,1,0,3,1,0,1,2,1,0,4,4,1,5,1,1,0,13,0,1,2,1,1,0,2,4,6,0,0,1,1,0,0,2,0,4,0,0,1,0,8,1,3,0,4,1,0,2,3,1,2,0,3,0
2013/08/17,9,6,2,33,0,0,4,10,2,0,12,0,2,0,0,4,2,2,1,4,0,3,12,1,2,11,5,15,0,0,0,6,2,0,6,0,2,16,0,1,0,6,17,2,21,16,1,3,0,7,1,0,3,5,0,3,2,3,2,2,3,3,0,11,3,3,1,5,2,5,1,5,2,1,2,0,4,4,1,3,2,11,1,0,4,4,4,0,6,4,7,0,2,0,5,3,7,0,3,0
2013/08/18,0,18,1,1,2,1,0,16,0,0,1,0,0,3,1,0,1,2,0,0,0,3,2,2,2,7,4,9,0,0,0,5,1,5,2,4,0,14,0,1,2,8,5,0,5,4,2,1,0,5,0,3,2,7,0,2,6,2,2,1,1,1,0,0,1,1,4,3,2,3,7,8,1,2,4,1,1,1,0,3,5,6,0,0,6,3,4,3,6,1,9,2,6,3,3,2,5,8,2,0
2013/08/19,7,11,0,14,7,0,0,14,0,1,0,0,0,0,0,1,0,0,1,0,4,1,7,0,2,4,0,8,0,0,0,3,1,0,0,2,5,4,1,0,2,7,10,1,0,5,0,0,0,5,0,1,0,2,2,0,1,4,3,3,0,2,1,0,0,1,0,3,3,1,2,4,4,3,0,2,0,2,0,0,3,3,0,1,1,3,0,0,3,1,4,3,1,0,1,2,5,0,5,0
2013/08/20,7,4,1,4,2,0,0,43,4,1,2,0,0,4,0,1,3,3,1,0,5,0,6,1,1,3,1,9,1,0,1,0,0,0,2,4,5,4,0,1,0,2,6,1,10,20,0,0,0,4,1,0,0,0,0,0,0,1,1,4,1,2,0,6,1,1,6,1,4,4,4,1,3,2,2,1,0,1,1,3,0,5,1,2,3,1,0,3,4,1,1,1,0,2,2,1,6,2,4,1
2013/08/21,6,3,0,3,1,2,1,6,0,1,3,1,0,6,0,0,0,0,1,2,22,2,13,1,1,7,3,7,0,0,0,1,4,0,3,3,2,14,0,1,0,13,4,0,1,5,0,2,0,0,2,1,2,3,1,2,4,2,0,6,2,1,2,3,3,0,2,2,3,3,1,2,2,0,2,1,0,1,1,2,0,7,2,1,1,2,3,2,2,3,1,3,1,1,0,8,5,5,2,3
2013/08/22,1,0,0,3,4,0,0,7,0,2,0,1,0,13,0,0,2,0,2,1,6,0,4,0,1,9,0,1,1,0,1,3,0,0,2,0,4,2,3,2,1,9,0,1,0,4,0,1,0,5,1,1,3,1,1,3,2,2,0,1,0,2,1,9,1,1,1,3,2,8,1,0,2,3,1,2,2,0,0,2,1,6,3,0,0,2,1,1,1,0,5,3,2,2,1,4,0,2,3,1
2013/08/23,1,8,4,2,0,0,0,2,0,2,1,1,0,10,0,2,2,0,0,1,2,0,0,2,2,0,0,1,0,0,3,0,2,1,1,2,4,2,0,0,0,4,36,4,0,2,1,0,0,4,0,2,2,8,1,0,6,3,4,3,2,4,0,9,1,4,0,3,0,2,5,4,1,4,1,2,1,0,0,0,1,6,4,0,2,1,2,0,3,0,1,1,1,6,1,4,23,0,3,4
2013/08/24,5,12,1,50,9,1,4,21,1,1,1,0,0,7,1,1,1,1,4,2,14,7,0,4,5,2,6,4,0,2,0,12,0,2,1,3,15,14,3,0,1,1,14,2,2,9,0,0,0,2,2,0,0,4,1,2,8,5,2,5,2,2,0,15,4,2,0,1,0,4,5,1,3,0,2,4,2,1,2,4,1,3,2,0,2,3,8,1,3,1,4,0,1,5,6,1,4,0,2,2
2013/08/25,12,1,0,3,1,0,3,16,0,0,13,1,1,3,0,1,1,1,0,1,7,2,11,3,3,15,9,7,0,0,0,2,1,0,4,3,1,0,0,0,2,14,13,0,2,16,1,0,0,2,0,2,0,6,1,2,4,5,3,5,1,3,3,6,4,1,0,2,1,5,3,5,6,0,3,0,3,3,0,5,1,9,3,0,0,4,2,1,4,0,3,2,0,1,6,7,11,0,2,0
2013/08/26,1,2,1,1,7,0,6,3,0,1,0,0,0,9,1,0,1,0,0,0,0,1,2,0,3,0,2,0,0,2,0,5,2,1,0,4,0,0,0,3,1,0,0,0,16,0,0,0,0,4,0,2,1,0,1,0,4,0,0,4,0,2,0,1,4,1,1,2,0,0,1,5,1,0,4,0,1,1,1,2,1,9,1,3,2,3,3,0,2,1,7,1,1,0,1,0,5,0,1,0
2013/08/27,1,4,0,3,0,1,0,4,2,2,0,0,0,1,1,1,1,0,0,0,4,1,0,1,1,2,0,8,0,1,1,3,2,0,1,11,5,9,1,0,0,25,2,0,0,6,1,0,3,1,2,1,1,1,1,0,2,0,2,5,1,1,0,6,1,1,2,0,0,0,4,1,5,0,1,5,2,0,0,1,1,2,0,1,3,2,2,2,3,0,1,0,1,0,5,1,3,0,3,2
2013/08/28,0,30,2,0,0,0,3,7,1,1,1,1,0,5,2,3,0,0,1,0,0,1,5,1,1,7,1,12,0,3,1,0,0,0,0,0,25,16,0,0,3,6,31,3,1,1,1,1,4,0,0,0,1,4,0,0,1,0,1,0,2,2,2,6,0,0,4,0,1,2,3,2,1,0,1,0,1,2,0,0,2,3,0,3,1,0,4,0,1,1,1,3,2,2,0,1,5,0,3,0
2013/08/29,12,2,0,4,2,0,2,1,0,2,2,1,0,8,0,0,1,0,1,1,4,4,5,1,0,0,4,5,0,0,0,1,0,0,1,1,0,13,1,0,0,1,2,0,3,0,0,0,2,1,1,0,1,2,1,0,4,0,1,1,1,2,0,1,1,1,1,1,0,3,1,0,1,0,0,2,1,0,0,3,1,2,1,0,0,2,5,0,2,0,1,0,0,0,1,2,1,0,1,1
2013/08/30,4,4,0,0,10,0,4,24,1,1,4,2,1,9,1,1,0,0,0,5,17,1,2,0,5,6,3,5,2,0,2,8,0,1,1,1,11,13,1,1,1,0,26,3,3,10,3,3,6,1,1,2,3,2,2,0,4,6,1,3,1,3,2,3,1,0,1,3,0,1,2,3,3,0,1,1,2,0,3,3,2,5,2,0,1,1,2,0,5,1,2,0,0,2,4,2,8,0,2,1
2013/08/31,0,0,3,12,8,1,0,24,0,0,9,0,0,14,0,0,3,0,1,2,6,4,4,0,3,0,3,6,1,0,0,3,1,1,1,1,7,0,0,1,0,2,6,0,8,9,1,3,8,2,1,3,3,4,3,2,6,3,1,5,1,2,0,11,2,1,2,3,0,7,3,8,4,2,0,1,1,0,1,2,5,13,3,1,1,0,4,1,2,0,3,1,3,2,1,4,3,0,5,3
2013/09/01,5,0,1,51,0,0,0,0,0,0,10,1,0,0,1,0,0,0,1,0,0,0,0,1,4,0,25,0,0,1,0,4,1,0,2,4,0,0,0,0,0,0,0,5,35,0,1,2,7,3,0,0,1,5,0,0,3,1,3,3,1,3,1,15,3,2,7,4,1,5,1,4,0,0,0,0,2,3,1,1,2,7,2,0,0,2,0,1,3,0,5,4,1,2,6,2,6,0,3,0
2013/09/02,6,0,1,0,6,1,2,0,1,0,0,2,0,5,0,0,0,0,2,1,0,0,0,1,0,0,0,0,1,1,0,2,1,0,0,3,0,0,0,1,2,0,0,1,0,0,0,2,1,3,0,0,0,8,1,1,5,5,2,6,1,4,0,4,1,1,5,2,2,5,1,6,0,2,0,3,2,3,1,3,1,7,0,0,2,4,6,1,2,1,5,2,2,3,3,5,3,3,3,1
2013/09/03,1,0,1,0,6,0,1,0,1,0,5,0,2,2,0,0,0,0,2,0,0,0,0,0,0,0,9,0,0,0,0,0,0,0,0,3,0,0,1,2,2,0,0,1,0,0,0,0,0,3,3,0,1,4,0,1,1,3,2,4,1,1,1,2,1,1,3,2,1,1,0,1,2,0,0,0,0,1,0,1,0,3,4,0,0,0,0,3,4,1,3,2,1,3,0,4,6,1,4,1
2013/09/04,1,0,2,0,17,1,0,0,0,0,4,0,1,1,1,3,0,0,0,2,0,0,0,1,0,0,7,0,2,1,0,1,3,0,3,1,0,0,0,0,0,0,0,0,0,0,1,1,1,1,0,0,1,4,1,1,3,2,2,1,1,5,0,7,0,0,1,0,0,4,2,2,2,2,0,4,2,2,0,2,0,4,2,1,0,0,2,1,0,0,0,0,0,3,1,5,8,0,1,0
2013/09/05,2,0,0,2,0,0,25,0,1,0,11,0,1,8,2,2,0,0,0,0,0,0,0,0,0,0,0,0,0,2,0,4,1,0,1,1,0,0,0,2,2,0,0,1,0,0,0,0,3,2,0,0,2,1,3,0,1,2,1,5,0,2,1,2,2,0,1,2,0,3,2,0,3,0,0,2,1,2,1,2,1,4,3,0,2,0,0,2,2,0,2,0,1,3,0,1,4,2,1,0
2013/09/06,7,0,0,5,0,1,14,0,0,0,7,0,1,9,0,0,0,0,0,0,0,0,0,2,0,0,0,0,5,0,0,1,0,0,2,2,0,0,0,0,0,0,0,1,3,0,1,2,6,7,0,0,3,6,1,0,2,3,1,6,2,1,3,8,0,0,0,1,1,1,4,1,1,0,0,2,1,1,0,3,10,4,1,0,1,0,2,1,1,0,3,1,0,2,0,5,6,2,3,0
2013/09/07,8,0,2,27,3,1,2,0,1,0,14,3,0,2,0,2,0,0,0,0,0,0,0,1,0,0,2,0,2,1,0,0,0,0,2,2,0,0,0,1,1,0,0,7,12,0,0,1,6,2,3,0,1,5,2,0,4,6,1,7,4,5,2,8,6,0,0,1,3,6,3,5,2,2,0,0,5,4,0,3,1,4,2,0,2,2,1,2,2,1,13,2,1,3,3,4,9,2,6,1
2013/09/08,13,11,2,5,5,0,1,2,1,2,0,1,1,3,1,1,3,1,1,2,1,8,14,1,0,17,1,8,1,1,1,7,0,0,3,10,4,1,1,1,1,8,9,0,4,12,0,3,7,3,3,4,2,9,1,1,8,7,2,8,1,2,0,7,0,3,0,3,1,5,2,3,4,1,4,3,1,2,2,2,0,13,2,0,1,2,5,5,0,0,6,0,0,2,7,3,5,2,5,1
2013/09/09,1,2,0,11,0,0,2,15,0,0,2,0,2,5,1,0,0,0,1,1,2,3,4,0,0,7,4,13,3,1,0,5,0,1,0,1,4,52,0,0,1,3,6,0,2,9,0,0,2,3,0,0,0,4,0,0,4,1,2,4,1,1,2,4,0,0,0,1,0,1,1,2,4,0,1,1,0,0,1,3,0,0,3,0,1,1,2,1,0,0,5,1,1,1,3,2,1,1,0,3
2013/09/10,0,14,1,12,2,0,0,0,0,1,2,0,0,0,0,0,1,0,1,1,3,0,2,1,0,4,1,7,0,0,0,1,1,0,1,4,7,11,4,2,0,4,8,1,1,4,0,1,1,0,0,0,0,0,0,0,1,3,2,1,1,0,0,11,0,0,0,2,0,3,1,1,3,4,2,0,3,0,1,0,0,5,0,0,1,2,5,0,1,0,10,0,1,1,3,4,1,0,2,0
2013/09/11,0,4,0,0,0,0,0,0,1,0,2,0,1,1,1,0,1,0,0,2,1,1,0,1,0,10,5,2,1,1,1,2,2,0,0,0,8,10,0,0,2,2,0,2,2,2,0,1,3,0,1,0,0,3,0,0,1,1,2,2,1,2,0,1,1,1,0,2,1,1,3,0,1,0,0,1,0,0,0,1,0,4,0,0,1,1,1,0,1,1,2,0,2,1,2,3,2,1,3,3
2013/09/12,7,5,0,0,6,1,2,6,0,0,6,2,1,5,1,0,1,0,1,0,2,0,2,1,0,0,7,22,0,0,0,1,1,0,1,3,3,0,0,5,1,40,1,0,5,3,1,1,2,1,0,2,3,6,0,0,2,5,2,2,0,1,0,6,0,3,0,3,0,2,2,0,3,0,1,3,1,2,0,1,0,9,1,0,2,0,6,0,0,0,0,0,3,2,1,3,4,0,3,0
2013/09/13,2,4,3,9,6,1,5,14,0,0,14,1,0,8,1,2,1,1,1,0,4,0,4,2,5,6,9,5,0,2,0,3,0,0,1,0,8,6,0,0,0,1,8,1,8,1,0,1,1,6,1,1,3,3,2,0,5,4,1,5,2,1,2,3,1,2,0,2,2,3,1,5,3,1,3,3,1,1,0,2,1,5,1,0,1,1,2,3,0,0,3,0,2,3,4,4,9,0,2,1
2013/09/14,7,26,2,12,0,0,2,17,0,0,5,0,3,1,0,1,0,1,1,1,9,1,6,0,2,5,1,4,0,2,0,4,0,1,1,4,13,4,1,0,1,9,9,2,2,13,2,2,0,2,1,2,0,6,2,3,4,7,4,3,1,2,6,8,0,2,6,1,2,5,7,2,2,2,1,1,3,1,0,5,5,12,3,0,3,2,3,3,2,2,7,2,1,2,8,4,11,1,4,0
2013/09/15,5,16,0,24,2,2,2,9,0,0,0,1,1,15,0,1,2,1,0,0,29,1,0,1,5,1,3,1,0,0,0,2,2,0,2,4,4,18,1,1,1,2,7,4,2,1,1,2,7,2,0,2,1,2,2,1,2,2,3,6,0,4,1,8,2,2,2,1,0,3,2,7,1,0,4,1,0,0,0,7,4,6,4,0,1,2,5,0,4,0,7,1,1,4,0,4,9,2,2,1
2013/09/16,1,4,0,2,1,1,2,2,0,1,0,0,1,5,1,0,0,0,0,2,5,1,6,0,1,6,3,4,0,0,0,5,2,0,0,1,2,4,0,0,1,6,1,0,1,3,3,2,5,5,0,0,0,3,0,1,1,2,1,5,0,1,1,6,1,1,0,1,0,3,2,2,2,0,2,2,0,2,0,0,1,2,2,0,2,0,2,0,3,1,1,1,0,0,2,1,7,0,1,1
2013/09/17,1,8,0,1,4,0,6,13,3,0,0,1,0,6,1,0,2,0,1,0,8,5,2,0,1,3,2,3,1,1,0,0,1,2,2,2,10,7,0,0,0,8,10,0,2,5,0,2,2,1,1,3,1,4,0,1,7,8,2,4,2,1,3,2,1,2,2,3,1,3,3,1,3,3,2,1,1,1,1,3,2,4,1,1,3,1,6,2,0,2,2,0,3,1,3,3,9,0,6,1
2013/09/18,3,4,0,5,2,0,2,8,0,0,6,1,1,1,0,2,1,2,1,0,1,0,12,2,1,7,2,7,1,1,0,5,0,0,1,6,0,0,2,1,1,3,4,1,0,1,1,0,0,6,1,0,1,2,3,1,3,2,1,4,0,4,2,3,1,1,1,2,1,4,0,3,4,0,0,0,1,1,0,3,1,4,0,1,0,3,2,1,2,0,8,1,0,4,2,3,2,0,6,1
2013/09/19,2,1,2,1,2,1,4,11,1,0,9,0,0,0,0,2,0,0,0,0,0,0,10,1,1,8,4,1,0,0,0,0,0,0,1,0,0,12,0,1,1,4,3,3,2,9,1,0,1,1,0,1,0,2,1,0,0,2,0,7,0,0,1,18,3,2,2,2,1,3,5,0,2,1,0,0,1,0,0,3,1,11,0,0,2,1,0,0,0,0,6,0,0,2,1,2,6,2,3,1
2013/09/20,12,12,0,0,24,1,41,12,0,0,3,0,0,6,1,1,2,1,2,1,12,0,3,2,0,4,1,4,0,0,0,2,0,1,0,4,24,7,0,0,1,12,14,1,2,11,0,1,0,1,1,0,0,4,1,0,4,3,1,10,1,1,3,6,2,1,1,2,2,2,3,2,0,0,4,1,2,1,1,2,1,9,2,1,2,5,2,2,2,0,1,1,0,1,5,2,7,0,2,0
2013/09/21,3,5,1,4,1,0,1,11,0,2,6,1,0,8,2,1,1,0,1,0,4,0,14,0,2,1,6,7,1,1,0,3,1,0,5,2,10,8,0,4,1,2,22,1,11,15,1,2,2,7,1,3,2,4,2,0,1,7,2,6,3,6,3,6,4,3,5,1,0,2,1,3,2,3,2,1,1,4,0,3,4,7,2,0,3,2,5,0,2,0,3,0,1,3,2,4,6,2,6,1
2013/09/22,6,6,0,26,3,2,4,15,1,0,11,1,2,9,0,2,1,2,0,2,0,0,2,1,1,9,8,14,0,1,0,1,2,0,2,3,6,4,0,1,0,3,2,0,4,2,0,3,2,3,0,2,1,6,3,2,4,3,1,0,0,1,2,5,3,3,4,2,2,4,6,5,3,3,0,1,1,3,0,1,0,12,2,0,4,0,6,0,3,2,7,3,1,2,5,6,4,3,4,1
2013/09/23,3,2,0,2,2,0,1,9,0,0,4,0,4,8,1,1,0,1,0,1,4,0,2,0,2,4,1,2,1,1,0,1,0,0,2,0,0,0,1,0,0,2,6,0,13,8,0,0,0,1,2,3,2,1,1,1,1,1,0,4,1,2,2,10,0,1,1,3,1,1,2,3,1,0,1,1,1,0,1,0,4,3,2,2,1,0,1,0,0,0,5,1,2,2,3,5,5,2,5,2
2013/09/24,0,9,0,3,0,0,0,3,0,1,1,1,0,3,0,1,0,0,0,1,0,1,16,0,1,11,2,7,1,0,0,0,0,1,1,1,0,8,0,2,0,8,5,2,8,9,1,0,0,3,0,0,0,1,1,0,1,2,0,3,1,0,0,6,1,0,3,0,0,3,2,8,1,1,1,0,0,1,0,2,2,3,0,1,3,0,1,3,1,2,2,0,1,0,0,1,3,0,0,0
2013/09/25,5,2,0,1,6,1,1,3,0,1,8,0,0,2,1,1,0,0,2,0,0,0,7,0,1,2,12,0,0,2,1,3,0,0,2,1,2,1,0,0,1,3,4,0,1,3,1,1,1,1,0,0,0,2,0,0,2,1,0,4,0,2,1,1,0,0,0,0,1,1,3,1,0,1,1,0,0,0,0,4,2,2,0,2,0,2,2,0,0,0,2,0,4,1,0,3,5,0,0,1
2013/09/26,1,0,0,4,0,1,1,6,0,0,3,0,1,6,0,0,0,0,0,0,27,1,4,2,3,7,1,0,0,0,1,1,0,0,1,2,4,7,0,0,1,42,30,0,3,6,0,1,2,1,0,0,2,2,0,0,1,1,1,4,1,0,0,12,2,1,1,3,0,0,0,1,2,0,1,1,0,1,0,4,0,6,3,1,2,0,4,1,2,1,4,1,0,0,4,1,6,1,4,0
2013/09/27,4,0,0,0,5,2,4,3,0,0,0,3,1,4,1,2,0,0,1,0,1,0,2,3,2,4,1,1,0,2,0,5,0,2,1,0,5,7,0,0,3,6,4,0,2,7,3,0,0,3,1,1,0,3,2,2,2,1,3,1,0,2,1,15,1,0,2,2,0,1,1,7,4,1,4,3,0,2,0,1,2,7,1,2,1,0,1,4,1,2,2,0,1,0,5,2,4,1,2,1
2013/09/28,3,8,2,28,0,0,0,13,0,1,0,0,1,21,0,2,2,1,1,1,8,0,1,0,5,4,0,6,0,1,3,2,1,1,5,6,24,7,4,0,2,7,13,0,1,9,1,1,0,5,0,2,5,3,1,3,4,2,2,4,3,3,2,22,5,1,1,2,2,4,3,3,0,0,1,3,0,0,0,3,4,13,2,0,8,1,2,4,2,0,5,1,1,3,3,3,14,4,2,3
2013/09/29,2,7,5,4,2,0,2,4,2,0,12,4,2,0,0,3,0,1,0,1,8,0,2,1,6,10,1,6,0,0,0,8,1,0,0,8,7,12,0,0,0,4,14,1,3,2,0,5,2,5,2,4,5,8,3,0,1,3,4,11,0,3,3,10,1,2,6,3,1,8,6,4,3,2,0,3,1,3,0,4,3,13,2,2,0,1,3,1,2,1,3,0,0,3,2,2,5,1,4,3
2013/09/30,6,6,0,2,0,0,0,0,0,0,0,0,2,2,0,1,0,1,0,1,6,0,1,0,2,4,0,1,1,2,1,1,1,0,2,4,0,24,2,1,0,5,2,1,10,0,1,1,0,2,0,0,2,4,0,0,1,0,2,7,0,1,0,4,0,2,2,0,0,4,2,1,1,0,1,0,0,1,3,3,6,9,1,0,3,1,3,6,0,1,2,0,0,0,2,2,6,0,3,1
2013/10/01,4,4,0,1,0,1,2,17,0,2,8,0,0,5,0,0,0,0,1,1,0,0,14,2,1,7,3,0,1,1,2,3,1,1,0,1,4,6,2,1,1,6,6,0,3,10,1,0,0,3,0,1,0,6,1,2,2,3,1,3,0,2,0,7,3,0,2,1,2,2,1,2,2,2,2,1,0,1,0,1,1,6,1,0,0,0,0,0,3,0,0,1,2,4,2,2,9,2,3,1
2013/10/02,0,3,0,10,4,1,4,18,0,2,6,0,1,7,1,0,0,0,1,1,0,1,2,0,1,13,0,2,1,2,0,0,0,1,1,1,4,4,1,0,1,7,6,0,0,2,0,0,2,3,0,0,0,1,1,1,3,2,3,1,1,3,1,14,3,0,1,2,0,0,0,6,2,1,2,4,0,1,0,1,1,5,2,1,4,1,1,4,1,4,0,0,0,1,1,2,6,1,3,1
2013/10/03,9,19,0,13,0,1,0,7,0,0,5,0,0,2,1,2,0,1,0,1,0,0,2,2,0,3,3,7,1,1,0,4,0,0,2,6,14,15,1,1,2,0,14,0,0,4,2,0,5,2,1,0,0,2,3,0,2,4,3,4,0,2,1,6,0,1,0,0,0,7,2,1,0,0,1,1,0,3,0,1,1,3,2,0,1,2,3,1,0,1,2,1,0,1,3,2,1,2,1,1
2013/10/04,0,4,3,0,1,0,0,16,1,0,0,1,0,12,0,2,0,0,0,0,4,0,3,1,0,26,0,3,0,0,1,0,1,0,1,7,8,4,0,4,0,18,11,0,0,3,2,0,0,1,0,1,0,4,0,1,1,1,0,5,1,1,1,11,1,0,1,0,1,2,0,3,0,0,1,3,0,2,1,1,5,3,1,1,4,3,4,0,2,0,4,0,0,1,2,2,6,2,0,1
2013/10/05,9,3,3,26,14,0,1,5,0,1,10,0,1,5,0,1,2,2,1,1,2,3,0,1,3,4,7,5,0,1,0,4,0,0,0,0,11,15,2,2,0,4,2,5,0,4,0,3,0,7,1,2,2,4,2,2,9,4,5,8,0,1,1,7,2,0,3,2,1,5,1,10,2,1,3,0,3,1,0,3,2,12,2,3,1,4,5,1,1,1,2,1,0,5,3,2,8,1,2,4
2013/10/06,7,8,0,6,0,1,0,7,0,0,6,0,1,1,2,1,3,0,1,2,7,2,8,1,3,0,1,11,0,0,1,6,0,0,3,4,0,9,2,0,1,13,4,1,1,4,0,0,2,1,0,3,1,5,2,3,3,6,6,6,1,2,0,7,1,2,2,2,2,2,2,2,3,2,2,1,1,2,0,5,3,5,0,0,1,3,2,0,1,1,3,0,4,1,3,3,6,3,3,3
2013/10/07,1,6,0,0,0,0,0,1,0,2,0,0,1,5,0,0,0,2,1,0,2,0,9,1,1,2,3,2,0,2,0,2,0,1,4,2,4,8,1,0,1,4,7,1,4,10,0,0,1,1,0,0,1,4,2,0,2,2,0,4,0,3,1,21,3,1,1,1,1,6,1,5,0,0,0,0,0,1,2,0,1,1,3,1,1,0,3,0,1,0,0,0,1,3,2,2,1,2,9,0
2013/10/08,5,16,0,0,0,0,24,8,5,2,0,0,2,2,2,1,0,0,0,1,8,1,14,0,0,13,24,0,0,1,0,0,0,0,3,1,11,14,0,0,1,42,8,0,24,14,2,2,2,1,1,1,0,4,0,0,5,0,0,4,2,1,1,0,1,2,0,2,0,3,2,2,3,0,2,1,0,1,0,5,1,8,1,0,0,1,3,0,0,1,0,0,0,2,1,3,3,2,3,0
2013/10/09,6,6,0,2,0,0,4,4,1,0,1,2,0,6,0,1,0,0,0,3,0,0,6,0,0,0,14,0,0,0,0,2,0,0,3,0,4,6,0,2,1,4,8,0,0,4,0,2,0,2,1,1,0,1,1,0,0,1,2,4,0,2,1,1,2,0,0,3,0,2,2,2,0,0,1,0,2,0,1,3,5,2,1,1,1,2,2,0,0,0,3,0,1,0,2,2,8,1,0,0
2013/10/10,6,7,0,9,1,0,2,12,1,0,3,0,0,7,0,3,2,3,0,1,0,0,2,2,1,2,0,1,0,1,0,3,0,0,3,4,19,17,1,0,2,1,7,0,5,8,0,1,0,0,0,0,0,2,4,1,0,1,0,2,1,0,1,4,0,2,1,3,0,1,1,3,2,3,0,1,2,0,0,1,1,2,1,1,0,1,5,4,2,0,0,0,1,0,1,4,7,2,2,0
2013/10/11,1,4,0,2,0,1,2,11,0,2,1,0,0,1,0,3,3,1,0,0,0,0,4,0,3,14,0,0,0,0,2,2,0,1,3,1,9,3,1,4,1,0,7,1,1,6,0,1,0,1,0,0,0,4,2,0,2,3,2,4,0,2,4,10,2,3,0,2,1,0,0,1,0,2,1,1,1,1,0,0,3,3,1,0,0,2,4,1,1,1,0,0,2,3,1,0,5,1,2,0
2013/10/12,3,12,0,17,2,1,0,16,1,2,26,0,2,12,2,3,0,1,1,0,0,2,4,1,2,4,0,0,0,1,0,3,0,0,2,1,1,18,1,1,1,8,19,3,1,6,2,2,3,2,3,1,2,4,0,2,6,4,4,6,0,2,1,14,3,4,2,0,0,3,2,1,3,1,5,1,1,0,1,0,3,19,1,1,2,2,4,1,2,0,5,0,3,6,3,2,8,0,3,0
2013/10/13,12,9,6,9,2,3,0,12,0,1,7,4,0,3,1,2,1,0,1,1,6,4,1,2,3,22,0,6,0,0,0,9,1,0,7,3,0,8,0,1,1,8,33,2,0,2,0,0,0,3,0,2,1,6,1,1,10,7,3,3,2,3,0,9,2,3,1,0,1,4,4,0,2,1,4,4,1,2,0,0,2,13,5,5,0,3,2,3,2,0,5,3,0,1,5,6,11,2,1,2
2013/10/14,3,10,0,1,5,1,2,1,0,0,4,0,1,0,2,3,0,0,1,0,3,1,15,1,2,11,0,3,0,1,0,0,0,0,2,3,5,11,0,0,2,2,6,1,0,0,1,1,0,4,1,1,0,2,0,0,1,4,1,0,1,1,1,14,0,1,2,0,1,2,6,2,1,0,2,1,2,1,1,0,2,11,0,0,1,3,4,1,4,2,5,1,1,2,1,4,4,2,1,0
2013/10/15,3,11,0,0,2,0,4,8,2,1,0,0,0,8,1,2,0,0,0,0,5,1,0,1,2,1,0,7,1,0,0,0,0,0,2,0,7,5,0,1,1,4,10,0,2,3,0,1,2,2,0,3,1,0,0,2,3,2,1,2,1,1,0,1,0,1,3,0,1,1,3,2,0,0,3,0,0,0,5,0,4,1,1,0,0,0,0,1,2,1,1,0,1,4,1,2,8,1,3,2
2013/10/16,3,11,0,6,0,0,0,3,0,0,0,1,0,6,0,4,0,0,0,0,5,1,1,0,2,3,0,2,0,1,0,0,0,0,2,0,30,19,0,0,1,4,4,0,0,5,0,0,0,1,5,1,0,2,2,1,1,2,3,4,0,1,2,8,2,2,11,2,1,1,1,1,2,3,2,2,0,0,0,3,0,2,0,4,1,1,3,0,3,0,3,0,1,3,4,1,5,0,4,3
2013/10/17,11,6,0,3,1,0,2,11,0,2,2,0,2,5,0,2,2,0,0,0,1,0,0,2,0,1,0,7,0,2,0,5,0,0,0,5,3,15,0,0,0,4,6,0,1,3,0,0,0,0,1,0,0,4,1,0,3,3,4,2,0,2,0,13,2,1,2,0,1,5,0,3,2,1,2,1,3,0,0,1,0,4,0,0,5,2,4,0,0,0,1,0,0,2,0,2,6,1,1,0
2013/10/18,2,3,1,1,1,0,14,5,1,1,1,2,1,2,1,2,2,1,1,1,0,2,3,1,0,17,6,16,2,2,0,2,0,0,0,4,8,5,0,0,1,3,7,0,2,15,1,1,0,4,1,2,0,3,2,0,4,2,1,3,1,3,0,7,1,3,2,1,0,2,4,2,1,0,5,0,0,1,0,2,5,7,0,1,0,1,2,1,0,1,3,0,4,0,0,4,5,0,0,0
2013/10/19,5,5,1,22,0,0,5,10,1,1,7,0,1,1,0,1,1,1,2,1,0,1,0,1,1,2,4,7,0,0,0,1,0,1,1,1,21,7,0,2,2,37,12,1,6,9,2,2,1,0,1,2,1,5,0,1,3,9,2,8,0,2,0,11,3,3,1,1,1,3,4,6,3,3,4,1,2,2,0,0,4,4,0,1,2,2,5,1,0,0,0,3,0,6,5,8,19,0,3,2
2013/10/20,3,36,2,28,6,0,2,14,1,0,3,0,0,5,1,1,0,1,1,2,30,1,3,0,0,6,14,14,1,0,0,4,0,0,2,1,30,8,1,0,2,3,0,2,10,33,3,3,0,1,2,0,6,3,2,1,2,3,1,8,1,4,2,22,3,0,1,2,1,4,6,1,1,0,3,0,2,2,0,5,1,3,3,1,6,2,3,0,0,1,2,3,3,2,5,3,8,0,1,1
2013/10/21,4,8,0,0,1,0,1,8,1,0,0,1,0,5,0,0,0,1,0,4,0,0,9,1,1,3,2,1,0,1,0,1,0,0,4,1,0,6,0,0,2,26,14,0,0,1,0,1,0,4,1,2,0,5,2,1,2,2,0,3,0,1,0,7,0,2,0,0,0,1,1,0,0,1,2,0,4,3,1,0,1,0,0,0,2,0,1,2,0,0,1,1,1,5,0,1,7,1,1,1
2013/10/22,10,4,4,6,1,1,0,0,1,0,7,1,1,16,1,1,0,1,0,0,0,0,0,2,3,0,19,0,0,0,0,7,0,0,2,4,7,11,0,5,4,5,3,2,24,0,0,0,0,2,2,1,0,5,1,0,5,1,2,3,2,0,0,3,1,0,0,2,0,3,2,2,2,0,1,0,1,3,0,1,0,10,0,0,1,1,0,0,1,0,2,0,0,2,0,1,0,0,3,1
2013/10/23,1,10,0,3,1,2,1,16,0,0,0,1,0,5,0,0,0,1,2,1,0,1,0,2,0,1,4,0,0,0,0,0,0,1,3,11,8,12,1,0,0,3,4,1,2,0,1,2,0,1,1,0,0,1,1,2,3,1,1,5,0,2,0,3,0,2,1,1,0,0,1,8,0,0,4,0,0,0,0,1,0,2,0,0,0,0,4,1,2,0,6,3,1,2,5,0,7,0,4,2
2013/10/24,0,2,3,7,0,0,2,2,0,2,0,0,2,5,0,1,0,1,2,1,0,0,0,1,0,0,1,0,3,0,1,0,0,0,1,4,0,5,0,0,0,0,10,0,0,0,0,1,0,0,0,1,0,3,1,0,0,2,3,1,0,1,0,2,0,2,4,2,1,1,0,3,2,1,1,0,0,1,1,0,1,3,2,0,1,0,5,0,0,1,2,0,0,1,3,3,4,0,0,0
2013/10/25,1,11,0,7,5,0,3,6,2,1,0,0,0,5,0,3,0,0,0,1,9,1,5,0,1,5,0,1,1,2,0,1,0,2,0,1,4,16,0,0,1,9,1,0,0,8,0,1,0,2,0,2,3,2,1,2,4,2,1,5,3,1,0,0,0,0,1,3,0,1,1,1,1,2,1,2,2,0,0,3,5,4,2,1,2,1,1,2,1,0,2,0,1,2,2,3,7,0,2,1
2013/10/26,2,10,1,2,5,1,5,10,1,2,2,1,0,11,0,2,0,0,0,2,4,0,13,1,1,6,0,8,0,0,2,10,1,0,0,8,9,32,1,0,1,9,12,0,0,1,1,1,0,12,0,3,2,5,2,0,4,2,1,8,3,1,3,23,2,2,2,4,1,5,3,0,5,1,3,4,1,0,0,1,5,8,3,0,1,2,0,2,1,1,3,3,2,6,7,2,9,1,3,3
2013/10/27,10,10,0,54,0,0,0,13,0,0,5,1,0,10,1,3,1,1,0,0,5,4,2,0,1,7,18,15,0,1,0,0,3,1,0,1,18,15,0,4,0,3,6,1,1,5,1,0,3,1,4,3,6,8,2,0,2,2,3,7,1,0,2,8,3,3,0,2,0,3,2,10,1,3,5,0,2,2,0,5,2,12,4,0,1,1,5,1,2,1,7,0,1,2,6,3,10,2,4,2
2013/10/28,1,10,0,0,5,0,3,3,0,1,1,1,0,6,1,0,1,1,0,0,2,1,1,0,2,15,1,0,0,1,0,10,0,0,0,3,17,6,2,0,1,7,4,1,1,3,0,0,1,6,0,3,1,2,1,1,2,2,2,9,1,1,2,6,0,0,0,1,1,3,2,3,2,1,1,0,2,0,0,1,1,2,1,0,0,1,0,1,1,1,1,1,0,4,1,1,5,2,3,1
2013/10/29,0,10,1,1,7,1,4,2,0,0,3,1,2,10,1,1,1,0,1,2,4,0,8,0,1,7,4,0,0,0,0,0,0,0,0,2,12,12,0,0,0,49,0,0,11,2,0,3,2,0,0,2,0,4,0,1,1,2,0,4,0,2,0,8,0,1,0,3,1,2,3,3,1,0,4,2,0,1,0,2,0,3,2,1,0,0,2,0,2,0,2,1,0,0,0,1,4,0,2,1
2013/10/30,3,0,0,7,1,1,1,0,1,1,3,1,0,5,0,0,0,0,0,2,12,3,2,1,0,2,3,0,0,0,2,0,0,0,1,2,7,14,0,0,0,3,6,0,2,0,1,3,0,1,0,3,1,0,1,0,1,2,2,4,3,2,2,3,2,0,0,2,1,3,4,3,2,0,5,0,0,0,0,2,2,3,3,20,0,2,1,1,2,1,0,0,1,2,2,2,8,2,3,0
2013/10/31,1,2,0,0,1,0,4,4,2,1,0,1,0,1,0,1,0,1,1,2,2,0,2,2,2,2,0,2,0,2,1,2,0,1,1,2,4,6,1,4,0,2,1,0,1,2,0,3,0,4,0,0,0,2,0,1,0,0,0,2,0,2,1,0,0,1,0,2,0,0,1,0,1,1,3,0,0,0,0,0,6,3,0,0,0,1,1,1,3,0,0,0,0,0,0,2,0,0,2,0
2013/11/01,6,12,3,4,1,0,0,9,3,0,4,0,0,6,1,5,1,0,1,1,20,1,2,1,2,0,7,0,0,2,0,1,2,0,0,4,7,13,0,1,0,4,1,0,0,11,0,1,1,1,1,2,1,3,2,1,3,1,2,5,1,1,1,5,2,3,2,2,1,2,3,0,1,2,2,1,0,2,0,1,4,6,1,0,1,1,0,1,1,1,2,2,0,1,6,0,5,1,3,2
2013/11/02,7,27,5,4,0,2,2,12,1,0,5,2,1,8,1,2,2,0,0,0,15,0,4,0,6,4,0,0,1,1,0,6,0,0,2,2,29,13,0,1,0,1,22,1,1,25,4,2,2,3,0,2,1,4,0,0,2,8,2,8,2,0,0,12,1,2,3,2,2,5,5,0,1,1,4,2,2,2,1,3,2,12,2,0,4,6,4,0,1,0,0,0,5,3,3,1,20,3,6,1
2013/11/03,2,10,0,19,0,0,1,2,0,0,1,2,0,12,2,3,0,1,0,4,10,0,6,1,0,10,0,0,1,0,1,7,5,1,2,3,8,8,0,1,0,11,0,0,1,8,3,4,1,0,0,1,3,8,3,1,7,4,1,15,0,0,0,5,2,1,4,3,1,6,3,2,6,0,3,1,1,0,0,2,4,2,2,0,2,1,5,0,2,1,3,2,0,4,8,0,13,2,4,4
2013/11/04,0,1,0,0,0,0,3,8,0,3,3,0,0,3,1,2,0,1,4,0,0,1,5,4,1,7,0,0,1,1,3,1,1,0,2,0,6,15,0,6,1,5,20,0,2,5,4,1,2,0,0,0,0,0,0,0,3,5,0,1,1,0,0,6,2,0,2,0,2,2,0,5,1,0,2,2,1,2,0,0,0,3,0,0,2,1,0,1,2,0,3,0,0,1,0,0,5,2,2,0
2013/11/05,5,0,0,11,0,2,0,16,0,1,14,0,0,4,1,0,0,2,0,0,7,0,2,0,0,0,0,0,0,2,0,1,1,1,1,0,11,9,3,0,1,0,5,0,2,36,1,0,0,1,3,0,1,6,1,2,2,2,2,4,1,0,0,7,0,0,5,0,0,0,2,0,6,1,2,1,0,2,0,0,0,2,0,0,0,2,2,12,1,2,1,0,0,1,1,1,5,0,1,1
2013/11/06,3,8,3,0,0,0,0,13,2,1,0,1,1,0,0,2,0,0,0,1,2,2,0,1,0,6,0,0,2,0,0,6,1,1,0,0,14,7,1,0,1,7,3,3,0,10,0,0,2,0,1,0,0,4,2,0,5,4,3,5,1,0,0,7,2,1,2,3,1,3,2,2,3,0,4,0,1,1,0,2,1,7,1,0,4,0,0,1,0,0,1,0,0,2,10,1,6,1,5,0
2013/11/07,2,7,1,0,4,0,1,9,3,1,0,0,0,1,0,2,0,1,0,0,9,2,5,1,0,12,5,0,4,0,0,1,1,0,0,2,4,44,0,1,0,15,11,0,2,5,1,2,2,0,1,1,2,1,1,0,2,1,1,4,1,22,1,10,1,1,2,1,0,0,1,0,1,1,0,4,0,0,0,3,0,0,1,0,0,1,1,2,1,0,3,1,1,2,1,1,3,1,3,0
2013/11/08,1,7,0,0,6,0,0,2,1,1,0,1,2,8,1,3,0,1,1,0,2,0,1,1,0,1,1,3,0,2,0,0,2,1,1,3,5,11,0,6,0,4,10,0,0,4,1,0,1,2,0,2,0,2,3,0,5,2,0,6,2,0,0,4,0,1,1,0,0,5,3,0,1,1,1,2,1,3,3,3,0,3,1,0,0,1,2,0,1,2,2,0,1,4,2,0,6,0,3,1
2013/11/09,2,13,1,39,1,0,1,5,1,1,0,1,0,2,2,1,0,0,1,1,14,0,17,3,2,1,4,2,0,3,0,5,3,1,2,4,17,12,0,0,0,5,13,0,20,0,1,1,1,4,1,1,2,8,2,1,5,5,1,9,2,0,0,16,0,0,2,2,1,3,4,1,1,0,3,1,1,3,1,1,0,2,1,0,1,1,1,1,4,2,2,1,3,3,3,2,7,0,2,8
2013/11/10,15,0,1,17,24,0,1,10,0,0,0,1,3,17,0,1,1,0,1,2,0,3,0,0,1,4,4,1,0,0,1,7,2,2,1,1,6,3,0,0,1,0,4,2,0,0,1,3,0,1,0,2,0,4,2,0,9,6,2,6,2,0,2,9,3,0,2,4,2,3,2,4,2,2,2,0,1,1,0,2,5,4,1,0,0,3,2,1,2,1,3,1,0,0,2,1,7,3,4,1
2013/11/11,1,2,0,0,1,1,2,14,3,1,2,0,0,6,0,1,0,2,1,0,2,0,5,3,0,0,4,0,0,2,0,1,0,0,0,9,5,4,4,3,0,40,1,0,0,2,0,2,2,2,0,0,0,7,0,1,1,1,0,8,0,4,0,5,3,1,3,1,2,2,2,2,0,1,1,0,0,1,1,1,5,2,1,1,2,2,2,1,0,1,2,0,0,3,1,0,3,2,2,0
2013/11/12,0,25,0,0,0,1,0,8,1,0,4,1,2,10,0,2,0,0,1,1,4,0,2,1,2,5,13,6,0,1,0,1,0,0,0,0,4,7,0,1,0,0,5,0,0,2,0,0,0,0,0,0,1,2,0,0,1,2,1,2,0,3,0,4,2,1,1,0,0,3,2,1,1,0,0,0,0,2,1,0,0,1,0,0,3,1,5,1,3,1,0,0,1,2,1,0,1,0,3,0
2013/11/13,0,0,0,0,2,1,4,2,0,0,0,1,0,0,0,2,0,0,1,2,1,1,10,0,1,5,2,1,0,0,0,5,1,0,3,0,7,13,0,0,0,2,2,1,1,8,0,0,0,8,0,0,0,0,1,0,3,4,0,3,1,3,5,2,0,5,0,1,0,1,3,1,1,2,0,0,2,2,0,2,3,4,2,1,0,0,3,0,0,0,2,1,0,1,1,2,4,0,1,1
2013/11/14,5,1,0,73,0,1,0,3,1,2,2,0,0,5,0,2,1,0,1,0,0,0,3,1,2,10,0,2,0,1,0,3,1,0,1,6,0,0,0,2,1,1,2,2,5,4,0,1,0,2,0,0,0,0,1,1,1,5,0,0,0,1,0,12,0,1,1,0,0,2,2,0,1,0,1,0,1,0,0,2,1,0,1,0,0,1,0,0,1,1,3,1,1,0,0,0,3,0,4,0
2013/11/15,2,14,1,24,5,1,0,12,1,1,10,0,1,1,1,3,2,4,0,1,15,1,7,2,3,11,10,10,0,4,0,0,0,0,1,1,22,19,1,3,4,15,3,2,0,20,0,1,0,2,0,1,0,4,1,0,1,2,1,7,0,3,0,9,0,1,0,0,1,3,4,2,0,7,2,1,1,2,1,2,1,3,0,0,0,1,2,0,3,0,0,1,2,3,2,3,7,0,1,3
2013/11/16,6,8,0,12,1,0,2,1,1,2,2,0,0,7,1,2,0,1,2,2,13,0,2,3,2,2,2,8,1,1,1,5,1,0,1,4,14,51,0,0,1,3,14,1,1,1,0,1,3,10,1,3,3,7,3,2,1,5,1,11,2,3,2,12,2,2,0,2,2,5,0,1,3,1,1,4,1,1,1,8,2,11,4,0,2,2,5,2,2,2,0,2,1,2,8,5,9,1,6,2
2013/11/17,6,15,0,6,0,0,1,4,0,1,2,1,1,4,1,1,2,1,1,2,2,2,12,1,2,4,26,5,0,0,0,2,0,0,1,2,10,9,1,0,1,5,9,1,23,8,2,2,0,6,1,0,2,4,2,0,3,2,2,14,1,2,3,5,2,0,0,3,1,3,2,11,1,1,2,1,1,4,2,1,3,6,2,0,1,3,5,2,2,1,6,2,3,2,7,1,12,0,3,3
2013/11/18,6,18,0,2,0,0,4,3,0,3,0,0,0,10,2,3,0,0,0,1,5,2,0,1,0,6,0,0,0,0,1,6,2,1,1,0,9,5,0,6,2,5,14,1,0,3,1,2,2,1,2,0,0,4,1,0,0,4,2,5,1,0,0,8,1,2,4,2,1,3,1,2,0,0,1,2,0,0,0,0,3,1,1,1,1,0,1,2,1,2,0,0,1,1,6,1,9,0,2,0
2013/11/19,5,0,2,17,1,1,0,27,0,0,15,0,0,0,1,0,1,0,0,1,3,3,8,0,0,3,1,0,0,0,0,5,1,0,3,4,6,6,0,0,2,5,2,0,0,5,0,1,1,1,0,0,2,3,0,1,4,3,3,5,1,1,2,6,0,1,1,2,0,1,1,1,0,0,0,1,1,1,0,0,1,2,1,0,1,1,1,1,0,0,4,0,3,0,0,0,2,1,4,0
2013/11/20,9,4,0,24,0,0,0,11,0,0,0,1,0,6,0,0,0,0,0,1,2,0,0,1,0,12,3,4,0,0,0,1,1,0,1,1,8,4,0,0,0,0,2,0,0,2,2,0,2,8,1,1,0,3,0,0,0,2,1,5,0,1,1,6,2,2,0,1,1,3,1,1,3,0,0,0,1,1,1,1,0,4,1,2,0,1,5,0,1,0,0,0,1,0,1,0,0,2,2,1
2013/11/21,1,6,1,23,0,1,1,1,1,1,3,1,2,3,0,1,0,1,0,0,0,0,0,1,0,0,7,0,1,2,0,0,1,0,0,2,4,23,2,0,0,0,0,0,0,0,1,0,1,6,0,0,0,3,1,1,0,2,1,7,1,3,2,3,0,0,2,3,1,4,0,6,3,0,1,0,0,1,1,2,0,3,0,0,1,2,3,0,4,0,1,0,3,1,3,2,1,2,1,0
2013/11/22,2,12,4,5,3,0,0,15,2,0,1,2,1,11,1,2,0,0,2,0,5,0,11,1,1,10,0,8,2,2,2,1,1,0,0,4,12,22,0,1,0,4,11,0,0,2,0,0,0,2,3,2,1,4,1,0,5,1,1,3,0,1,2,1,2,0,2,1,0,1,2,0,1,1,0,1,1,3,1,2,1,7,2,1,1,2,3,0,4,3,0,1,0,2,1,0,7,1,5,0
2013/11/23,2,5,1,25,3,0,0,11,1,1,10,0,0,2,0,0,0,0,1,1,15,0,14,4,5,11,2,2,0,1,2,1,3,0,1,14,15,6,1,1,2,16,12,0,3,7,1,3,4,5,1,1,7,3,1,0,3,4,2,7,2,1,0,10,2,3,3,1,1,5,1,3,0,0,3,0,0,2,0,4,2,15,2,0,3,2,1,2,1,0,3,1,2,2,6,4,9,2,5,0
2013/11/24,5,16,1,5,4,2,6,5,0,1,1,0,0,9,0,3,0,0,1,0,6,1,6,1,3,3,7,11,0,0,0,0,0,1,2,2,6,18,1,1,0,6,13,1,11,12,0,3,0,4,0,3,0,5,0,1,5,7,2,8,2,3,0,11,2,1,5,1,1,6,4,2,4,3,0,0,4,3,0,3,0,7,3,0,2,0,3,1,1,0,2,3,1,2,2,0,7,3,3,3
2013/11/25,5,2,0,1,1,0,0,7,0,0,1,0,0,9,3,1,0,0,0,3,4,0,8,1,0,12,0,6,1,1,0,2,2,2,1,0,4,0,0,6,1,20,6,1,1,16,0,1,1,1,0,0,0,2,0,1,1,3,1,2,0,2,0,3,1,2,1,1,0,2,3,0,1,0,0,2,3,0,0,1,1,1,2,0,0,0,4,1,1,1,0,1,1,0,2,3,3,2,2,2
2013/11/26,0,16,0,0,3,0,1,7,1,0,1,0,0,7,2,1,0,4,0,0,2,0,2,1,0,2,3,1,1,2,1,0,1,0,1,0,15,19,0,2,2,0,12,1,4,2,0,0,0,1,0,1,0,2,0,1,1,4,3,3,0,5,1,2,0,3,1,0,0,2,1,1,0,0,0,1,1,2,1,1,0,3,2,2,1,0,3,3,0,1,0,0,1,2,1,4,2,0,0,1
2013/11/27,2,4,1,20,15,0,4,4,0,1,14,1,0,5,0,2,0,0,1,1,8,0,4,0,1,0,5,8,0,1,1,1,1,1,1,3,9,6,5,0,1,6,6,0,0,1,0,3,2,6,1,0,1,3,1,1,1,3,6,2,1,4,1,4,0,1,1,0,0,2,1,2,0,0,2,0,2,0,0,1,1,0,1,0,0,0,2,0,2,0,1,0,1,1,1,3,7,0,1,0
2013/11/28,5,0,0,8,0,0,0,0,0,0,2,0,0,0,0,0,1,0,0,1,0,0,0,1,0,0,1,0,0,0,1,0,1,0,0,0,0,0,0,0,0,4,0,0,2,3,0,1,0,0,0,0,1,3,2,0,2,0,0,3,0,0,0,0,0,1,0,1,1,1,4,0,1,0,0,0,1,1,0,0,0,2,0,0,0,0,1,0,0,0,0,0,0,0,0,2,4,0,0,0
2013/11/29,9,5,0,2,2,2,2,5,0,1,0,2,1,0,0,1,1,0,1,1,8,1,2,0,1,4,0,2,0,0,1,7,1,0,2,1,6,4,0,1,1,5,1,0,0,2,2,3,1,1,0,0,2,0,0,0,1,3,3,10,5,4,0,13,0,1,0,3,0,4,2,3,1,1,2,2,0,1,1,2,3,2,6,1,1,0,4,1,2,1,1,1,3,2,0,0,5,0,3,1
2013/11/30,4,8,2,45,11,1,4,5,1,1,2,1,0,11,0,0,1,0,0,0,5,1,10,1,0,0,12,6,2,0,0,5,0,1,1,1,16,18,0,1,0,6,5,0,2,1,0,0,2,2,0,4,0,6,4,0,5,5,2,6,1,1,0,5,0,0,4,2,0,6,1,0,3,3,0,2,0,1,0,2,0,0,1,5,3,2,3,0,0,0,0,2,3,3,3,6,6,0,2,3
2013/12/01,5,0,0,2,0,0,5,1,2,1,2,0,1,3,0,1,0,0,0,0,0,0,3,0,3,3,8,6,1,1,0,2,2,0,5,3,4,4,0,0,1,1,2,1,3,0,2,1,4,2,0,0,5,2,2,2,3,5,1,12,1,4,0,8,1,0,2,1,0,5,5,5,0,0,0,1,5,0,0,7,4,3,0,0,0,2,2,0,3,0,0,1,4,1,2,5,9,0,5,4
2013/12/02,7,0,2,7,0,0,0,10,0,1,9,0,1,4,1,2,0,1,1,0,8,1,4,3,1,2,1,6,0,2,2,0,1,1,4,4,9,8,0,4,0,8,9,1,2,6,1,1,1,2,0,0,1,9,0,0,2,3,3,4,0,1,1,0,3,1,5,0,0,2,3,3,2,0,0,2,1,1,0,0,1,0,0,0,0,1,1,1,1,2,1,0,0,1,0,1,7,0,4,0
2013/12/03,6,0,1,17,2,0,2,1,0,1,2,3,0,1,0,2,1,0,0,0,5,4,5,4,0,2,25,1,0,4,2,1,1,0,3,4,4,6,1,0,0,2,0,2,2,4,1,1,0,2,0,0,0,7,0,1,1,3,1,8,2,4,0,0,3,0,0,2,1,3,2,2,2,1,0,1,1,2,0,1,0,4,0,0,0,0,1,2,0,2,1,0,1,3,3,0,10,0,4,1
2013/12/04,3,6,0,2,13,0,2,3,0,0,2,1,2,1,1,0,0,1,2,0,5,1,2,1,1,7,2,5,0,1,0,1,0,0,1,0,1,10,1,0,1,21,2,1,4,17,0,2,1,1,0,1,1,4,1,2,0,2,0,4,1,2,1,7,2,1,0,1,1,3,1,3,0,0,0,0,0,0,0,1,1,7,1,0,1,2,0,2,1,1,0,0,0,2,0,0,3,0,0,0
2013/12/05,0,21,0,3,2,0,0,9,1,1,3,0,2,7,1,2,1,0,0,0,9,1,2,0,0,3,7,19,0,1,2,0,1,1,0,3,18,33,1,0,1,5,34,0,0,20,2,1,1,0,1,1,1,2,3,0,4,3,2,3,2,3,0,9,2,1,0,0,0,5,3,1,3,0,3,2,0,4,0,0,2,1,1,3,0,2,1,0,3,2,1,1,1,0,1,4,4,1,3,1
2013/12/06,4,8,2,3,6,2,4,11,0,2,6,0,2,5,0,3,1,1,2,3,14,0,5,0,2,4,2,10,7,1,2,0,1,2,2,3,32,6,1,0,1,3,28,2,1,2,0,1,0,5,0,1,0,2,1,1,3,6,1,5,2,4,1,6,1,2,3,0,3,3,0,0,1,0,0,1,0,1,0,1,0,8,1,0,0,2,2,0,1,0,0,0,2,1,4,4,1,1,1,0
2013/12/07,9,0,0,28,0,0,1,16,0,1,0,0,3,0,0,0,1,0,2,1,15,1,10,3,2,3,3,6,0,1,0,4,2,1,4,5,19,13,0,0,0,8,9,2,3,4,1,5,1,5,0,0,2,5,1,0,5,5,2,12,3,4,1,4,1,0,4,1,2,3,3,2,3,2,0,0,1,1,0,4,2,1,2,0,1,2,7,2,2,1,2,1,0,3,4,3,12,1,2,2
2013/12/08,13,0,1,0,2,2,1,1,0,0,1,1,1,0,2,0,0,0,2,2,2,2,1,1,4,5,0,1,2,0,1,0,3,0,1,3,3,11,3,0,2,12,1,1,5,1,0,0,3,2,0,0,1,5,2,1,7,9,3,12,1,3,0,6,1,2,3,2,0,1,6,3,5,0,1,0,0,3,1,2,3,2,0,0,2,1,3,0,1,1,1,1,2,2,1,1,12,0,1,3
2013/12/09,5,0,0,2,2,0,2,15,1,3,7,0,1,1,0,1,2,1,1,0,2,0,1,1,2,0,15,6,1,4,0,6,0,0,3,6,0,8,4,0,0,0,0,1,7,6,0,0,1,0,0,0,1,5,1,0,0,1,1,9,1,4,0,10,0,2,0,2,1,4,4,0,4,0,0,0,1,1,0,0,1,3,1,0,0,0,3,0,1,2,1,2,2,3,1,2,3,1,1,0
2013/12/10,2,3,4,2,12,1,0,4,0,1,0,1,0,5,0,1,0,0,1,2,4,2,1,1,0,1,4,24,1,2,1,1,0,3,4,1,7,6,0,0,2,1,4,0,2,1,4,0,1,0,0,1,1,3,0,0,0,2,2,6,3,1,0,5,0,1,0,2,1,2,1,1,0,0,0,0,0,2,0,1,1,7,0,0,0,0,2,0,1,1,2,1,1,12,0,4,5,0,2,2
2013/12/11,1,4,0,5,0,0,2,13,0,0,2,0,0,7,0,1,0,1,1,0,11,0,10,1,1,0,6,4,5,0,0,1,0,0,2,3,4,5,0,1,3,4,3,0,1,10,0,1,3,0,0,3,1,3,2,0,4,1,0,2,2,2,1,6,0,1,0,1,1,0,1,0,0,0,0,2,0,0,0,1,3,2,2,0,0,0,2,1,0,0,2,2,0,0,3,3,4,0,0,0
2013/12/12,4,10,1,5,2,1,2,8,1,0,1,2,0,6,2,1,0,0,2,0,11,0,2,1,2,4,3,7,0,0,2,10,0,1,1,2,13,12,0,0,0,2,10,2,24,8,1,0,1,2,0,0,0,2,1,0,2,3,1,5,1,0,0,1,3,1,0,0,2,4,1,0,0,0,1,0,2,2,0,1,1,2,1,0,0,1,0,1,1,1,4,0,1,1,0,2,4,1,2,2
2013/12/13,6,0,0,3,6,0,2,4,0,1,3,0,1,13,1,3,2,0,0,0,3,0,2,2,1,9,10,0,0,0,2,4,1,0,1,2,9,10,0,1,0,16,2,0,0,3,0,1,1,0,0,1,3,4,1,1,4,3,4,4,1,0,1,3,2,0,0,0,3,0,2,3,2,0,3,3,0,0,0,1,7,7,1,1,0,1,1,0,1,1,1,3,0,0,3,0,4,2,1,0
2013/12/14,9,8,4,73,2,0,0,8,0,0,3,0,0,5,2,3,0,1,1,1,4,1,4,1,4,7,1,1,2,0,1,2,3,1,2,2,15,6,1,3,1,5,4,0,0,4,1,1,0,5,0,0,0,6,1,1,2,5,2,7,2,1,4,1,2,1,0,1,1,4,4,7,4,0,3,0,1,1,0,5,2,2,3,3,2,3,0,2,2,0,3,1,2,2,4,1,8,0,3,5
2013/12/15,10,1,1,5,15,1,1,10,1,1,1,0,0,9,0,2,1,1,1,0,1,4,3,1,0,5,0,2,2,1,0,3,3,3,4,4,6,2,1,0,2,9,8,2,0,4,0,2,4,2,0,1,1,5,1,0,2,3,4,11,1,2,3,6,2,2,4,3,1,3,1,1,3,2,5,0,1,2,0,1,2,9,0,0,0,2,2,0,2,1,2,1,3,4,5,3,6,0,3,1
2013/12/16,0,1,0,2,6,3,6,2,1,0,5,0,3,2,0,0,0,0,0,1,1,1,0,1,1,0,24,1,0,6,0,0,0,0,0,2,0,0,0,3,2,2,1,0,0,0,0,0,1,0,1,5,0,2,2,0,1,4,3,4,0,2,1,4,1,2,1,0,0,5,2,1,1,0,0,1,0,1,0,1,0,4,0,1,1,0,1,0,1,0,2,1,1,1,3,3,10,0,0,0
2013/12/17,6,9,0,12,0,0,1,1,1,0,2,0,0,1,0,1,1,2,1,1,8,1,3,0,0,7,3,0,0,0,1,10,1,0,0,0,8,8,0,2,0,0,9,0,1,3,0,1,1,3,0,0,1,4,2,0,0,2,1,2,0,1,0,3,0,2,0,0,2,1,3,0,0,0,1,0,3,3,0,0,1,1,1,0,2,0,2,0,0,0,2,1,1,2,0,6,2,0,0,0
2013/12/18,9,8,0,6,4,0,8,2,0,2,16,2,3,0,2,0,0,2,2,2,12,2,4,1,1,5,2,7,1,0,0,5,1,0,1,3,14,9,1,0,0,3,16,0,7,6,2,0,1,3,0,1,0,5,0,0,1,3,1,1,0,3,0,3,0,0,4,0,0,2,2,5,0,0,0,3,1,0,1,0,2,3,1,0,0,0,1,0,1,1,1,0,1,2,3,0,2,0,1,0
2013/12/19,2,1,2,0,1,0,1,0,1,0,3,0,0,10,1,3,1,1,0,1,2,0,1,3,1,1,2,4,0,0,1,2,0,1,2,2,6,6,1,3,2,38,4,1,3,20,1,0,1,6,0,0,2,3,0,2,1,3,1,2,0,0,2,5,3,0,0,2,0,0,2,2,0,2,1,0,0,0,1,3,1,1,0,1,1,1,1,0,1,1,0,0,0,4,1,0,2,1,1,2
2013/12/20,0,11,1,33,6,0,0,10,0,0,4,2,0,9,1,0,1,0,3,1,19,2,0,2,0,4,4,0,1,2,1,3,1,1,1,3,5,4,0,0,1,3,1,0,3,17,1,0,1,1,1,0,2,5,2,0,0,7,0,2,0,2,1,1,4,2,0,1,0,3,5,2,0,0,0,0,1,0,0,2,2,5,1,2,0,2,5,2,2,0,0,0,1,2,1,3,3,3,3,1
2013/12/21,4,1,1,15,7,1,5,14,2,2,2,1,0,4,0,1,1,1,1,3,4,0,11,0,2,11,8,15,1,1,1,2,1,0,1,6,11,6,4,2,0,9,10,0,6,7,1,0,2,3,2,1,3,4,0,0,1,4,5,6,0,5,3,7,1,2,5,1,0,3,0,9,1,0,1,2,0,2,0,3,2,12,3,0,1,1,0,0,2,2,5,1,2,2,4,3,8,0,4,0
2013/12/22,3,2,2,8,1,0,1,3,1,1,0,1,0,2,1,2,0,0,0,0,3,0,1,3,2,0,8,1,0,0,0,0,0,0,3,8,9,13,0,0,0,0,3,1,4,1,0,1,1,0,2,0,0,1,1,0,2,8,3,7,0,1,1,4,1,1,1,3,1,2,4,2,0,3,3,1,1,2,1,5,3,0,1,0,3,2,0,0,4,2,0,0,2,2,4,3,5,0,1,1
2013/12/23,3,5,2,6,0,2,5,2,0,0,1,0,1,0,0,0,0,1,0,1,3,2,9,2,1,0,5,3,1,1,0,4,1,0,2,4,2,4,1,0,2,0,3,0,2,6,3,1,0,2,2,1,0,2,1,0,0,4,1,5,1,3,0,14,0,2,1,0,3,2,1,2,0,3,2,1,1,2,0,0,2,0,1,0,1,2,6,0,0,0,0,0,3,0,0,3,4,0,1,3
2013/12/24,6,7,0,0,0,0,0,7,1,0,12,0,0,1,2,1,1,0,0,0,4,1,10,1,2,4,1,0,1,0,0,0,1,0,2,4,8,2,0,0,1,2,2,0,1,4,2,1,2,0,0,1,1,0,0,1,3,1,2,3,2,0,0,0,1,0,1,1,1,5,0,2,0,1,0,0,0,0,0,1,0,2,0,0,0,1,1,0,0,0,0,1,1,0,0,2,13,1,1,1
2013/12/25,0,0,0,0,0,0,0,0,0,0,0,0,0,0,0,0,0,0,0,0,0,0,0,0,0,0,0,0,0,0,0,0,0,0,0,0,0,0,0,0,0,0,0,0,0,0,0,0,0,0,0,0,0,0,0,0,0,0,0,0,0,0,0,0,0,0,0,0,0,0,0,0,0,0,0,0,0,0,0,0,0,0,0,0,0,0,0,0,0,0,0,0,0,0,0,0,0,0,0,0
2013/12/26,4,2,0,7,24,1,14,0,2,1,10,0,1,6,1,1,0,0,0,3,0,3,2,4,0,3,6,0,1,1,1,3,3,3,0,1,2,18,0,4,1,0,26,1,10,2,1,2,1,0,2,0,4,5,0,0,0,6,1,10,3,4,2,7,1,2,0,0,1,0,1,1,0,0,3,0,1,1,1,5,0,2,3,3,5,2,0,3,2,0,1,0,1,0,2,1,4,0,3,1
2013/12/27,0,2,0,17,3,0,5,13,0,2,0,0,0,4,2,1,0,0,1,0,2,0,0,1,2,6,8,0,1,1,1,5,0,0,2,5,4,6,0,0,1,7,9,0,6,0,0,0,4,1,0,1,0,4,0,1,8,2,5,10,1,2,2,5,3,0,1,0,1,0,2,0,0,3,3,2,0,2,1,5,0,1,2,0,0,0,2,0,0,0,0,0,0,7,2,2,10,1,2,0
2013/12/28,0,5,0,16,0,0,0,5,2,2,0,3,0,5,0,1,0,0,0,1,6,3,8,0,3,0,9,2,0,1,1,0,2,0,2,3,8,0,0,1,0,3,10,0,4,3,0,2,1,2,2,0,0,6,2,3,1,3,2,4,0,6,0,8,3,0,1,1,2,6,4,7,1,0,3,0,1,1,0,4,3,0,4,3,0,2,2,2,3,1,0,3,0,3,1,3,15,3,2,0
2013/12/29,6,1,3,32,1,0,1,1,0,1,0,1,1,6,0,1,3,1,2,0,0,0,3,2,0,8,8,2,0,0,0,0,1,0,3,4,0,0,0,0,1,7,3,0,4,1,0,1,2,5,0,4,1,5,3,0,2,3,2,13,1,1,0,9,2,0,1,0,1,10,3,2,2,1,2,0,1,1,1,6,3,8,1,2,0,2,2,1,0,2,0,3,1,2,2,1,6,2,2,1
2013/12/30,10,8,0,2,0,0,4,16,0,0,4,0,0,7,1,0,0,0,0,0,12,3,9,0,2,8,12,2,0,1,1,1,0,2,2,2,7,12,0,0,2,21,11,2,0,6,0,0,1,2,0,1,1,3,1,1,2,4,2,5,1,1,2,2,0,0,5,0,0,0,1,2,3,2,0,0,1,0,1,1,1,0,2,1,3,2,0,1,2,1,1,0,1,0,3,2,3,1,2,3
2013/12/31,7,5,3,4,1,0,2,0,0,0,6,0,0,3,0,4,0,1,0,1,5,0,0,4,1,6,4,2,0,0,0,1,0,0,1,3,12,18,2,0,1,0,6,0,4,0,1,0,1,0,3,0,0,2,0,0,0,4,2,4,1,1,1,3,1,0,2,0,2,2,5,4,2,1,1,1,1,3,1,0,1,1,2,0,1,1,2,0,2,0,0,0,3,1,2,4,2,1,1,1
2014/01/01,3,0,0,4,6,0,3,16,0,1,6,0,1,0,2,2,0,0,0,0,11,1,0,0,0,0,0,0,1,0,1,1,0,0,1,3,0,0,0,0,0,0,22,0,0,15,2,0,1,1,2,0,0,4,2,0,0,3,0,9,3,4,0,7,0,0,0,0,0,0,2,2,4,1,3,0,4,2,1,1,2,3,0,0,3,1,1,1,2,0,1,1,0,0,4,1,5,1,3,1
2014/01/02,4,3,0,0,13,1,2,10,1,1,0,0,3,7,0,1,1,0,1,0,0,3,0,1,2,1,1,0,0,3,0,0,1,2,2,9,4,8,1,2,0,0,0,0,3,0,0,0,2,2,1,1,0,0,1,2,0,1,1,5,0,0,0,10,0,1,0,2,2,3,0,2,0,1,1,1,4,3,0,1,3,3,0,0,0,2,2,1,2,2,1,0,1,1,1,1,10,1,3,1
2014/01/03,0,0,6,16,0,1,5,7,3,2,6,0,3,9,1,3,0,0,3,2,2,0,6,0,3,7,1,7,2,0,1,3,0,0,0,3,5,8,2,4,0,0,2,0,15,11,1,1,2,0,1,0,0,0,1,0,0,2,2,8,2,5,3,6,2,1,1,2,1,8,3,1,7,0,1,1,1,1,0,3,0,6,2,0,0,0,0,0,1,2,0,1,1,4,7,2,9,0,2,1
2014/01/04,5,4,0,31,1,2,3,15,0,1,2,0,0,6,0,1,0,1,0,0,9,0,1,2,0,4,6,3,0,0,0,7,2,0,1,4,4,7,1,0,4,20,28,0,0,0,0,1,5,7,0,2,0,5,2,4,6,6,6,5,1,4,1,11,1,0,0,3,0,6,2,2,3,1,2,0,0,3,0,3,1,5,2,0,3,0,2,1,2,0,1,0,1,3,1,4,12,0,5,2
2014/01/05,1,2,0,37,4,0,1,2,0,0,0,0,1,5,0,2,1,0,1,0,0,1,0,0,0,0,7,5,1,0,0,8,2,2,2,1,7,2,0,0,2,1,5,0,0,1,2,4,1,2,0,2,0,6,0,1,2,4,2,10,2,1,1,6,2,0,0,0,3,4,1,3,3,0,6,4,0,0,0,2,1,2,1,1,1,1,2,0,2,0,1,2,1,1,1,4,10,1,5,1
2014/01/06,4,9,0,1,0,0,8,26,1,0,0,0,1,5,0,5,0,0,0,0,2,0,6,0,1,11,14,27,1,1,0,0,1,0,2,1,4,4,0,1,3,1,15,2,0,4,2,0,1,1,0,1,0,5,4,1,2,1,0,4,1,2,1,1,0,1,2,0,0,2,1,2,0,0,2,1,1,0,1,1,2,0,1,0,0,1,2,2,2,1,0,0,2,2,4,2,6,0,0,1
2014/01/07,0,5,0,1,1,1,0,19,0,0,2,0,2,7,0,0,2,2,0,0,5,1,3,1,1,4,5,0,0,0,0,0,0,1,1,3,8,11,2,0,2,2,16,0,5,2,0,0,2,2,0,0,0,0,0,0,3,2,1,5,0,1,1,3,1,1,2,0,0,2,3,7,0,0,2,0,0,3,1,2,3,1,0,3,0,1,1,0,1,0,0,0,2,2,0,0,11,0,1,0
2014/01/08,3,6,0,0,0,0,0,0,0,1,10,2,0,3,0,1,2,1,2,0,21,0,0,0,2,2,0,7,0,0,0,6,1,2,0,3,4,6,0,0,2,34,0,1,0,0,1,0,2,1,0,0,4,0,1,1,4,2,2,2,2,3,1,3,1,0,0,2,0,1,1,1,0,1,1,0,3,3,1,2,1,2,2,0,3,1,2,1,0,2,0,0,1,1,4,2,5,0,7,0
2014/01/09,10,13,0,14,0,0,5,21,2,1,7,1,0,5,1,0,1,0,0,2,4,1,0,2,0,8,0,0,1,1,0,5,0,0,0,3,4,4,1,0,0,6,4,0,3,0,0,0,0,2,0,0,0,6,0,0,1,2,1,2,0,2,2,8,0,1,0,0,0,3,1,0,0,0,4,0,0,0,0,2,0,2,0,0,2,0,2,1,4,2,0,0,2,0,4,0,3,0,1,0
2014/01/10,10,1,0,5,0,0,0,2,2,0,2,0,1,5,1,6,1,0,1,3,24,3,10,0,0,15,2,16,0,0,0,0,0,0,2,5,4,9,0,0,0,4,10,0,0,14,2,1,0,0,1,2,0,3,1,0,1,1,2,7,3,2,1,4,1,2,1,3,0,4,1,2,2,1,0,0,0,4,0,4,0,2,1,0,0,0,4,0,3,1,1,0,1,0,1,1,9,0,1,0
2014/01/11,2,0,1,13,3,5,19,0,2,1,1,0,0,6,1,2,0,1,1,2,0,2,3,2,1,0,7,0,1,1,0,2,3,0,0,9,2,11,1,0,1,0,9,1,0,3,0,2,2,1,1,1,1,9,0,1,4,5,4,7,4,4,1,9,3,1,5,1,1,6,4,3,4,0,1,1,3,0,0,4,3,4,1,0,0,3,2,0,1,0,2,3,0,4,4,3,8,1,4,1
2014/01/12,0,7,2,41,1,1,1,0,0,0,0,2,1,2,0,2,2,0,1,1,0,0,6,0,3,4,0,0,1,0,0,1,3,0,1,2,6,17,1,2,0,5,0,0,16,3,0,3,2,1,0,1,0,2,2,0,7,2,4,7,4,1,1,12,1,2,3,0,4,4,2,3,1,0,3,1,3,2,0,2,0,5,5,2,1,1,2,2,5,0,1,0,4,4,3,1,14,1,1,0
2014/01/13,2,17,0,5,15,0,6,0,0,0,11,0,1,4,1,0,1,2,1,0,8,2,0,1,0,0,1,7,1,1,0,3,1,3,2,0,20,27,0,3,2,3,7,0,0,8,1,2,3,2,0,2,0,3,2,1,1,3,2,4,1,2,0,0,0,0,0,0,3,1,1,4,1,1,3,0,0,3,1,1,1,0,3,0,0,1,0,1,4,2,0,4,0,1,4,3,5,0,1,2
2014/01/14,6,0,1,13,3,0,2,18,2,0,2,2,3,7,0,2,1,0,0,0,5,2,24,1,1,10,4,8,0,0,0,2,0,0,1,4,4,0,0,0,1,19,1,0,3,4,0,2,3,0,1,1,0,0,0,0,3,1,0,2,1,0,1,4,1,1,2,0,1,3,0,0,0,2,0,0,1,2,0,2,1,11,0,0,0,1,2,0,4,0,0,0,1,1,2,1,5,0,2,0
2014/01/15,4,12,0,12,4,0,12,5,0,2,12,0,0,8,0,4,0,0,0,1,5,0,6,0,0,0,4,2,0,1,1,0,0,0,2,0,4,0,0,0,1,6,10,1,5,3,1,0,1,1,0,0,1,4,1,0,4,2,0,4,1,0,2,0,2,1,0,3,0,2,2,4,2,0,2,2,2,2,0,1,5,4,2,0,0,0,1,0,0,1,0,2,0,2,2,0,4,1,0,1
2014/01/16,4,5,0,22,0,1,0,1,1,1,2,0,0,1,0,0,1,0,0,2,3,6,4,2,0,0,20,1,0,1,0,0,1,0,1,2,4,7,0,1,0,20,0,1,2,2,0,1,0,3,2,0,0,6,0,0,2,3,3,1,0,1,0,3,0,1,0,2,1,3,1,4,1,2,3,1,1,1,0,1,0,3,0,0,1,2,5,0,2,1,2,0,1,0,3,2,10,1,3,0
2014/01/17,12,5,0,4,0,2,16,15,1,0,0,0,2,11,0,1,1,1,0,0,21,0,8,2,1,9,0,8,0,0,2,6,2,0,1,1,17,15,3,1,1,4,7,0,12,20,1,0,3,1,0,0,0,3,0,0,3,3,0,4,0,3,0,8,1,4,0,0,2,2,1,2,4,6,2,1,0,2,1,4,1,5,0,0,1,2,0,1,1,1,0,1,2,0,1,2,2,0,5,2
2014/01/18,8,0,5,63,2,1,4,1,1,1,15,0,1,13,1,2,2,1,1,4,11,2,0,0,3,0,34,11,0,1,0,4,0,0,4,1,1,4,1,5,2,15,6,3,14,0,0,2,7,1,2,3,0,2,2,0,2,3,3,6,0,3,0,8,1,1,5,1,2,0,2,3,3,2,3,2,0,4,2,6,1,1,2,4,0,2,4,0,3,1,0,0,2,2,5,6,11,1,4,2
2014/01/19,6,12,2,12,1,0,3,5,0,0,8,1,1,2,0,0,0,1,0,1,0,0,0,1,1,7,16,7,1,1,1,0,1,0,1,2,5,6,0,0,1,0,10,0,2,6,2,5,2,4,2,1,1,2,1,1,4,3,1,9,2,3,1,16,1,0,3,0,2,2,4,0,3,3,0,1,3,3,0,3,0,5,2,2,0,3,2,0,1,0,0,1,1,1,1,1,10,0,8,4
2014/01/20,5,2,1,5,1,0,1,11,0,0,0,1,0,0,1,3,2,0,0,0,6,0,2,0,2,1,3,4,0,1,0,0,1,0,4,2,14,5,6,0,0,1,18,1,2,8,1,3,2,9,1,1,0,4,2,1,4,5,2,10,2,3,2,8,3,1,0,2,1,4,2,1,2,0,3,0,1,1,2,4,1,2,2,0,0,4,4,1,0,1,0,2,0,3,5,4,5,0,2,3
2014/01/21,3,4,1,0,2,0,1,24,1,1,0,1,0,8,1,1,1,1,2,0,0,0,0,1,0,17,0,0,0,1,1,1,2,0,2,2,4,4,0,0,0,12,5,0,0,2,1,1,1,0,1,2,0,3,0,0,0,1,0,2,0,0,1,9,1,1,0,2,0,4,3,0,0,0,0,0,1,0,0,2,0,0,1,0,1,2,2,1,0,2,1,2,2,1,1,2,6,1,1,1
2014/01/22,5,5,0,38,18,0,10,14,0,0,0,1,0,9,1,4,0,0,2,0,6,0,8,1,3,7,6,8,1,0,1,1,0,2,1,5,5,4,0,0,0,8,5,0,0,12,0,0,1,0,1,0,0,1,3,1,1,4,1,4,1,2,1,5,2,0,0,2,0,5,0,0,0,0,1,2,1,0,0,3,6,0,0,0,1,0,2,2,0,1,0,2,1,0,1,0,3,0,2,0
2014/01/23,2,2,0,4,6,1,14,0,0,0,0,0,2,3,0,1,0,0,0,1,1,1,0,0,0,0,5,0,0,0,0,0,0,0,2,4,4,6,0,2,0,11,5,0,4,0,1,1,3,0,0,1,1,5,1,0,1,0,1,6,2,1,0,2,0,1,0,0,0,3,1,0,1,2,1,0,4,1,0,3,1,3,0,1,1,0,3,0,1,1,0,0,3,2,1,3,3,1,0,1
2014/01/24,4,3,6,2,0,1,1,0,0,1,5,0,1,1,1,0,0,3,0,1,4,0,11,0,0,2,2,10,4,1,2,0,0,1,1,3,1,1,0,0,0,0,4,0,0,11,0,2,2,3,0,0,1,3,1,1,3,2,0,3,2,1,1,4,2,1,0,0,1,2,3,0,2,0,2,2,1,1,0,0,1,9,0,0,0,0,4,0,3,0,2,0,0,2,4,2,7,0,0,1
2014/01/25,6,2,1,44,0,2,2,14,1,0,8,0,0,3,0,2,2,1,1,0,9,1,8,1,3,3,10,0,0,1,0,3,2,0,4,5,3,9,0,0,2,6,6,1,2,35,2,0,3,2,0,1,4,4,1,1,3,3,5,10,3,4,0,6,3,1,1,0,1,7,2,0,4,3,5,0,0,3,0,4,0,4,1,0,0,1,2,0,2,1,0,0,2,1,4,2,13,1,1,0
2014/01/26,4,6,0,2,0,0,1,3,0,0,2,2,2,2,1,0,1,1,1,1,5,0,0,2,2,12,10,4,0,0,1,0,4,0,1,2,12,14,0,0,1,10,13,1,6,5,1,2,0,4,0,1,7,7,2,0,2,6,2,5,1,5,1,7,0,0,2,0,1,3,2,0,3,0,2,1,2,3,0,7,3,6,4,2,2,0,0,5,1,1,0,1,3,1,2,5,11,1,3,1
2014/01/27,3,7,2,2,2,0,1,5,1,2,1,1,0,6,0,0,1,0,1,0,31,0,3,1,2,0,1,12,4,2,1,2,0,1,1,3,4,10,0,0,0,0,1,0,1,0,0,3,1,1,0,0,2,2,1,1,0,2,1,5,2,4,1,0,0,0,2,0,2,0,3,0,2,2,1,2,0,2,1,0,1,2,1,2,1,2,3,0,0,1,0,1,0,2,6,1,4,0,2,0
2014/01/28,10,0,1,4,5,1,1,1,1,0,4,0,2,0,0,2,0,0,1,2,0,0,0,1,3,3,0,4,4,0,2,5,1,1,1,1,2,2,0,0,0,2,7,1,0,0,0,0,1,1,1,2,0,4,1,0,0,1,2,0,0,3,4,2,1,2,0,0,0,1,1,0,1,0,1,1,0,1,0,2,1,0,1,0,1,0,1,1,1,1,1,0,2,0,4,4,2,1,3,1
2014/01/29,3,4,0,9,0,1,1,1,0,0,2,0,1,5,1,2,0,0,0,0,0,0,4,3,2,2,10,12,0,0,1,7,0,0,1,7,10,12,0,0,1,10,10,0,6,1,0,0,2,1,1,2,1,0,1,0,1,2,1,1,0,0,0,3,0,0,0,0,0,1,4,0,0,0,4,0,2,0,0,0,2,1,0,0,0,0,0,0,0,1,0,0,0,0,0,1,2,1,2,0
2014/01/30,15,6,0,3,0,0,0,0,0,1,2,1,1,3,0,2,0,1,1,0,0,0,6,0,0,0,1,0,0,0,1,4,0,1,3,2,6,4,2,0,2,0,1,0,1,0,3,1,1,0,0,1,1,2,1,0,1,6,2,2,0,0,0,4,0,1,0,0,0,0,1,0,1,3,3,0,0,1,0,1,3,3,2,1,0,1,4,0,1,1,0,1,0,2,0,0,6,0,0,1
2014/01/31,0,10,1,4,2,0,0,19,1,0,16,0,0,2,3,1,0,1,0,1,0,0,8,1,1,8,6,6,1,0,1,0,1,1,2,5,18,10,2,5,0,4,2,0,14,9,2,2,1,1,0,1,0,5,3,0,4,2,3,3,2,2,3,5,5,0,0,0,2,4,0,0,6,2,2,2,0,1,0,2,2,1,0,0,0,2,3,0,0,0,0,0,1,0,1,2,3,2,5,1
2014/02/01,5,4,1,33,2,3,11,9,1,2,2,0,1,8,2,1,0,0,0,1,3,1,3,1,4,4,11,2,0,1,2,9,2,0,2,4,8,7,9,0,0,13,8,0,10,11,2,2,1,1,0,2,5,10,2,0,3,4,5,10,3,1,5,13,1,3,0,1,1,4,0,0,6,0,5,3,0,1,0,4,1,7,1,0,0,4,7,2,3,0,1,1,1,5,5,5,12,0,3,3
2014/02/02,2,2,2,68,4,0,0,3,0,0,6,1,0,5,0,3,0,1,3,1,4,1,0,1,0,1,4,0,0,1,0,3,0,1,0,1,2,0,0,1,1,1,14,0,2,0,0,1,3,5,1,3,1,2,2,1,6,2,1,9,0,2,0,6,1,0,0,3,0,3,3,2,0,1,2,4,3,4,1,3,4,3,0,3,2,2,0,2,1,2,0,1,1,2,4,3,3,2,5,1
2014/02/03,1,4,0,0,12,0,1,4,2,1,0,0,1,9,1,3,1,1,5,2,1,1,6,0,1,2,0,12,2,0,0,3,0,1,0,8,4,4,1,0,0,7,0,4,0,2,0,0,3,0,0,0,1,2,2,0,4,2,1,7,1,1,2,3,1,1,0,0,1,1,0,0,4,0,2,3,0,1,1,0,1,6,3,0,0,2,2,0,1,0,1,0,1,2,1,1,7,1,5,1
2014/02/04,4,0,0,4,0,1,1,5,0,0,0,0,0,10,0,0,0,0,5,1,2,0,8,1,2,6,0,0,0,0,0,4,1,1,1,5,8,4,0,0,1,0,9,0,0,7,0,0,3,0,0,2,1,4,2,1,2,1,1,5,0,0,2,7,2,2,0,0,1,1,0,0,1,0,0,0,0,1,1,0,2,1,0,1,0,3,0,1,1,0,0,0,1,1,4,1,2,0,3,1
2014/02/05,3,4,2,3,0,1,3,14,1,2,1,0,2,6,2,2,0,0,1,1,1,2,0,2,0,0,0,18,0,1,1,0,1,2,6,5,8,7,1,3,2,12,1,1,16,0,0,0,1,5,0,0,2,0,0,0,4,0,1,3,0,0,0,2,2,1,0,0,0,3,0,0,0,1,3,1,1,1,0,0,1,1,1,0,0,1,3,0,0,0,0,0,1,0,0,1,3,2,0,0
2014/02/06,2,8,0,0,22,0,0,4,1,0,3,0,1,2,1,1,0,0,0,0,1,0,3,0,2,0,5,3,0,0,0,0,1,1,0,1,0,2,0,0,1,1,2,0,26,0,0,0,2,0,0,1,0,2,0,0,0,3,1,8,0,1,1,4,0,1,2,1,2,1,1,3,1,0,4,1,1,1,0,2,0,2,2,1,1,2,1,0,4,0,1,0,0,2,1,1,7,0,1,0
2014/02/07,4,32,0,12,2,0,12,10,0,1,13,0,0,2,0,4,1,0,0,1,0,2,10,2,0,12,12,0,0,0,0,1,0,0,2,1,0,0,0,1,1,24,0,0,4,8,1,1,1,0,2,2,2,2,0,0,2,3,2,4,0,1,0,1,1,1,2,3,0,1,2,0,0,0,0,2,0,2,0,1,1,1,0,0,0,2,1,2,3,0,1,0,2,0,1,1,4,1,3,2
2014/02/08,4,9,2,24,0,1,4,12,0,1,5,1,1,3,3,1,0,0,0,4,12,0,7,0,2,13,5,3,0,0,0,6,0,0,6,9,21,11,1,0,0,0,7,2,0,9,2,1,3,4,2,1,6,6,2,3,4,6,5,9,2,2,1,6,1,0,2,4,0,5,4,2,4,1,1,2,1,3,2,2,2,8,2,0,1,3,1,2,3,1,2,4,1,2,1,5,9,0,7,0
2014/02/09,3,0,8,0,0,0,0,2,1,2,0,1,3,7,0,7,4,2,0,0,23,4,5,3,0,3,5,4,1,0,1,2,0,2,2,3,0,3,0,1,0,0,10,0,8,5,2,3,4,1,0,2,3,7,2,0,10,5,1,10,0,2,0,5,2,1,6,3,4,2,3,9,5,2,5,2,1,3,3,5,4,4,3,2,0,2,3,1,3,0,1,2,4,3,3,5,9,1,2,0
2014/02/10,2,12,0,28,0,1,2,18,1,0,6,0,0,4,0,3,2,0,0,2,5,0,5,1,2,7,7,0,0,0,0,0,0,2,2,5,8,8,1,0,0,2,0,0,0,2,1,0,3,2,4,0,0,6,2,0,4,10,3,9,0,1,2,8,1,2,1,2,0,1,2,4,0,0,0,1,1,2,0,2,1,4,0,0,1,3,0,0,0,0,2,0,0,1,7,3,2,0,0,0
2014/02/11,2,6,0,0,0,1,0,1,0,0,2,1,1,1,0,0,0,0,0,1,2,1,2,1,3,0,18,8,2,1,2,5,0,0,2,2,7,1,3,0,1,0,3,0,6,1,1,1,2,8,0,0,3,5,1,1,0,1,2,4,0,2,0,6,2,1,1,0,0,3,2,2,0,1,0,0,3,0,0,2,1,3,1,0,1,2,1,1,1,1,0,1,2,2,1,3,4,1,0,0
2014/02/12,4,7,0,0,0,1,0,8,0,1,0,0,1,11,0,2,0,0,4,0,1,0,1,0,2,1,0,21,1,2,1,3,1,0,3,3,7,0,0,0,0,4,3,0,0,19,0,3,3,1,0,1,2,1,1,2,0,1,0,5,0,3,0,2,2,0,2,0,0,0,1,0,0,2,1,5,1,3,0,1,2,3,1,0,1,1,9,2,0,0,1,1,4,0,1,0,8,0,0,0
2014/02/13,6,14,0,9,1,1,14,0,1,1,5,0,0,9,2,3,0,0,0,0,0,2,3,2,2,0,11,10,3,0,0,1,1,0,2,2,4,14,0,0,2,0,20,0,14,2,0,2,3,3,0,1,1,1,1,0,0,3,3,3,0,1,0,3,0,2,1,2,0,2,0,4,3,3,0,0,1,0,1,2,1,2,0,0,3,1,3,0,2,0,0,1,0,1,3,4,2,2,0,0
2014/02/14,6,2,0,14,0,0,2,0,0,2,4,1,0,2,1,1,0,1,0,0,24,1,0,0,0,0,0,0,0,0,0,0,0,0,1,1,2,13,0,4,0,0,8,0,0,18,1,1,0,1,1,1,0,0,0,0,4,3,0,7,1,2,2,5,1,1,0,1,0,1,3,2,1,1,0,2,1,0,0,1,0,3,0,2,0,0,1,1,1,0,0,0,0,3,1,3,4,0,0,0
2014/02/15,9,11,0,1,0,1,11,0,2,0,4,0,2,10,0,0,2,0,1,3,6,1,2,1,1,10,13,0,1,0,2,0,1,0,2,3,8,14,1,1,1,14,7,0,4,2,0,2,3,1,3,2,1,7,2,0,2,4,2,10,1,6,1,3,1,1,0,2,4,5,4,2,2,1,4,3,2,1,0,3,0,7,1,1,1,1,4,0,1,0,0,1,3,2,6,3,5,0,7,1
2014/02/16,1,0,2,1,1,0,1,0,0,0,2,2,0,9,1,1,0,2,1,1,0,4,9,1,1,6,21,2,0,0,0,7,1,0,0,2,0,2,1,0,3,2,2,2,14,0,0,2,2,2,1,2,1,8,1,1,3,2,3,12,5,0,2,5,2,1,2,3,3,6,2,1,3,0,5,1,4,3,0,6,0,5,3,0,5,2,5,1,2,0,0,4,1,1,6,4,9,1,5,3
2014/02/17,13,2,0,0,2,0,0,0,0,2,0,0,0,4,0,3,0,1,1,4,4,3,0,1,0,2,0,0,0,0,1,3,0,1,3,1,0,4,0,1,1,25,4,1,1,6,1,1,2,4,0,1,0,6,1,4,1,5,2,12,0,5,1,6,1,0,1,3,1,4,1,6,2,0,1,0,0,5,1,5,3,3,0,5,3,0,3,1,3,2,5,1,1,1,4,3,1,1,7,0
2014/02/18,2,2,6,0,2,0,4,0,1,0,0,0,1,9,0,0,0,0,1,1,5,0,3,0,0,5,4,2,1,0,0,3,0,1,2,1,2,8,0,0,0,0,6,0,12,2,0,0,2,1,0,3,0,2,1,0,2,3,2,1,1,2,0,4,0,0,0,0,1,0,0,1,2,2,0,0,0,1,0,0,4,2,2,0,2,4,1,0,1,0,0,0,0,0,2,1,2,3,1,0
2014/02/19,3,2,0,0,4,1,4,1,1,1,0,1,1,1,0,0,0,2,0,2,0,1,2,0,1,1,0,4,2,0,0,1,1,0,1,2,18,0,1,1,0,0,4,0,4,1,0,1,1,5,1,0,2,2,3,0,8,3,1,1,2,4,1,5,1,0,0,2,1,3,2,2,0,6,0,0,0,2,0,0,1,0,2,0,0,2,1,0,1,0,0,2,2,1,1,0,11,0,0,0
2014/02/20,8,4,0,0,0,1,2,0,0,0,0,0,0,0,0,3,0,0,0,0,30,0,8,0,1,13,0,20,0,0,0,4,0,0,3,5,8,6,1,0,2,16,2,0,3,9,1,3,0,0,1,1,1,4,0,0,3,0,2,4,1,0,2,4,2,0,0,1,0,2,2,1,1,3,2,0,0,0,0,2,0,3,0,0,0,3,5,0,2,1,0,1,0,3,1,4,5,0,0,0
2014/02/21,2,2,0,0,2,0,4,0,0,1,0,0,2,7,2,2,0,0,1,0,1,1,0,1,0,0,0,2,0,0,0,1,0,0,1,2,0,0,0,1,2,0,7,0,12,8,1,1,1,0,0,2,0,4,3,0,4,3,5,8,0,0,0,3,0,0,0,2,0,0,5,0,2,1,2,0,0,1,1,2,4,0,0,5,0,4,2,2,1,0,3,0,1,2,1,2,1,1,3,0
2014/02/22,1,7,0,41,3,2,8,9,3,1,0,4,0,4,0,0,0,1,2,1,10,2,2,1,2,9,10,10,1,0,0,5,0,1,2,2,6,20,0,4,0,11,9,2,8,1,1,2,2,5,1,1,1,5,1,2,8,7,1,5,2,5,1,10,0,1,3,3,2,1,0,0,2,0,1,0,4,2,0,2,1,5,0,0,1,4,5,0,2,2,0,2,4,5,8,2,12,1,4,1
2014/02/23,2,2,0,11,5,0,6,5,0,0,0,0,2,2,0,7,1,0,1,0,0,1,0,3,3,1,4,0,2,0,1,0,1,0,1,4,12,4,1,1,0,5,4,0,0,4,0,2,2,0,1,1,1,3,0,1,1,6,1,11,0,3,0,7,2,0,1,5,3,1,4,3,2,0,1,2,2,5,0,1,2,1,0,0,1,0,2,2,3,0,2,3,1,2,1,3,4,1,11,1
2014/02/24,2,11,0,10,24,0,24,6,0,2,24,0,0,8,2,2,1,0,2,0,6,0,3,2,1,0,1,2,4,1,0,7,0,0,2,1,9,9,4,0,3,4,1,1,12,4,0,1,3,0,1,2,0,4,6,1,0,3,1,6,2,0,1,2,0,0,2,0,0,4,4,2,0,0,3,1,0,1,0,4,1,5,2,0,3,0,6,0,0,0,2,0,0,3,6,2,3,1,8,0
2014/02/25,7,17,0,4,0,0,0,4,0,0,0,0,0,4,1,0,1,1,0,1,4,3,3,1,1,11,5,2,0,0,0,1,1,3,3,2,0,9,6,0,2,1,6,0,0,11,1,0,1,0,1,0,0,3,1,2,0,1,2,1,0,0,1,2,1,2,2,1,0,0,0,0,0,0,2,2,0,0,0,0,2,1,0,0,0,3,1,0,1,0,0,1,1,0,0,3,1,0,5,0
2014/02/26,2,15,0,1,1,0,2,3,2,0,0,0,0,7,0,0,0,0,1,1,20,1,4,1,0,0,1,0,0,0,0,1,0,0,1,0,10,4,1,0,1,12,1,0,2,5,0,3,2,2,0,5,0,1,0,1,0,0,2,6,1,1,0,2,0,0,0,1,0,0,0,0,4,0,1,1,0,0,0,0,1,4,1,1,2,0,2,1,2,1,0,1,0,0,0,1,3,1,4,0
2014/02/27,4,3,2,13,0,0,0,9,1,1,0,1,0,7,0,0,0,1,1,2,29,0,9,2,2,7,8,4,0,1,0,1,0,0,4,3,5,0,1,1,2,0,2,1,4,6,2,1,2,2,0,1,1,2,4,0,0,1,0,6,0,0,0,7,1,2,0,2,0,3,0,2,2,0,0,1,2,1,0,0,2,8,0,0,2,0,3,2,0,0,1,0,2,2,3,3,5,0,3,1
2014/02/28,0,4,0,5,0,0,0,14,1,1,0,0,2,1,2,0,1,0,0,1,2,0,4,0,1,0,1,19,0,0,0,2,1,1,1,1,1,0,0,0,1,2,4,2,1,5,1,1,2,2,1,2,1,4,0,0,0,3,2,4,5,1,1,8,2,1,0,3,1,7,1,0,1,0,2,0,2,1,0,3,4,9,2,20,1,1,5,1,5,1,2,1,1,1,4,2,7,1,2,1
2014/03/01,8,0,8,28,2,1,3,5,0,1,4,3,2,4,1,1,1,0,0,0,4,0,4,2,1,7,3,10,5,2,1,0,1,1,0,8,3,7,1,1,0,1,10,0,4,3,3,1,2,6,3,1,1,9,2,1,0,3,4,9,2,6,2,7,3,4,3,4,2,1,1,8,11,0,2,2,0,4,0,8,4,12,4,1,5,5,2,3,2,0,2,0,1,2,4,4,7,1,7,1
2014/03/02,1,16,0,7,1,2,0,8,1,0,2,0,1,9,1,3,2,1,1,1,0,1,3,1,2,5,36,7,0,1,0,7,2,1,3,2,12,12,1,0,1,6,9,2,8,4,0,5,2,1,3,1,2,6,6,1,7,7,3,5,2,4,1,4,3,1,6,2,0,1,6,0,6,2,5,0,2,1,0,0,3,3,0,0,0,2,8,3,2,1,2,3,1,0,8,5,8,2,4,0
2014/03/03,4,5,0,11,8,0,5,7,1,1,22,0,1,9,0,1,1,0,1,0,8,1,4,1,1,2,8,5,3,0,0,4,0,2,0,2,14,5,1,4,0,37,3,2,15,0,1,0,1,2,1,1,1,7,2,3,8,2,3,7,1,3,1,0,1,2,0,1,1,0,1,7,0,0,2,2,0,2,0,2,2,2,1,2,0,2,1,0,2,1,1,0,2,4,4,0,10,0,2,0
2014/03/04,5,8,1,0,0,1,0,0,1,0,6,0,1,10,0,1,0,1,1,0,18,0,5,1,1,1,1,0,1,0,0,2,1,0,0,0,10,5,0,0,0,0,14,0,1,4,0,1,0,2,0,0,0,0,1,1,3,7,1,2,2,1,0,3,1,1,1,3,1,1,0,0,0,3,2,2,3,3,0,1,2,2,0,0,0,1,4,1,2,0,2,0,0,0,1,1,3,0,2,0
2014/03/05,8,4,0,15,0,0,2,2,0,0,1,0,0,3,1,1,1,1,1,0,3,2,1,1,0,0,0,0,0,1,0,2,0,1,0,1,5,4,2,1,1,0,12,1,0,4,1,1,3,2,2,1,0,1,1,0,3,2,3,2,0,2,1,3,2,0,1,4,0,5,0,3,0,5,2,1,0,1,0,1,2,4,0,0,1,4,3,0,2,1,0,1,1,0,1,3,1,1,1,1
2014/03/06,1,1,0,4,4,0,10,8,0,0,0,0,0,1,1,3,0,1,0,1,2,1,2,1,2,1,0,2,0,0,0,2,1,0,3,7,5,5,0,0,0,0,3,0,0,6,2,0,0,0,0,2,0,3,2,0,4,3,1,4,2,1,1,6,0,0,0,2,0,3,2,1,1,0,0,1,1,2,0,3,2,4,3,0,0,1,1,1,0,0,0,0,0,0,0,4,6,1,3,0
2014/03/07,9,13,4,5,7,0,0,13,0,2,0,1,1,2,1,3,0,0,0,1,2,1,1,1,0,1,9,7,0,1,0,1,0,3,1,2,8,24,0,0,1,0,8,2,1,3,2,2,1,1,0,3,0,1,1,0,3,1,0,1,1,3,0,3,0,1,0,5,0,0,3,1,1,2,0,2,2,1,1,2,2,9,1,0,1,2,0,1,2,0,1,0,1,0,2,0,5,2,5,1
2014/03/08,8,4,2,51,0,0,1,2,2,0,0,2,4,1,0,1,1,0,1,2,4,2,1,0,1,2,1,2,0,1,1,0,1,0,2,8,0,4,1,0,1,4,14,2,0,1,3,4,0,2,0,0,2,3,3,2,3,4,2,6,1,5,2,6,2,1,1,2,2,0,3,4,2,0,2,3,1,2,1,5,3,15,1,0,1,4,4,1,3,2,0,0,1,2,1,2,7,0,5,1
2014/03/09,6,5,0,0,0,2,1,3,0,0,4,1,1,4,1,0,2,1,0,2,5,1,3,2,4,2,22,4,0,0,0,3,1,0,1,2,4,2,0,0,0,4,4,0,4,0,1,4,2,4,0,2,3,7,1,0,3,3,4,6,0,2,2,6,1,2,3,3,0,4,1,2,4,0,2,5,1,5,2,4,1,4,1,0,3,7,6,0,3,0,6,0,0,3,5,2,6,1,6,1
2014/03/10,4,9,1,0,0,0,6,6,2,0,7,0,0,17,1,0,2,0,0,1,8,0,3,1,2,1,17,10,0,0,0,0,1,0,1,1,7,0,2,0,0,0,3,0,6,7,0,0,1,1,0,0,1,5,1,0,1,5,5,1,1,1,0,2,0,1,1,1,0,2,4,3,0,0,1,1,1,1,0,1,2,1,4,0,2,2,2,3,1,0,1,0,0,1,0,3,8,0,2,0
2014/03/11,0,2,0,0,0,0,2,4,1,1,0,0,0,0,0,2,2,1,0,1,2,0,5,0,2,1,0,0,1,1,0,0,0,0,1,0,0,0,1,1,1,0,2,0,0,10,0,0,1,1,0,1,3,5,2,0,2,3,1,2,1,1,1,3,0,1,0,2,0,1,1,5,2,0,1,3,0,1,0,2,2,4,1,0,1,0,4,0,1,1,2,1,0,1,2,4,4,0,2,0
2014/03/12,2,1,1,3,8,1,4,6,0,0,3,2,2,2,0,0,1,1,0,0,2,1,13,2,2,13,2,6,1,2,1,2,1,0,0,5,3,24,0,4,0,25,7,3,2,13,2,2,1,2,0,2,1,5,1,0,3,2,1,2,0,1,1,2,0,1,0,0,0,0,1,3,2,0,2,1,1,1,1,2,1,1,0,0,0,3,1,0,2,0,2,0,1,1,2,3,6,1,12,2
2014/03/13,2,2,0,7,3,0,2,0,0,0,3,0,3,0,1,1,1,0,0,0,4,4,1,0,0,0,6,0,0,0,0,5,0,0,0,1,0,6,0,0,0,0,0,0,4,2,1,0,2,0,2,2,0,2,2,1,5,2,1,2,0,4,0,3,1,2,0,2,1,0,2,0,1,0,2,0,0,2,1,2,1,0,0,0,0,3,1,1,1,1,0,0,0,0,1,1,8,1,11,0
2014/03/14,0,6,1,6,1,1,0,7,0,0,5,0,1,3,2,0,0,0,0,0,5,0,5,1,3,9,0,5,0,2,0,0,0,0,2,3,5,0,5,0,2,8,10,2,7,11,0,1,2,0,2,1,1,5,0,0,3,9,1,2,0,3,0,0,0,1,2,3,0,1,0,1,0,0,0,1,3,4,0,2,1,4,2,1,2,4,1,1,2,0,1,0,2,1,4,2,6,3,6,1
2014/03/15,3,0,2,31,3,0,0,17,1,1,7,0,2,10,0,5,1,0,0,4,2,0,3,1,1,3,16,3,0,0,0,4,3,0,2,8,0,6,3,1,1,6,10,2,4,0,0,2,1,5,3,2,3,6,1,0,2,5,4,6,1,5,1,5,4,2,3,0,2,2,2,2,2,5,0,2,3,6,0,0,4,10,3,0,1,0,5,0,3,1,0,0,0,2,9,3,11,1,10,2
2014/03/16,13,4,2,27,3,0,3,7,0,0,22,1,0,8,0,1,0,0,1,1,7,3,4,5,2,8,7,4,2,0,0,7,0,0,7,4,6,8,1,0,0,4,4,0,5,8,0,0,2,2,0,1,1,1,3,1,2,1,1,6,0,2,1,4,4,2,2,2,0,2,3,2,1,2,3,1,1,2,0,3,3,3,2,1,4,5,2,4,3,0,1,1,3,3,3,0,13,1,10,2
2014/03/17,8,2,0,20,2,3,1,0,1,1,4,1,1,4,0,2,0,0,0,0,0,0,22,1,1,14,6,2,1,0,1,7,0,3,1,2,0,4,0,5,1,15,0,1,14,17,1,0,2,1,1,0,0,2,2,0,5,1,3,8,3,3,1,6,1,0,1,1,0,1,4,1,1,3,1,1,1,2,0,1,2,3,1,1,1,2,1,0,2,0,0,0,1,3,3,0,1,1,9,1
2014/03/18,0,11,0,4,2,0,4,2,1,2,0,0,0,4,0,0,1,0,2,3,0,1,0,1,0,0,2,7,0,1,0,0,0,0,1,7,13,13,1,0,0,2,3,0,2,0,0,1,2,0,2,0,6,2,0,0,1,0,2,4,1,2,1,2,0,3,1,2,0,0,3,1,1,0,0,1,0,2,0,0,0,1,0,4,0,1,3,2,0,0,2,1,1,1,0,0,5,1,6,0
2014/03/19,2,1,1,2,0,0,2,5,2,0,0,0,2,12,1,2,1,0,0,0,2,0,4,1,1,3,8,3,0,0,0,0,1,0,2,2,7,3,0,0,2,5,5,0,8,2,1,0,0,4,0,1,1,7,3,0,2,0,0,0,0,1,0,1,1,0,3,2,0,0,2,1,0,1,0,1,2,1,0,1,2,8,0,2,3,2,2,1,3,0,2,1,1,1,3,3,5,0,3,2
2014/03/20,7,2,0,12,0,0,0,3,1,1,1,0,1,5,0,0,1,0,0,2,8,1,8,1,1,1,2,0,0,1,0,0,0,1,1,0,4,4,0,0,0,2,8,0,2,3,0,1,0,1,0,0,2,7,0,0,1,3,1,6,1,3,1,4,0,2,0,1,0,1,1,1,0,1,1,1,3,2,1,1,0,2,0,0,2,2,1,1,2,0,2,1,1,3,3,3,1,1,6,1
2014/03/21,2,2,3,10,0,0,4,15,1,1,5,0,0,0,0,4,0,0,0,0,4,0,5,0,1,0,2,2,0,1,0,4,1,0,1,2,8,7,1,0,1,0,2,1,5,5,0,3,1,0,0,3,1,0,0,1,5,4,2,2,2,3,2,1,1,0,0,0,2,0,2,1,2,0,1,2,1,1,2,0,1,5,0,0,0,2,0,2,2,2,0,2,1,2,1,1,4,1,1,0
2014/03/22,5,10,2,32,8,0,5,6,0,0,7,0,2,1,1,2,0,2,1,2,7,2,6,0,1,8,0,5,0,0,1,4,3,1,0,3,8,15,1,0,1,7,7,0,5,12,0,0,3,0,3,3,5,8,5,2,2,4,2,6,2,6,0,8,1,0,3,3,0,1,2,8,0,0,0,3,1,2,2,3,2,9,0,0,2,2,3,4,2,0,0,0,1,4,5,4,6,0,4,2
2014/03/23,4,2,2,15,1,0,4,9,0,0,4,0,0,0,0,3,1,3,2,0,0,1,0,0,3,4,5,8,0,1,0,4,0,0,2,14,2,0,0,0,0,5,6,0,10,3,1,0,4,3,1,1,3,4,4,0,5,5,3,7,0,2,1,14,2,2,2,2,2,3,2,3,0,0,4,0,2,2,1,3,1,1,0,0,0,3,0,0,2,1,3,1,1,0,2,3,1,0,1,2
2014/03/24,3,4,3,0,15,0,0,8,1,1,6,0,2,7,0,1,0,0,0,0,5,0,8,3,1,4,4,0,1,0,0,2,0,0,2,2,4,16,2,1,0,36,6,1,0,12,0,3,0,0,0,0,0,2,1,0,2,2,0,3,1,2,0,0,2,1,1,1,1,3,1,0,1,1,0,0,1,0,0,2,3,8,0,0,1,3,1,2,0,2,1,0,0,0,3,2,5,0,1,0
2014/03/25,4,4,0,4,0,0,0,1,2,0,4,0,0,3,0,0,1,0,1,0,2,1,0,2,0,2,2,4,1,0,0,1,0,0,2,0,7,5,1,0,1,0,3,0,0,4,1,2,1,1,0,1,5,3,1,0,1,1,3,4,0,1,0,1,0,2,0,0,2,0,0,4,1,2,0,0,0,1,0,3,1,1,0,0,0,4,0,0,1,2,3,0,1,1,1,0,1,2,2,0
2014/03/26,3,7,0,22,0,1,0,0,0,0,1,2,0,2,1,1,0,2,0,0,15,2,0,1,2,7,4,10,0,1,0,5,2,1,0,1,19,22,0,1,0,2,6,0,0,9,0,0,1,0,0,2,0,4,1,1,0,2,1,0,0,0,0,2,0,1,3,2,0,1,2,3,0,0,1,0,2,0,0,1,0,0,0,0,1,1,0,0,0,0,1,1,0,0,2,1,4,0,2,0
2014/03/27,1,5,0,3,2,0,5,8,2,0,6,0,0,1,0,1,1,0,0,0,8,0,2,0,3,4,7,6,2,0,1,0,1,0,1,4,6,11,0,0,1,5,6,0,16,6,2,2,2,9,0,0,1,4,1,0,2,1,2,5,3,5,0,2,1,1,1,3,0,0,0,1,0,1,0,1,0,0,0,0,2,0,0,0,0,3,1,1,2,0,2,0,2,0,1,0,3,0,3,1
2014/03/28,0,3,0,2,1,1,2,0,0,3,1,1,0,3,1,2,0,0,2,0,0,0,0,0,2,5,3,16,0,1,1,3,0,3,3,2,4,10,6,0,0,7,17,0,4,1,3,0,0,1,0,4,5,4,0,0,1,3,1,3,2,4,0,0,1,1,0,0,1,1,2,2,4,1,4,1,1,2,1,0,0,5,1,0,0,1,0,0,1,0,0,1,0,1,4,2,4,0,5,0
2014/03/29,1,2,5,25,1,0,0,9,2,1,1,1,0,13,0,2,1,0,0,1,6,1,2,2,2,0,1,6,1,0,0,1,0,0,2,2,8,15,1,0,1,2,16,0,1,0,0,2,2,2,1,3,3,13,2,1,10,2,1,6,1,5,0,5,2,1,0,2,0,5,2,1,1,0,1,1,2,2,0,2,2,3,2,1,3,3,4,1,1,1,0,0,0,4,4,4,3,0,5,1
2014/03/30,11,8,1,8,5,0,6,6,1,0,5,0,3,2,1,0,1,1,1,0,0,4,1,1,0,9,1,4,0,0,4,2,0,0,1,2,8,8,0,0,1,15,5,2,7,0,1,2,0,3,6,0,4,7,3,0,2,3,1,8,2,3,2,8,3,1,0,3,1,5,2,2,5,3,1,3,2,1,0,2,8,0,1,0,1,3,3,1,1,0,3,0,2,2,7,4,3,1,7,3
2014/03/31,13,0,0,5,3,0,1,1,0,0,0,1,3,3,3,1,0,0,0,0,0,1,1,0,0,2,1,2,0,1,0,5,0,1,1,1,0,1,3,0,0,3,1,1,0,13,1,0,0,0,0,1,0,3,0,0,4,1,1,1,1,2,0,7,0,2,0,2,0,0,0,2,1,0,2,0,2,3,0,4,2,2,0,0,0,2,0,1,1,0,0,0,0,1,0,2,1,0,5,0
2014/04/01,7,4,0,4,0,0,0,8,1,0,2,0,1,2,0,0,1,1,0,0,6,2,0,0,1,0,6,12,0,1,0,0,0,0,2,2,4,7,0,3,1,0,6,0,0,30,0,1,0,0,0,0,1,4,0,1,1,0,1,7,3,3,0,1,0,1,0,1,0,0,1,0,2,0,1,1,0,0,1,0,0,2,0,0,1,0,0,0,0,0,0,0,0,1,1,0,3,0,1,1
2014/04/02,1,2,1,12,0,0,2,6,0,1,0,1,0,0,0,1,0,0,0,2,11,0,2,0,0,9,12,4,0,1,1,0,0,0,2,2,9,5,1,1,0,4,6,1,1,0,0,1,0,1,0,1,3,1,1,0,1,2,0,5,1,0,1,1,0,0,0,3,0,1,0,0,0,0,2,0,1,1,0,0,1,2,2,2,0,0,0,2,1,2,2,0,0,0,1,1,3,1,6,0
2014/04/03,2,1,0,36,12,0,5,4,2,1,3,1,2,5,0,1,0,1,0,0,0,0,3,3,2,5,0,7,2,0,0,3,0,2,0,3,10,2,0,0,0,0,10,0,2,4,0,0,0,1,0,0,2,5,0,0,1,1,0,4,1,1,0,6,2,1,0,3,1,1,0,0,1,0,1,1,1,2,0,0,1,0,1,2,1,2,0,0,3,0,0,1,0,2,3,1,3,0,4,0
2014/04/04,4,2,0,11,0,0,1,15,0,0,0,1,1,4,0,0,0,0,0,1,1,0,16,0,2,4,1,10,0,1,2,3,1,0,0,0,15,15,0,0,0,3,10,0,24,1,1,1,0,1,1,2,2,4,2,0,1,3,1,3,1,3,1,5,1,0,0,2,2,2,2,2,0,0,1,2,6,4,0,0,3,1,1,0,1,0,3,1,1,2,1,1,1,1,7,1,1,0,8,1
2014/04/05,3,5,1,2,0,0,4,6,0,1,4,3,1,7,0,0,2,2,1,0,6,2,1,1,1,10,0,2,1,0,1,3,1,0,4,3,1,8,0,1,2,9,9,1,6,1,0,0,0,2,3,1,5,2,2,1,1,9,2,2,2,5,0,5,1,2,0,1,1,0,0,1,0,0,3,1,0,2,1,4,4,3,2,1,0,1,1,0,3,0,2,2,0,3,4,2,4,0,5,0
2014/04/06,3,4,0,15,0,1,6,17,0,1,6,1,0,8,0,3,1,0,2,1,0,0,4,2,2,1,3,1,0,1,0,12,0,0,2,2,0,0,0,0,2,2,4,0,2,4,1,0,1,3,0,1,1,5,1,1,2,5,1,10,2,6,2,3,1,2,0,1,1,2,2,2,2,5,1,0,1,2,1,4,2,2,1,0,2,2,2,0,2,0,4,0,1,3,0,2,10,0,3,1
2014/04/07,1,3,3,0,0,0,0,5,1,0,0,0,3,4,1,1,1,0,2,0,3,1,3,4,1,21,0,11,0,0,0,1,2,0,0,4,9,15,0,1,0,37,7,0,0,2,0,4,2,0,1,0,0,4,0,0,0,4,0,3,2,3,0,4,1,0,0,2,0,1,1,1,0,0,1,0,1,3,0,3,1,3,0,0,0,1,0,1,0,1,1,0,1,0,3,5,2,2,0,0
2014/04/08,4,8,2,0,0,1,0,0,0,0,0,0,0,0,1,0,3,1,0,1,0,1,4,1,1,12,0,10,0,0,0,0,1,1,0,1,3,3,0,0,3,0,2,1,0,8,0,0,0,0,0,0,0,1,1,2,0,4,5,5,0,0,0,8,0,0,0,0,0,1,1,3,2,0,0,0,2,1,0,0,2,1,1,2,1,0,0,0,0,0,2,0,0,1,2,3,2,1,3,0
2014/04/09,9,8,0,5,3,1,5,0,0,0,4,0,2,11,2,1,0,0,1,1,0,0,0,2,2,0,3,4,0,0,0,2,0,0,1,2,8,12,2,0,1,0,14,0,2,0,1,0,0,2,0,1,0,2,0,3,2,2,2,2,2,1,0,3,2,0,1,3,1,0,0,2,3,0,0,1,0,2,0,0,0,4,1,0,3,2,6,1,2,3,0,0,1,2,1,1,0,3,8,0
2014/04/10,12,2,0,7,0,0,2,10,1,0,2,2,1,0,0,2,0,0,0,0,12,0,4,1,1,14,2,8,3,0,0,1,0,0,3,1,0,4,3,3,1,0,4,1,0,2,1,0,3,1,1,0,1,3,0,0,0,0,2,3,0,3,0,1,1,0,1,0,0,0,0,0,0,0,2,0,0,4,1,0,1,0,0,0,6,2,3,1,0,0,2,0,0,1,1,0,6,0,3,0
2014/04/11,1,2,2,53,5,0,3,3,0,0,6,0,1,13,1,1,1,0,0,2,6,0,3,2,1,0,0,0,1,1,0,10,0,3,1,2,2,2,0,1,0,0,4,0,66,0,0,2,1,0,0,2,3,3,1,0,0,4,2,8,1,0,1,3,1,0,0,2,2,1,0,2,2,1,2,0,3,1,1,0,6,1,1,0,2,2,0,2,1,0,0,0,2,0,2,2,4,1,8,1
2014/04/12,4,0,0,0,1,1,1,21,0,1,0,1,1,8,1,1,1,0,0,2,25,1,40,1,0,10,0,4,0,0,0,0,2,2,2,3,6,25,0,0,0,8,13,2,0,43,1,1,3,2,1,2,2,6,0,0,2,6,4,7,0,5,0,9,1,0,0,2,0,4,0,1,2,1,1,1,3,3,2,2,1,7,0,2,2,3,1,1,0,0,2,1,2,1,3,4,3,1,9,2
2014/04/13,10,2,0,12,8,0,1,10,0,1,0,0,0,0,0,0,0,0,1,1,0,0,4,1,2,1,4,0,2,0,0,0,2,0,2,6,3,4,0,1,1,4,1,0,3,10,1,0,5,2,0,0,2,7,1,0,8,1,1,9,0,0,0,4,0,0,3,5,2,3,0,1,0,1,2,0,2,0,0,4,2,1,1,0,2,3,2,1,2,0,1,0,2,3,3,5,2,1,8,1
2014/04/14,8,1,0,8,1,0,0,4,0,1,2,0,0,1,1,2,0,0,0,1,3,0,1,1,3,2,1,0,0,0,1,2,0,0,0,5,5,6,2,0,1,1,5,0,2,0,0,1,1,0,0,0,0,4,1,0,1,3,2,2,1,2,0,5,1,0,0,0,0,2,0,0,0,0,1,1,0,3,1,1,0,2,0,0,3,1,0,2,0,0,1,0,1,1,1,5,2,0,6,2
2014/04/15,2,0,0,15,0,0,0,6,1,0,1,5,0,5,1,0,0,1,0,0,0,1,12,0,0,8,2,0,0,0,0,0,1,0,0,3,0,3,1,1,1,5,7,0,0,1,0,0,1,3,0,3,0,1,1,1,2,1,1,2,0,1,0,3,2,1,0,1,0,0,3,0,0,0,2,1,1,0,0,1,3,2,0,2,0,2,0,0,1,1,0,0,0,0,1,2,8,1,5,0
2014/04/16,3,2,0,6,4,1,4,0,1,0,2,0,1,0,0,0,0,0,0,1,0,0,0,0,1,4,8,4,0,1,0,2,0,0,1,1,0,2,5,1,0,4,0,0,4,0,0,2,0,0,0,2,5,4,0,1,0,2,2,4,1,1,0,0,1,1,0,4,1,0,2,0,0,0,1,2,2,0,0,1,0,3,0,1,2,2,1,2,3,0,1,0,0,1,1,2,4,1,5,1
2014/04/17,2,0,0,3,1,0,0,8,0,1,7,0,1,0,0,1,1,0,0,1,2,0,4,0,2,5,5,4,0,1,0,0,0,0,3,8,2,4,0,0,1,6,7,0,8,1,0,0,2,0,1,1,2,0,2,0,1,1,2,2,1,1,0,7,0,3,5,1,0,2,2,1,0,0,0,0,0,0,0,2,2,0,3,0,2,2,1,0,1,0,1,0,0,1,3,3,5,0,1,1
2014/04/18,3,0,0,3,2,0,1,12,1,0,4,0,5,10,1,2,0,0,0,2,5,0,3,3,0,14,1,0,0,1,0,5,0,1,1,1,1,0,0,1,1,21,5,0,1,11,0,2,1,2,1,0,1,0,1,0,2,3,2,0,0,1,0,1,0,0,0,4,0,2,3,0,1,2,1,0,0,1,0,1,3,1,0,0,1,1,2,1,1,0,2,0,1,0,1,1,2,1,7,0
2014/04/19,8,2,0,44,2,0,8,2,0,0,13,0,0,3,0,1,0,1,1,0,11,4,4,0,2,2,12,16,0,1,1,5,0,1,2,2,0,8,0,0,1,5,6,0,14,7,0,4,2,2,0,1,4,2,1,2,3,7,1,3,1,0,0,4,3,1,1,3,0,3,3,3,0,1,1,2,0,5,0,3,1,3,2,0,0,0,1,3,1,2,3,1,0,5,0,1,10,2,13,1
2014/04/20,1,3,0,40,0,0,0,8,1,0,3,0,0,0,0,0,0,0,1,3,2,0,6,0,0,4,0,4,1,0,0,2,0,0,2,2,3,8,0,2,0,4,9,0,0,7,0,1,3,2,0,3,2,1,4,1,2,4,4,3,0,4,2,2,1,1,3,2,2,2,0,0,0,6,3,0,1,3,0,2,0,8,0,0,1,1,3,1,0,0,1,0,2,1,0,1,4,0,12,2
2014/04/21,1,16,0,12,18,0,2,2,1,0,0,0,0,9,0,1,0,0,0,1,0,0,0,0,1,15,14,3,0,0,1,1,0,1,1,0,2,2,1,1,0,0,2,0,12,3,4,0,1,0,1,0,0,1,2,2,5,2,0,2,1,0,0,4,1,4,2,2,0,0,0,0,1,0,2,0,1,0,0,1,1,3,0,0,2,0,0,0,0,0,2,0,0,0,0,0,7,0,5,1
2014/04/22,1,2,0,0,2,1,4,0,0,0,0,0,0,4,0,2,0,0,0,2,0,0,5,0,0,3,1,3,1,0,0,7,1,1,2,1,0,0,0,0,0,0,0,1,1,11,2,0,2,1,1,2,0,2,2,0,2,3,0,6,0,2,2,1,1,2,2,2,1,1,0,0,5,1,2,0,2,1,0,1,0,6,1,0,2,1,1,1,0,0,2,0,1,1,1,0,4,1,2,0
2014/04/23,4,3,2,7,3,0,7,5,0,0,0,2,1,6,0,0,1,0,0,1,6,1,6,0,1,1,4,0,0,0,1,0,0,0,0,1,0,8,0,0,0,0,0,2,1,0,1,2,1,0,1,0,0,2,2,3,0,3,0,2,0,2,0,0,0,0,2,3,0,1,0,0,3,0,1,0,1,0,0,1,1,2,0,0,0,3,0,0,0,0,3,0,1,1,0,1,3,0,7,0
2014/04/24,9,1,3,10,2,0,0,11,0,1,5,0,1,4,0,1,0,0,0,0,0,0,0,2,1,0,0,0,1,0,0,1,0,0,0,0,0,0,0,0,2,30,1,0,1,2,0,0,3,0,0,0,0,2,0,1,1,2,0,3,0,1,1,2,2,0,0,1,0,0,1,0,0,0,1,1,2,1,1,1,2,2,0,0,1,2,3,2,1,0,0,0,0,2,5,2,3,1,3,0
2014/04/25,6,0,3,2,1,1,3,11,2,1,0,1,0,3,0,2,0,0,0,1,6,0,0,1,3,6,18,2,0,0,1,3,2,0,1,2,3,3,0,0,1,1,9,0,5,16,1,4,1,1,2,2,1,4,1,0,2,3,0,5,1,1,0,4,0,0,0,0,0,1,0,1,0,1,0,3,1,2,1,1,1,2,0,0,4,1,2,1,0,0,1,0,1,0,3,2,3,0,5,0
2014/04/26,6,1,2,25,2,1,1,10,0,2,1,0,0,4,1,0,0,0,2,2,12,1,11,1,5,5,2,2,0,1,0,0,0,0,2,4,1,11,1,1,2,6,19,2,0,3,1,0,3,4,1,1,1,7,0,0,8,4,1,4,2,1,0,9,2,0,4,3,1,1,1,3,2,2,1,0,1,1,0,2,1,7,0,1,4,1,1,2,2,1,2,0,0,1,0,3,2,0,4,1
2014/04/27,2,3,0,1,3,2,1,0,1,0,0,0,1,0,1,0,0,2,0,0,0,2,6,0,1,4,1,11,0,0,1,6,0,0,2,3,5,10,0,0,1,3,12,0,1,11,0,0,2,0,0,3,3,5,3,2,5,5,4,4,0,0,0,1,1,1,2,3,0,5,1,3,2,0,4,0,2,1,1,2,4,3,0,0,5,2,0,0,2,2,2,0,4,2,2,5,9,0,2,2
2014/04/28,2,1,0,1,6,0,6,0,0,0,0,0,0,6,0,0,0,0,0,0,1,0,26,0,0,1,0,0,0,1,0,0,2,2,1,1,0,0,0,0,0,3,0,0,12,1,0,0,0,0,1,1,2,2,2,0,2,1,0,2,0,2,0,1,0,5,0,4,2,2,0,4,1,1,0,0,0,4,0,1,0,1,0,0,0,0,1,0,2,0,1,0,1,2,0,1,4,0,2,0
2014/04/29,3,4,0,2,0,0,2,2,1,0,0,1,1,2,0,1,0,4,0,1,2,1,0,2,0,0,0,7,1,0,0,0,2,0,0,2,4,12,0,0,0,6,6,0,0,2,0,1,2,3,1,0,2,3,4,2,0,4,0,4,0,1,1,2,2,1,0,0,0,0,1,4,0,0,1,0,0,2,0,3,1,2,1,0,3,0,0,1,0,0,2,0,0,0,0,4,2,1,1,0
2014/04/30,12,3,1,1,2,2,0,4,0,1,2,0,0,7,0,1,1,1,0,1,9,1,4,1,0,12,0,9,0,0,1,1,0,0,0,2,3,2,0,0,1,10,3,1,0,3,0,0,0,0,0,3,1,2,0,0,2,1,0,5,1,1,0,2,1,1,0,1,1,1,3,1,1,1,1,0,0,2,0,1,1,4,1,0,0,1,0,2,2,0,2,1,0,1,0,1,3,1,0,0
2014/05/01,0,2,0,19,3,1,1,2,0,0,2,1,0,7,1,0,1,1,0,2,2,0,2,1,1,4,10,0,0,0,0,0,1,1,3,1,2,8,0,0,0,2,8,0,1,2,0,1,1,2,1,1,1,2,0,0,3,0,2,1,0,2,0,1,2,2,1,3,1,3,3,0,0,0,2,2,0,1,0,0,1,3,0,1,0,1,0,1,2,0,3,1,1,2,1,1,1,0,5,0
2014/05/02,0,3,2,7,3,1,4,24,0,0,2,0,0,0,1,2,0,1,0,1,2,1,13,0,0,6,2,5,1,0,0,1,0,1,0,1,1,26,1,0,0,6,0,0,0,36,1,0,1,2,1,0,0,3,3,0,2,4,2,5,2,2,0,8,2,1,1,2,0,0,4,3,0,0,1,2,2,0,0,2,6,5,1,0,1,1,1,0,0,2,0,1,1,1,6,1,6,1,4,1
2014/05/03,4,1,3,39,1,1,0,1,0,2,0,1,2,2,0,1,2,1,2,1,7,3,15,1,2,8,0,25,0,1,1,0,0,0,0,3,0,12,0,1,0,7,9,1,0,14,1,3,1,3,1,2,5,4,0,0,4,6,5,2,0,4,1,7,0,1,0,4,3,2,0,6,0,0,2,0,1,2,0,3,2,5,2,0,2,1,0,3,2,0,4,4,2,5,3,2,8,0,11,1
2014/05/04,6,3,0,20,5,0,4,4,0,0,5,0,1,1,1,0,0,0,0,4,12,3,4,1,1,1,2,1,1,0,0,6,1,0,2,4,0,2,0,0,0,6,3,1,2,4,1,1,5,4,0,0,0,6,3,0,10,7,2,4,0,2,0,5,1,0,5,3,1,0,0,0,2,2,3,2,2,5,0,3,2,3,0,0,10,1,1,4,2,0,2,0,2,2,1,3,14,1,3,0
2014/05/05,7,0,0,3,0,1,0,8,0,0,0,0,0,5,0,1,0,1,2,0,10,0,1,0,0,0,0,3,2,0,0,5,1,1,1,0,1,0,0,0,0,29,3,0,1,1,0,0,0,2,0,2,3,8,1,2,3,4,1,1,0,2,2,2,3,3,1,2,2,2,1,1,4,0,0,0,1,0,1,2,0,2,0,1,0,2,0,1,3,1,0,0,0,1,0,1,3,0,3,0
2014/05/06,0,9,0,33,4,3,6,2,0,0,0,0,0,4,2,2,2,0,1,1,0,1,0,0,1,0,1,4,0,0,1,0,0,0,0,1,0,1,0,1,0,3,0,0,0,0,0,0,0,0,0,1,1,4,2,0,2,2,0,3,3,2,0,3,0,1,1,2,2,1,0,0,2,0,0,0,0,1,1,1,0,1,1,0,0,3,1,0,0,0,1,0,0,3,1,0,5,0,2,1
2014/05/07,0,0,0,0,0,0,0,6,0,0,1,0,1,0,0,2,1,0,0,0,13,0,0,2,0,26,1,0,0,3,1,2,0,1,1,1,8,0,0,0,1,7,0,0,1,0,1,0,1,0,3,0,0,4,2,0,0,2,2,5,0,0,0,7,0,0,0,1,0,1,1,0,0,1,3,2,0,3,0,2,0,2,1,0,3,0,1,0,0,0,0,0,1,1,0,2,3,1,5,0
2014/05/08,1,4,1,5,0,1,0,4,0,0,3,1,0,3,1,0,0,0,0,0,2,0,2,0,1,6,2,16,0,1,2,1,2,0,2,3,0,12,2,0,0,14,8,3,2,9,0,0,2,0,0,0,1,3,0,1,1,2,1,1,0,0,0,0,0,1,0,4,1,2,0,1,2,1,0,0,0,2,0,2,1,3,1,1,1,4,4,0,1,1,0,1,0,1,0,1,3,0,5,0
2014/05/09,12,4,0,2,0,0,1,6,0,2,0,0,1,6,0,1,0,0,0,0,5,0,0,0,0,1,4,0,1,0,0,0,0,0,0,9,1,27,0,0,0,0,2,0,2,2,2,0,1,0,0,1,0,2,0,0,1,0,2,3,1,1,0,3,1,1,1,1,2,2,1,7,0,1,2,0,2,2,1,2,0,5,0,0,1,0,3,0,1,1,2,1,1,0,3,2,3,2,1,0
2014/05/10,3,4,6,38,12,1,0,8,0,0,0,1,5,2,0,3,0,0,1,1,12,1,3,2,2,3,2,24,1,0,0,3,0,0,1,2,4,4,5,0,1,0,10,1,4,9,0,0,3,0,0,1,1,4,3,0,4,3,2,5,1,2,1,3,2,0,2,2,2,0,3,0,2,0,2,1,2,1,1,1,1,5,2,1,1,2,0,1,4,1,0,3,0,3,2,3,10,1,5,0
2014/05/11,6,2,0,2,9,0,11,4,0,0,5,0,0,9,0,0,0,0,0,0,10,0,4,1,0,3,6,4,0,0,1,2,0,1,0,5,1,4,0,0,1,10,2,2,4,0,0,0,5,0,0,2,0,2,2,1,2,5,1,6,1,0,1,5,1,1,1,0,2,2,2,3,1,0,1,2,2,2,0,4,2,8,0,0,0,2,0,1,5,0,2,2,1,4,0,1,4,1,2,1
2014/05/12,2,13,0,0,6,1,1,11,0,0,0,1,2,6,1,1,1,0,0,1,4,0,5,0,0,7,0,6,1,3,2,2,0,2,1,8,0,1,0,5,3,5,14,2,0,17,0,2,0,0,0,2,1,3,0,0,2,1,2,2,3,2,0,5,0,1,1,1,0,1,1,1,2,0,3,0,1,1,0,1,1,10,1,1,0,0,0,0,1,1,1,0,0,1,3,3,6,0,0,0
2014/05/13,5,2,0,6,0,0,0,12,1,0,4,0,1,0,0,0,1,2,0,1,0,1,11,1,0,22,24,8,1,0,0,0,0,0,2,0,0,8,1,0,2,17,8,0,4,6,0,3,1,0,0,0,0,2,0,0,2,1,2,3,1,0,0,3,2,0,0,1,0,1,0,2,1,0,0,0,0,2,1,0,2,0,1,1,3,0,0,0,1,0,2,1,1,0,2,2,1,0,0,1
2014/05/14,0,2,0,21,0,1,7,7,1,0,14,0,1,0,1,0,1,0,1,0,2,0,1,1,2,7,4,4,0,0,0,3,1,0,1,3,0,7,0,0,0,0,5,0,15,2,1,1,0,1,2,2,0,3,1,0,5,2,0,1,1,0,0,0,0,0,1,0,3,0,0,0,1,0,2,1,1,1,0,2,1,1,0,1,1,0,1,0,0,0,2,1,0,0,1,2,1,0,5,0
2014/05/15,1,3,2,13,3,0,1,10,1,2,3,1,0,1,0,0,0,0,0,0,0,0,4,1,2,12,1,0,3,0,0,7,0,2,0,1,0,0,0,0,0,10,4,0,0,2,1,0,0,2,3,0,0,3,3,0,2,2,0,2,0,2,0,4,2,0,0,1,3,1,0,0,1,0,0,2,0,4,0,0,0,2,0,0,2,1,0,0,2,0,1,2,1,0,1,0,5,1,3,3
2014/05/16,0,2,0,0,3,0,2,9,0,1,0,1,0,4,0,4,0,0,1,1,4,0,8,0,2,12,0,7,0,0,0,1,1,3,0,7,0,3,0,0,0,14,9,0,0,4,2,0,1,0,1,1,2,4,2,1,1,3,1,7,1,0,0,10,2,3,0,4,1,1,4,5,1,1,1,1,0,1,1,0,0,4,0,0,5,1,1,0,1,1,1,0,0,0,0,0,2,0,8,0
2014/05/17,7,2,0,5,4,1,6,0,0,0,0,1,1,2,0,1,0,0,2,2,6,0,10,2,0,4,6,5,0,0,0,9,1,0,1,4,1,12,1,2,2,5,7,2,15,2,0,1,2,2,1,4,3,7,1,1,2,4,4,7,1,0,1,7,2,1,2,3,1,7,5,0,3,0,1,4,1,1,0,4,0,1,1,0,1,2,3,0,1,0,3,1,2,3,0,6,6,1,12,3
2014/05/18,5,6,4,27,6,0,5,4,0,0,0,0,1,8,1,0,1,0,0,2,9,2,2,1,5,5,3,6,0,0,0,0,0,0,1,2,4,4,0,0,0,4,8,0,5,7,2,1,0,2,1,1,1,5,1,1,4,9,0,4,2,1,0,0,3,0,1,0,3,2,0,3,0,0,1,0,2,1,0,1,3,3,0,0,6,1,1,0,1,1,1,1,0,3,5,2,3,0,6,3
2014/05/19,3,0,1,14,0,1,5,4,1,2,2,0,0,8,2,1,0,0,0,1,0,5,5,0,0,3,8,1,0,0,0,4,0,0,0,3,0,0,1,0,1,5,1,0,9,10,0,2,2,1,1,0,0,1,1,0,2,2,1,0,3,0,1,0,2,1,1,2,2,0,0,3,1,0,0,2,1,3,0,1,2,5,0,0,1,4,0,0,1,0,4,0,0,2,6,1,2,0,8,0
2014/05/20,9,3,1,0,2,0,1,1,0,0,2,0,1,3,0,1,2,0,0,0,12,0,1,2,0,2,0,6,0,1,0,1,0,2,1,3,1,25,0,0,1,24,4,0,0,1,0,1,2,0,2,2,1,3,0,0,2,8,4,2,1,3,0,0,1,0,1,3,0,2,0,1,1,0,1,2,0,1,1,2,2,8,0,5,1,0,0,0,1,0,2,0,0,1,1,3,3,0,6,2
2014/05/21,2,9,0,5,6,0,0,8,1,1,9,0,1,2,0,1,0,0,0,1,8,0,1,1,1,0,2,13,0,0,0,3,0,1,3,4,6,23,0,0,0,9,5,0,4,1,1,1,3,2,0,2,1,4,0,0,0,1,0,0,1,0,0,0,0,0,1,2,0,0,1,1,3,4,1,0,0,1,0,1,0,1,0,0,1,2,0,0,0,0,1,0,0,1,0,0,0,0,8,0
2014/05/22,1,0,0,1,1,0,3,17,0,2,0,0,0,2,0,0,2,0,0,0,4,0,6,0,1,9,7,6,2,0,0,3,1,1,0,3,2,6,4,1,1,15,7,0,2,13,0,2,0,1,0,0,0,2,0,1,1,4,1,2,1,3,0,1,0,0,0,1,0,1,2,0,2,0,0,0,0,0,0,1,1,2,1,0,6,1,0,0,2,0,0,1,0,1,0,0,0,0,5,2
2014/05/23,2,0,2,1,9,1,5,10,1,1,4,0,1,9,0,0,0,1,1,0,2,1,5,0,2,3,12,4,0,0,0,1,1,0,3,5,3,1,1,0,0,0,0,1,3,0,1,1,0,2,1,3,2,3,2,0,2,5,2,4,1,1,0,3,1,0,0,2,0,2,2,0,0,0,2,1,4,1,0,0,1,0,1,1,0,1,1,0,2,0,1,1,2,0,0,2,0,0,7,0
2014/05/24,4,11,2,37,4,0,0,0,1,3,0,0,0,4,0,0,0,1,1,0,21,5,1,1,1,8,4,13,0,2,0,0,0,0,2,8,13,13,1,0,1,0,16,0,6,1,2,0,2,0,2,0,3,4,0,2,6,3,2,6,2,2,0,0,1,1,3,2,1,2,4,4,0,1,3,3,1,2,1,5,4,2,1,1,8,3,1,0,1,1,5,2,1,1,1,1,0,1,13,2
2014/05/25,1,2,5,15,2,1,1,4,0,1,0,3,1,5,0,0,0,0,1,0,6,0,14,1,0,12,2,5,0,0,1,0,0,0,2,4,0,2,1,0,1,0,4,0,4,5,0,0,2,5,0,0,3,4,1,0,4,4,2,3,1,0,0,2,0,0,5,4,1,0,1,0,3,0,0,0,0,2,1,0,2,0,0,1,2,0,0,1,2,1,3,1,0,1,0,1,0,0,11,2
2014/05/26,2,4,1,9,10,1,4,5,0,1,0,0,0,1,2,1,0,2,1,0,0,1,2,0,0,4,5,7,1,0,0,2,2,0,0,1,20,12,0,1,1,0,12,0,3,4,1,0,2,0,2,0,0,2,0,1,0,3,0,4,1,5,0,3,1,2,0,1,3,1,1,0,0,1,0,0,0,2,1,3,2,5,1,2,3,3,3,3,2,0,2,2,1,0,5,4,5,1,12,0
2014/05/27,7,0,0,8,3,2,4,0,0,0,0,1,0,6,0,0,0,0,0,2,0,0,0,0,1,0,3,4,1,0,0,0,0,1,1,0,2,0,0,0,3,12,0,0,6,0,0,0,2,0,3,0,2,3,1,0,2,1,0,4,2,0,0,3,1,2,1,2,0,2,1,1,2,2,0,2,1,1,0,0,3,1,0,0,3,0,1,0,0,1,0,0,2,1,2,2,4,0,4,1
2014/05/28,0,0,2,0,0,0,0,3,0,0,0,0,0,2,1,0,1,0,0,0,0,0,18,0,0,0,0,6,0,2,0,2,2,2,1,0,10,0,3,2,0,0,2,0,0,2,0,1,0,0,0,0,2,1,0,1,2,2,3,3,1,1,0,1,0,1,0,1,1,0,2,3,0,0,0,0,1,1,0,3,0,0,0,0,2,0,0,0,1,0,4,0,0,0,0,4,1,0,1,0
2014/05/29,0,0,0,0,0,0,1,0,0,0,0,0,0,9,0,1,0,0,0,0,0,2,3,0,1,0,1,0,0,0,0,0,0,1,0,0,0,0,0,1,0,0,0,0,1,33,0,0,1,0,0,0,2,0,1,0,1,1,0,5,2,3,0,1,1,1,3,1,2,0,1,0,0,0,0,1,0,1,0,0,2,1,2,0,1,1,0,0,0,0,3,1,1,1,0,0,3,0,1,0
2014/05/30,0,2,0,4,0,0,0,0,0,4,0,0,0,8,0,2,1,0,0,0,0,0,7,2,1,0,0,0,0,0,1,3,0,0,1,0,0,0,0,0,0,0,0,0,1,16,0,0,1,2,0,1,0,0,1,0,1,0,0,3,0,1,0,1,1,1,1,1,0,3,2,2,3,3,0,0,1,1,1,0,1,3,2,0,1,1,0,2,0,0,3,0,1,3,0,0,8,0,5,0
2014/05/31,0,0,0,6,0,0,0,0,0,1,1,0,0,1,1,1,0,1,1,1,18,2,1,1,0,0,6,0,0,2,0,4,2,0,1,0,9,0,0,0,1,6,0,0,8,4,0,2,2,4,0,1,1,0,2,0,0,6,0,3,1,2,1,5,1,2,0,2,3,2,1,5,2,1,0,2,0,0,0,1,3,4,2,0,1,3,0,2,3,1,4,1,2,2,0,0,11,1,9,3
2014/06/01,0,11,0,34,0,0,26,1,0,0,2,0,3,6,0,5,2,1,0,1,14,4,0,1,1,1,4,0,1,0,1,0,0,2,1,1,8,9,2,0,0,2,17,0,3,0,1,0,4,0,1,4,6,2,1,2,3,3,0,7,0,1,2,2,1,4,1,2,1,4,0,3,1,0,3,2,2,3,0,3,3,5,1,3,1,4,4,1,1,0,2,1,2,3,0,4,7,2,6,1
2014/06/02,0,8,0,0,0,2,3,10,0,1,2,0,0,3,0,1,0,0,0,1,4,0,5,2,0,4,2,5,1,1,0,2,1,0,1,3,0,6,2,0,1,6,9,0,2,1,1,0,2,0,0,2,0,2,4,1,6,1,0,2,0,2,0,3,2,1,0,1,0,2,0,0,1,0,3,2,0,0,0,2,1,1,0,1,3,4,1,2,2,2,0,0,0,2,0,2,4,2,2,0
2014/06/03,0,3,2,5,0,3,4,5,0,2,2,1,0,4,0,0,0,3,0,1,13,0,7,0,0,7,4,15,1,0,2,0,0,3,1,3,11,24,0,0,0,13,16,0,0,2,0,0,0,0,1,0,2,8,1,0,3,1,0,0,2,2,0,0,3,0,2,2,0,2,0,2,0,0,3,0,0,1,1,0,4,6,0,0,0,4,0,3,1,0,4,0,1,2,1,3,1,2,2,0
2014/06/04,0,10,0,0,0,0,0,7,0,1,0,1,1,0,1,0,0,0,0,0,0,0,2,1,0,6,1,6,0,0,3,2,0,1,1,3,0,2,0,0,1,9,0,0,0,14,0,0,0,0,1,0,1,3,1,0,3,1,0,1,1,4,0,0,1,0,0,1,0,0,1,0,2,0,1,0,0,2,0,0,2,1,0,0,3,1,1,1,3,0,1,0,0,3,2,0,6,0,2,0
2014/06/05,0,4,3,0,4,1,0,4,1,0,0,0,0,1,1,0,1,0,0,1,16,2,1,2,1,1,2,1,1,0,1,0,0,0,2,1,1,4,0,0,0,32,2,1,4,1,1,0,2,0,1,0,1,1,3,0,2,2,0,5,0,2,1,0,1,0,1,4,1,2,1,0,1,0,0,0,0,3,2,0,1,2,3,0,4,0,0,6,1,1,1,0,0,5,0,2,3,0,1,0
2014/06/06,0,12,0,0,0,1,0,2,0,0,0,0,1,9,0,0,0,0,0,0,7,1,0,1,1,4,1,0,1,1,0,0,1,0,1,0,0,26,2,0,0,0,0,0,17,0,0,0,1,0,0,0,2,0,0,0,1,5,0,4,0,1,1,4,0,0,0,3,3,3,3,6,4,0,2,0,3,0,0,2,0,3,0,0,6,0,0,0,0,0,1,2,1,0,0,1,9,0,2,0
2014/06/07,0,3,0,7,0,1,0,25,1,0,3,0,0,10,1,2,0,1,0,1,3,2,3,2,1,2,4,8,0,1,2,0,0,0,0,0,0,1,0,0,0,9,2,3,2,0,3,0,3,1,1,0,7,0,1,2,0,4,0,3,2,3,0,1,1,0,0,5,2,0,1,1,0,1,0,0,0,3,0,1,2,5,0,0,2,6,0,3,0,0,3,0,0,0,0,0,8,1,1,0
2014/06/08,6,1,0,0,1,1,2,2,0,1,5,0,2,0,1,1,0,0,0,0,0,0,8,1,1,9,1,11,0,0,1,0,0,0,1,2,15,0,0,0,1,11,0,0,1,0,1,0,2,3,0,0,3,7,2,1,5,2,0,6,2,1,0,5,0,0,6,5,3,3,6,4,3,0,0,0,0,5,0,3,1,4,5,2,4,4,4,0,0,2,0,0,2,0,0,0,8,0,3,0
2014/06/09,3,4,1,0,4,0,1,11,0,0,0,0,2,4,0,1,0,0,0,0,5,0,10,1,0,5,4,2,0,0,0,3,0,0,0,3,7,0,1,0,1,6,0,0,0,0,1,0,0,3,0,1,0,3,1,1,1,4,0,6,0,2,1,0,0,0,0,2,1,2,2,0,2,0,1,1,1,2,0,2,0,2,0,2,1,0,1,1,0,0,0,0,2,1,0,2,8,0,2,0
2014/06/10,2,4,0,5,0,2,3,0,0,1,1,1,1,0,1,0,0,1,0,2,6,1,8,2,0,8,0,0,0,1,1,1,0,2,1,0,4,0,0,0,0,5,0,0,1,3,3,2,1,2,0,3,0,3,0,0,2,1,0,2,0,1,0,0,2,0,2,3,0,1,0,0,4,1,1,0,1,1,0,2,1,6,1,0,3,0,0,1,0,0,0,2,1,0,0,2,7,0,2,1
2014/06/11,3,9,0,13,12,1,1,9,0,0,2,0,0,1,0,3,1,0,2,0,5,0,6,2,0,4,3,2,0,0,1,0,1,0,2,1,7,21,0,5,0,20,12,2,37,3,1,1,1,0,0,0,0,3,0,0,0,3,1,2,5,2,0,0,1,0,0,1,3,0,2,0,0,0,0,1,0,3,0,1,0,3,2,0,0,1,1,0,0,1,0,0,2,0,0,1,2,1,2,0
2014/06/12,3,1,0,4,0,0,0,10,0,0,2,2,0,1,1,1,2,1,0,2,0,0,6,0,0,4,10,0,0,0,0,0,0,0,0,2,0,0,1,1,0,3,5,0,0,3,1,0,2,0,0,2,0,0,0,0,1,2,0,6,0,0,0,0,0,3,0,2,0,3,0,0,4,2,2,1,0,1,0,0,2,5,0,6,1,1,0,1,2,0,0,0,0,2,0,1,0,0,0,2
2014/06/13,2,2,0,51,0,1,0,2,0,1,0,0,0,6,1,1,1,0,1,1,0,0,7,4,0,7,4,0,0,0,4,4,3,0,1,1,4,2,4,0,0,5,2,1,0,2,0,0,2,1,1,1,0,0,3,1,0,2,2,1,0,1,1,0,1,3,0,1,2,2,2,0,2,0,1,2,1,0,0,3,1,2,1,0,2,0,1,1,1,0,0,1,1,0,0,0,5,0,1,0
2014/06/14,5,5,0,7,10,1,3,10,1,1,2,1,0,7,1,3,1,1,1,1,2,0,0,1,0,1,5,6,0,0,0,3,0,0,1,7,7,5,0,1,0,3,12,1,4,20,0,2,0,1,0,2,1,5,0,1,3,6,1,1,1,3,0,7,1,3,4,1,1,2,3,0,0,1,4,1,2,1,1,2,0,4,1,3,1,4,2,1,1,1,0,2,0,3,1,0,7,0,2,2
2014/06/15,1,3,0,2,0,1,0,0,0,0,0,1,0,1,0,1,3,3,0,1,3,0,4,0,0,2,0,3,0,0,0,8,1,0,2,2,5,11,0,1,0,7,2,0,0,0,0,1,0,1,1,0,1,1,2,0,3,1,1,3,1,4,0,2,1,1,0,0,1,1,2,0,0,0,0,5,1,1,0,2,0,4,2,0,2,0,1,3,0,0,0,0,0,2,0,0,5,1,1,0
2014/06/16,5,3,0,8,2,0,0,0,0,1,9,1,0,1,1,1,1,0,0,1,6,0,7,0,4,5,0,4,0,0,0,0,1,0,0,1,12,30,0,0,0,6,8,0,0,0,1,0,2,0,1,2,0,2,1,2,0,0,0,3,0,2,0,3,0,0,0,1,3,2,3,0,2,0,2,0,1,1,0,2,1,2,3,1,2,2,2,1,3,0,0,0,1,0,0,0,2,0,6,0
2014/06/17,6,0,0,0,0,0,5,0,0,0,16,0,0,2,1,0,1,0,0,3,0,0,8,1,0,2,4,4,0,1,1,2,0,0,0,3,0,0,0,1,1,4,1,0,4,0,0,0,1,1,0,0,0,0,4,2,3,4,1,2,0,1,1,5,1,0,0,2,1,1,0,0,2,0,1,0,2,4,0,3,1,6,1,1,1,3,0,1,2,0,2,1,2,0,0,3,3,0,2,0
2014/06/18,4,10,0,0,2,0,0,0,0,1,1,2,0,1,0,1,0,0,0,0,5,0,0,0,0,1,0,8,2,0,2,3,0,1,1,5,19,0,0,0,0,3,9,0,2,0,0,0,1,0,1,0,2,0,1,0,0,2,2,2,1,2,0,6,1,1,0,0,1,1,1,0,3,0,2,1,3,1,1,3,0,11,0,0,1,1,1,0,0,1,3,0,2,2,0,3,4,0,5,3
2014/06/19,2,11,1,0,2,0,0,5,1,2,4,0,1,3,0,0,0,0,1,0,1,1,3,2,0,8,2,17,1,0,0,1,2,0,2,4,0,1,0,0,1,5,11,0,2,4,0,2,1,4,1,0,0,7,2,0,4,0,1,0,0,1,0,2,0,0,0,3,2,2,0,0,0,0,1,4,0,2,0,1,0,0,0,0,0,1,0,2,1,0,2,1,0,2,0,3,3,0,2,1
2014/06/20,6,15,1,0,6,0,1,9,2,0,0,1,2,10,0,2,0,0,0,0,5,0,12,2,3,2,0,0,0,0,0,3,1,0,0,2,10,8,1,1,0,1,15,0,0,2,0,0,0,1,0,0,2,1,0,1,1,0,1,2,0,2,1,1,2,0,2,2,0,0,2,3,0,0,2,0,0,3,1,2,1,3,0,1,1,1,0,0,2,1,5,1,1,0,0,4,5,0,7,0
2014/06/21,9,4,0,15,6,0,2,0,0,3,5,1,0,6,2,0,3,1,2,0,9,2,0,1,2,0,0,1,0,0,1,5,1,1,2,1,4,10,0,0,0,3,8,3,2,0,1,2,1,0,0,2,0,0,3,2,5,5,1,4,0,3,0,9,1,0,1,1,1,4,6,2,0,0,3,2,1,2,1,4,0,6,4,0,10,2,3,2,2,1,4,0,0,2,1,5,8,0,4,1
2014/06/22,5,3,0,4,6,1,8,11,0,0,7,1,1,2,0,0,2,0,0,0,2,1,2,1,1,2,12,15,1,0,0,1,0,1,0,2,17,11,1,0,3,2,13,0,8,12,0,0,2,2,2,1,0,0,4,1,4,7,2,7,2,4,0,2,2,0,3,3,1,5,0,0,1,0,0,0,2,3,2,1,0,5,3,0,5,5,2,0,3,0,0,0,5,2,3,1,15,0,3,1
2014/06/23,4,4,1,1,0,0,0,6,0,1,4,1,0,3,0,2,0,0,0,0,10,1,15,1,2,6,0,4,1,1,2,14,5,0,0,7,4,0,0,0,1,5,6,1,2,5,0,2,0,0,0,0,0,3,1,1,2,3,0,3,0,2,0,0,0,0,2,4,0,2,1,1,1,0,1,0,1,1,0,1,0,1,0,1,0,0,0,0,3,1,0,0,1,1,0,2,0,0,0,1
2014/06/24,4,0,3,3,2,0,0,34,1,0,0,0,0,4,0,1,0,1,0,0,15,0,7,0,1,3,0,0,1,1,0,4,0,0,1,0,0,0,0,0,2,31,2,0,1,32,0,2,4,0,2,0,2,1,0,1,4,1,0,6,0,2,0,2,0,0,4,4,0,2,2,1,2,0,1,4,1,0,0,1,0,1,0,0,1,1,3,1,1,1,0,2,1,2,1,2,4,0,3,0
2014/06/25,2,0,0,0,0,1,3,6,1,0,0,1,0,8,0,1,0,0,1,0,0,1,0,0,2,2,0,0,1,0,0,4,0,2,3,2,5,0,0,0,1,2,0,0,1,0,0,0,2,3,0,0,1,3,1,1,2,3,1,0,0,1,0,0,0,2,0,2,0,0,0,3,1,0,0,2,0,0,0,0,0,2,1,0,1,1,0,0,0,1,2,0,1,4,2,7,2,0,2,0
2014/06/26,4,1,1,0,1,0,2,0,0,1,0,0,0,0,0,0,1,0,1,0,2,0,3,0,0,0,0,9,0,0,1,0,1,0,0,0,0,4,0,0,0,1,0,0,1,1,2,0,0,1,0,1,1,1,0,0,2,0,2,3,1,0,0,1,1,0,0,3,0,1,0,2,1,0,0,1,0,0,0,1,0,1,2,0,1,0,2,2,0,0,0,0,0,2,1,3,5,1,2,0
2014/06/27,3,6,0,2,4,2,10,4,1,0,2,3,2,4,0,4,1,2,0,1,2,0,11,2,1,14,0,3,1,0,0,3,0,0,4,2,9,11,1,1,1,5,18,4,0,17,2,2,2,2,0,0,1,5,0,0,1,2,0,1,0,0,1,3,2,1,1,0,2,3,2,7,2,0,0,1,0,2,1,0,1,4,0,0,0,3,0,0,3,0,2,1,1,2,1,3,3,2,1,1
2014/06/28,4,0,1,5,29,1,2,7,1,0,14,0,0,0,1,2,1,0,1,1,2,2,12,0,1,3,0,0,0,1,0,3,1,1,1,2,17,3,1,0,0,4,0,0,3,0,0,4,3,2,0,4,0,4,2,1,3,2,2,2,0,2,1,7,3,4,4,2,2,4,3,3,1,1,1,2,1,4,1,3,0,5,1,0,1,4,3,1,0,0,4,3,4,0,3,3,0,0,4,0
2014/06/29,7,4,1,24,24,1,12,2,0,0,0,1,1,1,0,2,2,2,0,1,6,0,0,2,1,0,0,8,0,3,0,1,3,0,2,7,3,4,0,0,0,0,2,0,0,2,1,2,2,4,0,1,1,4,1,1,5,3,0,3,0,1,0,5,4,1,4,2,2,2,4,9,6,0,4,0,5,3,0,2,1,7,1,0,5,2,0,2,0,0,5,0,2,2,5,5,0,0,6,2
2014/06/30,3,7,0,2,0,0,2,4,0,1,2,1,1,9,0,0,2,0,0,0,0,0,0,0,0,1,0,4,0,1,0,0,0,2,1,0,4,1,5,0,0,2,0,0,2,0,0,0,1,1,0,0,3,6,0,2,0,1,3,3,1,0,0,3,0,0,1,3,0,0,0,2,1,0,2,1,0,1,1,3,0,5,1,0,2,3,0,2,0,2,3,0,1,0,2,5,0,3,1,1
2014/07/01,9,0,2,0,0,0,0,2,0,0,0,0,1,5,1,0,0,2,0,0,0,1,3,0,1,2,0,0,2,0,1,5,0,3,0,4,0,2,0,1,2,0,0,0,0,3,0,0,0,0,2,0,3,3,1,0,0,3,2,3,1,1,1,3,3,1,0,0,0,0,2,0,2,0,1,1,0,0,1,2,0,5,4,0,2,1,2,0,0,1,2,0,1,0,0,2,0,1,2,1
2014/07/02,1,7,0,6,1,0,7,12,0,0,4,1,0,4,0,0,0,1,0,2,1,2,10,1,0,5,1,4,1,0,0,2,0,5,0,0,6,12,1,1,1,13,12,0,4,6,0,0,1,1,0,1,4,4,1,0,0,1,1,4,0,0,2,0,0,0,2,2,0,0,4,0,0,0,1,2,1,1,0,2,0,4,1,0,1,0,0,0,1,0,10,0,0,0,3,2,0,0,3,1
2014/07/03,12,17,5,4,0,0,1,3,0,1,10,0,0,0,1,0,0,0,2,1,22,2,2,0,0,1,0,5,3,2,0,2,0,1,3,1,4,18,0,2,0,6,0,2,0,1,1,0,0,0,0,1,0,7,1,0,1,1,1,0,0,1,1,3,3,0,3,3,1,3,1,0,0,0,1,1,1,0,1,3,0,0,3,0,3,1,1,0,2,0,7,2,1,2,3,3,3,0,1,0
2014/07/04,5,2,0,28,1,0,1,10,0,0,0,0,0,2,0,0,2,0,0,4,0,0,1,3,1,2,0,6,0,0,0,0,2,1,1,2,0,3,0,2,1,14,2,1,0,9,0,1,2,1,0,0,0,3,1,1,1,1,1,3,2,2,1,5,0,0,2,1,0,3,0,6,1,0,2,0,2,0,3,4,1,5,1,0,2,1,3,1,2,0,7,0,0,4,1,3,11,0,1,0
2014/07/05,7,0,0,1,0,0,1,7,2,1,1,0,0,4,0,2,0,1,1,4,17,1,1,1,0,3,0,6,0,0,0,0,1,0,0,1,15,3,0,1,3,2,20,0,2,3,0,1,3,5,0,1,3,4,1,0,1,4,0,9,4,0,0,1,1,1,0,2,1,1,0,1,0,0,1,3,0,3,0,1,4,2,4,0,3,1,2,1,1,0,3,2,7,0,1,4,6,0,6,1
2014/07/06,3,1,0,6,8,0,3,4,0,0,2,0,0,5,0,1,0,1,0,0,1,1,2,1,1,5,0,1,1,0,1,4,1,1,3,2,3,0,0,0,0,9,1,0,0,10,0,1,1,0,0,1,1,7,1,0,1,4,0,2,1,0,1,8,0,2,3,1,4,2,2,3,1,0,4,0,4,3,2,1,2,4,1,2,2,2,1,1,1,0,3,1,1,1,1,5,5,0,3,0
2014/07/07,4,13,0,2,0,0,0,9,2,1,0,0,0,0,0,0,0,2,0,0,0,1,5,1,2,1,0,15,0,0,1,0,2,0,1,0,8,11,3,1,1,37,11,1,0,4,2,0,0,0,0,0,2,3,1,0,0,2,0,4,1,3,0,6,0,2,0,1,0,2,2,4,2,1,1,1,2,0,0,2,0,3,2,0,1,3,2,0,3,0,4,1,0,0,0,2,7,0,5,0
2014/07/08,2,6,9,1,0,0,3,14,0,3,0,0,0,0,0,0,1,1,0,0,0,1,6,1,0,1,0,4,0,1,0,2,0,4,0,1,0,1,0,0,1,2,15,1,0,8,0,0,3,0,0,0,0,4,2,0,1,4,1,0,0,1,0,1,1,0,2,3,1,1,1,0,1,0,1,4,0,0,0,0,0,3,0,0,2,2,1,3,2,0,3,0,0,1,1,0,7,0,0,1
2014/07/09,5,14,0,1,4,0,4,0,1,1,3,0,0,1,1,0,0,0,0,0,4,1,0,0,0,0,0,10,2,4,0,0,2,1,0,0,8,8,0,1,0,0,11,1,0,1,0,3,1,1,1,0,1,2,3,0,0,0,0,0,2,1,0,6,0,0,0,1,2,1,1,0,1,1,2,1,1,3,0,0,0,6,0,0,2,2,0,0,1,0,7,1,0,0,1,4,4,0,2,1
2014/07/10,1,0,0,0,12,1,0,5,1,1,0,0,0,8,1,2,0,1,0,0,0,3,6,1,0,2,0,1,0,0,0,0,0,0,0,0,0,1,0,0,1,0,4,0,2,1,0,1,0,0,0,0,0,6,1,0,4,1,0,1,0,0,0,2,2,2,0,1,1,2,1,1,3,0,0,0,0,0,0,3,0,2,1,0,1,0,3,1,1,0,2,1,1,4,1,3,4,0,3,1
2014/07/11,2,0,0,1,3,0,1,15,0,2,1,0,2,7,1,1,0,0,0,0,6,1,0,1,0,2,0,0,0,0,0,0,1,1,0,2,4,14,0,0,0,6,4,9,12,5,0,1,0,0,1,0,0,2,1,1,1,2,1,3,0,1,0,1,0,1,1,1,0,1,1,3,9,0,1,0,0,1,0,2,0,1,2,0,1,4,1,2,0,1,6,0,3,3,0,0,3,0,1,0
2014/07/12,4,8,0,5,0,0,1,6,0,2,3,0,0,4,0,1,0,0,0,0,5,0,1,2,1,5,1,14,0,0,2,2,2,0,4,8,2,6,0,0,1,2,6,5,1,0,0,0,2,2,2,1,3,2,2,1,5,3,2,2,0,1,0,9,1,1,2,0,1,2,4,2,0,0,2,0,1,3,2,5,0,5,2,0,5,1,4,3,1,0,8,1,2,1,5,5,6,0,3,2
2014/07/13,16,0,0,38,0,0,0,8,0,1,0,1,0,5,0,0,1,1,1,0,1,0,2,0,2,3,0,0,4,0,1,8,1,0,2,5,4,2,1,2,2,8,1,0,2,3,0,2,1,3,0,1,3,5,2,0,3,4,0,1,2,0,1,4,4,0,1,1,1,2,4,1,0,1,1,0,1,2,1,2,2,7,1,1,0,1,0,1,1,1,4,1,1,2,1,3,5,1,10,0
2014/07/14,7,2,6,0,3,1,0,5,0,2,0,0,0,2,1,1,0,0,0,0,0,1,0,0,1,0,2,3,0,0,0,4,0,2,0,0,0,10,1,1,0,0,6,0,2,0,1,0,1,1,0,0,5,2,1,0,4,3,0,2,0,3,3,0,1,0,2,2,0,3,0,6,1,0,1,3,0,1,0,3,1,0,0,0,0,4,1,1,1,0,2,1,1,1,0,2,9,0,3,3
2014/07/15,4,0,0,0,2,0,0,2,0,0,0,0,1,2,0,2,0,1,0,1,4,1,4,1,1,6,2,10,2,0,0,0,1,1,1,2,0,0,0,1,0,14,5,2,2,7,0,3,1,2,0,1,0,2,4,2,1,4,1,3,1,0,0,0,0,1,1,0,1,0,1,0,0,2,3,0,1,0,0,5,2,2,2,0,1,2,2,0,1,1,5,0,0,1,4,1,13,0,5,2
2014/07/16,1,0,2,12,1,0,12,0,0,0,13,0,0,6,0,2,0,0,0,0,4,0,1,0,1,1,0,0,0,2,1,0,0,0,4,0,4,0,0,1,0,4,0,0,0,1,0,1,2,1,2,1,0,1,0,0,2,1,0,2,1,1,0,5,0,0,1,3,1,0,1,0,0,6,0,0,0,1,0,2,0,2,1,0,2,4,0,0,1,1,0,0,1,0,0,1,1,0,4,1
2014/07/17,2,0,0,1,3,0,6,4,0,1,3,0,0,0,0,0,1,0,0,1,6,1,6,1,0,4,0,0,0,0,2,4,0,0,0,0,6,4,0,1,1,4,0,3,1,4,0,0,0,3,0,2,0,4,3,1,5,0,0,2,0,1,1,6,0,0,2,2,1,2,1,0,1,0,3,0,1,1,0,1,1,2,1,0,1,1,0,0,2,2,5,1,1,2,0,2,6,0,4,0
2014/07/18,3,4,1,0,0,0,2,3,2,0,0,0,0,2,0,2,1,1,1,0,14,2,2,0,0,8,12,0,0,0,0,5,1,0,0,1,6,8,5,2,0,6,1,2,0,4,0,0,3,0,2,0,2,5,0,2,2,1,0,1,0,2,0,3,0,0,3,1,0,1,0,0,1,0,2,2,0,0,0,4,1,2,2,0,3,3,0,0,1,3,5,0,1,0,1,3,3,0,4,1
2014/07/19,4,4,0,0,1,0,0,0,2,0,4,0,1,6,1,0,0,0,1,1,2,0,0,1,1,2,0,4,0,0,0,0,3,2,1,4,10,13,0,1,4,2,16,0,1,1,1,1,1,1,0,1,3,1,3,0,1,4,2,5,1,2,2,3,1,0,1,2,2,1,3,2,1,0,0,0,0,1,0,6,1,3,3,4,3,1,1,1,2,1,7,2,4,4,3,1,4,0,7,2
2014/07/20,6,18,0,2,4,0,3,2,0,0,0,2,1,2,0,2,1,0,0,2,2,0,6,0,1,1,0,6,0,0,1,2,2,0,1,1,17,1,0,0,0,4,0,2,2,2,2,0,0,0,0,1,3,5,2,1,2,3,1,7,0,2,1,9,2,1,5,2,0,0,1,6,1,0,0,0,1,1,0,2,0,8,2,3,2,4,4,0,1,1,6,1,5,2,0,2,6,0,4,2
2014/07/21,0,0,2,3,3,0,0,5,0,1,1,0,1,14,1,0,1,0,0,2,5,0,16,1,2,19,0,1,0,0,0,6,1,1,0,1,0,2,0,0,1,28,4,0,0,8,1,0,2,0,0,1,0,1,0,0,1,4,0,2,1,0,0,1,2,0,2,1,1,3,2,2,1,0,2,1,0,2,1,4,1,5,2,0,0,1,0,0,2,0,0,1,0,2,2,3,6,0,0,0
2014/07/22,3,0,0,4,5,0,2,8,1,1,0,1,0,2,0,1,1,4,0,0,0,0,2,2,1,5,3,4,0,0,0,1,0,0,0,0,2,2,0,0,0,0,2,0,1,9,0,1,0,0,0,1,1,4,0,0,0,0,0,2,0,0,0,1,0,0,1,1,0,0,2,3,2,0,0,2,0,0,0,4,0,3,0,0,2,0,0,0,0,1,1,1,0,0,2,2,8,3,2,0
2014/07/23,2,0,2,3,3,1,4,10,0,1,0,0,1,1,1,0,0,0,1,1,1,0,4,1,0,8,0,1,0,2,1,0,0,0,0,1,8,12,1,1,0,0,32,0,3,8,1,0,1,1,3,0,2,3,0,0,1,2,0,0,0,3,1,0,0,0,2,0,0,0,0,0,0,0,0,1,0,1,0,1,0,2,3,0,5,1,0,0,1,0,2,1,2,3,0,1,0,5,2,1
2014/07/24,1,0,0,1,1,0,2,3,1,0,2,2,1,9,1,0,1,1,2,0,0,1,2,0,0,1,4,4,1,1,1,0,1,0,0,1,4,3,0,0,2,1,3,0,2,3,2,0,3,1,0,2,1,2,0,0,0,2,0,1,0,1,0,2,1,0,1,0,3,3,0,0,0,3,1,0,0,3,0,0,2,4,2,3,2,0,4,0,3,1,1,4,3,0,4,1,6,3,0,1
2014/07/25,7,3,0,3,2,0,0,13,0,0,0,0,0,5,0,1,0,0,1,0,4,5,20,0,0,20,0,5,2,0,0,1,0,0,0,1,8,4,0,1,2,0,5,0,0,8,0,0,1,2,0,1,1,1,3,1,1,1,1,3,1,0,0,3,1,0,3,2,3,2,0,1,0,0,2,3,0,1,0,4,2,0,0,0,0,0,2,0,1,0,4,1,0,1,1,2,4,3,4,1
2014/07/26,4,0,0,0,2,0,5,0,0,1,0,1,0,1,1,2,0,0,0,1,1,0,5,1,0,0,2,1,0,1,1,4,0,1,2,2,1,0,0,5,3,48,1,1,1,0,0,3,2,4,1,1,1,5,3,1,5,4,3,2,1,2,3,6,0,0,4,2,3,1,1,0,3,0,2,0,1,0,0,5,1,6,0,1,3,2,0,1,1,1,4,1,2,2,4,3,7,6,5,2
2014/07/27,8,20,0,27,0,0,0,4,1,0,0,0,0,3,2,0,0,2,0,1,12,0,4,0,2,7,0,0,0,2,0,2,0,0,1,2,5,8,0,0,0,2,5,0,0,10,3,0,1,4,1,1,1,1,5,1,5,3,0,2,0,0,2,12,3,1,6,1,0,3,2,0,2,2,0,2,0,0,3,3,1,5,1,1,1,2,0,0,1,0,7,1,1,1,3,2,6,4,4,1
2014/07/28,0,0,0,1,0,0,6,4,0,0,1,2,0,0,0,1,0,0,0,1,0,0,0,1,2,0,3,1,2,0,0,2,1,0,1,5,2,0,0,1,1,1,2,0,1,1,2,0,2,1,2,0,2,2,0,0,0,4,1,4,0,0,1,4,0,1,3,0,2,0,1,2,1,1,1,1,1,0,0,2,3,13,1,0,0,1,1,0,0,1,3,0,1,2,0,1,3,2,3,0
2014/07/29,1,0,0,1,1,1,0,0,1,1,3,0,0,4,0,0,0,0,0,0,3,1,0,2,0,0,4,5,0,0,1,2,0,0,1,1,1,0,0,0,1,0,0,0,2,0,0,0,0,1,0,1,0,0,1,1,1,2,0,2,0,2,0,0,0,0,1,1,1,0,0,2,1,0,0,1,1,0,2,1,0,0,1,1,2,0,0,2,0,0,3,0,0,1,2,1,1,4,2,0
2014/07/30,11,7,0,0,6,0,0,2,0,1,0,0,1,5,0,0,0,1,0,0,1,1,2,0,1,0,0,3,0,0,1,2,0,2,1,0,0,1,1,0,0,0,2,0,0,2,1,2,1,0,0,0,0,1,1,1,1,1,1,0,1,1,2,0,1,0,0,0,1,0,2,2,0,0,0,1,1,1,1,0,0,0,1,1,1,2,0,2,2,0,3,1,0,0,2,4,1,3,7,1
2014/07/31,2,4,0,13,2,0,0,6,0,1,0,0,1,0,0,2,1,1,0,0,0,2,1,2,1,4,1,0,3,0,0,3,2,0,0,2,6,4,0,1,0,19,6,0,0,4,0,0,1,3,2,1,0,1,0,0,0,3,0,0,0,1,0,0,0,0,3,1,1,1,0,2,1,0,3,0,0,0,0,0,0,1,3,0,0,0,1,0,1,0,11,1,2,0,1,1,7,3,1,1
2014/08/01,1,0,2,2,0,1,0,4,1,0,1,0,0,3,0,0,0,0,0,1,0,1,0,1,1,6,0,9,5,0,0,0,1,1,0,0,1,1,0,0,1,4,0,0,0,4,1,0,0,0,0,1,0,5,2,1,0,1,4,2,1,0,0,1,0,0,0,0,0,0,0,7,1,0,0,0,0,1,0,0,1,0,1,0,2,1,2,2,1,1,3,2,0,2,1,1,1,0,3,2
2014/08/02,5,10,0,2,1,1,0,1,1,2,0,2,0,0,2,0,2,0,1,0,0,1,3,2,4,7,3,6,0,1,0,2,1,0,0,0,5,3,1,1,1,10,7,3,2,2,0,0,2,0,4,0,1,4,2,3,4,3,0,5,0,0,0,2,3,1,0,1,0,1,2,2,1,0,3,2,0,1,0,0,0,1,2,1,1,0,0,2,2,0,7,1,3,0,0,2,8,3,0,1
2014/08/03,3,0,0,30,0,1,10,3,0,2,6,1,1,4,1,1,0,0,0,0,10,1,5,0,1,8,13,1,0,0,0,6,1,0,2,2,2,5,0,0,1,2,4,1,0,4,0,1,1,0,2,2,1,3,2,1,3,1,1,6,3,1,1,0,2,1,1,2,2,1,1,3,0,2,3,0,1,1,2,0,5,0,1,0,1,3,2,0,6,1,6,1,2,2,1,0,10,2,3,0
2014/08/04,9,0,0,5,0,0,0,10,2,0,5,5,0,1,1,1,0,0,0,0,0,0,2,0,0,4,0,3,1,1,1,4,1,0,1,1,0,0,0,0,2,12,0,1,0,12,0,1,2,0,1,0,0,1,1,0,2,2,0,3,0,0,0,9,3,1,0,1,0,2,0,1,0,1,3,2,1,1,2,0,0,8,1,0,0,1,3,0,2,0,2,2,1,2,0,0,11,2,2,0
2014/08/05,0,6,0,3,0,0,0,12,0,0,0,0,3,2,0,2,0,0,1,0,4,4,8,0,0,8,0,6,0,0,0,2,4,2,1,1,0,0,0,0,1,3,5,0,0,6,1,0,0,1,1,0,1,1,0,1,6,6,0,1,0,0,2,3,0,0,0,0,1,1,0,0,0,0,1,1,2,1,0,0,1,1,1,0,1,0,1,3,1,0,2,0,0,1,0,0,4,2,1,0
2014/08/06,0,4,0,11,0,0,0,11,2,0,3,0,0,2,0,1,0,2,1,0,14,0,0,0,1,9,3,0,0,2,0,3,0,1,2,0,5,3,1,2,1,17,3,0,3,17,0,2,2,3,0,1,1,2,1,0,1,0,0,1,0,1,0,5,0,1,0,0,1,0,3,0,0,0,2,0,0,1,1,0,0,6,2,4,1,0,0,0,1,1,0,2,0,1,1,0,3,0,1,1
2014/08/07,3,6,1,6,1,1,0,7,0,1,1,3,1,1,1,2,0,1,0,1,4,0,0,0,0,0,0,0,0,2,0,8,1,0,1,1,4,5,0,1,3,4,7,1,0,0,0,0,2,6,0,0,0,4,1,0,2,0,0,3,0,0,0,1,2,1,0,3,0,2,2,1,6,0,3,0,1,0,1,2,3,2,1,1,0,2,1,4,1,1,2,0,0,0,1,0,6,0,4,2
2014/08/08,3,0,0,1,1,1,4,5,1,1,0,1,0,3,1,0,1,2,0,1,0,0,0,1,4,4,5,0,1,0,0,6,1,0,0,1,8,13,1,1,0,8,1,2,0,5,1,0,1,0,0,0,0,2,1,0,2,4,1,3,2,3,2,2,0,1,1,3,1,1,1,2,0,0,1,0,1,2,1,2,1,2,1,5,3,1,1,0,2,1,2,0,1,3,4,0,2,1,2,0
2014/08/09,4,19,0,4,6,0,3,6,2,0,0,2,2,3,0,2,1,0,0,0,1,0,4,0,2,3,5,5,0,0,2,0,0,1,0,1,5,4,0,0,2,3,14,1,0,2,2,1,1,2,1,1,1,1,3,0,3,2,2,7,0,0,1,5,0,2,2,1,0,2,1,0,7,1,2,1,1,1,1,4,2,5,1,2,1,1,5,2,1,0,6,2,2,3,2,0,8,0,6,2
2014/08/10,6,3,2,4,10,0,3,2,0,1,4,0,2,0,2,1,1,1,1,0,16,3,2,2,2,0,2,11,0,0,0,0,1,2,1,7,1,11,0,0,0,0,10,0,4,2,0,1,1,1,0,0,0,2,3,0,4,2,0,3,0,3,1,8,2,0,2,2,0,4,0,0,1,3,3,2,0,1,0,4,2,4,3,0,1,2,2,2,1,1,7,0,2,1,0,3,2,1,3,1
2014/08/11,3,6,0,6,0,0,0,0,0,1,0,0,0,0,0,2,0,0,0,1,8,0,0,2,0,0,0,0,0,0,0,1,0,1,0,3,0,0,0,2,0,1,0,1,0,0,0,2,1,2,2,0,0,3,0,1,2,4,3,4,0,3,2,11,0,1,0,0,0,2,1,1,1,1,2,0,0,2,0,3,1,6,1,1,1,1,0,1,2,2,5,0,2,1,2,3,3,0,1,1
2014/08/12,2,0,0,1,1,0,1,2,1,0,0,0,0,5,0,0,0,1,0,0,0,0,2,1,1,2,1,8,0,0,0,0,0,1,0,3,0,1,0,2,0,2,1,4,1,6,0,3,0,0,0,1,1,2,0,0,1,1,1,4,0,0,0,4,1,1,1,2,2,2,0,5,1,0,1,0,2,3,0,3,0,5,0,2,3,3,0,1,3,0,3,0,0,2,2,3,3,0,1,0
2014/08/13,0,0,0,0,0,1,0,0,0,1,4,0,1,8,0,0,0,1,0,0,0,1,0,3,2,3,0,2,0,2,1,2,0,0,2,0,0,0,1,0,0,3,11,0,0,1,0,1,1,1,0,0,0,4,1,0,1,0,0,0,0,1,1,0,0,0,0,1,1,0,1,1,1,1,0,3,0,0,0,2,2,3,1,2,0,0,0,0,1,0,2,1,2,0,0,3,5,2,2,1
2014/08/14,2,0,0,5,3,0,2,8,2,0,1,0,0,0,2,2,0,0,1,0,0,5,1,1,2,1,0,3,0,1,0,0,0,1,0,0,0,20,0,0,1,0,0,0,5,5,0,0,1,6,0,0,1,1,3,0,4,2,2,2,0,1,1,0,1,1,0,2,0,3,0,0,0,0,0,1,0,0,0,0,2,1,1,0,0,2,0,0,2,1,0,0,2,1,0,0,4,0,1,0
2014/08/15,2,0,3,39,2,1,2,3,1,1,3,0,0,3,0,1,0,0,0,0,4,0,0,2,4,2,3,3,0,3,1,3,1,1,1,3,6,2,0,0,1,0,0,0,7,0,1,0,1,0,3,0,0,2,2,0,1,1,1,1,0,3,2,7,0,1,1,1,0,3,4,4,1,4,2,1,2,3,0,1,0,1,0,0,1,2,2,0,1,0,2,2,0,1,0,2,1,2,1,0
2014/08/16,8,6,0,25,1,2,0,2,0,1,0,1,0,2,1,3,2,1,1,1,5,0,8,1,1,2,12,1,0,0,1,0,0,2,1,5,7,5,0,1,0,8,7,1,0,1,3,1,3,4,0,1,1,3,2,0,0,3,4,5,0,1,1,8,0,2,2,3,3,0,1,1,2,0,6,0,0,2,0,1,1,5,1,3,0,3,1,1,4,1,2,2,2,0,6,4,5,0,4,3
2014/08/17,4,5,0,2,0,0,0,9,1,1,1,0,0,1,1,0,0,2,0,3,5,4,3,1,0,7,2,6,2,0,0,0,0,0,2,4,7,4,1,0,1,0,6,1,4,2,0,0,1,2,4,0,2,0,1,1,4,1,2,8,2,2,2,9,0,0,0,2,2,3,1,5,0,2,3,0,0,3,2,3,2,3,1,0,6,2,4,2,1,4,5,1,1,1,2,0,1,0,2,5
2014/08/18,2,2,0,1,0,1,1,0,1,2,0,0,0,1,0,0,0,1,1,1,0,0,0,3,0,44,13,0,0,0,1,1,0,0,3,1,0,0,4,0,2,2,7,0,0,3,0,0,0,0,1,1,0,0,2,0,2,0,1,1,0,0,1,0,0,1,0,3,4,1,1,0,0,1,2,0,0,0,0,4,4,1,0,1,0,2,1,0,2,0,7,4,2,1,2,4,1,0,1,2
2014/08/19,6,2,0,4,0,0,1,11,1,1,1,1,0,11,0,4,0,1,0,2,14,0,3,0,0,7,5,2,0,0,0,0,1,0,1,2,0,3,0,0,0,4,0,0,1,1,0,5,1,2,0,2,1,0,0,0,1,0,0,1,0,1,0,0,1,1,0,4,1,1,0,0,2,0,0,0,0,1,0,3,0,3,1,0,2,5,1,0,2,0,2,1,1,2,2,0,3,0,2,0
2014/08/20,3,0,1,0,0,0,0,19,1,1,2,0,0,8,0,2,0,1,0,0,3,0,1,0,0,1,0,12,0,1,0,0,1,0,0,1,1,3,0,1,0,0,0,0,2,1,0,0,8,0,1,1,0,0,0,3,2,1,1,5,0,0,1,6,3,0,0,8,3,1,4,1,1,0,0,0,1,0,0,2,1,2,0,0,1,1,0,1,2,1,3,1,1,2,0,0,1,0,4,0
2014/08/21,15,4,0,1,2,0,2,6,1,1,6,0,0,0,0,1,0,1,1,0,0,0,2,3,1,0,6,3,0,0,1,6,0,3,0,5,0,4,0,2,0,6,6,0,13,2,0,1,9,2,0,2,0,0,1,0,0,4,0,2,0,2,0,8,0,1,1,3,1,1,3,0,0,0,0,0,0,0,0,4,1,3,0,1,1,0,0,3,1,1,0,0,1,0,2,1,3,0,1,0
2014/08/22,1,0,0,0,0,1,2,4,0,1,3,1,0,0,2,0,0,1,0,0,2,0,18,0,3,8,1,4,0,0,1,2,1,0,1,0,8,0,0,0,1,6,13,2,2,26,0,0,7,0,1,0,0,0,2,0,0,0,0,4,0,0,2,6,0,0,2,2,2,5,0,2,1,1,2,0,0,1,0,5,1,3,0,3,2,0,1,0,4,1,2,1,2,1,0,3,3,0,6,1
2014/08/23,7,3,3,4,4,4,2,0,1,1,3,1,0,2,1,1,0,0,2,0,6,1,0,2,1,2,2,0,1,1,1,3,0,0,1,4,1,0,4,0,0,2,1,0,3,0,3,2,15,8,0,0,6,0,1,0,5,6,0,3,1,1,2,8,2,1,1,2,3,2,3,0,3,1,3,1,1,0,1,6,2,8,2,2,2,0,1,0,2,1,2,2,3,2,3,6,10,0,4,0
2014/08/24,4,0,1,39,2,0,2,0,0,0,0,0,0,4,1,1,1,0,1,0,0,2,0,1,2,0,1,2,0,0,0,3,0,1,1,5,3,1,0,0,0,0,2,0,1,0,0,1,12,2,0,0,0,1,0,0,2,2,3,10,2,1,2,2,1,1,0,1,6,1,0,4,3,0,2,0,0,3,0,1,5,2,3,3,2,1,0,0,2,0,7,2,2,1,0,6,2,1,5,3
2014/08/25,3,1,1,0,0,0,0,14,2,1,0,0,0,4,0,1,1,0,0,2,1,1,27,2,4,3,0,14,0,2,0,3,2,2,0,3,3,3,0,0,2,25,4,0,0,2,1,0,7,2,0,0,1,0,4,0,3,3,2,2,0,0,1,2,1,0,2,2,0,0,0,1,1,2,2,0,2,1,0,2,1,1,3,0,2,4,2,2,3,0,3,5,3,0,0,0,2,1,2,0
2014/08/26,1,0,0,1,2,0,5,2,0,0,1,1,0,7,0,1,0,0,0,0,4,0,0,0,0,2,17,2,0,1,0,1,1,0,2,3,0,4,2,0,1,4,4,0,0,0,2,0,0,0,1,0,0,2,0,0,1,1,1,2,0,0,0,1,0,0,0,4,0,2,1,0,2,1,0,0,0,0,1,0,0,6,2,2,0,4,2,0,0,0,2,0,2,1,0,2,1,0,0,0
2014/08/27,3,3,2,0,3,2,0,6,0,1,7,0,1,1,0,2,0,1,0,1,20,0,1,0,3,1,0,3,0,0,0,2,0,1,1,4,0,5,2,0,1,31,4,0,0,1,0,2,0,0,0,0,0,1,1,0,0,2,0,2,0,1,1,4,2,1,2,2,0,1,1,0,0,0,3,0,1,1,0,2,0,5,1,1,2,3,1,0,2,0,3,1,0,1,0,2,4,0,1,0
2014/08/28,1,3,1,1,0,0,0,0,2,1,0,0,0,3,0,1,0,0,1,1,0,1,2,1,0,2,6,1,1,0,1,1,0,1,0,0,2,0,1,1,1,3,3,1,0,2,1,0,1,1,0,2,1,2,0,0,0,1,3,2,0,1,0,3,1,0,1,2,2,0,1,1,0,0,1,2,0,0,0,1,4,3,0,0,1,3,0,0,2,0,7,0,0,0,0,1,4,0,2,0
2014/08/29,5,3,2,0,0,1,1,12,1,1,1,1,0,2,1,0,0,1,0,0,4,1,0,0,0,3,1,1,0,1,0,1,1,0,0,2,2,0,0,3,1,1,5,0,0,20,0,0,1,1,2,1,3,1,2,1,4,3,1,5,0,1,0,2,0,1,1,2,2,1,3,1,3,1,1,1,0,1,1,1,0,4,1,0,0,0,3,1,2,0,3,1,1,0,0,0,1,0,4,2
2014/08/30,0,0,0,33,2,2,1,13,1,0,2,0,0,2,1,1,1,1,0,0,0,0,4,1,0,8,6,0,1,1,0,0,2,0,1,7,0,0,1,0,1,1,4,0,0,2,1,0,2,3,1,0,0,3,3,1,1,4,1,4,1,0,1,8,0,1,1,4,2,3,3,0,1,0,3,1,0,1,3,2,4,3,2,1,2,2,2,0,4,0,3,1,1,1,1,7,5,1,5,1
2014/08/31,7,0,3,15,12,0,2,4,1,0,3,0,2,1,0,3,1,2,0,2,1,5,2,2,2,2,19,0,0,1,1,0,0,2,0,3,1,22,1,0,0,1,2,0,6,2,0,1,1,0,0,0,0,6,0,3,8,5,1,5,0,2,0,9,3,1,0,4,1,0,3,0,1,1,2,0,0,2,1,4,2,2,2,3,1,1,2,0,4,1,3,1,0,3,0,5,6,0,2,3
2014/09/01,4,3,0,0,0,0,0,4,1,1,0,0,2,5,0,1,0,0,0,2,0,0,2,1,2,8,1,3,1,0,1,2,0,0,1,0,0,0,0,0,0,8,4,0,0,4,0,1,2,3,1,0,2,4,1,1,1,2,1,4,0,2,0,4,2,0,1,3,0,3,0,2,3,1,2,0,2,2,1,6,1,3,6,0,0,2,1,8,0,2,3,2,1,1,1,2,6,2,5,2
2014/09/02,12,19,0,0,0,0,0,0,2,1,0,0,0,1,0,0,0,0,0,1,18,0,5,0,1,0,0,0,0,0,0,0,2,0,2,0,8,7,0,0,0,4,3,0,0,0,1,1,0,0,1,0,0,5,1,0,1,2,0,1,0,0,0,3,1,3,0,2,1,1,1,0,0,0,2,0,0,0,1,0,4,1,1,0,2,2,0,1,0,0,1,0,1,0,0,2,3,0,0,0
2014/09/03,2,3,1,3,0,1,3,5,1,0,3,0,0,0,2,1,0,1,0,0,0,0,4,0,0,1,3,0,1,0,0,0,1,0,0,0,2,4,5,1,0,26,3,2,3,2,1,1,1,2,2,0,1,0,0,0,4,1,2,0,1,2,0,5,2,0,1,1,0,2,1,1,1,0,1,2,1,1,0,0,1,3,1,0,1,3,2,1,0,1,1,1,0,2,1,1,2,1,3,3
2014/09/04,3,2,1,0,0,2,0,2,1,1,0,0,0,10,1,1,0,1,1,1,3,0,6,3,1,35,0,3,0,0,1,0,1,0,1,2,0,4,0,0,0,3,2,1,0,12,0,0,4,1,0,0,0,2,1,0,2,1,1,0,0,1,0,1,1,0,0,4,1,1,2,3,1,1,1,1,0,0,1,1,3,2,0,0,2,0,1,1,3,0,3,3,1,1,1,4,9,2,2,1
2014/09/05,1,6,0,0,0,2,1,15,0,0,0,1,0,4,1,2,0,0,2,1,2,1,3,1,3,1,1,0,0,0,0,1,0,2,0,6,3,2,1,0,0,0,6,1,1,13,0,1,4,0,0,0,0,3,3,0,5,0,1,3,0,3,2,5,0,4,0,1,2,2,1,1,2,0,2,0,1,0,1,2,1,3,0,0,0,1,3,1,0,1,3,1,1,0,1,2,1,0,10,2
2014/09/06,5,2,4,14,0,0,11,5,0,0,5,0,1,0,1,1,1,2,0,2,4,0,4,1,1,8,7,5,1,0,2,0,0,1,3,1,5,2,0,1,1,5,5,0,5,5,0,0,1,0,0,1,3,3,1,0,0,4,1,4,2,3,3,5,0,2,0,3,0,3,2,1,2,0,3,0,0,1,0,1,2,3,0,0,0,0,2,2,2,1,5,1,1,1,0,3,1,3,3,2
2014/09/07,7,3,1,3,5,0,1,1,0,1,5,2,1,8,0,1,1,1,0,1,0,2,0,2,2,2,6,8,0,0,1,0,1,0,2,1,5,3,1,1,1,2,6,1,0,1,2,2,3,2,0,0,0,4,2,4,0,7,1,2,0,2,3,12,2,1,0,3,1,1,2,1,1,1,2,1,0,1,0,3,1,6,0,1,1,0,2,0,2,2,4,1,2,1,2,2,11,1,9,2
2014/09/08,10,3,0,2,0,0,0,5,1,3,2,0,0,2,0,1,2,1,0,1,0,0,2,0,4,6,0,4,1,0,0,5,0,0,0,8,2,3,0,1,0,0,6,0,2,1,0,0,0,4,0,0,0,3,0,0,1,2,0,0,1,1,1,3,1,1,0,2,1,1,4,2,4,0,4,0,0,1,0,2,0,2,0,0,1,0,1,0,1,0,3,0,2,0,1,5,4,0,6,0
2014/09/09,0,2,0,9,2,0,0,0,1,1,1,0,0,2,1,0,1,0,0,0,12,0,5,1,0,7,1,9,0,0,0,2,1,2,0,3,8,3,0,3,1,12,0,0,2,5,0,0,1,2,2,0,0,1,1,0,0,0,1,3,0,2,1,2,0,0,2,1,2,1,2,3,1,0,2,0,1,1,0,0,2,0,1,0,0,0,0,3,1,1,1,0,1,0,3,5,7,1,3,2
2014/09/10,2,0,0,2,1,0,1,5,1,0,0,0,0,1,0,0,0,1,2,0,8,1,3,0,1,3,2,0,0,1,0,0,1,1,2,0,0,1,0,1,1,1,0,0,2,3,0,1,2,0,0,2,0,0,2,1,2,5,1,4,2,0,2,4,0,1,1,2,0,4,0,0,6,0,1,2,0,1,0,1,3,1,2,0,1,0,0,1,1,0,5,0,4,1,2,1,0,0,6,1
2014/09/11,4,1,0,0,0,0,0,3,1,0,0,0,0,1,0,0,1,4,0,2,0,0,0,0,1,3,0,3,0,0,0,0,0,1,2,3,0,0,0,0,0,0,0,0,0,1,0,1,0,2,0,0,0,2,2,0,1,5,0,4,1,1,0,3,1,0,0,0,0,1,0,0,0,0,1,1,0,3,1,2,2,6,0,2,1,0,3,0,2,0,2,1,1,0,0,1,2,1,1,0
2014/09/12,4,0,1,2,2,0,5,1,1,0,0,0,1,1,0,3,1,0,1,0,0,1,9,2,0,3,0,6,0,0,1,2,0,0,0,3,5,5,1,2,2,0,2,0,3,1,1,0,0,3,0,0,1,3,2,0,4,2,1,2,0,1,0,2,1,0,0,4,0,0,1,4,3,2,0,1,1,2,1,3,1,4,2,0,0,0,4,0,1,1,1,2,1,0,0,2,3,0,2,0
2014/09/13,8,8,2,36,0,1,3,4,0,0,0,0,0,3,0,1,1,0,1,0,3,3,4,1,0,4,3,3,0,0,0,6,0,1,1,2,3,0,2,0,1,3,6,3,3,5,2,1,2,3,0,2,4,2,0,1,1,3,0,4,0,2,0,8,1,1,3,2,5,0,6,3,2,0,6,3,1,1,0,5,1,2,1,4,3,0,1,1,2,1,10,1,2,1,5,3,1,1,7,2
2014/09/14,2,0,0,0,0,0,1,2,0,1,0,0,1,3,0,0,0,0,0,1,0,1,1,0,2,1,19,0,1,0,1,3,1,1,0,2,0,0,0,0,2,3,1,1,3,7,0,3,3,3,0,0,0,4,2,0,3,5,2,4,2,2,6,15,0,2,1,1,1,5,4,3,1,1,3,0,1,2,0,1,1,3,4,2,1,4,3,0,4,0,6,2,3,2,0,4,9,3,5,1
2014/09/15,8,0,0,1,4,1,0,16,1,1,0,1,0,5,0,0,0,1,0,0,0,0,5,0,1,1,0,0,0,0,1,4,1,0,0,0,6,0,0,1,0,0,0,0,0,7,1,0,0,0,0,0,1,6,1,0,2,1,0,5,2,5,0,0,1,0,0,1,0,0,4,1,0,2,1,2,1,0,1,2,1,1,2,0,0,2,1,0,0,0,1,0,1,1,0,0,3,0,3,0
2014/09/16,7,0,0,7,0,1,0,27,0,1,0,0,1,1,0,1,2,1,0,0,4,0,1,1,0,3,15,5,0,0,0,2,1,2,0,0,0,2,0,1,0,1,0,2,0,0,0,1,3,1,1,0,0,2,1,0,1,1,0,0,0,1,0,0,0,2,0,1,0,2,1,0,2,2,0,1,0,0,0,0,0,7,3,2,1,4,0,0,1,0,3,1,0,2,0,3,4,1,3,0
2014/09/17,1,5,0,0,0,0,0,2,2,0,0,0,0,0,0,0,0,0,0,0,5,0,2,0,3,2,0,1,0,0,0,3,0,1,1,1,0,4,0,0,0,2,5,0,0,2,0,1,1,4,0,0,0,0,0,0,3,3,0,2,0,0,0,1,1,1,0,1,0,1,3,0,0,0,1,4,0,0,0,1,0,7,1,0,1,1,1,1,0,0,3,0,1,0,2,0,2,0,1,0
2014/09/18,2,0,0,1,0,1,0,0,0,0,1,0,0,2,0,0,1,0,0,0,0,0,0,1,1,3,19,0,2,0,0,0,1,2,0,1,0,0,0,0,0,2,0,0,1,2,0,1,0,2,1,0,0,2,0,0,0,0,1,2,1,3,0,5,0,0,0,4,0,1,0,0,1,1,2,0,1,0,0,0,0,0,0,0,0,1,4,1,0,1,2,0,0,2,0,0,3,0,1,1
2014/09/19,1,1,2,1,0,1,0,1,2,0,4,1,0,4,0,3,0,0,0,0,5,0,7,1,2,6,2,0,0,0,1,2,1,0,1,1,1,1,0,2,1,5,1,0,1,6,0,2,1,0,0,0,2,3,1,0,2,3,0,6,1,0,1,6,1,2,0,1,2,2,0,2,4,1,2,0,1,0,0,1,0,5,0,0,1,0,1,6,1,0,2,1,1,0,0,2,7,1,0,0
2014/09/20,12,3,4,0,1,3,0,4,0,1,6,0,0,0,1,0,0,1,0,0,2,2,2,1,2,19,0,0,1,0,0,0,0,0,2,9,1,3,0,1,0,1,5,1,1,15,0,3,2,7,0,0,0,4,2,1,5,4,0,2,0,3,0,13,1,1,2,3,0,2,5,0,2,2,3,2,0,2,1,2,7,10,1,1,0,0,1,1,1,0,5,0,1,4,2,4,3,1,4,2
2014/09/21,7,1,0,39,8,0,5,0,1,0,5,1,0,1,1,2,2,0,0,2,1,0,0,1,0,3,11,0,3,2,0,1,0,0,1,2,5,1,0,2,0,16,5,0,4,1,0,1,3,1,1,0,0,3,2,0,2,2,0,1,1,3,2,9,2,1,1,3,0,0,4,3,1,1,2,1,2,1,1,0,4,3,2,0,1,0,2,0,3,0,4,2,0,1,1,4,6,0,4,5
2014/09/22,4,0,0,3,1,2,2,0,2,0,3,0,2,3,0,0,0,3,0,0,0,1,2,1,0,11,8,0,1,0,0,3,1,3,0,0,0,0,1,1,1,6,1,1,0,3,1,0,0,4,0,0,0,0,0,2,3,1,2,1,1,2,2,1,0,0,1,2,1,4,1,2,1,1,0,0,0,1,0,0,2,1,0,2,0,0,0,0,2,1,5,1,1,1,0,0,0,0,2,0
2014/09/23,4,3,1,0,1,1,1,15,0,0,1,0,0,0,0,0,1,1,0,0,4,1,10,1,2,2,0,3,0,0,1,0,0,0,0,3,7,2,4,0,0,30,11,0,1,15,0,4,4,2,3,1,0,2,2,3,0,1,0,3,1,0,0,5,0,0,0,1,1,1,1,1,2,1,3,2,1,1,2,0,0,8,0,1,0,0,0,0,3,0,3,0,1,0,0,2,3,0,1,0
2014/09/24,3,1,0,0,1,0,0,5,0,0,0,0,0,3,0,0,0,0,0,2,8,2,6,1,3,4,0,0,0,1,0,1,1,0,0,1,0,0,0,0,1,1,6,0,0,2,0,0,0,0,0,2,0,4,1,0,1,2,1,1,1,0,1,3,0,0,4,2,1,1,1,0,0,1,0,0,0,1,0,0,1,9,1,0,1,0,4,0,1,0,5,0,0,0,2,2,0,0,6,1
2014/09/25,4,2,2,3,3,0,4,0,2,0,3,0,1,4,0,2,0,0,1,0,0,0,0,0,2,4,6,2,0,1,0,3,0,0,1,1,1,4,0,2,2,0,1,1,10,0,0,0,1,4,3,1,1,1,1,0,1,4,1,2,0,1,2,7,1,0,0,0,0,2,1,1,3,1,0,0,0,1,1,0,0,3,2,0,1,0,1,0,0,0,3,0,0,1,4,0,5,0,5,0
2014/09/26,1,0,0,2,0,1,1,8,0,0,2,1,0,0,2,2,0,0,0,2,0,0,4,2,3,7,3,1,0,0,1,0,0,1,0,5,2,2,0,0,1,5,4,1,1,2,0,0,1,2,0,0,0,4,3,1,4,4,0,4,1,0,1,4,0,0,3,0,2,1,2,4,0,1,0,3,1,0,0,0,0,2,1,0,0,0,1,1,1,0,5,2,1,1,0,1,2,0,1,0
2014/09/27,4,10,3,13,2,0,0,3,0,0,5,0,2,5,0,0,0,0,0,2,0,0,3,0,1,5,1,10,0,1,2,0,0,0,1,1,3,9,0,0,0,4,7,2,3,1,1,2,0,2,1,2,3,6,4,2,2,3,2,6,4,0,1,5,1,0,0,2,1,0,1,0,0,0,2,2,1,2,0,0,4,9,2,0,1,0,3,0,3,0,5,0,2,2,0,2,5,3,2,0
2014/09/28,6,0,1,4,2,1,2,12,0,0,0,0,1,1,2,1,0,2,1,2,0,0,1,2,1,2,5,1,1,1,2,1,0,0,3,0,0,3,2,0,0,13,16,0,2,3,1,1,3,5,1,1,1,4,0,0,6,4,2,13,0,1,2,8,0,0,2,2,0,2,2,0,0,0,0,2,1,0,0,1,1,5,2,2,1,0,1,2,0,1,2,2,1,1,1,2,4,0,1,0
2014/09/29,2,0,0,0,0,0,2,10,0,0,0,2,0,4,1,1,1,3,1,0,0,3,9,0,1,1,2,0,0,0,0,0,0,0,0,0,2,0,0,1,2,5,2,0,3,13,0,0,0,0,0,0,4,4,1,1,0,3,0,0,0,2,0,3,0,0,0,4,2,2,1,1,1,1,2,0,1,1,2,0,0,6,1,1,0,2,3,0,1,0,2,0,3,1,0,5,0,1,3,1
2014/09/30,3,0,0,1,0,0,1,11,1,1,1,1,0,2,0,0,0,0,0,1,5,1,15,1,2,7,1,0,0,0,0,0,1,1,1,3,0,3,4,1,1,12,1,2,1,8,0,2,3,0,0,0,3,4,2,0,1,1,4,2,0,1,1,0,0,1,0,0,1,4,0,2,1,2,0,0,2,0,1,2,5,2,2,1,2,2,4,0,0,0,1,2,1,1,0,1,4,0,1,2
2014/10/01,2,1,0,3,7,1,4,1,0,0,2,0,1,1,0,5,0,0,0,1,9,0,0,1,0,4,8,5,0,0,1,4,2,1,2,3,1,3,0,4,0,3,17,0,6,3,1,0,0,2,1,1,1,3,1,0,0,2,0,2,1,0,0,3,2,1,0,1,1,1,1,1,0,0,2,0,0,2,1,2,6,4,1,0,3,3,0,0,1,0,0,1,0,0,0,1,1,0,0,0
2014/10/02,1,1,0,1,4,1,0,1,1,0,4,0,1,5,0,2,0,0,0,0,10,0,9,0,3,9,1,14,0,1,0,1,0,0,1,5,2,1,0,0,2,7,4,3,1,5,0,0,1,2,1,2,0,1,0,1,2,1,0,3,0,0,1,5,1,0,0,2,0,1,2,1,0,1,1,0,2,0,1,3,1,4,1,0,1,1,1,0,2,0,3,0,0,0,0,2,3,1,2,1
2014/10/03,6,3,0,36,2,0,0,2,0,0,5,0,0,2,1,0,0,0,3,0,0,2,2,3,0,2,4,1,1,1,0,3,0,0,0,4,5,3,0,1,0,6,5,1,1,2,0,0,3,0,0,1,1,1,0,1,3,1,0,3,0,0,0,8,4,1,0,1,0,1,0,1,0,1,2,1,1,1,0,3,0,11,0,0,2,1,1,0,2,1,1,2,2,1,3,3,3,1,1,0
2014/10/04,6,0,0,0,6,0,8,0,0,0,2,2,0,3,0,0,0,0,0,0,1,0,1,1,0,1,4,2,0,1,2,3,0,1,1,0,3,5,1,0,2,12,2,0,7,0,1,1,1,2,0,1,3,4,2,0,0,5,2,2,1,0,2,10,0,2,2,3,2,2,2,0,1,2,2,0,0,3,1,0,0,11,5,0,2,0,2,1,3,2,1,3,1,1,3,0,7,0,3,2
2014/10/05,9,7,2,0,18,0,4,14,1,0,4,3,0,2,0,1,0,1,0,1,1,1,1,2,2,16,12,1,2,0,0,3,0,1,1,0,1,0,1,0,0,1,7,0,3,1,1,0,2,4,2,2,0,3,2,0,5,2,3,6,1,2,2,5,2,0,0,1,2,3,1,1,1,0,0,0,0,3,1,4,2,2,0,4,2,4,2,3,2,0,4,1,2,0,3,4,7,2,3,4
2014/10/06,0,0,0,2,0,1,0,0,0,2,0,1,1,4,1,3,0,1,0,0,1,0,6,3,3,0,1,0,4,1,1,2,2,1,0,2,1,3,0,0,0,43,3,1,3,0,1,1,0,1,0,0,1,1,3,0,2,1,2,4,0,1,1,7,1,2,0,1,1,1,5,8,2,0,1,0,1,3,0,0,0,3,3,1,3,1,2,1,1,0,2,1,2,1,1,3,3,1,0,1
2014/10/07,3,0,0,3,0,1,3,1,1,0,1,3,1,0,0,1,0,0,0,0,3,1,1,1,0,2,1,0,0,0,0,0,1,0,0,1,0,8,0,3,2,0,0,0,2,8,0,0,2,0,0,1,0,0,0,0,1,2,1,0,1,1,2,6,0,0,1,2,0,2,0,1,0,0,3,0,0,0,0,0,0,3,1,0,3,2,1,1,2,1,3,2,2,2,0,1,2,0,3,0
2014/10/08,2,0,0,1,0,0,1,2,0,0,0,0,0,3,0,0,2,0,2,2,0,0,0,0,1,1,0,4,0,1,1,0,0,0,0,1,0,0,1,1,2,0,3,0,1,0,0,0,1,2,4,1,1,3,2,0,3,4,1,2,1,0,1,2,0,1,0,1,0,0,1,0,2,1,1,0,2,0,2,2,0,1,2,0,3,2,1,0,0,0,1,0,0,2,0,0,0,0,3,0
2014/10/09,7,0,0,1,1,0,3,2,2,0,1,0,0,0,1,1,0,0,2,0,2,0,1,1,1,5,1,4,0,0,1,0,0,0,1,2,4,1,0,2,2,0,2,1,1,4,0,0,2,0,0,0,1,4,1,0,4,2,0,1,1,0,1,7,0,2,0,2,1,1,3,1,1,1,0,0,2,0,2,0,1,1,0,0,2,0,1,0,0,0,2,0,1,0,5,1,1,1,3,1
2014/10/10,7,1,2,2,4,0,1,0,0,1,3,1,0,0,0,2,0,0,0,0,1,1,4,0,1,0,2,4,0,0,0,4,0,2,1,2,0,6,0,1,0,4,4,2,1,3,0,0,2,4,1,0,0,5,2,0,5,2,0,6,2,1,0,3,0,1,0,1,0,0,1,5,1,0,0,0,0,1,0,2,0,4,3,0,6,0,1,1,0,1,2,0,1,0,1,1,9,1,1,1
2014/10/11,3,16,0,38,0,4,0,4,1,0,2,4,2,2,1,0,0,1,0,0,10,0,0,0,3,3,1,6,0,2,0,0,1,1,0,2,5,0,0,0,0,4,4,3,2,2,1,0,1,3,1,0,3,1,2,1,2,2,0,2,1,3,2,13,0,0,1,4,0,0,2,5,0,1,2,0,2,0,0,3,3,2,5,0,2,2,5,0,2,1,3,0,6,2,5,3,5,2,0,1
2014/10/12,3,3,2,0,4,0,2,8,2,0,3,0,1,0,1,0,0,0,0,2,5,2,2,3,2,4,16,2,1,0,0,3,0,0,2,5,0,2,1,0,1,11,5,0,14,7,0,1,2,6,0,3,4,1,3,0,2,2,2,11,2,3,2,12,2,0,1,1,2,2,3,2,2,3,1,0,1,2,0,4,1,5,9,0,0,3,2,2,1,2,2,1,2,2,2,4,7,1,5,2
2014/10/13,2,2,0,0,1,0,0,5,2,0,0,1,0,0,0,2,0,3,0,1,12,0,2,1,1,1,1,4,0,0,0,3,0,0,1,0,6,18,0,1,0,1,9,1,0,1,0,0,2,2,0,2,0,3,1,1,0,0,0,3,2,1,0,6,2,2,0,2,0,1,2,3,0,0,2,2,2,2,2,1,0,10,0,0,2,1,0,1,0,0,4,1,0,3,2,0,3,1,2,1
2014/10/14,2,5,1,2,5,0,5,0,0,0,3,0,0,2,2,0,0,0,0,0,2,0,0,0,1,0,2,1,0,1,0,0,1,0,2,1,2,7,0,5,0,0,4,0,5,0,0,0,1,0,0,0,0,2,0,0,0,4,1,3,1,0,0,8,1,0,0,0,0,0,1,0,4,2,2,0,3,0,0,0,2,1,0,0,0,1,2,0,3,1,4,0,0,0,1,2,2,0,2,1
2014/10/15,2,14,1,2,0,0,4,0,2,0,3,1,0,0,2,4,0,0,0,4,2,0,2,0,1,2,4,5,1,1,0,1,1,0,0,2,5,4,0,0,0,4,13,1,4,12,0,2,0,0,1,0,0,1,4,1,2,1,0,0,0,2,2,1,0,0,0,0,0,0,3,0,0,1,0,1,0,0,0,3,1,3,1,0,2,1,4,0,0,0,0,1,0,1,1,0,1,0,1,0
2014/10/16,1,0,1,1,1,1,0,3,0,1,1,0,0,1,0,3,0,0,0,0,0,1,7,1,3,0,1,1,0,0,3,0,0,1,1,0,2,0,0,0,1,1,3,0,0,1,2,1,0,3,1,1,1,1,0,2,2,2,1,3,1,0,1,5,0,0,1,2,1,2,3,0,1,0,1,0,0,2,0,1,1,2,3,0,3,3,0,3,1,0,3,0,1,2,1,0,1,0,3,0
2014/10/17,4,2,1,5,3,0,0,6,0,0,5,1,0,6,0,2,0,1,1,0,15,1,5,0,1,2,4,3,0,0,2,1,2,1,3,3,10,9,2,0,1,2,2,4,1,9,1,0,4,2,0,3,1,0,0,2,2,2,0,4,1,2,1,7,5,0,1,1,2,2,2,2,2,0,4,1,0,1,0,1,3,2,0,1,2,2,4,0,0,0,1,1,0,0,1,2,2,0,2,1
2014/10/18,1,1,0,26,3,1,1,6,0,1,2,0,0,3,0,1,1,1,0,1,9,0,1,4,0,7,4,4,0,0,0,0,1,2,1,0,5,10,1,2,3,5,14,0,0,11,0,0,2,1,0,0,3,1,1,0,3,3,2,3,1,0,1,11,1,0,1,4,2,1,2,2,1,0,0,1,1,1,0,4,1,10,2,2,4,3,1,1,1,0,1,1,0,3,1,2,1,1,2,0
2014/10/19,7,2,0,3,5,1,6,3,0,0,0,0,0,0,0,0,1,2,0,0,0,0,0,1,1,2,14,10,0,1,0,0,0,0,1,1,0,3,0,0,0,4,1,0,3,0,0,0,2,3,2,3,2,5,1,0,1,8,0,3,1,0,2,14,2,0,3,3,0,1,2,1,0,1,3,1,1,0,0,2,2,6,4,0,0,2,3,1,2,0,3,2,1,1,4,6,6,0,1,3
2014/10/20,3,2,4,0,0,1,0,16,1,0,0,0,1,2,0,4,0,0,0,0,0,0,12,1,0,0,0,0,3,1,0,2,0,1,0,0,0,2,2,1,1,17,2,0,0,0,0,0,0,2,0,1,2,2,2,0,2,4,0,3,1,0,3,1,1,0,0,1,0,2,0,3,1,3,0,1,1,1,0,0,2,5,0,0,0,1,0,1,2,0,1,1,0,0,0,1,5,0,0,0
2014/10/21,7,10,0,0,0,0,0,0,0,0,1,0,0,4,1,1,0,0,0,0,11,1,2,0,1,0,0,0,0,0,1,3,0,0,0,0,0,4,0,1,3,24,3,0,0,2,0,0,0,0,1,0,2,2,0,1,2,4,1,2,0,0,0,10,0,0,0,2,0,1,3,0,2,0,2,0,1,1,0,1,1,2,1,0,0,0,2,0,4,1,0,0,0,1,0,1,3,2,0,1
2014/10/22,1,4,0,4,0,0,0,8,0,1,0,0,0,3,1,0,0,0,0,1,2,0,0,0,0,10,2,5,6,2,0,0,0,0,0,0,6,4,0,1,1,0,6,0,0,0,0,2,2,2,2,0,1,5,0,0,2,1,0,1,1,2,0,2,0,1,1,2,1,0,0,2,1,0,1,2,0,0,0,0,1,4,0,1,0,1,1,0,0,0,1,1,0,1,2,1,4,0,1,0
2014/10/23,0,4,0,1,0,0,0,0,1,1,1,0,0,1,0,1,1,1,0,0,7,2,0,0,0,0,1,0,0,0,0,2,1,0,0,1,9,17,0,1,1,0,7,0,1,1,0,1,0,2,0,1,2,3,0,0,2,0,0,4,0,1,1,7,0,3,1,1,1,2,3,1,1,0,1,0,1,1,1,3,3,4,1,1,1,1,3,1,0,0,1,0,0,0,1,1,0,1,1,1
2014/10/24,2,4,0,0,0,1,2,4,1,0,2,1,0,0,1,1,1,5,0,0,4,0,8,0,1,3,2,0,0,0,0,0,0,1,0,3,0,3,0,2,2,0,5,3,2,0,1,1,0,3,1,1,0,3,2,0,5,1,0,2,2,3,1,9,1,0,0,2,1,1,3,2,4,3,4,0,0,0,1,0,1,3,3,2,0,1,0,0,0,1,0,4,1,0,0,0,2,0,3,3
2014/10/25,12,0,0,24,1,0,1,11,2,1,0,0,1,1,1,4,0,0,0,3,4,1,13,2,0,2,3,1,0,0,1,1,2,0,0,2,14,5,0,0,0,7,5,3,3,4,0,0,3,0,0,2,1,6,2,1,1,6,2,7,4,0,1,6,2,2,2,4,1,4,2,2,1,1,3,2,1,1,0,1,2,6,4,1,0,2,2,1,1,1,6,2,1,1,2,4,3,1,2,1
2014/10/26,2,4,2,32,5,0,0,1,1,1,3,1,1,1,0,2,1,2,1,3,4,0,5,1,3,25,6,0,0,0,0,0,0,0,1,1,6,1,0,2,1,6,8,0,3,5,0,1,1,1,0,0,1,4,0,1,3,3,0,6,1,3,2,5,1,3,1,2,0,3,2,0,4,0,3,1,1,2,1,2,2,4,1,5,3,2,2,2,4,0,1,1,1,0,2,2,4,1,3,0
2014/10/27,2,4,0,1,0,1,0,0,1,1,1,0,0,3,0,1,0,0,0,0,2,0,5,2,1,0,1,0,1,1,1,0,0,1,1,3,0,0,0,2,0,7,0,0,1,7,0,2,0,0,1,2,2,0,0,0,2,0,0,2,0,0,4,8,0,1,0,0,0,3,2,1,2,1,1,0,0,0,1,1,1,0,0,0,1,1,4,0,0,1,0,0,2,1,1,2,3,1,3,1
2014/10/28,6,3,1,0,1,0,1,5,0,1,6,0,0,2,0,0,0,1,0,0,6,4,4,2,0,0,0,6,0,1,1,2,0,1,1,4,0,1,2,0,1,1,5,2,1,3,1,1,1,0,0,1,0,4,0,0,2,2,1,0,0,1,1,12,0,1,0,2,0,1,0,0,3,0,1,1,0,2,1,0,0,2,1,0,1,3,0,1,1,1,0,3,1,0,0,2,3,0,1,0
2014/10/29,5,1,0,3,0,2,0,3,1,0,14,0,1,3,0,1,0,0,1,0,2,0,2,2,1,1,10,0,0,0,0,2,1,0,0,0,1,3,0,1,0,3,3,0,0,1,1,0,0,2,0,2,3,1,1,2,0,0,1,1,0,1,0,4,1,3,0,0,1,0,0,1,1,0,1,2,0,2,1,1,1,2,1,0,1,2,2,1,2,1,0,1,0,0,2,0,1,0,1,2
2014/10/30,2,9,0,10,4,2,3,2,0,0,9,1,0,1,0,1,1,0,1,1,4,0,2,1,0,3,3,6,1,0,1,1,0,3,1,2,4,7,1,4,0,2,13,0,2,3,0,0,2,0,1,1,1,5,0,0,2,1,0,6,1,1,1,4,0,0,0,1,1,1,4,1,0,0,5,1,2,1,0,1,3,4,1,0,3,1,1,0,1,2,0,1,0,0,0,1,2,2,2,0
2014/10/31,2,14,0,0,2,0,1,15,0,1,1,0,0,0,0,2,1,0,0,1,0,0,1,0,1,9,6,4,0,0,0,1,1,0,0,0,0,3,1,1,1,12,0,0,1,10,0,1,0,5,1,0,0,2,1,1,0,4,1,3,0,2,3,6,1,0,0,0,0,1,1,0,0,0,0,0,0,0,0,1,0,3,2,0,0,0,2,1,2,0,0,1,0,2,0,1,5,0,2,1
2014/11/01,9,10,2,0,0,0,2,5,1,1,0,2,1,2,4,1,0,0,2,0,9,0,3,1,0,1,0,4,0,4,2,2,0,2,1,4,3,2,4,2,0,2,9,0,0,6,1,4,3,3,0,2,3,8,2,1,1,5,0,8,0,2,0,12,0,1,1,2,0,3,4,0,3,0,5,2,0,0,0,2,1,7,2,1,2,1,12,1,2,1,1,0,2,2,1,1,7,0,3,2
2014/11/02,2,3,2,32,0,0,0,1,1,0,0,0,0,0,0,0,0,2,0,2,1,0,3,1,1,15,0,0,1,0,0,1,1,0,1,0,1,2,0,0,2,3,1,0,2,2,0,0,2,3,0,4,0,1,2,1,1,2,3,2,1,1,1,13,0,0,0,4,1,1,3,3,0,7,2,1,1,5,0,5,2,4,10,0,3,4,0,1,2,0,3,0,1,2,1,0,7,2,3,0
2014/11/03,2,1,1,0,1,0,0,3,3,0,0,0,0,3,0,1,1,0,0,0,6,0,2,0,1,0,0,4,0,0,0,5,0,0,0,1,0,4,0,1,1,21,4,2,0,1,0,0,0,2,0,0,1,4,1,0,2,0,1,1,1,0,0,1,2,1,0,1,0,1,2,2,0,0,3,1,0,0,0,1,2,0,2,3,1,1,0,0,1,0,1,0,0,2,3,3,2,0,0,0
2014/11/04,2,0,0,1,0,0,2,3,0,0,4,0,0,0,0,0,0,1,0,1,6,1,3,2,3,1,1,9,5,0,0,1,0,0,1,0,0,0,0,1,0,7,3,0,1,4,0,1,0,0,0,2,2,1,2,0,3,1,3,4,0,2,1,8,0,2,0,1,1,2,2,0,0,0,1,1,0,1,0,1,2,3,0,2,3,3,0,0,1,2,1,0,1,1,0,1,1,1,1,1
2014/11/05,6,0,3,0,0,0,1,12,0,0,1,3,1,0,1,1,0,0,0,1,1,2,6,1,1,7,0,1,0,0,0,0,0,1,0,0,4,0,0,1,0,10,4,1,1,1,0,1,2,1,0,1,1,3,0,0,3,2,0,2,0,0,1,0,1,1,0,2,0,2,1,0,1,0,0,0,0,0,1,1,3,5,6,1,0,0,3,1,1,0,2,0,0,2,1,1,2,0,2,1
2014/11/06,1,5,0,13,0,0,0,14,0,0,1,0,0,3,0,1,0,0,0,0,8,2,0,0,0,0,0,2,1,1,0,1,0,0,1,10,0,3,0,3,0,0,4,0,0,13,0,0,1,3,0,0,3,2,2,1,2,1,1,2,0,1,1,8,0,1,0,2,0,1,4,0,1,0,0,0,0,1,0,2,0,3,1,0,1,0,1,0,0,0,0,1,2,1,0,1,1,0,1,0
2014/11/07,2,2,0,0,1,0,1,0,1,1,0,1,1,1,0,1,0,2,0,0,1,1,2,2,1,0,0,1,1,0,0,6,0,3,0,1,1,19,0,0,0,3,2,0,0,0,1,1,3,2,1,1,1,1,2,0,2,2,0,2,0,1,1,10,0,1,0,7,1,0,1,1,0,0,1,5,0,0,0,1,2,5,1,0,1,0,3,0,2,0,0,1,0,0,0,1,2,1,0,0
2014/11/08,2,0,3,7,1,2,0,0,1,1,5,0,2,1,0,3,1,0,0,0,2,1,20,0,1,4,6,5,0,1,2,0,1,1,0,2,4,9,0,4,1,2,4,1,9,0,1,2,2,1,1,3,1,6,1,2,5,4,1,6,0,3,2,6,2,0,2,0,1,2,2,0,2,0,3,0,2,1,0,3,1,7,2,1,9,5,0,0,1,1,1,1,2,2,3,4,2,0,3,2
2014/11/09,4,0,0,25,4,2,3,4,0,1,0,2,0,2,0,1,0,0,0,2,8,1,3,1,0,1,1,3,3,1,0,1,0,0,0,2,1,7,1,1,2,2,1,2,0,0,0,1,0,0,0,0,1,7,1,0,2,2,0,3,2,1,2,14,1,0,2,4,1,3,3,7,1,0,0,0,0,2,2,1,0,5,2,2,3,4,3,1,2,0,0,0,4,5,6,3,7,1,0,3
2014/11/10,17,0,1,4,2,1,4,3,1,1,3,0,0,4,0,3,0,0,0,1,3,0,0,0,0,3,2,0,3,0,0,5,0,2,0,4,1,0,0,4,0,0,0,0,3,0,2,0,2,0,1,0,1,0,2,0,0,5,0,3,0,1,1,6,0,1,1,0,1,0,0,0,3,1,0,1,2,1,2,2,1,6,1,3,1,1,0,1,0,0,2,1,2,0,2,1,4,1,0,0
2014/11/11,3,10,0,1,3,0,1,3,1,0,1,1,1,0,1,0,1,0,1,0,0,0,0,0,1,0,11,0,0,0,2,1,0,1,1,3,0,0,0,0,0,0,3,1,2,0,0,1,1,2,0,0,0,0,1,1,0,3,0,2,1,2,0,2,2,1,0,2,1,0,3,0,11,0,0,0,1,1,0,0,0,4,1,1,0,1,2,0,1,1,0,2,0,1,1,1,2,2,0,3
2014/11/12,3,0,0,2,0,1,3,5,0,0,2,0,1,0,1,2,1,0,0,0,0,0,0,0,0,3,1,2,2,0,1,0,0,1,1,1,0,3,1,0,0,3,0,4,3,3,0,0,1,0,0,0,0,1,0,0,1,0,0,1,0,1,2,3,1,1,0,1,1,1,3,0,0,1,0,0,0,1,1,1,0,4,1,2,0,1,1,0,1,0,2,0,1,1,0,4,4,0,0,1
2014/11/13,0,0,0,0,0,0,0,0,0,1,1,0,2,0,1,1,1,0,0,1,0,0,0,2,3,2,4,0,0,0,1,7,0,0,0,3,0,4,0,4,1,2,0,0,1,1,0,0,1,1,1,0,0,0,0,0,1,0,0,1,0,0,0,5,1,1,1,1,2,0,1,0,0,0,0,3,1,1,2,1,0,3,0,4,0,0,0,1,1,0,0,0,1,0,0,1,7,1,0,0
2014/11/14,5,2,2,20,2,1,2,4,2,0,12,1,0,0,0,3,0,0,1,0,2,0,0,0,0,7,10,1,0,0,1,1,0,1,4,3,1,1,0,0,0,1,0,0,0,17,0,2,0,2,0,0,0,2,2,0,2,2,1,3,2,0,0,6,1,1,1,1,2,1,2,0,0,0,0,1,2,0,0,5,0,5,0,0,1,1,0,1,2,1,1,1,0,2,1,2,5,0,0,2
2014/11/15,0,12,6,23,3,0,3,1,1,1,0,1,0,1,0,0,1,0,0,0,5,0,2,1,2,7,3,5,0,1,1,0,1,0,1,2,11,10,0,2,0,5,14,2,4,0,1,4,1,2,0,0,2,2,0,0,4,7,3,5,4,5,1,12,1,1,2,3,1,2,3,6,3,1,0,0,0,3,0,4,0,5,1,0,2,3,2,1,1,2,2,2,5,1,2,6,5,0,0,1
2014/11/16,2,5,0,2,0,1,0,2,0,2,4,0,0,8,0,0,0,3,0,0,5,1,1,0,1,2,3,9,0,1,0,1,2,0,1,4,0,0,0,0,1,3,5,2,0,0,0,1,4,5,0,0,2,2,0,0,3,0,1,6,1,1,1,0,0,1,0,1,2,2,2,7,0,0,3,1,4,0,1,1,1,6,3,0,0,2,0,1,1,0,0,0,2,0,1,3,2,1,0,2
2014/11/17,8,6,0,0,3,0,3,6,1,0,3,1,0,0,0,2,0,1,0,1,18,3,2,0,1,2,0,3,0,1,1,2,0,2,3,0,0,0,4,3,0,5,3,2,4,2,0,0,0,1,0,0,2,3,1,2,0,2,1,3,2,0,0,2,0,2,0,2,1,0,2,0,2,1,0,0,0,1,0,1,0,1,1,0,1,0,0,1,1,1,0,0,1,0,0,1,1,1,0,1
2014/11/18,1,0,0,3,2,1,0,5,0,0,0,1,0,0,0,3,2,1,0,0,10,0,2,2,1,3,1,1,0,0,0,0,1,0,0,3,2,0,0,4,0,4,0,0,2,3,0,1,1,1,0,1,1,4,4,0,1,4,1,2,0,1,0,10,0,0,0,1,2,0,0,0,1,1,4,1,1,0,0,2,0,3,1,1,1,0,0,0,0,0,0,1,3,3,1,2,0,1,1,2
2014/11/19,9,20,2,1,0,0,0,2,0,1,0,0,0,0,1,4,0,0,0,0,1,0,1,0,0,0,1,0,0,1,0,3,0,0,0,1,0,2,0,0,0,29,5,2,1,20,0,2,0,2,1,0,0,1,0,0,1,4,0,2,0,1,1,7,1,0,0,1,0,0,0,1,0,3,2,0,0,1,1,0,0,1,3,1,1,0,0,2,0,0,2,1,0,0,0,1,2,0,0,1
2014/11/20,2,7,0,1,2,0,0,2,1,1,0,2,1,0,0,1,0,1,0,0,3,0,0,0,2,2,0,3,1,0,2,0,0,0,0,4,9,43,0,0,0,0,7,0,0,0,0,0,1,0,0,0,1,2,1,0,2,5,0,1,1,2,0,1,0,3,0,0,0,0,4,1,0,0,0,0,0,0,0,0,2,3,3,0,1,0,3,1,0,1,1,0,0,0,0,0,7,1,0,0
2014/11/21,4,11,0,0,0,0,0,2,1,2,0,0,1,3,0,1,0,0,0,1,6,0,5,2,3,0,0,0,2,1,3,3,0,2,1,2,1,1,2,3,0,9,10,0,0,1,0,1,0,2,1,0,0,1,3,0,1,1,0,3,2,0,0,6,1,1,0,2,0,2,1,0,10,0,4,1,1,2,2,1,1,6,7,0,12,0,0,1,1,0,0,0,0,2,0,0,9,0,0,1
2014/11/22,2,0,3,4,1,1,1,7,2,0,12,1,0,0,0,3,0,0,3,0,1,1,4,0,0,3,21,2,1,0,1,1,0,2,1,5,2,2,2,2,2,10,2,0,7,2,0,2,1,0,0,3,2,1,0,2,4,0,1,5,1,0,2,5,0,0,0,1,2,0,2,1,2,0,1,5,0,1,0,1,1,5,5,4,2,0,1,1,2,0,0,3,4,1,0,1,5,1,0,1
2014/11/23,5,10,3,38,2,0,3,2,0,0,7,1,0,2,0,4,0,0,3,0,2,1,2,1,2,3,8,6,0,0,0,6,1,0,0,0,0,4,0,0,2,3,8,0,1,1,1,1,1,3,1,1,1,3,4,0,0,8,5,6,0,3,1,6,1,3,0,3,2,2,1,0,4,0,0,0,2,1,3,3,2,9,1,0,0,0,0,2,1,0,0,0,0,0,0,6,4,0,0,1
2014/11/24,3,1,0,0,0,0,0,4,1,1,0,1,0,2,1,1,0,1,0,0,2,0,2,0,2,7,5,0,2,0,0,4,1,1,1,2,0,14,1,1,1,6,0,3,0,0,1,0,2,3,0,0,2,2,1,0,6,3,2,4,0,1,2,7,0,2,2,0,0,1,3,0,0,0,0,0,0,0,0,0,0,5,1,6,0,0,1,3,1,0,1,1,0,0,3,1,2,0,0,0
2014/11/25,2,0,0,0,2,0,1,24,2,0,5,0,0,0,2,2,1,0,0,2,2,1,0,0,3,48,3,7,0,0,0,1,2,1,0,1,0,0,0,4,1,25,0,1,1,28,0,2,0,1,0,0,0,2,0,0,4,5,0,3,0,1,2,4,1,0,0,2,0,1,1,0,0,1,1,0,0,0,0,1,2,3,1,0,0,0,1,0,1,0,0,0,0,0,0,2,5,1,0,1
2014/11/26,3,0,0,0,0,2,2,0,1,1,3,0,1,0,1,1,0,0,0,1,12,1,0,0,1,1,16,0,0,0,1,2,1,1,1,5,6,2,0,1,0,2,8,0,13,7,0,0,1,3,1,0,1,1,0,0,3,2,1,4,0,2,0,6,2,0,1,2,2,2,1,0,0,0,0,0,0,0,1,2,0,7,1,2,0,0,0,0,4,1,1,2,0,0,5,2,5,0,0,0
2014/11/27,0,0,3,0,1,0,1,0,0,0,0,0,0,0,0,0,0,0,0,0,0,1,0,0,0,0,0,1,0,0,0,0,0,0,0,1,0,1,0,0,0,0,0,0,4,2,0,0,0,1,0,1,2,1,0,0,2,2,1,3,0,1,1,4,1,0,1,1,0,0,0,0,1,0,2,1,1,0,0,0,1,2,1,0,0,0,1,1,0,0,0,0,1,0,0,1,2,2,0,0
2014/11/28,5,0,0,0,11,1,2,0,1,0,0,0,0,1,0,1,0,1,0,2,0,1,9,0,2,0,2,4,0,1,0,5,1,0,1,1,0,0,0,1,0,1,0,0,2,6,1,1,1,0,1,4,0,3,0,0,0,2,1,2,1,0,0,6,0,2,0,1,0,0,1,3,2,0,0,1,2,1,1,0,3,3,1,2,1,0,3,2,1,0,0,1,0,1,1,1,4,0,1,0
2014/11/29,5,1,1,14,0,1,0,15,0,0,0,0,1,2,0,1,1,0,0,2,2,0,12,0,0,0,0,1,0,0,1,2,0,1,0,0,6,1,5,2,1,0,5,0,3,0,0,1,0,2,2,1,1,4,2,1,1,3,1,11,0,2,0,8,0,0,3,1,1,0,1,1,2,0,1,0,0,2,0,2,2,5,5,0,1,0,1,1,1,0,2,1,2,3,1,1,7,3,3,2
2014/11/30,6,1,2,5,0,0,2,3,1,0,2,0,2,3,0,0,0,0,2,0,5,0,4,0,0,0,4,2,3,0,0,3,0,3,1,1,2,0,1,0,2,0,0,2,1,1,3,2,2,0,0,0,2,4,3,0,0,8,1,4,2,2,0,3,1,0,0,1,0,5,2,1,4,3,0,1,0,3,1,1,0,2,0,4,3,1,1,0,0,0,1,0,1,2,2,3,3,1,2,1
2014/12/01,1,12,2,1,0,0,6,0,1,0,1,0,0,0,0,2,0,1,1,0,0,0,0,0,1,0,14,0,0,0,0,3,1,0,0,3,5,0,0,2,2,24,0,0,12,10,0,1,0,1,0,0,1,3,0,4,2,0,0,2,0,1,0,10,1,1,0,2,1,2,0,0,0,0,3,0,0,0,1,1,1,2,2,0,4,1,2,0,0,0,1,0,3,2,1,1,1,0,2,1
2014/12/02,2,6,2,2,0,0,1,5,0,3,3,1,1,0,0,0,1,0,0,1,3,1,1,0,0,1,1,1,0,0,0,0,0,1,0,2,0,0,0,0,1,0,1,0,1,1,1,0,0,3,1,0,1,3,0,0,0,1,2,2,1,1,4,7,0,0,0,0,1,1,1,2,1,0,1,1,4,0,1,0,0,5,2,0,0,0,0,2,0,0,2,1,0,0,0,1,3,0,1,0
2014/12/03,2,11,0,1,0,0,1,1,0,0,0,0,1,0,1,2,0,0,0,0,6,0,5,1,0,6,0,4,0,1,0,6,0,3,0,0,0,3,0,4,1,0,6,0,0,0,1,2,3,0,2,3,0,1,0,0,0,3,0,1,1,0,1,5,1,2,0,0,0,0,2,1,2,0,0,0,0,0,0,0,2,5,3,0,0,1,0,0,0,0,2,0,0,0,4,0,0,0,0,0
2014/12/04,9,7,2,0,2,0,1,20,0,2,0,0,1,3,0,2,0,0,1,1,7,0,11,0,4,1,2,12,0,0,3,3,0,1,1,2,2,34,0,1,1,19,19,0,0,6,1,0,2,8,0,1,0,2,0,1,1,5,1,1,0,0,0,6,0,1,0,3,0,3,1,2,0,2,0,1,1,1,1,1,4,2,0,2,4,4,2,1,0,0,2,0,1,1,0,3,5,0,3,1
2014/12/05,6,4,1,3,0,0,1,0,0,0,0,0,0,0,0,2,0,0,0,0,0,1,1,3,0,7,0,0,1,1,3,1,0,3,0,1,1,0,1,1,1,5,3,2,0,17,1,2,1,4,1,0,0,7,1,0,3,4,0,6,2,2,0,10,0,3,0,1,2,1,1,1,3,1,3,2,0,2,0,2,1,13,2,0,1,5,2,0,0,1,2,1,3,0,2,6,8,0,2,1
2014/12/06,8,11,5,39,22,1,1,6,1,0,2,1,2,3,0,0,1,0,1,1,4,0,1,1,0,7,4,14,2,0,0,1,0,0,0,1,3,6,3,1,0,0,1,0,5,21,0,2,2,0,2,0,2,5,2,0,6,2,0,10,2,3,3,5,2,1,0,5,1,5,4,3,0,2,1,1,1,1,0,4,3,8,1,2,3,4,5,1,0,0,2,0,0,1,1,5,2,0,6,3
2014/12/07,4,3,0,4,0,0,1,3,0,0,9,0,0,4,0,4,0,0,0,0,1,0,1,2,0,5,5,0,1,0,0,0,0,1,0,1,0,1,0,0,0,0,0,0,3,10,0,1,2,4,3,4,5,1,1,2,2,7,2,4,1,4,1,10,1,0,0,2,1,1,3,1,3,1,0,0,4,2,1,2,0,4,10,0,2,1,2,0,3,1,2,1,4,0,4,2,7,0,4,3
2014/12/08,0,0,3,0,0,0,1,18,2,1,5,0,0,0,0,0,1,0,1,3,0,0,3,0,0,5,0,0,0,0,2,0,1,0,0,1,0,3,0,0,0,0,1,0,1,4,0,0,0,2,0,0,0,0,1,0,1,1,1,0,2,0,0,7,0,1,0,2,0,1,1,0,1,0,0,1,1,0,0,1,3,10,1,3,0,0,1,0,1,0,0,0,1,0,1,3,2,1,1,2
2014/12/09,5,13,0,3,0,0,4,3,0,1,4,0,0,3,0,1,0,2,0,0,4,1,5,1,0,22,18,5,2,0,0,1,0,1,1,8,5,10,0,1,0,8,2,1,3,3,1,1,2,5,1,0,1,2,1,0,0,0,2,4,0,1,0,0,0,2,0,2,0,0,1,0,2,0,0,1,0,0,0,3,1,3,2,0,0,4,0,1,2,0,0,1,1,2,0,1,1,0,4,0
2014/12/10,7,12,0,2,0,1,0,17,0,2,1,0,0,2,0,3,0,0,0,0,4,0,5,2,0,7,1,4,1,0,1,0,0,2,2,1,4,0,0,0,0,4,4,0,0,22,0,0,0,7,0,0,0,4,3,0,3,2,1,3,0,3,2,1,0,1,1,3,0,0,2,0,1,1,3,0,1,1,1,1,1,2,0,0,1,2,1,1,2,0,1,0,0,1,2,1,3,1,2,0
2014/12/11,1,1,1,1,0,1,0,1,1,0,0,0,0,0,0,1,0,0,0,0,1,0,0,0,0,1,0,4,0,0,0,0,1,1,0,1,0,1,0,0,2,0,1,0,4,4,0,0,0,0,0,1,0,0,0,1,0,2,0,2,0,0,0,1,1,1,1,1,1,0,0,0,0,0,1,0,0,0,0,1,2,0,1,0,0,0,2,0,0,0,0,0,0,0,0,1,1,0,0,0
2014/12/12,0,7,1,1,0,0,0,0,1,1,0,0,0,0,0,0,0,1,0,0,0,0,6,0,1,11,0,0,0,0,0,9,0,0,3,4,0,1,0,0,0,6,6,1,0,8,2,1,1,0,0,1,1,4,2,0,2,2,2,3,1,1,2,6,0,0,0,0,1,2,2,0,8,0,2,0,1,1,0,1,0,3,1,0,1,1,1,0,1,0,1,0,1,1,1,2,1,0,0,1
2014/12/13,8,0,4,26,3,2,5,12,0,1,4,1,0,8,0,4,1,1,1,2,0,5,0,0,2,1,5,5,1,1,0,2,1,0,3,5,0,0,0,2,0,11,0,0,3,12,2,4,3,2,0,1,2,2,3,1,7,3,1,8,0,3,3,14,3,2,0,0,0,1,4,0,0,0,2,1,0,4,0,3,1,8,2,1,3,2,2,4,2,2,0,2,2,0,0,1,4,0,3,0
2014/12/14,4,4,0,7,2,0,1,4,2,1,4,0,0,2,0,2,1,1,0,0,6,1,2,0,2,1,2,0,0,0,1,0,0,0,4,1,7,3,0,0,1,1,1,0,0,2,0,0,2,4,0,0,0,7,1,0,7,4,1,8,0,1,2,5,3,2,1,7,3,2,0,2,1,1,3,2,2,1,1,7,4,6,7,1,0,1,4,0,1,0,3,0,4,1,4,3,4,1,2,2
2014/12/15,2,6,0,1,2,2,1,3,1,0,1,0,0,1,2,2,0,0,0,0,0,0,0,0,0,9,2,0,0,0,1,3,0,1,1,4,3,0,1,0,0,1,5,1,12,6,1,3,0,0,1,1,1,1,0,1,2,1,0,1,0,1,0,4,0,1,0,2,0,1,2,0,0,0,1,1,1,1,0,1,0,5,2,0,0,0,0,2,0,0,0,0,2,0,1,2,2,1,2,2
2014/12/16,4,1,0,2,0,0,0,1,1,0,2,0,1,0,0,2,0,0,1,0,0,0,6,0,0,6,2,9,0,0,0,0,2,4,0,2,0,0,0,0,2,9,0,0,0,8,0,0,0,2,0,0,0,1,0,0,0,3,1,1,0,2,0,4,0,0,0,1,0,2,0,0,0,1,0,0,0,3,0,2,1,2,1,0,0,0,0,0,1,0,0,0,1,3,3,1,2,0,0,0
2014/12/17,4,4,0,0,0,0,0,2,2,1,2,1,0,6,0,0,0,0,0,0,0,0,9,0,0,0,2,1,1,0,0,0,1,2,1,2,0,4,0,1,1,0,0,3,3,0,1,0,0,1,0,3,1,2,1,0,2,4,0,3,0,0,1,4,0,3,0,2,0,1,3,0,1,1,0,1,0,2,0,1,7,3,2,0,1,0,0,0,0,0,0,1,1,1,0,3,4,1,0,2
2014/12/18,0,0,1,1,4,0,1,0,2,0,1,0,1,2,2,0,0,0,3,0,8,0,2,0,0,2,16,0,0,0,1,0,1,0,0,0,0,24,1,0,0,0,0,1,2,8,0,0,0,2,0,0,0,2,0,0,1,0,0,2,1,0,0,6,0,0,2,1,0,0,0,0,0,1,0,0,1,0,0,1,0,3,1,3,0,0,0,2,1,0,1,0,0,1,1,0,8,0,4,0
2014/12/19,6,1,0,3,0,1,0,4,0,2,0,0,1,5,1,2,0,0,0,1,4,0,3,2,0,1,1,0,0,1,3,0,1,2,1,2,2,3,0,1,0,1,1,1,0,1,0,0,1,0,0,0,1,1,0,0,0,2,1,3,1,1,0,5,1,1,1,2,0,1,0,3,0,0,2,0,0,1,0,0,0,5,3,0,1,1,0,2,2,0,2,0,2,1,1,0,2,0,1,0
2014/12/20,5,2,0,43,6,3,0,4,0,0,2,1,0,1,2,0,1,1,0,0,10,1,6,0,1,10,1,4,0,1,0,4,0,0,2,2,12,0,4,1,0,20,24,1,1,5,0,1,1,3,2,1,2,5,1,0,3,1,0,5,3,2,3,14,1,2,1,1,1,2,2,2,1,1,3,0,0,2,1,3,0,0,1,1,5,4,1,4,1,0,0,2,2,1,3,1,6,1,8,2
2014/12/21,12,0,2,4,1,0,3,7,0,0,4,0,0,2,0,2,0,0,0,1,1,0,1,1,0,11,3,5,2,0,1,1,2,2,2,4,1,2,0,1,1,2,6,0,3,8,3,0,2,4,0,2,3,1,0,1,7,3,1,4,0,0,1,6,2,1,1,1,2,4,2,1,1,0,3,1,0,2,2,7,2,0,5,0,0,1,2,3,2,0,1,0,0,1,3,3,6,0,0,2
2014/12/22,3,9,0,2,0,0,1,1,3,0,18,0,0,1,0,1,1,0,0,2,0,1,2,0,0,2,0,5,1,1,0,5,0,1,2,7,0,7,0,2,0,2,0,2,0,2,0,0,0,5,0,0,0,5,2,0,1,4,2,1,2,1,3,0,2,0,0,0,3,1,1,2,0,0,1,0,1,3,0,0,0,4,1,1,1,3,0,0,2,0,1,0,1,1,0,4,1,1,1,0
2014/12/23,6,0,2,1,1,0,2,3,0,1,2,0,3,4,0,0,2,0,0,0,2,0,1,2,0,7,0,0,0,0,1,8,0,0,1,0,1,2,0,0,2,14,0,1,2,2,1,0,2,3,0,1,1,0,1,1,6,2,0,2,0,1,0,0,0,1,0,2,4,2,4,0,2,0,0,0,0,1,1,2,3,4,1,2,0,1,2,1,3,1,0,2,0,2,0,2,2,0,0,1
2014/12/24,1,0,0,26,0,0,2,2,0,0,6,0,1,0,0,1,0,3,0,1,2,1,9,0,1,0,0,0,0,1,0,2,0,0,1,1,1,9,0,1,1,0,0,0,0,2,0,0,0,1,1,1,0,2,2,0,1,4,0,2,0,0,1,0,1,0,0,3,2,0,1,0,0,2,1,0,0,0,0,4,0,1,2,0,0,0,0,0,1,0,0,0,0,1,1,3,0,1,1,1
2014/12/25,0,0,0,0,0,0,0,0,0,0,0,0,0,0,0,0,0,0,0,0,0,0,0,0,0,0,0,0,0,0,0,0,0,0,0,0,0,0,0,0,0,0,0,0,0,0,0,0,0,0,0,0,0,0,0,0,0,0,0,0,0,0,0,0,0,0,0,0,0,0,0,0,0,0,0,0,0,0,0,0,0,0,0,0,0,0,0,0,0,0,0,0,0,0,0,0,0,0,0,0
2014/12/26,5,4,3,0,0,0,12,5,1,1,0,0,0,0,0,0,1,2,0,0,5,0,4,0,0,4,7,0,0,1,0,2,1,0,2,0,0,0,0,3,3,2,0,0,0,7,1,0,0,3,1,0,3,2,1,2,2,2,1,6,1,0,1,0,0,1,0,1,1,2,2,1,2,2,1,2,0,2,0,3,3,4,3,1,3,4,1,0,0,1,1,0,1,2,2,1,5,1,2,0
2014/12/27,5,6,0,2,2,0,0,10,1,1,0,0,0,3,1,2,1,0,1,1,6,2,0,0,0,0,0,4,1,0,1,0,0,0,1,5,0,0,3,2,0,2,1,3,0,1,0,0,1,2,1,2,4,6,0,0,0,3,4,8,0,0,2,7,2,0,0,2,1,0,3,0,3,3,0,2,0,0,0,2,1,7,0,0,0,1,1,1,4,0,1,2,1,1,1,2,11,0,4,1
2014/12/28,16,1,0,9,0,0,0,2,1,1,1,0,0,0,0,1,0,1,0,0,0,0,1,0,3,3,2,3,0,1,1,1,2,0,1,2,0,4,0,0,1,3,0,0,0,0,0,0,3,2,0,0,0,4,4,0,5,2,1,2,1,0,3,4,0,2,1,2,1,2,0,0,4,1,1,2,0,2,0,3,3,2,2,3,1,3,3,0,2,0,0,2,0,1,1,0,2,0,1,1
2014/12/29,0,3,0,0,5,3,0,8,1,0,3,2,0,9,2,1,1,1,1,2,3,1,2,5,0,1,4,2,1,0,1,3,0,1,0,1,0,6,0,0,1,22,7,0,2,5,1,4,0,2,0,2,3,4,1,0,0,10,1,7,1,2,0,1,1,1,0,2,1,0,3,1,3,1,5,3,0,2,0,3,4,3,0,0,2,1,1,0,2,1,1,1,0,0,0,1,14,1,1,0
2014/12/30,2,13,3,0,2,0,0,1,0,1,0,0,1,6,0,1,1,0,1,1,9,1,3,1,1,5,2,0,0,0,0,4,2,2,1,0,8,8,2,3,1,0,9,1,1,4,1,0,0,0,0,2,0,3,1,0,0,5,0,4,1,2,0,2,0,3,0,1,0,1,2,8,2,2,1,0,0,1,0,3,1,1,0,0,1,0,1,0,0,1,1,1,3,1,3,1,0,2,1,1
2014/12/31,3,0,6,2,0,0,1,0,0,0,0,2,0,1,0,1,0,1,0,0,1,0,4,1,0,0,0,3,0,1,0,0,0,0,0,0,0,0,0,1,2,0,0,0,0,4,0,0,1,0,0,0,1,1,3,0,2,1,0,8,0,2,1,3,2,0,0,3,0,0,3,1,3,0,0,0,0,1,0,0,0,5,0,2,0,1,0,0,1,0,0,2,0,1,0,3,7,0,1,1
2015/01/01,4,0,0,4,6,0,0,3,0,1,0,1,0,2,0,1,0,0,0,0,5,0,3,1,0,13,4,1,0,1,0,0,1,0,0,1,3,0,0,0,0,2,0,0,0,9,1,1,0,1,0,0,2,3,2,1,4,2,0,1,0,0,1,2,2,0,2,2,2,1,2,4,0,0,2,2,0,2,0,1,0,1,4,0,0,0,1,0,0,0,0,0,0,0,1,3,0,1,1,0
2015/01/02,7,4,0,5,0,0,2,3,3,1,0,4,0,0,0,3,0,3,0,4,4,1,3,0,1,24,0,3,0,0,0,2,1,1,0,2,5,7,0,7,2,7,4,0,1,2,3,2,0,1,0,1,0,2,0,2,4,1,2,5,0,2,1,7,1,0,1,3,2,3,4,1,1,3,2,0,2,1,0,3,0,2,2,0,2,2,1,1,2,0,1,0,0,1,3,2,6,0,0,0
2015/01/03,1,3,0,11,3,0,20,23,4,0,0,0,1,0,4,4,0,1,1,0,4,1,3,0,0,6,6,2,0,1,2,0,0,3,0,0,5,2,0,1,1,5,2,0,3,19,2,0,0,3,0,1,1,3,1,3,3,1,1,0,2,2,1,20,1,1,2,3,0,5,5,2,3,1,7,0,1,2,0,1,2,11,3,1,2,4,2,0,5,0,1,0,2,2,1,1,9,3,5,0
2015/01/04,9,2,0,0,0,2,0,10,0,0,0,0,0,1,0,0,0,0,0,1,2,0,1,2,1,2,2,6,2,0,0,3,1,0,1,5,2,0,0,0,2,0,6,1,5,1,0,2,2,2,0,0,6,5,1,3,2,6,4,0,3,3,1,0,2,1,1,2,2,2,3,2,3,2,1,0,1,2,0,4,2,3,6,0,4,1,1,2,2,0,3,0,0,5,3,5,5,1,4,0
2015/01/05,5,0,0,0,1,0,0,10,0,1,0,0,0,1,1,1,0,1,0,1,7,1,10,2,0,7,0,5,0,0,1,0,1,2,0,0,2,6,0,1,1,34,1,0,6,10,1,1,3,1,0,1,0,5,0,0,0,3,4,7,0,0,2,0,0,0,1,3,0,2,1,0,0,0,2,0,0,2,1,2,3,5,1,0,0,0,1,1,0,0,0,2,2,0,0,3,3,0,0,0
2015/01/06,9,2,6,0,0,0,0,6,0,1,0,0,0,0,0,0,2,0,0,0,1,5,0,0,0,0,0,7,1,0,1,0,1,0,0,9,2,1,0,0,1,0,1,2,0,0,0,0,2,4,2,0,1,5,1,1,1,5,0,0,0,2,0,0,0,4,0,1,1,1,1,2,1,0,1,0,2,0,0,0,0,0,1,0,1,0,1,1,1,1,0,0,2,0,0,1,2,0,1,0
2015/01/07,3,0,0,14,2,0,0,6,0,0,6,0,1,8,0,1,2,0,0,0,1,0,0,0,1,3,14,0,1,1,0,1,0,1,1,0,1,6,5,2,1,0,5,0,15,2,0,0,0,0,0,1,0,3,0,0,0,1,0,4,0,0,0,0,0,1,0,2,1,1,0,3,1,0,2,0,0,2,1,3,0,1,0,0,0,0,1,0,2,0,0,0,0,2,2,0,4,0,2,1
2015/01/08,2,8,0,0,4,0,5,2,1,1,3,1,0,1,0,1,2,0,0,0,0,0,2,2,2,3,1,0,0,0,1,6,0,2,0,0,0,0,0,0,1,0,0,0,1,2,0,1,1,1,0,0,0,5,0,0,2,1,0,2,1,1,0,1,2,0,3,0,0,0,0,2,3,0,0,1,0,0,0,2,3,3,0,8,2,0,1,1,1,1,0,1,4,0,0,1,4,0,1,0
2015/01/09,3,0,3,39,2,0,3,17,0,0,1,0,0,6,0,3,1,3,1,0,0,0,11,2,3,3,4,0,1,0,1,3,2,2,1,2,0,0,0,1,3,2,0,1,5,1,0,2,1,0,0,1,1,2,2,0,0,3,0,2,1,0,1,6,1,4,1,3,0,0,1,0,2,0,0,3,1,0,0,1,0,2,0,1,1,1,0,0,0,0,0,0,0,1,1,3,5,0,0,0
2015/01/10,8,1,0,1,2,1,5,6,1,1,0,1,1,2,0,4,2,0,1,1,11,0,1,0,2,11,2,2,1,1,1,0,0,1,1,5,1,0,0,0,0,9,1,0,3,6,0,0,1,5,0,0,1,5,3,0,4,5,2,4,1,1,0,9,1,1,1,1,3,3,3,0,1,0,1,0,1,0,1,3,0,9,3,0,0,2,3,0,3,0,1,0,0,3,4,3,10,1,3,1
2015/01/11,8,10,0,4,1,0,2,2,1,0,3,1,1,0,0,0,2,0,0,2,0,2,1,0,1,4,2,5,0,0,0,0,1,0,1,0,0,0,0,0,2,2,7,0,0,2,1,1,4,1,4,2,5,5,3,0,1,2,1,7,0,2,1,2,1,1,0,4,1,2,2,0,3,0,2,2,1,2,0,4,0,2,1,1,0,3,0,3,5,0,2,2,0,1,6,5,2,1,2,0
2015/01/12,7,18,1,3,6,0,2,0,0,0,5,1,1,2,0,0,0,0,0,0,4,0,0,0,0,0,4,3,1,0,0,0,0,0,1,0,2,0,1,7,0,6,0,0,0,0,0,1,1,1,0,1,1,1,1,0,4,3,0,2,1,0,2,6,0,2,0,2,0,0,2,0,0,0,3,1,0,2,2,1,1,8,2,0,0,3,2,0,1,0,0,0,0,1,1,0,3,0,0,1
2015/01/13,3,0,2,0,4,0,0,17,1,1,6,0,0,7,1,2,1,2,0,2,4,0,2,0,0,1,4,12,0,0,2,2,0,0,0,1,0,0,0,0,1,1,1,2,2,17,0,0,2,1,0,0,0,1,0,1,5,3,2,1,1,1,3,0,2,0,0,2,1,1,1,0,0,0,0,1,1,1,0,1,1,4,5,0,2,1,0,0,3,0,1,0,0,1,3,1,0,1,3,1
2015/01/14,7,0,0,0,0,0,0,2,1,1,7,1,1,2,0,0,0,0,1,2,0,4,0,1,0,0,3,0,0,0,0,0,1,0,1,1,0,8,0,0,0,0,1,1,0,2,0,0,3,2,2,0,0,1,1,0,0,4,0,4,0,1,0,0,0,0,0,0,1,0,2,1,2,0,2,1,0,0,0,1,6,1,1,0,0,0,1,0,0,0,0,0,0,0,0,2,0,0,1,1
2015/01/15,11,6,0,2,2,0,0,0,1,0,3,0,0,1,0,3,0,0,0,0,12,0,0,1,0,4,3,1,4,0,1,3,0,0,0,0,6,2,1,0,1,16,2,0,4,1,0,1,2,0,0,0,0,2,1,0,1,1,1,3,3,1,1,3,1,0,2,2,1,0,3,0,3,0,2,0,1,1,0,2,0,1,3,1,1,0,0,1,0,0,1,0,0,0,2,0,0,0,1,0
2015/01/16,0,0,6,1,3,0,3,9,2,0,4,0,1,2,2,3,0,0,1,1,0,0,1,1,1,1,12,16,1,0,0,3,0,0,1,4,1,4,0,1,0,1,5,1,2,5,0,0,0,1,2,2,3,4,0,0,1,3,2,3,0,3,0,1,1,2,0,2,2,0,2,0,0,2,3,5,1,1,1,3,0,1,2,0,2,3,3,0,4,1,0,0,0,1,1,1,0,0,1,0
2015/01/17,3,4,0,35,0,2,1,5,0,0,0,3,1,1,1,3,0,1,1,1,2,0,0,1,1,0,0,3,0,0,0,0,0,1,1,10,0,4,0,1,2,8,1,0,0,3,0,1,2,0,2,0,2,5,1,1,1,6,3,4,3,1,0,9,0,2,0,2,1,1,2,0,1,2,1,0,0,2,0,1,1,5,3,4,1,2,1,2,3,0,3,3,0,2,4,2,0,1,2,0
2015/01/18,4,1,2,9,0,0,5,1,0,0,5,0,0,6,0,2,0,0,0,0,0,0,3,2,3,0,3,1,3,0,1,0,0,0,1,6,0,0,2,0,1,0,1,1,4,2,0,2,1,3,0,3,0,1,0,1,2,0,1,8,1,3,1,3,0,0,0,3,2,3,6,3,1,0,1,1,0,1,0,4,1,5,1,1,4,2,1,0,3,0,4,1,1,0,1,2,0,0,2,1
2015/01/19,4,5,1,0,0,0,0,0,0,1,0,0,0,1,0,3,0,2,1,1,0,1,0,1,2,12,0,0,0,0,0,0,0,2,1,0,0,5,0,0,0,3,12,0,0,1,0,1,1,2,0,0,0,2,1,1,2,3,1,2,0,2,1,7,1,1,0,3,0,3,1,0,2,0,0,0,1,1,0,1,0,2,0,0,0,2,1,0,2,2,0,1,2,1,0,1,0,1,2,0
2015/01/20,7,3,6,0,0,0,0,4,0,1,0,0,1,5,0,1,0,0,0,1,3,0,2,1,1,2,0,4,2,0,0,0,1,0,0,1,4,3,0,0,0,2,3,0,0,2,3,0,2,0,0,1,1,0,0,0,3,1,1,6,0,1,0,4,0,0,0,0,0,0,0,0,2,1,2,1,1,1,1,0,0,0,1,0,1,2,0,1,0,1,0,0,0,0,0,4,0,0,0,1
2015/01/21,2,2,0,0,4,1,0,6,2,0,1,1,0,2,0,1,0,0,0,0,4,0,0,1,1,0,0,0,0,0,3,0,0,2,0,4,0,0,0,1,0,0,2,0,0,0,0,2,3,0,0,0,0,4,0,0,3,1,1,1,0,1,0,2,0,0,0,0,0,3,1,0,1,1,3,0,1,0,0,1,2,2,0,1,0,3,0,0,1,0,1,1,0,1,4,1,0,4,1,1
2015/01/22,1,1,0,3,1,0,0,7,0,0,1,1,0,0,1,0,0,2,1,0,6,0,0,0,1,0,3,0,1,0,0,1,1,1,1,1,0,0,0,0,0,40,1,0,1,7,0,1,2,0,0,0,0,2,0,2,0,1,0,3,1,2,0,2,0,0,0,1,0,2,0,0,0,0,3,0,0,0,0,0,1,1,1,1,1,3,0,0,2,0,1,0,1,2,0,0,2,0,0,1
2015/01/23,5,0,3,0,1,1,0,11,1,1,0,1,0,1,0,2,1,0,0,1,6,0,5,1,1,2,2,3,2,1,1,3,0,2,1,4,3,24,0,0,0,3,1,1,0,1,0,0,0,0,0,3,0,1,1,3,1,1,0,6,0,1,2,3,0,1,0,1,0,0,2,0,0,1,0,1,0,1,0,3,4,3,1,2,0,1,4,0,1,0,2,0,0,1,0,0,1,0,3,2
2015/01/24,6,0,0,26,1,0,0,0,1,0,0,1,0,0,0,1,1,0,1,0,0,0,8,1,4,1,0,4,1,0,0,3,1,0,0,1,0,6,0,1,0,2,0,2,0,12,0,0,4,2,2,1,10,4,1,1,6,4,1,7,2,0,0,9,0,0,0,0,0,3,4,0,3,1,0,0,2,1,0,1,1,4,0,5,2,0,1,1,3,2,0,1,0,1,1,2,9,1,1,1
2015/01/25,4,6,0,7,1,0,0,3,0,1,2,0,2,3,0,0,1,1,1,0,0,0,2,1,2,0,7,0,0,1,1,0,2,1,2,1,2,2,0,0,1,0,1,1,0,2,2,1,2,0,0,0,4,5,1,2,9,3,0,4,0,4,1,6,0,1,1,0,0,2,2,0,4,0,1,4,1,2,0,2,2,5,0,2,3,0,0,0,2,1,3,0,3,2,3,2,4,0,4,1
2015/01/26,7,2,0,0,1,1,2,0,1,2,5,0,0,0,0,0,0,2,0,0,1,0,0,1,1,0,0,0,1,0,1,0,0,0,1,0,1,5,0,1,0,0,1,1,9,0,0,0,1,0,0,0,0,2,3,0,1,1,1,2,0,1,1,3,1,0,0,1,1,0,4,0,2,2,3,0,1,0,1,1,0,2,0,0,0,2,1,0,3,0,0,1,0,1,1,1,3,1,2,0
2015/01/27,1,0,3,0,1,0,0,1,1,1,3,0,0,10,0,0,0,0,0,0,0,0,1,0,0,12,1,1,0,0,0,8,0,0,0,3,0,0,4,1,2,28,0,1,3,1,0,0,0,1,0,1,0,3,0,1,1,0,0,0,1,1,2,4,1,2,1,1,0,2,1,0,4,1,0,1,1,0,1,0,0,5,1,1,0,0,1,0,0,1,2,0,1,0,0,0,5,0,0,0
2015/01/28,3,0,0,5,1,0,4,0,0,1,0,0,0,2,1,1,0,0,0,0,0,2,2,2,0,2,17,5,0,1,2,3,0,0,0,2,5,0,0,0,0,1,0,0,4,5,0,0,0,2,0,1,0,1,2,0,4,1,0,1,1,0,0,7,2,1,0,2,1,2,1,0,1,0,1,0,2,0,0,0,1,2,1,1,0,1,2,1,2,0,0,1,0,0,1,2,3,0,0,1
2015/01/29,5,0,1,1,6,1,1,24,0,2,5,2,0,0,0,1,0,0,1,0,0,0,12,0,0,0,2,0,0,0,0,0,0,1,1,1,0,2,0,1,0,19,0,0,3,0,1,4,0,2,3,0,1,1,1,0,2,1,1,2,3,0,2,2,0,0,1,1,2,0,0,0,0,0,1,0,0,0,0,2,5,5,1,1,2,0,1,0,1,0,0,0,0,0,0,1,0,0,1,2
2015/01/30,10,13,3,1,0,0,0,2,1,1,0,0,0,1,2,1,0,0,1,0,0,2,0,0,1,7,4,0,2,0,0,4,1,1,1,1,2,0,0,2,1,0,6,0,0,4,0,2,1,1,0,1,0,2,0,0,1,2,1,4,0,1,2,5,2,1,0,1,1,0,1,0,1,0,5,3,1,0,0,1,1,8,0,0,1,0,2,0,0,0,0,0,0,0,2,1,4,2,2,1
2015/01/31,4,20,2,17,6,0,8,8,1,0,6,0,2,7,0,4,0,0,1,0,21,0,8,0,5,6,17,2,1,1,0,1,0,1,1,2,0,0,1,0,1,2,0,2,4,16,0,0,1,2,1,1,4,3,2,0,4,5,2,5,0,1,1,6,2,2,1,2,2,0,5,0,4,1,3,1,2,0,0,2,0,4,2,0,0,2,2,1,0,0,4,0,1,1,1,2,5,1,3,5
2015/02/01,9,0,1,0,0,1,0,3,0,1,0,0,0,0,0,1,0,2,0,0,3,2,0,0,1,2,0,4,0,0,2,0,0,1,0,2,2,0,1,0,1,0,1,0,0,0,0,0,1,1,0,2,1,3,2,0,7,6,0,6,0,1,1,5,0,0,1,2,3,1,2,1,1,1,2,0,1,1,1,0,2,7,3,0,3,0,3,1,2,0,0,0,0,2,0,3,4,2,2,2
2015/02/02,2,0,0,2,2,1,3,0,0,2,1,0,1,1,0,0,1,1,0,1,0,2,0,0,1,0,2,0,0,0,0,1,0,1,0,0,0,0,0,0,0,2,0,1,2,0,0,0,0,0,0,0,0,2,1,0,0,3,0,10,1,0,0,2,1,2,0,1,0,2,1,1,1,1,1,0,0,1,0,0,2,1,1,0,1,0,2,0,2,0,2,0,1,1,0,3,3,1,1,0
2015/02/03,5,1,0,2,1,0,0,0,1,1,0,1,0,0,0,3,1,0,1,2,0,0,4,0,3,0,3,4,0,0,0,0,0,1,1,0,0,0,0,0,1,1,0,0,2,1,0,0,0,1,0,0,1,4,3,1,0,3,2,3,0,2,1,2,1,2,0,2,2,1,1,3,0,0,1,2,2,1,0,0,1,0,0,1,4,3,0,3,0,0,0,2,3,0,0,1,2,0,1,1
2015/02/04,6,0,0,0,3,1,1,4,0,1,0,1,0,7,1,1,2,0,0,0,0,0,1,0,2,2,6,2,1,0,3,1,2,0,0,1,7,0,0,0,0,1,0,0,1,3,0,0,3,4,0,0,4,1,0,0,1,2,0,3,1,0,1,3,1,0,0,1,1,4,0,0,0,0,1,0,0,0,1,0,1,1,0,1,0,1,0,0,2,0,1,0,1,2,0,1,5,0,2,0
2015/02/05,1,10,0,8,2,1,4,1,0,1,1,1,0,2,1,0,0,3,0,0,9,0,2,0,1,0,5,6,0,0,0,0,1,1,0,0,7,2,0,0,1,1,0,1,2,1,0,0,0,3,2,1,0,1,1,0,0,4,1,2,1,2,1,4,1,0,0,1,0,0,0,2,1,2,0,0,2,0,0,0,2,3,2,0,3,0,0,3,1,1,2,0,1,0,2,2,0,0,1,0
2015/02/06,1,0,7,1,0,0,0,4,0,0,2,0,0,4,0,0,0,3,1,0,0,3,7,0,1,3,2,1,1,0,0,4,1,0,0,3,0,0,0,0,0,3,0,0,2,6,0,0,0,2,0,0,0,3,1,0,0,3,1,5,1,0,0,5,1,0,0,1,0,3,1,0,0,0,1,0,0,0,0,0,1,5,1,0,0,0,1,1,2,0,1,0,1,2,0,2,1,0,1,0
2015/02/07,4,10,2,24,0,3,0,9,0,2,3,1,1,1,2,1,0,0,1,1,0,1,3,0,2,0,5,1,0,1,1,6,0,1,1,1,1,0,3,1,1,2,1,0,5,8,0,1,4,9,0,1,4,3,0,1,2,1,4,6,3,3,4,11,0,0,0,2,4,0,3,8,0,0,2,3,1,2,0,0,1,7,2,0,0,3,3,2,4,0,0,3,3,0,3,2,6,1,1,2
2015/02/08,10,1,1,0,3,1,0,2,0,0,4,0,0,4,0,2,0,1,0,0,0,1,1,3,0,5,8,3,0,0,2,0,0,0,0,1,4,1,0,0,0,1,0,0,27,2,0,1,1,3,0,0,3,5,0,1,4,3,1,1,0,2,3,8,1,0,0,2,0,3,6,0,1,0,1,2,2,2,1,0,1,12,2,2,1,1,1,0,2,0,1,0,0,0,0,3,4,1,2,3
2015/02/09,2,0,0,3,0,1,0,0,0,0,2,0,1,0,0,1,0,1,2,0,0,1,12,1,0,0,2,0,1,1,1,0,0,0,0,0,0,0,0,1,0,0,0,0,0,0,0,0,0,1,2,1,0,1,1,1,0,2,0,7,1,0,0,5,0,0,0,1,0,0,0,2,0,1,3,0,1,1,1,0,1,0,0,1,0,1,2,1,1,0,0,0,1,0,1,3,2,2,0,1
2015/02/10,5,10,0,21,0,0,1,31,1,2,10,2,0,4,0,2,0,0,0,0,9,0,4,0,0,1,3,0,1,0,0,0,0,0,0,1,0,6,1,3,1,2,8,0,0,1,1,1,0,1,0,0,2,0,1,1,1,1,2,1,2,2,1,0,1,0,0,2,2,1,4,0,2,0,0,0,0,0,2,0,1,2,0,0,0,0,0,1,0,0,1,0,1,0,3,3,2,0,3,0
2015/02/11,2,3,0,3,0,1,1,2,2,0,1,0,0,3,0,0,0,1,0,0,4,1,3,1,3,3,2,6,0,0,0,0,0,2,0,1,1,1,0,0,1,1,3,0,1,2,0,0,2,3,1,0,1,0,0,0,0,1,1,0,1,0,1,3,0,2,0,0,0,1,1,0,2,3,1,0,0,0,0,0,1,6,0,4,0,1,2,0,0,0,0,0,0,1,0,0,1,1,1,1
2015/02/12,0,0,0,15,0,0,1,4,1,0,2,0,0,0,1,2,0,0,0,0,3,0,0,2,1,0,10,4,0,0,0,0,0,0,0,0,3,4,0,0,0,23,1,3,2,5,0,1,0,1,0,1,0,0,1,0,1,2,0,4,0,0,2,3,0,0,0,2,0,0,0,1,0,1,1,0,1,0,0,2,0,1,0,0,0,1,1,2,2,0,1,0,3,0,0,2,4,0,1,0
2015/02/13,13,0,1,0,1,2,2,0,1,1,2,1,0,9,1,2,0,1,0,0,0,0,0,1,0,2,2,0,1,0,0,0,0,1,0,0,0,24,0,3,0,1,0,0,1,1,1,0,0,2,0,2,0,0,0,0,4,1,0,0,1,0,0,1,0,0,1,0,1,0,1,0,0,3,3,5,0,1,0,0,1,0,1,0,1,0,1,0,1,2,0,0,0,0,0,1,6,0,2,0
2015/02/14,5,0,2,36,2,1,3,0,1,1,4,0,0,3,2,2,1,0,1,0,0,1,0,1,0,0,0,0,0,0,0,0,0,1,1,0,5,5,0,0,0,1,3,3,4,3,1,0,0,1,0,0,2,1,3,0,0,1,1,3,1,2,0,2,0,0,0,4,1,3,1,2,0,1,1,1,0,2,2,0,2,3,1,0,0,3,1,0,2,0,0,2,1,1,1,2,4,0,1,2
2015/02/15,7,10,1,0,2,1,6,2,0,0,2,1,0,0,1,1,0,3,0,0,8,3,0,1,3,6,21,1,1,1,0,2,1,0,0,2,3,8,0,0,0,2,9,1,7,3,0,0,1,1,1,2,1,0,0,0,3,5,1,3,0,2,1,2,0,1,2,2,1,2,5,1,1,0,3,0,0,3,1,2,2,5,4,3,0,2,1,0,5,2,1,1,1,0,0,5,9,1,6,0
2015/02/16,6,0,1,5,3,0,0,0,1,0,0,0,0,2,0,2,1,0,0,0,0,2,0,1,0,2,1,5,2,0,0,0,1,3,1,1,0,0,0,0,0,7,0,1,1,4,0,1,1,2,0,1,2,6,1,1,4,2,1,2,3,0,1,5,1,2,1,4,1,1,1,0,4,0,0,2,0,0,0,2,3,4,1,1,1,2,0,1,0,1,0,1,0,2,2,2,5,0,2,1
2015/02/17,0,0,0,0,0,0,0,1,0,0,0,0,2,0,0,1,1,0,0,0,15,0,14,0,0,0,1,0,0,1,0,0,0,2,0,1,0,0,1,1,0,0,0,0,0,10,1,0,0,1,2,0,0,0,1,0,2,2,1,0,0,0,0,3,0,0,0,1,0,2,2,3,0,0,1,1,2,2,0,1,0,8,1,0,0,1,0,0,0,0,1,0,0,1,1,1,1,0,0,1
2015/02/18,2,12,2,4,4,0,1,0,0,2,2,1,0,0,0,1,0,0,0,0,3,2,0,0,0,0,2,4,0,0,1,0,0,0,0,1,2,0,0,1,0,32,13,0,2,0,2,0,0,1,0,1,0,1,0,0,3,3,0,1,0,0,0,3,0,0,0,1,2,0,1,0,1,0,1,0,2,1,0,1,2,0,0,1,0,1,1,0,4,1,0,0,2,2,0,2,8,0,1,0
2015/02/19,3,2,0,2,6,0,3,6,1,0,0,0,0,4,0,0,1,0,0,0,0,0,4,2,0,0,5,2,0,0,1,0,0,0,1,3,0,4,0,0,0,0,6,0,3,4,0,0,0,1,0,0,0,1,1,0,0,0,0,1,0,0,0,0,0,3,0,1,0,3,1,0,0,2,1,6,1,0,1,0,2,0,0,1,0,1,0,1,0,0,1,1,1,1,0,1,2,0,0,0
2015/02/20,3,0,6,0,3,1,2,12,0,1,3,0,0,5,0,2,1,1,1,1,2,0,0,2,0,0,7,0,0,0,0,0,1,0,0,1,0,3,0,0,0,0,10,0,2,12,0,2,0,0,1,1,4,3,0,0,3,3,0,2,1,1,1,4,1,1,3,0,0,2,1,0,1,0,0,0,0,0,0,0,1,1,1,1,0,2,0,0,0,0,1,0,2,2,0,3,2,1,2,2
2015/02/21,3,0,1,28,4,1,6,1,0,0,13,0,0,1,1,1,0,0,1,1,0,0,1,0,0,0,12,2,0,0,0,0,1,2,2,1,2,0,0,0,2,0,0,0,2,1,1,0,0,0,2,3,0,1,2,0,5,3,1,5,0,1,0,7,1,2,0,1,0,2,1,2,0,0,4,0,0,1,0,4,6,5,0,0,1,1,2,0,2,0,0,0,4,3,1,5,3,0,7,0
2015/02/22,7,0,1,7,2,2,0,4,2,1,0,1,1,1,0,1,1,2,1,0,0,1,0,1,1,0,4,2,0,0,0,5,1,1,1,3,1,0,0,1,1,0,2,0,4,0,1,0,1,2,1,0,1,0,0,0,3,3,1,6,3,3,1,4,0,1,0,2,5,4,1,1,1,3,1,1,1,2,2,5,0,4,0,1,4,1,1,1,1,0,7,2,1,0,4,6,5,1,5,0
2015/02/23,12,10,3,2,2,1,0,6,1,0,0,1,0,2,1,0,0,1,0,0,4,0,4,1,0,0,1,3,0,1,0,1,0,0,1,1,0,2,1,2,0,50,10,0,21,4,0,0,1,1,0,0,1,1,3,0,2,3,1,4,2,0,0,6,1,1,0,1,1,1,1,2,1,0,1,3,1,0,0,2,0,3,3,0,0,1,0,1,1,0,1,0,2,0,1,3,0,0,1,0
2015/02/24,3,0,0,2,6,0,6,0,1,1,0,4,1,8,0,0,1,0,1,1,10,1,0,0,1,0,2,9,0,0,0,0,0,0,1,3,0,0,1,0,1,0,4,1,2,0,0,1,1,6,0,1,0,0,1,0,2,1,0,2,2,2,0,3,0,1,0,2,0,1,0,0,0,1,1,0,0,0,0,2,1,0,0,0,0,0,1,1,2,0,0,0,1,1,0,0,1,0,1,1
2015/02/25,3,2,0,15,5,0,1,0,0,1,2,0,1,4,1,1,1,2,0,1,4,0,2,0,1,4,0,0,0,0,1,7,1,1,0,1,4,7,0,0,0,0,2,0,2,0,0,4,0,0,0,1,0,2,0,0,3,4,1,1,0,2,0,7,1,0,0,2,0,1,2,1,0,0,0,0,0,0,1,0,1,2,1,3,0,1,2,0,1,1,1,1,0,1,1,0,6,1,3,1
2015/02/26,1,0,0,0,4,0,2,0,2,0,0,0,0,3,2,2,0,0,0,0,0,0,7,0,4,0,5,0,2,0,0,0,1,0,0,2,0,0,4,0,0,0,3,0,4,4,1,0,0,1,0,1,1,2,0,0,0,1,0,2,0,0,1,1,0,1,0,2,0,1,0,0,1,0,3,0,0,0,1,0,2,3,2,0,0,0,1,0,3,1,0,0,1,0,2,1,1,1,1,0
2015/02/27,2,9,0,0,7,0,0,2,1,0,0,1,0,1,0,0,0,0,1,0,0,2,0,1,0,0,1,5,5,1,0,1,1,1,0,2,2,2,0,1,1,2,9,0,0,3,1,0,2,4,0,3,1,2,2,1,0,0,3,3,1,0,1,3,1,2,0,0,0,2,1,0,0,4,3,0,1,1,0,2,1,1,2,0,3,2,0,0,1,0,1,2,1,0,2,3,5,1,2,0
2015/02/28,3,8,7,14,3,3,0,22,0,2,4,0,0,4,0,5,1,0,0,1,0,1,6,2,3,1,2,2,2,1,0,1,1,0,4,1,9,2,4,0,0,19,3,0,3,11,0,0,1,3,0,2,1,0,0,0,3,4,0,8,0,2,0,4,1,1,3,2,0,3,2,2,1,0,2,1,1,0,2,5,0,10,6,0,4,0,1,1,1,2,1,0,2,1,1,4,7,1,1,1
2015/03/01,7,15,1,37,2,0,2,1,2,2,4,2,4,4,1,0,5,0,0,1,4,0,1,2,1,2,4,5,0,0,0,0,1,1,1,4,2,13,1,2,0,3,4,0,6,0,1,3,2,2,2,0,0,1,1,1,1,1,2,5,0,2,0,5,0,1,0,2,2,3,2,5,3,0,0,0,1,2,2,4,2,6,1,0,0,3,1,1,1,1,3,1,0,1,0,6,9,2,1,0
2015/03/02,2,5,0,3,5,0,2,4,2,1,0,1,0,3,0,1,0,2,0,1,0,0,4,0,3,1,3,1,0,0,1,0,0,1,1,0,0,2,3,0,0,0,2,1,3,4,0,0,1,2,2,0,0,2,1,0,2,3,0,4,0,0,1,4,0,1,2,2,0,1,1,0,0,1,0,6,1,1,0,2,1,1,0,1,1,0,1,0,2,0,0,0,4,1,2,2,6,0,0,0
2015/03/03,7,0,0,0,1,0,0,0,0,0,0,0,0,3,0,0,1,2,0,0,0,2,0,1,0,0,0,0,1,0,0,0,1,0,1,0,0,0,5,0,0,0,0,0,0,0,0,1,1,3,2,0,0,0,1,0,0,1,1,1,1,0,1,8,0,2,0,1,0,2,1,3,0,0,0,1,0,0,1,0,1,10,2,0,1,2,0,1,2,1,0,0,1,2,3,1,5,0,3,0
2015/03/04,0,0,3,0,0,0,1,0,3,1,0,0,0,0,0,0,1,0,0,1,3,0,4,0,0,2,0,0,1,0,0,2,1,0,1,3,0,0,1,0,0,2,0,0,0,2,0,2,0,0,0,0,0,0,2,1,1,0,0,3,0,0,0,5,0,0,0,0,0,0,1,0,1,0,0,0,0,0,0,1,2,2,0,1,0,1,1,0,1,0,0,0,1,2,2,0,1,0,0,0
2015/03/05,2,1,0,2,1,1,0,16,1,0,0,0,0,6,0,3,1,0,0,0,0,0,7,0,0,2,2,0,0,0,1,0,0,0,2,0,0,0,0,0,0,5,1,0,0,21,0,1,0,1,0,0,1,0,1,2,4,2,1,4,0,1,0,4,0,0,2,1,0,1,1,1,2,0,0,0,0,0,0,2,0,3,2,0,0,1,0,2,1,0,0,2,2,0,3,3,1,0,1,2
2015/03/06,4,12,5,1,1,0,0,0,0,3,1,1,0,3,0,2,3,0,0,1,6,1,8,2,0,4,0,0,0,0,2,2,0,0,1,2,0,0,1,1,0,3,7,1,0,2,0,0,1,4,0,0,0,1,1,0,0,0,0,5,2,0,0,8,0,0,0,1,1,1,1,2,1,1,0,0,0,1,0,1,0,2,0,1,0,1,1,0,0,1,0,0,0,1,2,5,7,0,3,1
2015/03/07,3,5,3,0,2,0,4,0,0,1,9,0,1,3,1,1,0,0,0,1,9,3,0,0,4,34,3,0,1,1,1,0,2,1,0,1,5,13,2,0,1,2,2,0,4,6,0,0,1,0,1,0,2,0,2,0,6,4,2,6,3,3,0,6,0,2,0,2,0,2,1,1,3,0,0,2,0,2,1,1,6,5,1,0,2,2,3,1,1,1,1,0,1,1,0,6,3,0,1,2
2015/03/08,9,8,0,31,4,0,1,0,0,0,5,1,0,0,1,3,1,1,1,1,18,1,0,0,2,0,3,0,0,0,2,0,0,0,1,1,0,4,1,1,0,0,1,1,8,8,1,0,2,1,0,3,2,0,2,0,9,3,2,0,0,0,2,6,0,1,1,0,1,3,1,5,1,0,2,1,0,4,0,3,0,4,3,0,1,2,2,11,1,0,1,1,3,0,2,8,6,2,2,1
2015/03/09,3,5,0,24,1,0,0,3,0,0,1,0,0,0,0,4,0,0,0,0,0,0,0,0,0,1,1,0,1,0,0,0,0,2,1,1,3,0,0,0,0,30,0,1,1,2,0,0,1,2,0,0,0,1,1,1,0,3,1,2,0,0,0,5,1,2,0,1,0,2,3,0,0,1,1,1,0,0,0,1,0,2,1,0,0,0,1,0,0,0,0,0,0,0,0,1,3,0,0,0
2015/03/10,4,8,3,0,0,0,1,1,1,1,0,0,1,2,0,2,1,0,0,0,0,0,4,1,0,5,1,0,1,1,1,1,0,0,0,0,4,0,0,1,0,5,4,0,0,6,0,2,2,2,0,0,0,0,0,1,2,0,0,4,0,2,0,3,1,1,0,1,0,1,1,3,3,0,2,1,0,0,0,3,0,2,0,0,2,1,1,5,0,0,0,0,0,0,2,1,1,0,0,0
2015/03/11,2,12,0,0,3,0,0,0,0,1,1,1,0,5,0,0,0,0,0,1,0,0,0,2,0,3,6,11,0,0,1,1,0,0,0,3,6,0,0,1,0,0,11,0,6,12,1,0,1,1,0,0,0,2,1,1,0,0,0,2,2,2,1,2,3,0,0,3,1,0,0,0,1,0,0,0,0,2,0,2,1,10,0,0,1,0,0,1,0,2,0,0,3,1,1,1,1,0,0,1
2015/03/12,4,2,0,2,6,1,9,3,2,1,1,0,0,0,0,1,0,0,0,1,0,1,3,1,0,3,4,0,0,0,0,0,0,2,0,3,0,1,0,0,0,0,2,0,2,3,0,0,0,0,0,1,1,0,0,0,2,1,0,5,0,1,0,4,1,1,1,1,0,1,0,2,1,0,0,1,0,1,0,2,0,4,1,0,2,1,1,4,1,0,0,1,1,0,0,2,2,1,0,0
2015/03/13,5,0,1,1,5,1,3,0,0,0,3,1,0,4,1,1,0,0,2,0,1,0,0,1,0,0,4,6,0,0,0,2,0,0,0,2,0,0,0,0,0,0,0,1,4,2,0,0,2,5,0,1,0,3,1,0,0,0,0,3,1,1,2,16,0,1,1,1,0,0,0,2,0,1,0,0,1,0,0,1,0,4,1,0,2,2,0,2,4,0,0,0,0,0,2,1,1,2,3,0
2015/03/14,9,6,1,30,1,0,8,0,0,1,0,1,0,2,0,0,1,1,0,0,0,0,6,0,0,0,5,2,0,0,2,4,1,0,0,6,2,3,0,1,0,8,2,2,2,18,0,0,3,0,0,1,0,1,1,1,3,0,2,3,1,1,0,7,0,1,2,1,1,2,0,4,1,0,2,0,3,0,0,3,2,4,1,0,3,2,3,3,2,0,1,0,1,1,0,1,7,1,1,0
2015/03/15,10,0,2,1,0,0,0,14,0,1,0,2,0,5,2,0,0,1,1,1,0,0,0,0,0,4,0,1,1,1,0,1,3,0,1,0,8,0,0,1,1,4,4,0,0,6,1,1,1,4,0,2,0,0,2,1,6,3,0,3,0,1,0,6,1,1,1,0,0,1,2,0,3,0,2,1,2,0,2,1,1,3,0,2,0,1,1,0,5,0,5,0,3,3,6,4,6,2,3,1
2015/03/16,7,0,2,8,9,1,0,12,1,0,5,1,2,1,1,0,1,1,0,1,0,0,12,0,0,0,4,0,0,0,2,0,0,2,1,1,0,0,0,1,0,12,10,0,2,12,0,0,0,1,0,0,1,0,0,0,2,0,1,6,0,1,0,1,1,0,0,0,0,2,1,0,1,1,2,2,0,0,0,3,1,1,0,0,2,0,2,0,0,0,4,2,0,0,1,4,0,0,1,0
2015/03/17,0,0,5,0,2,0,0,13,0,1,2,0,0,2,2,0,0,1,1,3,1,0,3,1,1,6,2,1,0,1,3,1,1,4,2,2,0,4,0,2,0,3,3,1,2,4,0,0,0,0,0,1,0,0,1,0,1,1,1,2,0,0,0,5,3,0,0,0,0,0,1,0,1,1,0,0,1,1,2,0,1,1,0,2,2,2,2,3,0,0,3,0,1,0,0,0,4,0,0,1
2015/03/18,0,0,0,3,1,0,1,0,0,0,0,0,1,2,0,0,0,0,0,0,6,1,0,0,0,0,2,0,0,0,1,3,1,2,0,1,0,3,0,1,1,0,0,0,1,0,0,0,1,2,1,1,1,1,3,0,2,0,0,1,1,0,0,3,0,1,0,0,1,1,0,2,0,0,1,1,0,1,0,0,1,2,2,0,3,0,2,1,0,0,0,0,2,0,1,1,1,0,0,2
2015/03/19,0,10,0,1,2,0,0,3,0,0,0,0,0,1,0,2,2,0,0,0,1,0,1,1,1,2,0,1,0,0,1,0,1,0,0,3,0,0,0,0,0,4,2,0,0,0,1,0,0,0,0,2,1,0,2,1,0,0,0,0,1,1,1,2,0,0,0,0,1,1,1,2,1,0,0,1,0,1,0,0,0,1,0,1,1,0,2,3,0,0,1,0,2,2,2,3,3,0,0,0
2015/03/20,6,2,1,2,0,0,0,0,0,1,5,1,0,0,0,2,1,1,1,0,0,1,0,1,2,0,1,0,0,0,1,0,0,0,0,2,0,6,0,0,0,0,2,0,3,4,0,3,1,0,0,0,0,2,1,0,1,1,0,3,2,2,0,14,0,1,1,0,0,1,2,2,1,1,0,0,2,3,0,2,1,5,0,0,3,2,1,3,0,0,0,0,0,1,3,2,5,0,2,0
2015/03/21,3,2,1,31,0,0,0,3,0,0,1,2,0,1,1,1,2,0,0,0,0,3,5,0,0,0,0,4,0,0,1,0,0,1,3,0,3,0,0,0,0,1,0,0,0,16,0,1,1,0,0,2,3,3,3,0,0,0,3,10,0,1,0,8,0,2,1,0,1,2,1,0,0,1,1,1,1,1,0,2,2,2,6,1,4,1,1,1,1,1,1,1,3,2,2,2,6,0,1,1
2015/03/22,1,0,0,12,3,0,0,2,1,0,3,0,0,4,1,0,0,1,0,0,0,0,2,2,1,6,9,0,0,0,1,0,0,0,1,0,0,2,1,1,0,1,0,0,4,0,0,0,2,2,0,0,2,0,0,0,0,0,1,2,0,0,1,9,1,1,0,0,1,4,1,5,1,1,2,0,0,0,1,4,3,8,2,1,1,4,1,5,1,1,3,0,3,0,4,5,8,2,1,2
2015/03/23,4,2,0,0,0,1,0,4,0,0,0,0,1,1,0,6,0,0,0,0,10,0,2,4,2,3,0,0,0,0,1,4,0,2,1,5,0,0,0,0,0,6,2,0,0,3,0,0,1,2,0,1,0,2,3,2,0,0,1,2,0,3,0,3,0,3,1,0,1,2,0,2,0,0,2,1,1,1,1,1,0,0,1,0,1,0,1,1,0,1,1,1,1,1,1,1,1,1,2,1
2015/03/24,4,0,0,0,6,0,0,0,0,0,1,0,0,4,0,1,0,0,0,0,1,0,4,0,1,4,5,0,0,0,0,7,1,0,2,0,0,2,0,1,0,6,14,0,2,0,0,0,0,0,0,0,0,0,0,0,1,0,0,2,3,0,0,2,0,0,0,0,1,2,4,2,0,0,0,5,1,0,0,2,4,1,9,3,0,2,1,2,0,1,1,0,1,0,0,1,3,1,2,0
2015/03/25,4,3,0,1,8,0,0,4,3,2,4,1,0,1,0,1,0,1,1,1,0,1,4,2,1,0,2,2,1,1,1,0,0,0,0,0,0,1,1,2,0,25,7,0,2,20,0,0,1,0,0,0,0,0,2,0,2,2,1,0,1,1,1,8,0,3,2,0,1,0,1,1,1,2,2,1,2,1,0,4,0,0,1,0,2,2,1,0,3,1,1,0,0,0,1,1,1,0,0,0
2015/03/26,1,6,0,8,0,1,0,4,0,1,4,0,1,0,0,1,0,1,0,0,0,0,0,1,0,2,5,0,0,0,1,3,0,0,1,0,0,1,0,0,0,0,1,0,3,2,0,1,1,0,0,0,3,2,0,3,2,3,0,1,0,0,1,5,0,3,0,2,2,1,0,0,0,1,0,2,0,0,0,0,0,3,0,1,2,1,1,1,4,0,0,0,1,2,1,0,2,0,1,0
2015/03/27,2,0,1,0,0,0,0,0,0,0,61,0,0,0,0,0,0,1,0,1,5,0,2,2,3,1,6,1,0,1,0,2,0,0,0,0,0,0,1,0,1,0,1,0,0,5,0,0,2,4,0,0,0,1,1,0,0,2,0,3,1,0,0,9,0,3,2,1,1,1,0,0,1,0,0,0,1,3,0,2,2,0,1,0,2,2,1,0,2,1,1,3,1,0,2,3,3,0,3,0
2015/03/28,9,0,1,14,0,0,0,11,1,0,0,2,2,1,3,3,0,0,1,0,4,0,0,2,0,1,0,1,0,0,0,0,0,0,0,2,0,0,4,2,1,0,0,1,0,10,2,0,1,1,0,3,0,0,1,0,3,5,2,2,1,2,3,9,1,0,0,1,0,1,0,3,2,1,1,1,0,2,0,7,1,4,1,0,3,0,4,1,0,1,1,0,0,0,4,3,7,1,3,1
2015/03/29,6,18,0,28,2,1,0,0,0,0,0,0,0,6,0,1,0,0,1,1,0,0,0,0,0,3,12,1,0,0,1,0,0,1,2,0,6,0,3,0,0,0,2,0,5,5,0,3,0,3,1,0,1,2,0,1,2,2,2,7,1,6,0,6,0,1,1,2,1,2,3,0,0,0,2,1,1,2,1,0,1,7,0,2,3,1,2,0,2,0,2,0,1,0,2,4,9,0,3,0
2015/03/30,4,20,2,1,0,0,2,4,1,1,1,0,0,2,1,2,0,0,0,3,6,0,0,0,0,16,3,5,1,0,0,0,0,1,2,2,3,0,0,0,0,0,4,2,4,1,0,1,0,2,0,0,0,0,0,0,1,3,1,6,0,0,0,1,0,0,1,1,0,0,3,0,0,0,0,0,2,0,0,3,0,3,0,0,0,0,1,0,0,1,0,1,1,0,1,1,2,1,1,0
2015/03/31,3,9,12,1,0,0,1,0,0,0,2,0,0,1,1,0,0,0,1,2,0,0,2,0,0,0,2,0,0,0,1,0,0,0,0,1,0,0,1,0,0,3,0,1,3,11,0,0,0,0,1,0,1,1,0,0,1,1,1,3,1,2,0,1,1,2,0,1,3,1,1,1,1,0,1,4,1,0,0,1,2,4,0,0,1,0,0,0,2,0,1,0,0,0,0,1,1,0,1,0
2015/04/01,11,3,0,4,0,0,7,0,0,1,0,0,1,0,0,2,0,0,0,0,4,1,0,0,2,0,0,5,1,0,0,1,0,0,0,2,0,2,0,0,2,1,1,2,2,1,0,0,1,1,0,0,0,1,0,0,2,1,1,3,0,0,0,1,0,1,1,0,2,0,1,2,3,0,0,2,1,0,0,1,0,2,1,1,1,2,3,0,2,0,0,1,0,1,5,1,10,2,0,0
2015/04/02,1,0,0,1,1,0,0,8,0,0,3,1,0,3,0,1,1,0,0,0,0,4,1,0,0,2,1,0,2,0,0,0,1,1,0,0,2,0,1,1,0,7,0,0,1,2,2,0,0,1,1,0,0,1,0,0,2,1,1,2,0,0,1,5,0,1,10,0,0,1,1,2,1,0,1,0,1,1,0,1,2,4,2,0,0,1,0,0,1,0,0,0,0,1,2,5,3,0,1,1
2015/04/03,5,0,0,0,5,0,0,3,0,0,0,1,0,3,0,0,0,0,0,2,0,0,2,2,0,1,0,12,1,0,1,0,0,2,1,2,10,0,0,1,1,1,11,0,0,2,0,2,1,0,0,1,1,3,0,0,3,4,2,4,0,0,0,6,0,0,0,3,0,0,1,0,7,0,0,1,0,3,1,3,1,6,0,5,1,0,1,1,2,1,1,1,3,1,4,0,1,1,1,1
2015/04/04,8,4,3,17,3,1,0,0,1,0,3,0,0,6,1,2,1,2,1,0,1,0,0,0,1,0,12,1,0,1,0,1,0,0,1,2,12,8,0,2,0,1,5,2,2,1,1,3,1,1,0,1,0,1,0,0,5,1,2,3,0,2,2,6,0,3,0,1,1,1,0,2,2,2,0,0,2,2,2,3,6,2,3,0,1,1,1,0,0,0,1,2,2,2,3,3,6,0,9,0
2015/04/05,6,1,1,0,5,0,4,6,0,1,8,2,1,1,0,0,3,0,0,4,0,0,2,2,2,1,2,0,1,0,0,2,0,0,0,1,0,0,0,0,0,2,1,0,0,1,0,1,1,2,1,1,0,4,1,0,2,1,2,3,0,3,1,3,2,1,0,1,2,3,2,3,0,0,1,0,1,1,2,3,1,3,2,0,1,1,1,1,1,0,0,1,1,1,2,9,5,2,2,1
2015/04/06,6,16,1,12,3,0,2,6,0,5,1,0,0,2,0,1,1,0,0,1,0,0,0,0,1,0,1,0,2,0,0,1,2,1,1,1,0,0,0,1,2,0,6,1,10,1,0,1,1,1,0,1,2,1,1,2,0,1,1,1,0,1,0,4,0,0,0,1,0,2,3,2,2,8,2,2,0,0,0,0,0,3,0,2,2,1,3,1,2,1,0,0,0,1,2,3,3,0,4,0
2015/04/07,1,7,4,3,1,1,3,0,1,0,0,0,0,0,2,0,2,0,0,0,11,2,4,0,0,0,1,7,2,0,1,3,1,0,0,1,0,0,0,0,0,8,8,0,2,3,0,0,1,3,0,0,0,1,0,0,0,0,0,1,0,0,0,6,0,1,0,1,0,0,1,1,1,0,0,1,0,2,0,1,1,0,2,0,0,1,2,0,0,1,1,1,1,1,0,2,2,1,0,0
2015/04/08,4,12,2,1,1,0,3,0,1,0,0,0,0,3,0,0,1,1,1,0,0,1,1,0,0,1,4,0,4,0,0,1,0,1,1,1,6,6,1,0,0,1,12,0,2,6,1,0,2,2,1,0,1,0,0,0,2,2,2,3,0,2,0,5,1,0,0,1,0,2,0,2,1,0,0,0,0,0,0,0,2,4,5,0,0,3,2,0,0,0,0,2,2,0,1,3,3,1,2,0
2015/04/09,2,2,0,0,1,0,1,0,1,0,0,1,1,2,0,1,0,0,0,0,0,0,2,0,0,0,0,2,0,0,1,0,2,2,1,2,0,2,0,1,0,0,2,0,0,4,1,0,1,0,0,0,0,1,0,1,0,0,0,3,0,0,1,5,3,1,0,0,1,0,0,1,3,1,0,0,3,0,0,3,2,10,1,2,0,0,0,0,3,1,2,1,0,1,1,2,1,1,0,0
2015/04/10,2,5,0,0,0,1,1,0,0,1,0,0,0,3,1,0,3,0,0,0,0,0,7,1,0,4,0,2,0,0,0,0,1,0,1,0,18,6,1,0,1,13,15,1,0,18,0,1,0,0,0,0,0,2,2,0,3,1,2,5,0,1,1,5,0,0,0,0,0,1,2,0,0,3,1,4,1,1,0,1,0,3,0,4,1,0,4,0,1,0,0,0,1,1,2,1,4,1,0,1
2015/04/11,3,0,1,11,0,0,6,2,0,0,7,3,1,0,1,1,0,0,0,0,5,0,2,0,1,4,5,0,0,0,0,4,0,0,1,0,0,0,0,1,0,0,0,1,4,2,0,2,0,1,0,0,2,0,2,0,1,2,0,6,0,0,1,7,0,3,1,1,0,3,4,1,3,0,2,1,0,1,0,4,1,0,3,1,1,5,1,1,0,1,1,1,2,1,3,2,5,1,3,0
2015/04/12,3,0,0,24,13,3,6,3,0,1,2,1,0,3,1,2,0,0,1,2,7,1,1,2,3,0,2,4,0,0,0,1,1,0,4,2,0,0,0,1,0,0,6,0,1,3,1,1,2,0,0,3,1,1,1,1,0,4,1,3,1,2,4,6,0,0,2,1,1,2,2,1,1,0,1,4,2,1,0,3,1,1,2,1,1,2,3,0,1,0,3,0,1,0,1,3,4,0,5,2
2015/04/13,5,0,0,48,0,2,2,7,0,0,0,0,0,2,0,1,0,0,0,0,3,1,4,0,0,2,0,1,0,0,0,0,0,2,0,3,9,0,0,0,1,0,12,0,3,2,1,0,1,2,0,0,1,1,1,1,3,2,1,3,2,2,1,3,0,1,0,1,1,0,0,2,1,0,0,0,0,0,0,2,1,1,2,0,1,1,1,0,2,1,0,0,0,0,0,0,4,0,1,0
2015/04/14,7,0,0,0,1,0,0,10,1,1,0,0,0,2,0,1,0,0,0,0,7,0,3,2,0,7,0,0,4,0,0,0,1,1,0,0,4,0,0,1,0,0,1,2,0,5,0,0,0,2,0,1,1,0,2,0,1,1,0,3,1,1,0,4,0,1,0,0,0,1,0,0,1,0,0,0,4,0,0,0,0,4,0,0,0,0,0,1,0,1,0,1,1,1,2,1,4,0,0,0
2015/04/15,9,0,3,0,0,0,0,0,0,0,2,1,0,1,1,0,1,0,0,1,0,1,0,0,0,0,5,0,0,0,3,1,0,1,1,0,0,0,0,0,1,0,0,2,2,0,0,1,1,1,1,1,0,0,0,0,2,1,1,4,1,0,0,4,0,1,1,0,1,2,2,0,0,1,0,1,0,0,0,1,1,3,2,0,2,0,0,0,0,1,1,0,3,2,1,1,0,1,4,0
2015/04/16,5,15,0,0,0,1,0,0,1,0,0,1,0,5,0,1,1,0,0,0,0,0,0,2,0,0,0,0,0,0,2,0,2,1,1,1,0,16,2,0,1,30,0,0,0,0,1,0,4,0,0,1,1,0,1,0,0,2,0,4,1,2,0,2,1,0,1,0,2,2,0,1,2,0,1,0,0,0,1,2,0,4,0,2,0,0,0,1,0,1,1,0,1,0,0,0,1,0,1,0
2015/04/17,4,0,5,14,1,0,1,0,0,0,1,2,1,1,0,2,0,0,0,3,0,0,0,1,0,0,1,0,0,0,0,0,0,1,2,3,0,0,0,0,1,0,0,0,2,0,0,0,1,1,0,0,1,1,1,0,0,1,1,2,1,3,0,3,0,0,0,2,0,0,0,0,0,1,1,0,1,0,0,1,1,6,0,0,2,0,1,1,0,0,0,0,1,0,0,3,1,0,1,4
2015/04/18,3,8,0,33,0,1,0,11,3,0,5,2,0,1,1,4,0,1,0,0,0,0,0,1,1,2,2,0,0,1,0,5,0,0,0,7,8,4,0,1,0,0,8,1,1,10,0,0,1,10,2,0,0,2,2,0,4,3,3,7,3,2,1,12,1,0,0,0,1,4,2,0,1,3,1,0,1,4,0,3,0,7,3,0,0,2,2,0,1,0,1,1,0,2,2,3,1,1,2,0
2015/04/19,1,2,2,0,3,0,0,9,0,0,4,0,1,2,2,0,1,1,0,1,0,0,7,2,0,4,5,0,2,0,1,0,1,0,2,1,0,6,0,1,0,4,4,1,3,4,2,2,0,0,3,4,3,1,4,1,1,4,1,3,0,1,2,7,0,1,2,6,2,0,0,0,5,0,1,9,2,3,0,3,3,8,1,3,2,1,3,0,2,0,0,1,2,0,1,2,7,0,3,0
2015/04/20,11,4,0,0,4,0,0,3,0,0,0,0,0,4,1,1,0,3,0,1,2,1,0,1,0,0,3,0,2,0,0,1,1,0,0,1,0,1,0,0,0,0,6,1,2,0,1,1,3,1,0,2,1,2,1,0,1,1,1,5,1,1,1,5,0,0,0,0,1,1,2,0,1,0,0,1,0,1,0,0,0,10,4,0,0,2,0,0,2,0,0,1,2,2,1,0,4,1,0,0
2015/04/21,12,1,2,0,0,1,0,4,0,1,2,0,2,2,0,0,0,0,0,0,6,0,3,1,3,4,2,0,3,0,1,0,0,1,0,1,14,12,1,0,0,2,12,0,3,3,0,1,1,0,0,0,2,1,0,0,2,2,1,1,3,0,0,7,0,0,0,0,0,1,2,0,2,3,0,0,2,1,0,1,3,3,1,0,4,0,2,0,0,2,1,0,0,0,0,3,5,0,0,0
2015/04/22,4,2,0,0,4,0,2,0,0,0,0,0,0,0,1,3,0,1,0,1,0,1,0,0,0,2,0,2,0,0,0,0,0,0,0,0,0,2,0,0,0,0,0,2,0,12,0,0,0,1,0,0,0,2,2,0,1,3,2,1,0,1,2,8,0,0,1,1,3,2,1,1,0,0,0,1,1,1,1,1,2,0,2,10,5,1,1,0,0,0,0,1,1,0,1,2,2,0,3,0
2015/04/23,1,10,0,0,0,1,3,0,0,0,1,0,0,4,1,1,0,0,0,0,7,0,0,0,0,0,0,2,1,0,0,0,1,0,0,5,12,12,0,0,1,0,12,0,2,12,0,1,0,0,1,4,0,1,2,0,0,2,1,2,1,1,0,2,0,0,1,0,1,1,0,0,0,0,0,0,2,1,0,2,1,5,2,0,1,2,0,0,1,0,0,2,1,1,4,0,2,0,0,0
2015/04/24,1,5,0,13,3,0,1,5,0,0,1,0,1,4,1,0,0,1,2,0,2,1,4,2,0,11,3,2,0,0,2,0,1,1,0,0,1,7,0,1,0,3,5,0,1,2,0,1,1,2,0,4,1,3,2,1,2,4,1,0,0,0,0,2,0,0,0,1,1,1,3,0,2,1,0,2,0,2,1,1,0,2,1,1,1,1,1,1,0,0,0,0,1,0,1,3,3,0,2,1
2015/04/25,12,3,4,0,2,0,3,7,0,1,0,3,0,0,1,1,1,1,0,0,7,3,1,1,0,9,2,4,0,0,1,0,0,0,1,0,4,1,0,1,0,2,11,0,1,5,0,0,0,1,0,0,0,1,1,0,2,1,1,8,0,2,0,6,4,2,3,3,1,3,4,1,1,0,0,2,4,1,1,1,0,5,5,1,2,0,0,0,2,0,0,0,2,0,2,3,6,1,2,4
2015/04/26,5,11,2,0,1,0,0,1,0,0,4,1,2,3,0,3,5,2,1,1,14,2,3,0,3,3,2,10,0,0,0,0,0,1,0,1,12,3,0,1,0,3,13,0,0,5,1,0,0,3,6,0,1,4,1,0,3,2,2,2,1,3,2,2,0,3,0,1,1,1,2,4,1,0,0,2,1,0,1,0,1,12,0,0,2,3,2,1,0,1,1,0,0,1,4,7,1,0,3,1
2015/04/27,3,1,0,1,0,0,0,0,1,0,3,0,2,9,1,1,0,0,0,2,0,0,0,0,1,0,1,0,1,0,1,1,0,2,1,5,0,0,4,0,1,0,1,8,3,0,0,0,1,0,0,0,0,2,0,0,0,2,1,1,0,0,0,4,0,1,0,0,0,2,1,1,1,0,0,0,0,0,0,1,0,1,2,3,1,2,1,0,0,0,1,0,0,0,0,0,1,0,1,4
2015/04/28,3,6,0,6,2,0,0,1,0,2,6,0,0,0,1,1,0,1,1,0,10,0,0,0,0,0,0,0,0,1,0,0,2,0,1,1,1,4,0,2,1,4,0,0,2,3,0,0,1,1,0,2,1,2,0,1,1,2,2,2,0,0,0,6,0,1,2,2,3,0,1,0,3,0,0,0,0,0,0,0,1,3,2,0,4,1,0,0,1,0,0,2,0,0,0,1,2,0,3,1
2015/04/29,5,0,0,0,0,0,0,6,0,2,0,3,0,1,0,0,0,0,0,0,3,1,0,0,4,5,7,2,0,1,0,0,0,0,0,0,0,0,3,0,0,5,3,0,6,2,0,0,2,1,1,0,0,0,0,0,0,2,1,1,1,1,0,5,0,0,0,0,2,1,1,1,2,1,0,0,0,0,0,1,0,5,1,0,5,1,2,0,0,0,1,1,0,0,3,1,1,0,1,2
2015/04/30,3,5,4,2,24,1,0,1,0,0,3,0,0,5,0,2,0,0,0,0,3,0,0,0,2,0,0,0,0,1,1,0,0,1,0,1,12,12,0,1,0,1,21,0,0,0,1,0,1,2,0,0,0,0,0,0,0,2,0,6,0,0,0,0,0,2,0,0,0,0,1,1,0,0,0,0,0,0,1,1,0,0,0,0,0,0,0,0,0,0,0,2,1,1,0,0,3,0,0,1
2015/05/01,5,2,0,43,1,1,10,16,0,1,7,0,0,0,0,0,1,0,0,0,5,0,4,2,2,3,1,6,1,0,1,0,1,2,0,0,4,21,0,0,1,3,10,2,1,3,1,0,2,2,0,2,3,0,3,0,0,3,0,6,1,2,1,9,1,1,1,1,2,0,0,2,2,0,1,0,0,0,0,1,1,6,4,2,1,0,2,0,0,0,1,2,1,1,2,0,4,0,2,0
2015/05/02,6,4,3,0,0,0,2,0,0,1,2,1,1,0,1,0,0,0,1,0,4,1,3,1,0,5,1,0,2,0,1,0,0,1,0,1,0,12,0,0,0,6,2,0,2,15,0,2,0,0,0,2,3,1,0,0,2,3,0,4,1,1,0,4,2,3,1,2,1,0,4,0,1,0,1,0,2,0,0,4,0,8,0,0,1,0,1,2,0,0,1,3,1,0,2,3,12,0,1,0
2015/05/03,2,32,0,4,0,1,3,2,0,0,2,1,2,9,2,1,1,0,0,1,9,0,5,0,2,6,3,4,0,0,0,3,0,2,1,2,12,0,0,0,0,11,0,0,1,8,1,1,1,4,8,2,2,3,1,0,4,1,0,2,1,2,1,7,0,2,2,2,0,0,4,4,0,2,3,0,2,2,0,4,2,5,0,0,7,3,1,1,0,2,1,0,3,1,8,7,11,0,3,1
2015/05/04,7,6,1,3,2,1,1,2,0,0,1,0,0,1,1,0,0,0,1,0,6,0,2,1,0,1,14,4,0,0,0,0,0,1,0,2,0,0,0,1,1,2,4,4,4,1,0,2,0,1,0,1,0,1,0,0,3,0,2,3,0,2,0,2,1,2,0,2,2,3,0,2,1,1,0,3,0,1,0,0,0,3,0,0,3,0,0,3,0,0,3,1,2,1,1,1,5,0,0,1
2015/05/05,8,0,0,3,1,2,1,3,0,0,1,0,0,2,0,1,0,2,1,0,1,0,5,2,1,1,0,0,0,0,1,0,2,0,1,0,7,0,0,0,0,25,1,0,0,3,0,0,0,2,0,1,0,2,3,1,1,1,0,3,0,1,1,4,0,0,0,0,0,1,2,1,0,0,1,8,0,1,0,2,1,7,3,2,0,0,2,0,3,0,2,0,1,0,2,2,1,0,1,1
2015/05/06,7,0,0,0,0,0,1,23,1,2,1,0,0,0,0,2,2,0,1,0,9,0,2,0,0,12,1,0,0,2,1,8,0,1,1,1,4,0,0,1,0,0,4,0,1,15,0,0,2,2,0,0,0,2,1,2,0,1,2,7,0,0,1,13,0,2,0,0,0,1,0,0,2,0,4,0,0,1,2,2,1,7,3,2,0,3,0,3,2,1,0,1,2,2,0,0,0,1,0,2
2015/05/07,2,0,3,0,0,1,2,0,0,2,0,0,1,0,0,3,0,1,0,1,1,0,0,0,2,0,0,0,0,0,1,0,0,0,0,4,12,10,4,0,1,0,14,0,0,2,1,1,0,2,0,0,0,0,0,0,3,1,1,2,0,2,0,5,1,0,0,0,1,3,0,0,1,0,0,0,0,0,0,1,0,2,1,2,1,0,2,0,2,0,1,0,1,2,2,1,8,0,1,1
2015/05/08,2,0,0,36,4,1,0,0,0,0,3,0,1,0,0,3,1,0,0,0,0,0,5,0,2,6,3,0,1,0,0,3,0,1,0,2,9,0,0,0,1,0,1,1,0,10,0,0,1,1,0,0,3,2,3,1,3,0,1,3,3,0,0,6,1,0,0,1,1,3,0,0,1,1,2,0,1,3,0,1,2,2,0,0,0,0,1,0,1,0,0,0,0,0,3,3,2,0,0,1
2015/05/09,8,0,0,2,1,0,4,0,1,0,1,0,0,6,1,0,3,1,1,0,10,0,0,1,0,2,2,0,0,0,0,5,0,1,0,1,13,11,0,1,0,3,16,1,2,0,0,0,0,3,0,1,0,3,0,2,5,2,0,3,1,1,1,5,1,1,1,1,2,1,4,2,0,0,1,0,1,0,0,7,1,4,1,2,7,3,4,1,1,0,1,2,3,4,0,3,3,0,1,3
2015/05/10,5,0,0,0,0,0,1,14,1,1,0,0,1,1,0,1,1,0,1,0,0,0,4,0,1,0,1,0,0,0,0,0,0,0,1,1,0,0,0,0,0,4,0,2,3,11,0,0,1,0,0,2,0,2,0,0,2,3,0,5,1,1,1,7,0,2,2,1,0,1,1,4,0,1,1,0,1,2,2,3,1,5,1,1,1,5,0,5,0,1,0,0,0,0,3,5,4,0,2,1
2015/05/11,1,16,0,0,0,0,0,3,1,2,0,0,2,8,0,1,0,0,0,2,2,0,12,4,0,0,2,2,0,0,1,0,0,1,2,0,12,14,2,0,0,5,13,0,0,13,2,0,0,4,0,2,0,3,2,0,0,2,0,2,0,0,0,1,1,0,0,0,1,0,2,0,0,0,1,2,0,0,0,1,0,3,1,2,2,0,0,1,1,0,0,1,0,2,2,6,6,2,1,1
2015/05/12,6,0,5,0,4,0,5,1,2,1,2,0,0,0,1,0,2,0,0,0,0,1,3,1,1,2,4,0,0,0,2,0,0,0,0,0,0,0,0,0,0,1,0,0,0,0,0,0,0,1,0,1,0,0,0,0,0,1,0,3,0,0,0,6,1,5,0,1,0,2,0,0,0,0,0,1,1,0,1,0,2,3,0,3,0,0,1,1,0,0,0,1,0,1,0,4,4,0,0,0
2015/05/13,1,5,0,0,0,1,0,10,0,1,0,0,0,0,0,1,1,1,0,0,0,1,0,2,0,2,0,6,0,1,0,2,0,0,0,1,7,9,1,5,0,5,6,0,0,24,0,1,0,2,1,0,0,1,1,0,1,0,0,4,0,1,0,4,2,1,0,0,1,2,0,0,1,0,0,0,0,1,0,2,8,7,1,0,7,2,0,1,2,0,1,1,0,1,1,2,2,2,1,0
2015/05/14,2,8,2,0,4,0,0,8,0,0,3,1,0,1,0,1,0,0,0,0,0,0,0,0,4,1,2,2,0,0,0,0,1,2,1,2,12,2,0,0,1,4,12,0,0,0,0,0,2,4,0,1,0,3,0,0,1,0,1,2,0,0,0,2,1,0,1,2,0,3,0,2,0,0,0,0,1,0,0,1,0,0,0,1,0,1,1,1,0,0,0,0,1,0,0,0,0,0,1,0
2015/05/15,15,3,0,3,4,0,3,13,0,2,2,0,0,6,2,0,1,1,0,1,11,0,1,0,0,3,2,1,0,0,1,2,0,2,0,1,14,6,0,0,0,2,11,1,0,0,0,0,1,1,0,2,5,0,1,1,1,0,1,1,0,0,1,4,0,2,0,0,0,1,2,0,0,2,0,0,1,2,1,3,2,5,1,0,1,1,3,0,1,0,3,1,1,4,6,3,1,0,2,0
2015/05/16,1,0,0,13,0,0,0,0,2,1,2,1,0,3,1,1,1,1,0,0,0,0,4,1,0,11,0,5,4,0,1,1,1,0,2,0,0,3,0,0,1,7,1,0,0,10,2,1,2,2,0,3,0,1,0,0,3,4,0,5,1,1,1,6,1,2,1,0,1,2,2,0,3,0,1,0,1,2,0,6,0,8,6,1,0,0,0,2,1,0,1,2,1,3,3,2,3,2,4,1
2015/05/17,5,0,0,3,0,1,4,0,1,0,5,0,1,1,0,3,0,1,0,0,0,2,5,0,3,3,4,0,0,0,0,3,1,1,2,0,12,12,0,1,0,4,12,1,4,6,0,1,2,5,0,1,0,2,2,0,6,5,1,2,1,0,0,6,1,2,2,4,1,1,1,3,1,1,2,3,1,1,1,3,1,3,1,0,0,1,2,0,1,2,2,1,1,2,4,5,2,0,5,0
2015/05/18,1,0,0,1,0,2,0,0,0,1,0,2,0,0,0,2,0,0,0,1,2,0,0,1,3,0,1,0,0,0,1,2,0,1,2,4,1,5,0,0,1,0,3,0,2,0,0,0,0,6,0,0,0,2,1,0,0,1,3,2,0,1,0,6,1,1,0,1,0,1,2,1,1,0,2,2,1,0,0,0,2,0,1,0,0,0,1,2,1,0,2,0,1,0,2,2,2,0,2,0
2015/05/19,5,5,0,4,6,0,0,0,0,2,3,2,1,3,0,0,0,0,0,1,0,0,0,1,0,0,2,6,0,0,2,0,1,2,0,3,0,3,2,0,1,0,1,0,0,2,1,2,1,0,0,0,0,2,0,0,3,1,2,3,0,1,2,5,0,3,1,4,0,3,1,0,0,0,1,4,0,1,0,1,1,5,2,0,0,0,0,1,1,1,1,0,1,0,0,0,2,0,1,0
2015/05/20,1,11,0,1,0,0,3,0,0,0,5,0,0,1,1,0,0,1,1,0,0,1,0,1,0,1,0,0,0,0,0,4,0,1,1,3,9,10,2,0,0,1,5,0,3,2,0,0,0,1,0,0,0,1,2,1,1,1,0,1,2,1,0,1,6,0,0,1,0,0,0,0,2,1,1,0,3,1,0,3,2,3,2,1,0,1,1,0,0,0,0,0,1,1,3,2,2,0,0,1
2015/05/21,7,10,3,36,1,1,0,20,0,1,0,0,0,2,0,2,0,0,0,0,2,0,11,1,1,1,3,0,0,0,1,1,0,0,1,0,16,13,2,0,0,15,18,0,0,8,1,1,0,2,4,2,0,0,1,0,1,2,1,2,0,0,0,1,2,0,0,0,0,4,1,1,2,0,0,0,0,0,1,1,1,2,1,0,0,0,1,1,3,1,1,0,1,0,0,0,1,0,0,0
2015/05/22,7,0,2,4,17,0,12,0,1,0,3,0,1,3,4,0,0,1,0,0,0,0,1,0,0,0,5,3,0,1,0,3,0,0,0,2,4,4,1,0,0,0,2,0,2,2,0,0,0,3,0,2,0,3,0,1,2,2,1,0,1,3,0,6,0,1,3,3,0,1,4,0,2,0,0,0,0,1,0,4,4,4,2,1,4,1,1,2,2,1,1,2,0,0,1,2,0,1,0,0
2015/05/23,8,6,0,1,0,0,1,5,1,1,1,3,0,9,0,2,0,1,2,1,6,0,0,0,0,0,7,3,0,0,3,0,1,0,4,4,12,15,2,2,0,0,22,2,1,12,0,0,2,1,0,1,1,1,0,0,4,2,2,4,0,2,1,6,0,1,2,1,1,1,1,1,3,1,0,0,2,3,0,4,0,7,1,1,4,0,6,1,2,1,1,1,2,0,0,4,1,0,0,0
2015/05/24,2,6,0,1,6,2,2,0,0,0,3,2,0,0,0,0,0,0,0,2,10,1,0,1,2,0,2,0,0,0,1,0,1,1,3,3,2,9,1,1,0,0,8,1,2,0,0,0,1,2,0,0,0,3,2,0,2,2,4,2,0,4,0,9,0,0,0,1,0,1,2,1,0,4,3,2,2,0,0,0,0,4,0,3,5,3,1,1,1,0,2,2,0,1,2,4,0,1,3,0
2015/05/25,1,2,0,3,0,0,3,3,2,0,1,0,0,1,0,0,0,0,0,0,3,1,3,2,1,9,0,5,0,0,0,1,0,0,1,1,3,0,3,0,1,29,3,0,1,4,3,0,0,0,4,2,3,4,5,0,1,0,0,6,0,1,1,2,1,1,1,3,2,1,0,5,2,0,1,10,1,1,1,0,0,7,4,0,5,1,4,0,0,0,0,2,2,2,1,3,3,2,3,0
2015/05/26,2,3,0,71,24,0,0,0,0,0,1,0,0,2,0,0,0,1,0,0,0,1,0,1,1,0,0,2,4,2,1,2,1,0,1,1,3,0,2,0,0,30,0,0,2,0,0,2,0,0,0,1,0,3,0,0,3,0,1,2,0,0,1,7,0,1,0,0,2,0,1,1,4,1,4,0,0,1,0,3,1,4,3,0,0,0,2,0,0,0,1,2,1,1,1,1,2,0,5,2
2015/05/27,7,0,0,0,0,1,4,2,1,0,2,0,0,0,1,1,0,2,1,0,0,0,0,0,0,2,8,1,0,0,1,6,1,1,1,3,12,8,0,1,0,0,0,0,4,1,0,4,0,1,0,1,1,3,0,0,2,1,1,3,0,1,1,5,2,1,0,0,1,0,0,1,2,1,2,0,0,0,0,1,0,8,2,0,3,0,0,1,2,0,0,0,0,1,4,2,6,0,0,0
2015/05/28,5,2,0,8,0,0,1,2,1,1,2,0,0,2,0,1,0,1,0,0,2,1,1,1,0,0,6,4,2,1,0,1,2,1,0,0,2,2,0,0,0,0,4,1,4,5,0,0,2,2,0,0,0,2,0,0,5,2,0,1,0,1,1,8,1,1,0,2,0,0,1,0,1,1,0,0,1,1,0,1,3,4,3,1,2,1,2,1,2,0,1,0,0,3,1,3,0,0,1,0
2015/05/29,7,0,4,1,0,0,2,2,0,1,2,0,0,2,0,3,0,0,0,1,0,0,2,3,1,0,0,15,0,0,0,0,0,0,1,2,11,0,1,0,0,0,3,0,0,12,0,0,1,1,3,0,2,0,1,2,0,1,2,1,0,0,1,6,1,2,0,1,1,1,1,0,1,0,1,0,0,3,0,3,0,3,2,0,1,2,1,0,1,0,1,0,1,2,2,1,3,0,1,1
2015/05/30,3,0,1,2,0,1,3,2,0,1,2,3,0,0,0,3,2,0,1,1,4,1,4,0,0,2,6,2,0,1,0,2,2,0,0,0,0,2,1,2,0,3,2,2,0,1,0,0,2,3,0,1,3,1,4,0,5,3,1,1,2,2,0,9,1,1,2,0,1,1,7,0,5,0,2,0,1,2,0,4,3,9,3,10,1,2,0,1,1,0,2,0,3,0,6,2,9,0,4,1
2015/05/31,4,2,0,20,0,0,1,4,0,0,1,1,1,1,1,0,0,0,0,0,4,3,0,0,4,3,4,3,1,0,0,0,2,1,1,4,4,4,0,0,0,2,10,2,1,0,1,0,1,1,1,1,0,3,2,2,1,2,0,4,1,1,2,15,0,1,5,3,1,3,2,5,1,0,0,0,0,1,1,7,0,5,2,0,1,2,2,0,2,1,1,1,2,0,1,4,5,1,6,2
2015/06/01,1,0,0,37,0,2,0,0,1,1,1,3,0,8,0,2,0,1,0,0,2,0,0,0,3,7,3,4,0,0,1,3,0,0,0,1,12,15,0,1,0,0,10,2,0,2,0,2,2,3,0,1,0,2,0,1,4,1,1,12,1,2,1,13,1,1,0,2,2,1,2,0,3,1,0,1,1,1,0,5,1,7,2,0,1,1,1,0,1,0,0,2,0,4,1,2,0,0,0,1
2015/06/02,2,6,0,1,6,1,0,1,0,0,8,2,0,0,1,3,2,0,1,1,1,1,0,1,0,1,2,0,0,0,1,1,1,1,1,1,0,4,0,2,0,1,2,2,4,1,0,0,1,2,1,0,1,1,0,0,2,1,3,2,0,1,0,2,0,0,1,1,0,2,0,0,1,0,1,1,1,0,0,0,1,5,1,0,1,0,2,1,2,2,2,0,0,0,0,3,0,0,2,1
2015/06/03,4,1,0,30,0,0,3,13,1,1,2,0,2,1,3,0,0,2,1,0,4,2,0,1,0,3,1,4,2,0,1,0,0,1,1,1,4,2,0,0,0,2,1,0,0,2,0,0,1,0,1,1,1,1,1,0,2,1,0,4,1,1,1,6,1,1,0,0,0,1,0,0,0,0,0,0,1,0,0,0,1,9,2,1,3,2,0,4,0,0,1,0,0,0,3,2,2,0,3,0
2015/06/04,2,13,4,0,0,1,0,0,0,0,0,1,0,2,0,1,0,1,0,1,2,0,0,0,1,4,0,0,1,1,1,0,0,1,0,3,0,7,1,4,1,4,0,0,0,5,0,0,0,1,2,0,2,4,1,0,1,2,2,0,0,1,0,10,0,1,0,1,2,0,3,3,0,0,1,4,2,0,1,3,0,4,1,0,3,0,0,0,1,0,1,1,1,2,1,0,1,0,3,1
2015/06/05,4,5,2,1,0,0,0,4,0,1,15,2,0,0,2,0,0,0,0,1,0,0,0,2,1,6,6,2,0,0,1,0,0,0,2,3,1,0,0,1,0,2,0,0,0,4,2,0,2,1,2,2,0,0,0,0,6,1,1,0,1,2,2,7,0,1,0,2,2,3,1,0,1,0,2,2,0,5,0,1,0,9,4,0,2,2,3,1,1,2,3,3,5,2,5,1,4,0,2,0
2015/06/06,7,7,1,0,28,2,3,6,0,1,0,3,2,6,0,0,0,2,1,0,4,0,0,1,0,11,2,1,0,1,1,0,0,0,0,0,14,1,4,0,0,7,19,1,2,5,1,0,0,2,0,0,1,2,0,1,3,2,5,9,0,1,4,14,1,5,0,2,2,2,2,4,3,0,1,0,1,0,0,2,3,9,4,0,3,3,2,0,4,0,1,2,3,2,3,6,5,0,4,0
2015/06/07,5,7,0,1,0,0,4,2,1,0,0,1,0,4,0,0,1,0,1,1,8,2,0,3,0,12,3,2,2,1,1,5,0,0,0,0,6,0,0,0,1,4,6,1,4,7,0,0,2,1,4,1,2,4,2,1,4,3,5,4,3,2,0,12,4,1,0,2,3,5,2,1,0,1,0,1,0,0,0,4,0,14,2,2,1,1,1,4,1,0,4,1,0,2,2,9,3,0,3,3
2015/06/08,1,0,0,3,0,0,1,0,0,1,1,0,0,1,2,1,0,0,0,0,2,0,0,1,0,0,12,0,0,1,1,0,1,1,0,0,14,14,0,1,2,2,4,0,2,1,1,0,1,1,0,1,2,0,1,0,3,1,1,2,0,0,0,7,0,0,0,1,2,0,2,1,1,3,1,1,0,0,0,2,0,5,1,0,1,1,4,1,2,0,2,1,0,1,2,3,4,0,4,1
2015/06/09,2,0,0,1,0,0,0,5,0,0,0,1,0,2,0,0,0,0,0,0,8,2,0,2,1,0,2,0,1,0,0,0,1,2,2,1,4,0,0,2,0,6,4,0,0,13,1,1,2,1,1,1,1,0,0,0,0,1,0,0,2,0,1,9,0,2,0,1,1,0,3,1,0,0,1,0,0,0,0,5,0,9,1,0,2,0,4,0,2,0,1,0,1,1,2,0,2,0,1,1
2015/06/10,5,0,0,3,0,0,4,2,1,1,1,0,1,2,0,3,1,0,0,0,6,0,0,1,0,5,0,2,1,0,1,2,1,0,1,1,10,9,0,0,0,5,0,1,0,0,0,1,1,1,0,1,0,3,0,0,3,2,2,3,0,1,1,7,1,1,0,3,0,2,0,0,2,0,4,0,3,1,0,2,0,3,5,0,0,0,2,1,3,0,1,0,2,0,2,3,2,0,1,0
2015/06/11,2,0,0,0,0,0,0,0,0,1,0,0,0,6,0,3,0,0,1,0,5,0,0,0,0,2,0,2,1,0,2,0,1,0,0,0,0,4,0,1,0,0,5,0,1,3,0,0,0,0,0,1,2,1,0,1,2,1,1,1,2,1,0,5,0,0,2,1,2,1,1,1,2,0,1,0,0,0,0,2,3,5,1,1,0,1,1,1,0,0,7,1,0,1,1,2,3,0,3,2
2015/06/12,1,9,0,0,1,0,2,4,0,0,1,3,2,2,0,0,0,1,0,0,2,1,2,1,1,2,7,1,0,0,1,2,0,0,1,0,2,20,1,1,1,5,7,0,7,3,2,1,1,1,0,1,0,1,1,2,0,3,1,5,1,2,2,6,0,0,1,0,0,0,0,2,0,1,1,1,2,0,0,2,2,9,4,0,0,0,0,1,2,1,5,1,2,2,4,3,3,2,5,1
2015/06/13,4,0,5,6,18,3,16,0,1,0,5,2,1,3,2,4,1,0,0,1,2,0,0,2,1,1,12,1,2,0,1,0,0,0,0,4,4,0,0,0,1,0,8,1,7,1,1,1,1,3,0,3,2,3,2,0,5,2,2,5,0,0,0,11,1,2,1,2,4,3,5,2,0,0,1,0,3,0,0,6,1,7,6,0,2,1,1,0,1,1,2,3,2,5,0,8,6,3,0,1
2015/06/14,9,0,1,20,1,2,2,0,0,0,1,3,1,0,1,0,0,0,2,0,2,2,0,1,0,0,1,0,0,0,0,0,2,1,2,3,8,0,1,0,0,44,0,0,1,1,0,0,4,0,0,3,3,7,1,2,3,2,2,1,0,0,0,11,1,1,0,5,2,1,4,4,2,1,3,0,1,0,2,4,2,5,1,0,1,0,2,0,2,0,12,2,0,1,2,10,1,0,3,0
2015/06/15,6,0,0,3,0,1,2,2,0,0,1,0,0,6,1,1,1,1,1,2,4,0,0,2,0,2,3,9,0,0,1,0,0,2,1,0,8,3,0,3,0,0,4,0,2,4,0,0,1,1,1,0,3,1,3,0,3,0,1,6,1,0,0,5,0,0,0,1,1,0,1,0,0,1,3,1,0,0,0,2,1,9,4,0,1,0,1,0,4,0,1,1,0,1,0,4,1,0,4,0
2015/06/16,11,0,0,2,1,0,2,13,0,1,0,0,0,0,1,0,0,0,0,1,6,0,5,0,2,6,3,0,0,1,0,0,1,1,1,2,20,15,0,1,1,0,13,3,0,3,0,0,2,0,0,0,0,0,3,0,2,1,0,3,1,1,1,15,0,1,0,1,0,2,0,1,1,2,0,0,0,0,0,0,3,9,1,0,1,1,0,0,1,0,3,2,0,0,2,1,3,0,2,1
2015/06/17,2,0,0,22,3,0,5,2,0,1,0,0,0,1,0,0,0,0,0,0,4,0,0,0,4,4,13,0,0,0,0,0,0,0,0,1,4,0,0,4,0,2,8,0,14,0,0,4,4,0,1,3,1,2,1,0,0,2,0,2,1,1,0,7,0,1,0,0,2,1,3,0,4,0,2,0,1,1,1,3,1,4,0,5,2,1,0,1,1,1,0,0,2,1,2,2,2,0,1,2
2015/06/18,1,0,0,20,16,0,1,4,0,1,8,3,2,5,0,0,0,0,0,0,2,1,0,3,0,4,3,6,1,0,1,5,2,0,2,0,8,4,0,0,0,1,0,0,1,2,1,0,0,4,0,1,0,1,2,0,0,1,0,2,0,2,1,13,2,2,1,1,3,2,2,7,2,0,2,0,0,3,0,3,3,5,0,0,0,2,3,0,1,0,0,2,2,1,0,1,1,1,0,0
2015/06/19,1,0,0,3,2,1,4,0,0,0,2,2,0,2,1,0,1,1,0,0,1,0,1,0,2,2,3,3,0,1,1,7,0,1,2,1,0,0,1,0,1,0,0,1,0,1,0,1,1,1,0,0,2,1,0,0,1,2,0,3,0,1,1,5,2,3,0,1,1,2,2,1,0,0,5,0,0,1,1,0,0,10,1,0,5,2,1,1,0,0,2,0,0,1,2,0,0,0,3,6
2015/06/20,8,17,4,21,5,1,2,0,1,0,14,2,0,6,2,2,2,1,2,0,7,1,1,1,1,4,1,0,1,2,2,1,0,1,3,2,0,18,0,2,1,0,0,1,1,4,1,0,1,6,0,0,3,6,0,1,5,0,0,5,1,1,1,15,0,3,0,1,0,3,2,1,1,0,2,1,0,1,4,5,2,4,2,1,3,2,2,0,2,1,2,5,0,2,0,6,1,0,5,1
2015/06/21,6,0,1,16,17,0,15,11,2,0,9,0,2,1,0,1,0,0,0,1,1,1,5,2,0,2,13,2,2,0,0,0,1,0,1,2,28,5,0,0,0,8,0,1,6,10,0,0,1,1,0,2,1,1,0,1,5,1,1,4,0,1,0,5,0,3,0,2,3,3,3,2,1,0,0,1,4,1,2,2,1,11,1,1,0,0,3,0,3,1,4,2,4,2,0,0,3,1,5,1
2015/06/22,9,2,1,12,0,0,6,6,1,0,1,0,0,4,0,1,3,0,1,1,2,2,2,2,1,5,25,2,0,0,0,0,0,0,1,1,0,0,0,0,0,34,4,0,0,6,0,1,1,0,1,0,0,1,0,0,1,3,3,2,0,0,1,6,1,2,0,1,2,4,4,1,0,0,2,0,1,1,0,4,2,1,2,1,1,1,1,0,0,2,4,1,1,2,2,5,7,0,2,0
2015/06/23,3,0,5,3,2,0,1,8,0,1,4,0,0,1,1,1,0,0,0,0,0,0,9,0,1,1,3,4,1,0,0,0,0,2,0,0,4,12,2,1,1,7,16,0,1,8,1,0,2,0,0,0,2,2,3,0,2,1,1,1,1,1,0,5,0,2,1,2,1,3,2,1,1,0,2,0,0,0,0,0,1,1,2,0,4,0,2,2,4,0,1,0,0,0,0,1,6,1,4,0
2015/06/24,2,20,0,2,0,0,0,18,0,1,1,1,1,4,1,3,1,0,0,1,2,1,3,1,0,3,0,9,0,0,3,0,1,4,0,0,2,4,2,1,1,0,0,3,0,4,0,0,2,0,0,1,2,4,1,1,1,3,1,3,0,2,0,5,2,1,0,1,2,4,2,0,1,1,1,0,0,0,0,1,3,2,0,0,1,1,2,0,3,1,6,1,0,0,6,4,2,2,1,0
2015/06/25,10,0,0,0,1,0,5,1,1,0,0,2,0,5,0,0,2,1,0,0,0,0,8,2,1,5,8,0,3,2,0,5,0,1,1,1,14,0,0,0,0,0,10,0,5,10,0,0,2,0,0,0,0,7,2,0,2,0,1,2,0,1,1,5,1,2,0,1,3,0,1,2,0,0,3,1,0,0,1,1,1,5,3,1,0,2,1,1,1,0,2,1,1,1,1,2,3,0,2,0
2015/06/26,4,10,0,9,3,2,16,0,0,1,6,1,0,5,1,1,1,0,1,0,0,0,1,1,1,2,5,1,2,0,1,0,0,1,2,1,9,7,0,0,1,5,8,1,4,2,2,0,1,1,1,1,1,2,0,1,2,1,0,4,1,0,0,17,2,4,0,3,4,0,2,0,2,0,0,2,4,0,3,2,0,5,6,0,0,2,2,0,3,0,1,0,0,1,0,6,3,0,1,0
2015/06/27,2,0,1,13,1,0,2,1,0,1,4,8,0,1,1,1,3,0,0,2,9,1,4,1,3,5,4,1,1,0,0,0,1,0,0,1,6,19,5,0,0,7,4,0,1,5,1,3,3,2,2,2,2,5,3,0,1,3,1,1,1,2,3,8,3,2,2,3,3,0,3,6,1,1,4,1,1,1,0,7,1,16,5,1,4,4,3,0,3,0,1,5,2,1,3,0,2,1,4,0
2015/06/28,12,0,3,4,3,0,5,2,0,0,3,0,0,0,1,1,1,1,2,1,6,1,0,1,2,3,1,5,0,1,0,1,2,2,1,3,16,10,0,1,0,7,3,0,3,8,2,0,2,3,1,4,2,4,3,0,2,8,0,5,2,2,3,7,2,2,1,0,5,0,6,2,2,0,1,0,1,0,0,3,0,7,2,0,3,2,1,0,0,2,4,1,1,0,2,0,2,4,1,0
2015/06/29,4,4,1,8,2,0,0,2,0,1,3,0,0,3,0,2,0,0,0,0,2,1,4,1,1,2,3,5,0,0,0,0,0,1,2,2,0,0,1,0,0,3,0,2,1,9,3,3,1,0,0,2,0,5,1,0,0,4,0,2,1,2,0,9,0,0,3,5,5,0,2,3,0,0,0,2,0,2,0,1,0,6,2,1,1,2,3,0,6,0,4,3,0,0,2,5,1,0,1,0
2015/06/30,2,8,0,2,3,0,0,0,1,1,0,0,0,2,2,1,0,0,0,1,0,0,3,1,1,5,0,2,0,1,1,2,0,1,1,1,14,0,0,0,0,24,0,0,0,4,0,0,1,0,0,0,0,3,0,1,2,1,0,3,0,1,1,7,1,1,4,1,2,0,1,1,2,0,0,2,1,1,0,1,0,2,1,0,2,3,2,0,0,0,0,0,0,0,4,1,2,0,1,3
2015/07/01,4,7,0,4,0,0,0,7,1,0,3,1,0,1,1,1,0,1,0,0,3,0,2,1,0,2,3,6,0,0,0,1,1,2,1,2,1,0,1,0,1,0,5,0,2,1,1,0,1,1,0,0,2,1,0,0,2,1,2,6,1,0,1,6,0,1,0,0,0,0,1,4,2,0,2,1,0,0,0,4,0,4,1,0,1,0,1,0,0,0,4,3,1,1,0,2,3,0,3,0
2015/07/02,1,6,0,1,5,1,0,11,0,0,1,1,2,6,2,3,0,0,1,0,1,0,0,0,0,1,2,5,1,1,1,0,1,1,1,1,0,0,1,0,1,0,5,1,6,6,1,0,3,6,1,3,0,3,1,0,4,4,2,0,1,2,1,4,0,2,2,0,1,0,1,1,0,1,2,0,0,0,0,2,0,4,0,2,0,1,1,2,1,0,1,3,3,2,1,2,4,0,4,1
2015/07/03,3,12,1,55,21,1,1,5,2,0,0,0,1,4,0,1,0,0,1,2,9,2,10,1,0,2,12,1,0,1,1,0,0,0,2,3,16,8,0,1,1,24,15,0,2,1,0,0,2,4,2,3,4,4,7,1,6,3,1,4,2,0,0,12,1,1,3,5,1,0,2,4,0,1,1,1,2,0,1,6,2,15,3,1,6,2,2,0,9,0,4,2,1,3,1,3,11,0,4,3
2015/07/04,1,0,0,5,3,0,3,0,0,0,12,1,0,5,0,1,0,1,0,0,0,1,0,2,2,3,15,0,0,0,0,0,1,0,1,0,8,14,0,1,0,1,5,2,0,1,0,0,3,0,0,1,0,1,1,0,0,2,2,4,1,0,3,5,0,2,0,2,6,1,1,0,1,1,1,6,3,0,0,4,0,6,3,0,0,4,2,2,2,0,3,4,1,2,1,4,2,0,6,1
2015/07/05,4,0,0,15,9,2,5,2,1,2,15,1,0,2,2,0,3,0,0,0,0,0,4,0,1,10,21,0,4,0,1,4,1,1,1,1,2,1,0,0,0,2,0,2,0,2,0,2,0,1,3,1,2,1,2,0,0,3,0,6,2,5,0,1,0,0,1,1,3,3,4,2,0,1,2,0,0,0,0,3,1,5,5,3,2,3,1,2,2,1,10,1,0,2,3,1,7,0,3,3
2015/07/06,3,3,3,3,13,1,0,8,0,0,0,0,0,0,1,1,2,3,1,2,4,0,0,0,1,4,6,4,0,0,1,0,0,3,2,1,1,7,0,1,0,23,1,0,0,0,0,0,2,0,0,0,0,5,0,0,2,3,1,2,1,0,0,4,0,0,2,0,1,0,5,0,1,0,3,0,0,0,1,2,0,0,1,0,4,4,3,1,0,0,5,2,3,0,3,4,4,0,2,2
2015/07/07,8,26,0,1,1,0,3,0,0,1,0,0,0,4,2,1,1,1,0,1,6,0,0,2,1,1,2,4,4,1,0,0,2,0,0,0,0,15,0,0,0,0,1,0,4,0,0,0,0,0,0,1,0,1,0,0,5,3,0,3,0,0,1,2,3,0,0,0,2,2,1,2,3,0,3,0,1,0,0,1,1,0,3,0,0,0,0,0,3,0,1,1,3,1,2,1,3,0,6,0
2015/07/08,6,0,0,17,0,0,0,1,0,1,0,0,0,0,0,8,1,0,1,0,3,0,0,0,1,0,0,3,0,0,0,1,0,1,1,2,0,0,0,0,1,1,4,0,0,0,0,1,1,5,0,0,0,2,0,0,1,0,1,4,0,1,0,5,0,3,0,0,1,2,0,1,1,1,0,0,2,0,0,2,1,4,2,0,0,0,3,1,1,0,2,1,1,1,1,1,6,0,0,0
2015/07/09,8,2,0,0,2,1,0,12,0,0,2,0,1,1,0,1,1,0,0,0,0,0,0,3,2,0,2,5,0,0,0,1,1,0,0,1,12,0,0,0,0,0,10,2,4,0,0,0,2,1,0,2,0,2,1,0,1,0,1,2,1,1,1,1,1,2,0,1,2,0,5,4,0,3,0,1,0,0,0,0,0,13,3,2,0,3,0,2,1,0,1,1,3,0,2,4,1,0,2,4
2015/07/10,4,0,0,1,17,2,0,7,0,0,1,0,0,7,1,0,2,0,2,1,9,3,7,2,0,5,7,7,0,1,0,3,0,0,1,3,15,16,1,1,1,7,19,0,8,0,0,0,2,1,0,2,0,2,2,0,0,0,0,2,0,0,1,0,1,2,0,0,3,2,2,0,0,1,2,0,1,2,0,4,4,5,1,0,0,1,2,1,1,0,3,3,0,2,1,2,0,1,1,0
2015/07/11,0,0,0,58,15,0,5,18,1,2,5,3,1,4,3,1,0,0,0,2,1,0,21,0,0,13,36,2,0,0,2,0,0,1,3,5,14,8,0,0,0,8,13,3,4,0,0,2,3,3,0,1,4,2,3,1,3,2,3,5,2,4,3,0,2,1,0,4,1,4,4,5,5,1,4,3,1,0,3,6,2,3,5,2,0,4,1,1,3,3,6,8,3,2,1,6,4,3,0,2
2015/07/12,8,0,0,14,8,0,8,0,3,1,16,0,0,2,3,1,0,2,0,0,0,0,0,1,0,5,19,1,0,2,0,0,0,1,0,1,0,0,0,1,2,10,1,2,0,5,0,1,5,2,0,6,2,2,5,0,4,6,0,5,0,2,5,12,2,2,0,2,2,3,3,0,0,3,3,2,5,0,0,3,4,0,4,4,2,2,1,3,3,1,11,1,0,2,1,0,8,3,8,4
2015/07/13,6,7,3,0,24,0,1,4,0,0,1,1,0,0,0,0,0,0,1,1,3,0,0,1,1,0,2,2,0,0,0,1,1,4,1,2,8,19,0,2,0,6,0,2,0,5,2,0,0,0,0,0,1,0,1,1,3,2,0,0,1,1,1,9,2,0,0,4,1,3,2,1,0,0,1,1,2,0,1,2,0,3,0,0,1,1,0,1,2,2,1,0,0,1,0,3,0,0,4,1
2015/07/14,3,2,0,0,0,1,3,1,2,1,5,0,2,3,0,2,1,1,0,0,2,1,1,2,2,0,5,3,0,0,1,0,2,2,2,0,1,5,0,0,0,2,0,0,6,0,1,1,0,0,0,0,0,5,0,1,2,1,0,4,0,0,1,4,0,2,0,2,1,2,1,0,1,1,0,1,0,1,4,0,0,3,3,0,0,1,1,0,2,2,1,0,0,1,5,6,0,0,1,1
2015/07/15,0,6,0,22,0,0,1,2,0,0,6,1,0,0,0,2,0,1,0,2,3,0,0,1,0,0,1,2,0,0,0,0,3,0,3,5,2,0,0,0,0,5,0,0,4,7,0,0,0,2,3,1,3,0,0,0,1,0,0,4,0,1,0,2,2,0,0,4,2,0,3,6,5,1,1,3,1,1,0,4,0,7,3,0,0,1,2,0,2,0,2,0,2,2,1,5,1,0,3,1
2015/07/16,10,2,1,7,0,0,2,12,0,2,24,3,1,1,0,3,0,1,1,2,2,1,0,0,0,10,3,2,0,0,1,1,0,1,0,2,0,0,0,0,1,8,0,1,0,29,2,0,2,0,0,3,0,1,1,0,1,1,1,3,0,0,0,6,1,1,1,2,1,0,2,3,2,0,4,0,1,3,0,1,1,13,2,2,1,2,1,1,0,2,2,0,0,0,1,1,5,0,6,0
2015/07/17,6,14,0,18,2,0,2,15,2,1,2,0,1,0,2,4,0,0,1,1,0,1,2,1,1,7,8,3,0,0,0,5,0,2,1,3,4,47,0,2,0,3,2,1,2,11,0,0,0,2,2,0,1,1,1,0,5,0,2,3,0,0,4,7,0,2,2,3,2,2,1,1,3,0,0,0,1,0,0,2,1,7,3,0,7,0,2,0,1,0,1,1,0,1,3,4,4,1,1,2
2015/07/18,2,2,2,16,0,1,8,1,1,2,15,1,2,7,1,0,1,0,0,4,4,4,2,1,6,4,3,7,0,0,0,1,1,1,0,0,1,0,4,0,1,1,0,0,2,0,0,0,3,2,0,1,1,4,6,0,7,0,3,3,0,3,2,8,1,2,4,1,3,5,3,1,5,3,4,3,3,4,0,5,4,2,6,1,5,2,5,3,4,1,1,4,2,1,2,4,3,0,4,1
2015/07/19,6,5,2,4,0,0,3,4,0,0,5,1,0,0,1,4,1,1,0,0,3,2,1,1,0,8,15,7,0,0,1,7,2,1,2,2,31,0,1,0,0,27,26,1,10,1,1,0,2,1,0,2,0,0,2,0,3,6,0,7,3,0,0,9,0,3,2,5,2,0,7,6,1,1,2,1,2,1,1,3,3,6,4,4,2,1,1,0,3,1,4,4,0,1,0,1,8,1,7,3
2015/07/20,3,11,0,16,1,0,1,2,1,0,0,0,0,3,2,1,1,0,0,0,4,0,1,1,0,0,0,2,1,0,1,0,0,1,0,0,2,0,2,0,0,2,1,2,0,1,1,1,1,0,2,3,0,2,1,1,4,0,0,2,0,0,0,4,1,1,2,3,3,2,2,1,0,0,1,2,2,1,0,5,0,9,4,2,2,0,3,1,1,0,1,2,2,2,2,4,4,0,1,0
2015/07/21,9,2,0,10,1,0,0,10,0,0,0,0,0,8,1,0,0,1,0,0,0,0,0,1,1,2,0,0,2,0,1,0,0,0,0,1,72,0,0,1,0,16,3,1,2,0,0,0,0,1,2,1,0,0,0,0,1,0,4,5,0,0,1,8,0,1,2,1,0,3,4,2,1,0,0,2,1,1,1,2,1,6,3,2,4,0,0,1,1,0,2,2,1,1,1,1,3,0,1,1
2015/07/22,0,0,1,4,1,0,2,9,1,0,11,0,0,2,0,3,0,1,0,1,2,0,9,1,0,4,2,21,2,0,0,4,1,0,2,0,0,0,0,0,0,1,0,0,6,10,0,0,0,0,0,0,2,1,1,2,1,3,1,7,0,1,1,6,0,0,1,1,1,2,1,0,0,0,0,2,0,0,0,2,1,4,1,1,1,0,0,1,2,2,1,1,1,0,1,1,2,0,3,3
2015/07/23,2,7,6,0,5,1,6,3,1,0,10,0,0,0,0,2,1,0,0,0,5,1,4,0,0,2,7,6,1,0,0,3,0,0,0,1,0,17,0,1,0,1,0,0,26,8,1,1,2,0,0,0,0,1,1,0,1,0,1,2,3,0,1,8,1,1,1,0,1,4,3,0,1,2,0,1,0,1,0,2,1,7,2,1,2,3,2,0,1,2,3,1,0,0,3,8,3,0,3,0
2015/07/24,2,2,0,0,3,0,3,6,1,0,4,0,0,5,2,2,0,0,0,1,0,2,1,0,0,8,2,3,2,0,0,4,1,0,1,3,16,22,0,1,1,6,23,0,0,2,0,1,0,0,0,0,0,3,1,0,0,0,2,4,1,1,4,9,2,1,0,2,1,1,0,1,0,0,0,0,0,0,1,2,2,1,4,0,1,2,4,1,1,0,2,4,1,1,6,2,2,2,3,2
2015/07/25,6,15,3,27,1,0,0,4,1,0,1,0,2,2,0,1,1,0,1,0,5,1,0,0,1,7,11,4,2,2,0,0,1,1,1,1,6,30,0,1,3,21,0,0,0,9,0,0,2,5,1,0,0,2,1,1,2,3,2,5,0,2,0,9,0,3,0,4,2,3,2,4,0,2,0,0,0,1,1,5,2,1,2,1,2,1,1,2,5,0,5,2,1,0,2,4,5,0,3,3
2015/07/26,0,4,0,1,3,2,5,12,0,1,2,0,0,3,0,3,1,0,0,1,14,2,0,0,0,0,16,6,0,0,1,0,2,0,2,1,8,0,0,0,0,0,0,0,0,10,0,1,1,4,0,5,2,5,3,1,2,1,1,3,2,0,2,7,0,3,0,4,0,5,6,1,4,0,5,1,5,3,1,3,1,12,4,5,1,2,3,2,2,2,2,2,0,1,1,2,5,1,4,0
2015/07/27,1,0,0,0,27,2,1,3,1,1,3,0,0,6,0,0,1,1,0,0,0,0,0,2,1,1,6,1,0,0,0,1,2,1,0,3,0,0,7,0,0,0,0,0,2,5,1,0,1,1,0,1,3,1,2,0,2,0,0,1,1,0,0,13,2,3,0,1,1,5,5,0,1,0,4,3,0,0,1,2,0,1,2,1,1,2,1,0,1,0,1,1,0,1,4,3,2,0,3,3
2015/07/28,2,9,0,0,2,1,0,9,0,1,5,0,0,3,0,0,1,0,0,0,7,0,15,0,1,0,2,3,1,0,0,0,0,0,1,0,12,13,0,0,0,56,0,2,4,8,0,0,1,0,0,0,3,3,1,0,2,0,3,1,0,1,0,5,4,2,0,1,0,0,2,1,1,0,2,0,3,1,2,1,2,2,3,1,2,0,0,1,4,0,6,0,1,0,2,1,4,1,3,0
2015/07/29,3,3,1,0,13,0,6,1,0,1,0,2,0,0,3,0,1,0,0,0,3,0,0,0,1,0,1,3,1,1,2,0,1,0,0,3,2,0,0,0,0,0,0,0,3,0,0,0,1,6,0,1,0,2,1,1,1,0,1,4,1,2,2,6,1,0,0,0,0,3,3,3,1,0,3,0,1,1,0,1,2,5,1,0,1,0,0,0,1,1,4,4,1,1,0,4,3,0,2,0
2015/07/30,0,6,2,38,0,1,1,3,0,0,2,1,0,2,0,0,1,0,0,1,1,1,0,1,2,0,4,3,0,0,0,0,0,1,0,1,0,22,0,1,0,0,0,0,0,0,0,0,3,0,1,3,1,0,0,0,2,0,1,2,0,1,0,2,1,0,0,0,1,1,1,2,0,0,3,0,1,1,0,2,1,3,3,0,2,0,0,0,2,0,2,0,2,1,1,3,3,1,1,0
2015/07/31,3,6,3,46,2,0,4,7,1,0,4,4,0,1,0,4,1,0,0,1,7,1,3,1,1,7,1,13,0,0,1,1,3,0,0,1,12,24,1,1,1,8,0,1,3,6,0,0,1,0,1,3,1,6,2,0,3,4,1,10,2,1,1,8,1,4,1,2,0,1,0,0,0,1,2,2,0,4,0,8,1,1,2,0,11,1,2,2,3,0,7,1,2,0,2,3,1,0,4,2
2015/08/01,1,7,2,0,3,1,2,4,0,2,4,0,0,1,1,3,0,0,1,1,3,0,2,0,1,7,5,5,0,2,1,3,4,1,2,5,17,3,0,3,0,8,1,1,2,20,0,3,0,0,1,3,4,5,2,1,2,2,1,2,1,3,3,14,1,1,2,4,3,8,4,3,2,2,3,1,2,3,1,4,1,0,4,0,1,2,3,2,0,2,0,0,0,1,0,8,5,1,6,2
2015/08/02,1,26,0,0,5,2,4,11,2,0,6,0,1,0,0,0,1,0,0,1,4,0,5,1,2,1,1,4,3,1,1,5,0,1,2,2,6,4,0,0,0,4,6,1,1,7,0,2,3,0,1,1,0,2,3,2,4,2,1,1,0,0,0,1,1,1,3,2,2,3,2,3,3,0,0,1,2,2,1,6,0,0,5,7,0,4,2,0,6,1,24,2,1,3,3,2,6,1,4,0
2015/08/03,9,10,2,2,4,0,3,8,1,0,4,0,1,8,1,2,1,2,1,0,4,4,11,0,1,0,14,2,1,0,0,6,0,0,3,2,6,8,0,0,1,0,3,0,6,5,1,0,1,0,0,1,1,3,2,0,2,2,0,3,1,1,0,0,1,1,4,2,1,0,1,0,2,0,1,0,1,0,1,0,2,0,0,4,0,1,2,4,2,1,0,1,1,2,0,0,6,0,2,0
2015/08/04,0,0,1,16,0,1,2,0,3,1,4,4,0,5,0,1,2,2,0,1,5,0,0,2,0,9,1,0,0,0,1,2,0,0,1,3,7,5,0,2,1,0,5,0,3,5,0,1,0,0,2,2,0,2,0,0,3,2,0,5,0,1,1,0,0,1,2,3,1,2,1,0,2,1,2,0,2,2,1,0,0,0,3,0,0,5,1,0,3,5,0,2,1,0,8,0,5,0,0,0
2015/08/05,0,0,2,1,2,1,3,6,0,0,1,0,0,4,0,1,0,2,0,0,0,0,3,0,0,0,4,3,0,0,0,5,1,1,1,0,3,2,0,1,0,6,1,0,2,3,0,0,1,0,2,1,2,2,1,1,0,2,1,3,1,0,1,8,1,3,1,0,1,0,1,1,1,3,1,3,0,1,1,3,0,8,0,2,0,1,0,3,3,0,0,1,2,0,0,5,0,0,2,0
2015/08/06,4,0,3,2,2,0,0,2,0,1,5,0,0,0,1,3,1,1,0,3,2,2,1,2,0,0,4,6,0,0,1,0,1,0,1,2,12,8,0,0,0,31,6,0,24,1,1,1,1,3,0,0,1,0,2,0,1,2,3,1,1,2,1,3,0,2,1,0,0,1,2,0,0,0,1,0,3,0,1,1,3,3,1,2,0,2,0,0,2,0,4,2,0,3,0,1,0,0,0,0
2015/08/07,1,0,0,8,14,3,4,2,1,1,12,0,1,0,0,3,1,0,0,0,5,0,2,1,0,0,11,4,2,1,1,4,1,0,1,0,0,6,1,0,0,4,0,0,2,7,1,2,3,4,0,2,3,1,1,0,0,1,2,1,0,1,1,10,2,1,1,1,5,3,4,0,1,2,1,1,1,0,1,2,0,0,2,0,0,1,3,1,1,1,0,1,0,3,1,1,3,0,4,1
2015/08/08,7,1,3,15,13,0,4,2,1,2,14,0,0,3,1,3,2,1,1,1,5,4,1,1,0,2,13,8,1,0,0,1,0,1,1,2,9,10,1,1,1,3,13,2,4,12,0,2,0,1,0,2,1,3,2,2,2,1,1,5,2,2,2,0,0,0,1,2,2,2,3,2,2,0,2,3,2,1,1,4,2,6,3,0,2,2,2,2,2,1,3,3,5,2,4,5,1,1,5,0
2015/08/09,6,10,2,26,17,1,7,5,0,1,1,0,0,1,3,1,1,0,1,0,1,0,6,1,4,17,9,6,1,1,3,3,2,1,2,7,8,5,1,1,1,10,0,0,11,8,1,2,4,1,0,4,4,1,3,4,2,4,3,7,0,2,3,2,3,0,0,1,3,7,6,3,1,1,4,1,2,2,0,4,6,6,6,2,3,3,1,1,1,0,4,5,1,3,5,0,1,0,10,2
2015/08/10,4,10,3,0,2,0,1,36,1,0,5,0,0,2,1,2,1,0,0,0,4,0,0,2,0,0,3,0,0,0,0,1,0,0,0,0,2,17,1,0,0,3,3,2,3,4,0,0,1,0,0,1,0,0,2,0,0,2,2,3,0,1,1,1,0,0,2,1,2,4,5,3,5,2,0,0,2,2,0,3,0,7,1,2,0,2,0,3,2,1,4,1,0,0,2,5,1,1,4,0
2015/08/11,4,3,0,0,3,0,3,9,1,0,0,0,0,0,0,1,2,0,0,3,0,0,2,1,0,0,4,2,1,0,0,3,0,0,0,0,10,10,0,0,0,3,2,0,8,10,0,1,2,0,0,0,0,0,1,0,5,1,1,0,3,0,1,0,0,0,1,1,4,4,2,1,1,0,1,0,1,0,0,1,0,4,2,0,0,5,3,0,2,0,7,2,0,0,5,1,2,0,3,1
2015/08/12,2,4,0,2,4,0,0,0,1,1,5,0,1,3,0,1,0,2,0,0,0,0,12,0,0,0,1,4,1,0,0,2,2,1,2,0,1,0,0,0,1,6,2,1,0,4,0,0,1,1,0,1,0,4,0,1,2,2,2,1,1,0,1,0,3,3,2,0,6,1,4,2,0,0,1,0,2,1,0,3,1,5,2,0,3,3,2,0,0,1,1,3,0,2,2,3,1,0,5,2
2015/08/13,2,9,0,5,1,1,0,3,1,2,10,2,0,2,1,1,0,1,0,0,3,1,3,0,2,1,13,4,0,2,0,1,1,0,0,2,10,9,0,1,0,3,2,0,5,24,2,1,1,3,1,1,0,0,3,0,2,4,2,3,0,1,0,5,1,0,1,3,2,4,2,2,6,4,1,0,1,0,1,2,2,4,2,0,0,0,1,0,7,1,0,3,1,0,0,2,4,2,3,0
2015/08/14,2,2,3,6,4,2,6,1,0,0,6,0,0,4,0,1,1,0,1,0,7,1,0,2,0,4,0,4,0,0,0,0,1,0,5,0,5,5,0,1,1,4,2,1,2,0,0,1,0,2,4,1,3,2,1,0,2,3,0,3,0,1,2,4,1,2,1,4,4,2,2,0,1,1,2,1,1,0,0,3,1,8,4,0,2,0,2,1,3,0,0,2,0,1,2,2,9,1,1,0
2015/08/15,8,7,1,17,2,2,3,0,2,0,7,2,3,3,0,3,2,0,0,1,6,0,6,0,0,1,4,3,0,1,1,0,2,1,1,2,20,4,0,0,2,11,4,0,1,5,0,0,1,4,0,4,0,3,1,1,6,4,2,1,1,3,2,3,1,2,2,3,2,2,4,2,5,2,4,0,2,1,4,6,1,8,1,0,3,5,2,0,4,1,3,2,2,1,3,8,7,1,3,0
2015/08/16,3,3,1,18,13,0,18,2,0,0,7,0,0,1,2,2,3,2,1,4,4,3,0,2,1,0,4,1,0,1,0,4,1,2,3,2,15,11,11,0,0,0,20,0,7,14,1,0,4,3,1,4,3,5,4,1,2,8,0,3,0,2,1,0,0,0,1,4,4,7,6,1,2,0,0,0,6,3,0,7,1,14,0,0,4,4,2,0,5,2,5,4,2,2,5,2,7,1,8,0
2015/08/17,1,25,3,0,4,0,5,18,2,0,5,1,0,3,0,2,1,0,1,1,4,1,4,1,0,0,2,2,1,0,0,1,0,2,1,0,4,2,0,1,0,0,3,0,4,12,1,0,3,1,0,0,0,3,1,1,4,1,1,3,1,1,1,2,0,1,8,2,0,0,2,0,3,0,0,0,0,2,0,2,1,2,0,0,1,2,1,2,2,1,3,2,0,2,2,3,5,0,2,4
2015/08/18,2,12,1,0,7,1,0,4,0,2,2,0,1,2,0,3,0,0,0,0,1,1,7,1,0,0,4,4,0,0,0,3,1,0,2,4,13,31,0,1,1,6,7,0,0,2,1,3,2,0,2,0,1,2,1,1,0,0,0,4,1,1,1,14,0,0,0,5,3,2,2,0,0,0,2,0,1,1,0,0,2,5,0,0,1,1,1,1,2,0,0,3,0,1,3,2,5,1,3,1
2015/08/19,0,5,1,2,6,0,0,4,3,0,8,1,0,3,0,1,1,1,1,0,2,5,0,1,1,6,5,4,2,0,0,13,1,1,2,2,0,1,0,1,0,1,0,2,3,0,1,0,3,1,2,0,1,3,1,1,2,0,0,5,0,1,1,5,1,1,0,4,3,1,3,0,1,5,1,0,2,1,1,7,3,5,0,0,4,0,0,3,3,2,0,4,1,1,1,1,4,0,2,1
2015/08/20,1,3,1,5,13,0,1,0,1,0,1,0,1,0,0,0,1,0,0,0,1,0,8,1,1,1,1,3,0,0,0,0,0,0,1,2,16,9,0,0,2,3,0,1,1,0,0,2,2,1,0,1,3,0,3,0,1,2,0,1,0,1,3,13,1,2,2,3,2,5,1,0,0,2,1,0,1,1,0,1,1,4,0,3,0,2,5,0,5,1,2,3,1,4,8,3,1,0,4,0
2015/08/21,2,1,1,10,2,1,0,2,1,0,1,2,1,5,1,0,0,0,1,0,0,0,14,2,4,2,2,2,0,2,0,2,0,0,1,1,2,0,0,1,0,3,1,0,0,2,0,1,2,0,1,2,1,2,5,0,3,1,0,3,4,2,0,10,1,0,2,0,5,1,1,0,3,0,3,1,2,3,1,4,2,8,0,0,2,0,0,0,1,1,4,0,2,1,4,3,0,1,6,0
2015/08/22,5,7,3,14,7,0,12,14,0,3,4,1,0,2,0,4,0,1,3,1,3,1,3,3,1,0,4,8,0,2,1,0,2,2,2,1,5,11,0,0,2,9,3,2,2,8,1,0,3,2,1,0,2,5,1,1,2,4,1,4,2,3,0,6,2,1,2,2,6,7,3,0,0,0,1,1,4,0,1,7,1,6,0,1,1,3,2,1,5,1,4,3,1,1,1,3,5,2,5,0
2015/08/23,5,4,0,5,2,0,1,4,1,0,4,2,1,6,0,1,1,0,0,1,2,2,1,0,1,4,7,2,0,0,0,0,1,0,1,2,15,11,0,0,0,1,10,5,2,7,1,0,2,4,1,4,2,7,0,1,4,4,1,4,0,2,3,12,0,1,0,2,4,5,4,0,3,1,0,0,1,6,1,6,2,9,0,2,4,3,1,0,1,1,2,6,1,1,0,6,4,1,5,0
2015/08/24,8,10,1,0,5,2,1,7,2,0,5,0,0,0,0,1,0,0,0,0,0,3,0,0,2,2,10,3,0,0,0,0,0,0,1,0,9,3,2,1,1,1,3,0,2,10,0,2,2,4,0,0,0,1,1,3,1,1,1,3,0,1,2,2,0,1,2,5,1,3,1,0,2,0,0,1,0,1,0,0,2,7,0,0,2,2,2,1,1,0,1,1,0,0,0,8,0,0,5,2
2015/08/25,2,0,0,0,3,0,0,15,1,1,6,1,1,2,0,1,1,0,0,0,0,3,0,0,0,5,14,5,0,0,0,2,1,1,0,1,0,3,3,0,0,24,0,3,1,9,0,0,0,1,0,0,2,0,0,1,3,0,1,5,0,0,2,5,0,0,4,3,0,1,0,0,0,1,2,2,0,1,0,0,1,3,0,0,1,1,3,1,3,0,3,0,1,2,2,2,0,0,3,1
2015/08/26,5,3,3,3,0,1,3,2,1,2,0,0,1,2,0,0,2,0,0,0,0,0,9,0,0,0,14,7,0,0,1,0,1,1,0,3,8,8,0,0,0,0,17,1,2,0,1,0,2,0,1,0,0,1,2,0,0,2,3,6,0,1,0,5,1,0,2,1,1,2,2,0,1,2,0,1,0,1,0,1,1,5,0,0,2,2,0,0,2,0,0,2,1,0,0,0,0,1,3,1
2015/08/27,3,3,3,3,0,1,2,2,0,1,6,1,0,5,0,3,0,0,0,0,0,1,6,0,0,3,6,1,1,1,1,0,0,0,1,7,0,0,0,0,0,0,4,0,0,5,2,0,0,2,0,1,0,1,3,0,2,2,3,2,1,1,0,5,1,0,1,0,3,1,1,0,1,0,2,2,2,0,0,0,0,10,0,0,0,4,1,2,3,0,1,3,1,2,2,0,2,0,0,1
2015/08/28,4,4,2,7,1,0,3,5,1,0,3,1,0,1,0,0,1,0,1,0,10,0,0,0,1,1,1,1,0,0,1,5,0,0,1,2,1,7,0,0,0,0,9,0,0,13,2,1,4,3,1,0,0,0,0,0,4,4,1,2,2,0,1,4,1,0,2,2,1,0,0,0,1,0,1,0,0,1,0,3,1,6,0,0,2,2,0,0,3,0,3,2,1,1,4,0,1,0,3,2
2015/08/29,9,12,1,5,1,0,3,13,1,2,4,0,0,5,0,5,3,0,0,1,0,3,2,1,0,0,2,0,1,1,0,3,1,2,0,0,9,0,0,2,3,20,0,0,4,6,3,1,1,5,2,5,1,5,4,1,5,3,1,3,1,1,3,21,3,1,2,3,5,0,3,1,2,5,3,4,0,1,2,4,2,21,7,1,1,4,2,0,2,0,7,4,1,3,2,0,8,0,4,4
2015/08/30,3,2,1,10,9,1,1,10,2,0,3,1,1,3,1,1,3,1,1,1,3,2,10,2,0,1,4,18,1,0,2,3,2,0,1,0,9,25,0,0,3,2,0,4,0,11,1,1,3,1,0,2,3,2,1,1,4,4,0,4,1,3,0,6,1,2,0,4,6,5,5,4,1,0,0,1,4,2,2,3,6,3,3,2,2,2,1,3,3,5,7,2,3,1,1,0,1,1,7,2
2015/08/31,3,5,1,3,4,0,0,17,0,1,4,1,0,5,0,2,1,1,0,1,0,1,0,0,1,0,4,9,0,0,0,0,3,1,1,1,5,7,6,0,0,0,2,0,1,6,0,0,1,0,2,2,3,4,1,2,1,1,2,3,1,0,2,6,0,3,0,2,2,3,1,0,0,0,3,0,1,2,0,1,0,0,1,1,4,3,3,1,4,0,1,1,0,2,3,1,0,0,1,3
2015/09/01,6,8,5,2,11,1,0,0,1,0,5,1,1,0,0,0,0,0,1,1,2,0,11,2,0,2,0,3,0,0,0,5,0,0,0,1,1,15,1,0,0,0,1,0,5,5,1,0,0,0,3,2,2,2,1,0,1,2,0,2,2,1,0,6,0,1,0,1,3,1,0,2,2,2,1,0,1,1,2,2,2,4,2,1,1,0,0,1,3,0,0,1,0,5,0,4,4,1,3,3
2015/09/02,7,13,1,18,13,0,0,0,0,1,3,0,1,4,0,2,1,2,0,0,8,0,2,0,0,0,2,2,3,1,0,0,1,1,2,3,7,13,0,2,0,0,2,0,1,0,0,0,1,2,0,2,1,2,2,0,1,3,1,2,2,2,0,3,3,5,0,1,3,1,0,0,3,0,4,3,1,0,0,3,0,4,1,2,2,3,3,2,3,1,0,1,1,3,3,4,6,0,3,2
2015/09/03,1,1,2,15,0,2,0,5,0,4,15,0,1,0,1,1,1,0,0,0,5,2,5,0,1,0,2,0,0,1,1,0,1,0,0,3,3,5,0,1,0,16,0,0,6,0,0,0,1,3,0,0,0,2,0,0,0,5,1,3,1,1,0,10,0,1,6,1,4,1,1,1,1,2,0,1,2,1,0,2,2,2,1,0,4,2,1,0,1,0,3,0,2,0,1,3,4,1,3,2
2015/09/04,5,9,2,9,0,1,2,12,0,1,11,0,0,6,1,2,0,2,0,0,9,2,0,1,0,3,9,3,1,1,0,6,1,0,1,1,5,7,0,0,0,10,4,0,7,31,0,0,1,3,0,4,2,1,3,1,1,3,2,8,0,3,0,9,2,4,1,4,4,3,3,1,2,4,0,1,2,0,0,3,1,7,2,0,2,5,2,2,2,0,4,0,0,0,5,0,5,1,2,0
2015/09/05,3,7,0,24,3,0,17,9,0,0,10,2,2,1,0,3,0,3,1,2,1,1,10,1,1,1,6,5,1,1,0,2,1,0,5,0,1,2,0,0,0,0,7,0,6,1,3,6,4,3,0,2,1,3,3,0,3,3,1,5,2,1,2,3,2,2,4,4,6,4,2,3,3,0,5,6,3,3,2,3,1,8,4,2,4,4,1,1,1,3,5,0,0,4,3,0,4,1,5,1
2015/09/06,9,3,0,0,6,1,3,2,1,0,3,0,0,0,0,0,0,1,0,0,0,4,0,0,0,0,11,4,0,0,2,1,0,0,0,1,0,1,1,0,0,0,23,2,6,1,1,2,0,0,2,4,1,2,3,0,3,1,0,6,4,1,2,3,2,1,2,1,0,3,2,0,1,0,0,0,1,3,1,7,6,3,6,1,1,0,0,1,2,1,4,0,2,6,2,0,12,1,1,0
2015/09/07,4,3,5,0,1,0,5,1,1,0,0,4,1,0,0,1,1,1,0,1,0,0,2,1,3,0,2,1,0,0,0,1,3,2,1,3,1,9,0,0,1,0,3,1,1,3,1,1,2,0,1,0,0,2,0,2,2,2,3,6,2,2,1,7,0,1,2,1,4,3,5,6,3,3,0,1,1,2,0,3,1,16,1,0,0,3,3,1,2,1,2,0,3,0,3,5,8,1,3,6
2015/09/08,2,1,1,0,3,1,0,5,1,0,0,0,1,4,0,1,3,0,0,1,0,1,2,2,0,0,5,14,0,1,0,1,1,1,0,1,16,8,0,0,0,0,9,0,1,0,2,0,0,0,0,0,0,3,1,0,3,4,0,3,0,1,1,2,3,0,4,1,1,1,1,2,3,2,1,0,1,2,1,1,1,4,1,0,2,1,0,0,1,0,0,0,0,1,4,2,4,0,1,0
2015/09/09,0,0,0,2,1,0,0,6,0,0,0,0,1,0,1,0,1,0,0,1,2,0,11,0,0,0,1,9,0,0,0,2,0,0,0,5,12,5,0,0,1,1,0,0,3,19,0,1,2,0,1,1,3,2,0,0,0,0,1,1,1,1,0,2,0,0,0,3,1,0,1,0,1,0,1,0,0,1,0,6,2,1,1,0,0,1,2,0,2,0,4,0,4,3,6,1,1,1,4,1
2015/09/10,3,3,2,6,0,0,1,6,1,1,2,1,0,1,1,3,4,0,1,1,3,0,4,2,0,0,2,11,0,2,1,0,1,0,0,1,14,8,0,1,0,1,3,0,5,3,0,0,1,0,1,1,1,1,0,0,4,2,2,2,0,1,1,3,0,0,0,1,0,0,1,1,0,0,1,0,1,1,0,3,0,2,4,0,0,0,2,1,0,1,2,0,2,1,1,3,5,0,2,1
2015/09/11,3,12,3,2,8,1,1,5,0,1,5,0,0,1,0,0,0,0,0,0,10,0,1,0,1,0,10,3,0,1,0,0,0,2,2,0,14,3,2,0,1,3,21,0,3,8,0,2,2,2,1,4,0,4,1,0,8,0,4,5,0,2,1,10,1,0,0,0,0,2,1,2,2,3,0,1,0,0,1,2,0,6,2,0,0,0,2,0,2,1,5,0,2,0,2,2,3,0,3,1
2015/09/12,5,1,1,1,9,1,5,3,0,3,1,1,0,1,0,3,0,0,0,0,3,1,1,0,1,0,20,3,1,0,1,2,1,0,2,5,8,0,0,1,0,6,14,0,4,5,0,3,3,2,6,2,2,4,2,0,0,5,0,4,4,1,1,13,3,0,7,4,2,7,2,1,5,0,0,1,1,4,2,3,3,5,5,1,0,9,2,2,2,1,6,0,0,5,2,3,8,0,5,2
2015/09/13,2,50,1,33,4,0,3,7,0,0,2,1,1,4,0,3,0,0,0,3,4,0,3,0,0,23,6,15,0,1,1,0,1,0,2,0,31,15,0,0,1,13,2,2,1,5,0,0,2,5,2,0,1,7,1,0,3,4,5,10,1,3,5,6,1,4,5,3,3,3,3,6,1,3,0,1,0,2,0,5,3,5,3,4,0,4,4,2,4,0,1,0,0,4,3,0,6,0,0,0
2015/09/14,3,0,0,8,0,0,3,10,0,1,2,0,1,3,0,1,0,0,0,3,0,0,2,2,2,0,4,8,0,0,0,0,0,0,2,1,19,0,0,0,0,0,0,0,0,19,0,1,1,0,0,0,0,0,4,1,0,2,0,4,0,1,1,0,2,1,1,0,4,1,2,0,0,2,0,1,0,1,0,2,1,1,1,1,0,0,1,0,1,0,4,0,1,1,4,6,1,2,5,0
2015/09/15,5,1,0,4,1,0,0,8,0,0,0,5,0,2,1,0,2,0,1,0,0,0,4,0,0,0,1,0,1,1,1,1,0,0,2,1,3,0,1,0,1,0,0,0,0,14,0,0,1,1,1,0,0,1,1,2,1,1,0,0,0,2,1,2,0,4,2,1,0,1,4,1,1,0,0,4,0,0,0,3,2,5,1,0,0,0,1,0,0,0,7,4,2,1,8,1,1,0,1,1
2015/09/16,3,0,0,25,0,1,12,14,2,0,0,0,0,2,0,0,0,0,0,0,5,3,9,1,1,1,1,3,0,1,1,2,0,2,0,2,0,5,0,0,0,0,5,0,0,4,1,0,2,2,1,0,0,3,2,0,2,1,0,4,0,2,0,5,1,0,0,3,2,2,0,0,0,0,0,2,1,1,0,2,1,2,0,1,0,0,2,0,3,1,0,0,1,1,0,5,6,0,0,3
2015/09/17,2,6,0,0,5,0,2,5,0,1,0,0,1,0,1,0,0,1,0,0,0,1,2,1,0,0,5,3,1,0,1,5,0,0,1,0,11,14,0,0,0,24,2,2,9,10,0,1,1,1,0,4,0,1,0,0,1,2,0,4,1,0,0,5,0,2,1,2,1,0,1,0,0,0,0,0,0,1,0,1,0,7,1,0,0,3,2,0,3,0,0,0,0,1,2,2,0,0,1,1
2015/09/18,4,4,5,3,8,2,9,4,0,1,5,0,0,0,1,4,0,1,1,2,3,2,1,2,1,0,4,3,0,0,3,3,0,1,1,3,6,3,0,1,1,0,4,1,1,4,0,2,0,2,1,4,2,0,0,2,2,3,0,0,3,3,3,9,1,0,2,1,0,2,3,1,4,2,0,4,1,0,0,0,2,4,4,2,0,2,1,1,3,1,2,1,2,0,2,0,2,1,3,1
2015/09/19,1,6,1,27,1,1,0,5,0,0,3,0,2,2,0,3,0,1,1,0,2,1,7,0,3,0,8,1,1,0,0,4,2,1,0,1,4,0,0,2,0,0,3,2,2,6,2,0,1,3,1,0,3,0,5,0,2,4,1,3,0,1,2,7,0,1,5,0,4,4,6,1,0,0,0,6,1,2,1,5,2,11,3,0,3,5,1,3,3,1,4,0,1,4,3,6,11,2,5,1
2015/09/20,4,2,5,5,12,1,5,12,1,1,15,0,0,6,1,5,1,1,0,2,4,0,7,0,2,0,11,4,2,1,0,3,0,0,2,2,10,3,5,1,1,0,8,0,5,5,2,3,4,4,0,4,2,8,2,0,1,5,0,12,2,3,3,8,0,5,3,0,5,3,1,3,3,0,5,2,2,1,0,4,3,3,2,1,5,3,1,2,1,1,1,4,1,1,3,6,6,0,3,2
2015/09/21,1,0,0,25,16,0,0,10,1,0,0,0,2,2,0,0,0,0,0,3,0,2,6,0,1,0,0,3,0,1,0,1,2,2,1,2,6,0,0,0,2,0,0,2,2,3,0,0,2,3,0,0,1,5,0,0,3,1,3,2,6,0,1,4,4,3,1,0,0,0,3,5,0,0,2,0,1,0,1,4,4,2,2,0,4,1,0,2,2,1,4,0,1,4,2,0,2,2,6,1
2015/09/22,0,13,2,3,1,0,0,1,0,1,0,5,0,2,0,0,0,0,0,0,9,0,3,0,1,0,3,2,0,0,1,1,1,0,0,2,15,24,0,0,2,0,21,1,2,1,1,1,0,0,2,3,1,1,0,0,1,3,0,2,0,1,1,16,0,2,0,0,0,1,1,1,0,0,1,1,0,1,0,1,4,8,1,0,0,1,0,0,1,0,1,1,0,3,4,6,2,0,1,2
2015/09/23,3,6,0,1,1,1,0,13,0,0,0,1,0,2,0,0,0,0,1,0,2,0,5,0,0,0,5,4,1,1,0,0,1,1,0,2,2,2,0,0,0,0,7,0,0,6,0,2,0,0,1,1,0,1,1,0,3,5,0,3,1,0,2,7,1,0,0,2,1,1,4,2,0,2,0,0,0,0,0,6,0,2,1,2,0,1,2,3,0,0,0,2,1,3,2,0,1,1,3,0
2015/09/24,1,0,0,1,7,0,12,3,1,0,0,0,0,1,0,3,2,1,0,1,6,0,1,0,0,24,13,0,0,0,0,6,0,0,0,2,14,1,1,0,1,24,3,0,26,1,0,0,0,3,2,3,0,4,1,0,1,2,1,2,1,2,3,5,1,2,0,1,1,1,1,0,2,2,0,0,0,0,0,1,0,13,1,0,0,1,1,1,1,1,0,1,1,3,1,0,1,0,0,0
2015/09/25,7,6,0,13,2,1,12,0,1,1,6,0,0,0,2,1,1,0,0,0,8,0,0,1,0,0,17,1,0,1,0,2,1,0,1,3,4,0,1,2,0,0,8,0,0,10,1,1,0,3,0,2,0,0,1,0,3,1,1,5,3,1,1,15,1,2,2,2,1,0,0,1,1,1,0,1,2,2,0,2,3,4,2,0,0,5,1,1,2,0,3,3,1,2,8,5,3,1,2,0
2015/09/26,1,4,0,19,2,0,0,3,1,0,1,0,1,5,0,2,1,0,0,2,5,3,8,0,0,2,8,13,0,1,0,0,1,0,0,0,5,0,1,2,1,0,33,0,0,10,0,1,1,1,1,4,2,0,3,1,4,3,1,4,0,2,3,15,2,1,3,1,6,1,0,3,1,0,0,0,2,1,1,6,0,11,4,0,3,6,1,1,6,0,1,3,0,1,0,1,4,1,1,3
2015/09/27,0,1,0,21,28,0,0,13,1,1,14,2,1,3,0,3,1,1,0,2,5,0,7,1,4,5,13,7,0,0,2,0,2,0,3,0,0,0,1,2,1,5,1,2,0,6,1,5,4,1,0,4,0,3,5,0,5,7,1,3,4,2,2,22,1,1,4,0,2,6,4,2,2,0,0,1,0,1,0,5,9,10,3,4,3,2,2,0,5,0,7,1,1,1,3,5,8,0,1,3
2015/09/28,6,6,0,0,2,2,0,12,1,1,0,0,0,6,0,1,1,2,0,0,0,2,2,1,0,2,0,4,2,0,0,1,0,1,0,0,12,8,0,1,0,0,18,0,0,24,1,1,1,2,0,0,1,1,0,0,0,2,1,2,0,0,4,8,0,1,0,3,1,5,3,0,2,2,0,1,0,3,0,4,3,5,2,1,1,2,0,0,2,0,3,2,1,0,3,6,0,2,0,0
2015/09/29,0,1,2,1,4,1,8,9,1,0,2,0,0,0,0,2,2,0,1,0,0,4,13,1,1,11,4,7,1,0,0,2,0,0,1,0,0,5,0,0,0,2,6,0,0,5,1,0,3,1,1,1,0,3,0,1,2,1,1,1,0,1,0,5,3,2,3,0,0,0,1,2,0,0,0,1,0,3,0,2,1,0,2,0,2,0,3,0,0,2,2,0,0,3,0,1,4,0,1,1
2015/09/30,3,5,0,1,3,3,3,9,0,0,1,0,1,6,1,2,2,2,0,0,2,0,0,1,0,3,3,3,0,1,0,0,1,1,1,2,10,10,1,0,0,4,20,0,2,5,0,1,1,1,0,1,1,4,0,0,1,2,0,1,1,0,1,4,1,1,1,2,1,3,1,0,3,3,0,0,0,0,0,1,1,0,2,1,4,1,2,0,1,0,0,1,1,0,1,4,4,0,2,0
2015/10/01,3,6,1,3,0,1,2,4,0,0,3,0,0,4,0,3,2,2,0,0,7,2,2,1,2,3,2,0,1,2,2,5,1,0,0,4,8,0,0,2,0,5,6,1,0,15,0,0,0,0,0,3,1,5,1,0,1,2,2,3,0,1,0,13,1,4,1,3,4,1,0,0,5,2,0,0,0,4,1,1,0,11,6,0,1,3,1,0,1,0,2,1,0,0,0,2,3,0,1,1
2015/10/02,0,9,9,14,1,0,0,1,2,1,14,0,0,5,0,0,0,0,1,0,2,0,5,0,1,7,1,11,0,1,0,3,2,2,1,0,15,17,2,0,0,25,4,0,1,1,0,0,1,2,0,3,1,5,4,0,1,2,4,5,4,1,2,9,1,1,2,1,1,1,0,0,1,1,2,0,0,2,2,2,0,6,0,0,1,0,1,1,4,2,2,1,1,1,3,3,3,1,2,1
2015/10/03,3,1,7,21,0,1,4,8,2,1,4,2,0,2,0,2,0,2,0,1,13,0,2,4,1,2,3,1,0,0,1,1,2,1,0,0,1,0,0,4,0,3,0,1,21,1,2,3,3,2,1,3,2,0,3,1,2,4,3,8,1,1,1,4,2,0,0,4,5,0,4,1,2,1,4,3,1,1,2,6,3,16,2,1,0,2,2,0,3,0,2,0,0,4,2,6,3,2,3,2
2015/10/04,2,1,1,2,5,2,7,0,2,1,6,1,1,4,0,3,0,0,0,1,9,0,3,0,0,0,4,19,0,1,2,1,1,0,1,0,11,3,1,1,1,0,0,1,3,2,1,3,2,3,3,1,3,3,3,1,2,2,4,6,2,0,2,12,2,1,1,2,4,4,1,2,0,1,6,4,1,5,0,8,1,14,2,4,2,6,2,1,2,1,3,5,1,2,3,2,8,2,6,1
2015/10/05,5,0,1,5,7,3,9,4,1,2,2,1,1,7,1,1,0,0,0,3,0,1,9,1,0,0,11,4,0,1,0,5,0,0,1,3,6,2,0,0,1,5,3,2,7,2,1,0,2,2,1,2,2,2,0,2,1,6,4,7,0,2,1,11,1,3,0,2,0,2,0,2,1,0,3,7,1,1,0,2,1,5,5,3,2,3,3,2,4,0,1,1,1,5,2,3,5,0,1,0
2015/10/06,1,0,3,0,7,1,0,1,0,0,2,3,0,1,1,0,3,1,0,0,2,0,3,1,0,0,0,0,0,1,1,0,2,0,0,0,11,0,0,0,0,2,4,0,1,0,2,0,0,0,2,1,1,0,1,0,1,0,2,4,1,2,3,8,2,0,0,2,0,2,1,0,1,1,1,1,1,4,0,2,0,3,0,4,0,2,0,4,0,0,3,1,1,1,5,1,0,1,0,0
2015/10/07,2,1,0,5,0,1,0,2,0,0,5,1,1,0,1,0,0,0,0,3,0,0,8,0,0,1,13,3,1,0,0,3,1,1,0,0,0,0,2,0,0,3,3,2,1,4,1,0,1,0,0,5,1,3,1,0,0,1,1,2,0,1,1,7,1,1,0,1,0,2,2,5,0,0,0,0,1,0,0,4,0,7,3,1,2,0,0,2,2,2,2,1,0,1,0,2,5,0,3,0
2015/10/08,5,0,6,2,1,0,0,9,0,0,5,0,0,4,1,0,0,0,0,1,0,1,18,0,0,6,1,2,0,0,0,1,1,2,0,0,13,23,0,0,0,9,3,1,0,8,1,2,2,1,1,3,0,2,1,0,0,0,1,0,1,1,4,7,1,0,3,3,0,1,1,2,0,1,0,1,0,1,0,4,0,6,1,0,2,1,3,8,1,0,1,0,2,1,3,4,3,0,1,0
2015/10/09,0,6,3,5,1,3,1,3,0,0,13,0,1,1,0,2,1,1,0,1,3,1,0,0,0,12,0,9,2,0,1,0,1,0,1,2,1,5,0,6,2,0,8,0,1,2,1,0,1,4,0,0,0,4,2,2,1,0,1,7,0,0,5,9,1,3,3,2,0,4,1,2,0,1,0,3,1,1,0,3,3,0,3,0,6,7,0,0,3,0,0,2,4,3,0,3,2,0,4,2
2015/10/10,0,7,5,9,2,0,0,11,1,1,2,1,1,5,0,5,0,2,1,0,3,0,0,0,1,6,25,1,0,0,0,4,0,0,2,7,0,9,0,1,0,27,8,0,0,8,0,2,1,2,0,2,2,6,0,0,3,3,5,6,4,1,0,7,2,3,3,3,0,2,2,8,8,8,2,2,1,1,1,6,1,13,2,1,5,1,3,0,1,1,1,2,1,2,3,3,4,3,3,2
2015/10/11,3,2,0,10,0,0,2,3,0,1,7,1,0,6,1,4,2,3,1,0,3,0,0,3,0,6,4,9,1,1,1,3,0,3,0,0,1,0,0,1,1,2,5,0,4,13,2,1,4,2,4,3,1,3,2,4,4,5,3,4,0,3,1,13,1,1,2,1,0,5,5,6,2,0,1,1,0,2,0,4,6,8,5,0,1,3,2,0,2,0,4,2,4,4,3,7,3,2,8,5
2015/10/12,8,2,2,1,0,1,1,12,1,2,1,2,4,2,0,0,1,0,0,3,6,0,0,0,0,10,2,7,4,1,0,5,0,4,3,3,0,13,0,0,1,1,3,3,4,15,1,1,1,1,0,2,0,4,3,2,3,2,2,2,2,0,0,11,0,4,4,0,0,1,1,1,1,0,1,0,0,1,0,2,0,8,3,5,0,2,2,0,0,0,1,2,0,1,1,2,1,3,1,2
2015/10/13,1,0,2,2,1,0,0,0,0,0,3,0,0,0,1,1,2,0,0,0,3,0,7,0,1,2,3,0,0,0,2,1,0,0,1,0,10,0,0,3,0,1,0,2,4,2,2,1,0,0,0,4,1,0,4,0,3,2,3,3,0,0,0,0,1,0,2,1,0,0,0,0,0,0,0,0,3,1,0,4,1,0,1,0,1,1,0,1,1,1,1,2,1,1,4,2,1,0,5,1
2015/10/14,4,11,0,2,0,0,0,1,0,0,1,0,0,1,0,2,0,0,4,0,1,1,1,2,0,5,2,5,1,0,0,1,0,0,0,0,1,5,2,0,0,23,0,4,0,8,0,1,0,0,1,0,1,3,0,0,2,1,0,2,0,0,0,2,1,3,1,2,0,2,0,0,2,0,0,0,0,0,0,2,0,0,2,0,0,4,3,0,1,0,0,0,0,1,1,2,2,0,1,1
2015/10/15,0,1,6,0,0,1,2,3,3,0,0,0,0,0,0,0,1,1,0,0,0,0,5,2,1,0,2,3,0,0,0,1,2,0,1,1,3,24,0,2,2,4,0,0,5,0,0,4,2,0,0,1,0,0,3,0,1,2,1,1,1,2,1,3,0,0,0,1,0,3,0,4,0,0,2,4,1,0,1,2,1,1,0,2,0,2,2,2,2,1,2,3,0,0,0,1,0,0,1,1
2015/10/16,4,10,2,1,2,0,0,12,2,1,0,0,0,1,0,3,2,1,0,2,3,1,1,0,0,5,1,0,0,0,0,2,2,1,0,3,1,0,0,0,2,0,0,0,1,0,0,1,2,0,0,1,1,4,1,0,1,1,1,6,2,1,1,9,1,0,3,1,0,1,0,3,1,0,1,0,3,1,2,1,0,9,1,0,4,2,3,1,0,1,1,3,1,1,1,3,4,0,2,3
2015/10/17,2,0,3,31,1,0,2,6,0,0,7,0,1,1,1,1,0,0,0,1,5,5,4,1,1,16,12,4,0,0,0,3,1,1,2,1,5,0,2,1,0,13,0,0,28,18,3,3,2,0,0,0,2,3,1,0,4,4,3,7,0,3,3,13,0,0,4,3,0,4,4,5,2,0,0,3,0,1,1,7,2,6,9,12,1,3,1,4,4,0,4,4,4,3,0,4,1,1,4,2
2015/10/18,0,4,3,24,2,1,8,9,2,1,11,2,1,11,0,2,1,4,1,0,6,2,3,1,0,8,24,2,0,0,1,0,1,0,4,2,3,0,2,1,0,5,0,4,0,22,3,0,3,6,2,5,1,4,2,0,3,6,1,1,1,0,1,6,3,0,0,2,2,1,1,2,3,1,1,3,0,5,0,7,1,3,5,0,5,5,1,0,2,1,1,0,1,1,5,0,6,0,7,1
2015/10/19,0,0,7,15,0,1,0,18,1,0,0,0,0,3,0,0,1,0,0,1,2,1,1,0,1,1,1,4,2,1,0,0,0,1,1,0,1,7,1,1,1,0,1,0,0,3,1,0,0,3,1,3,0,1,1,0,2,1,1,5,2,0,1,6,1,3,1,2,1,2,1,0,4,1,0,0,0,2,0,0,0,7,2,1,1,1,0,0,0,0,1,1,0,1,5,0,2,0,3,1
2015/10/20,6,3,2,2,5,0,0,1,1,1,6,0,1,7,0,1,2,0,0,1,0,0,0,0,0,0,4,0,0,1,1,0,0,0,0,0,2,12,1,1,2,2,0,1,4,2,1,2,0,3,2,1,1,3,0,0,1,2,2,2,0,1,0,2,0,1,2,1,1,0,0,2,0,0,0,1,0,2,0,3,3,6,2,1,1,1,2,0,1,0,2,0,1,1,2,0,1,0,6,2
2015/10/21,1,4,3,1,1,0,3,3,0,0,2,0,1,0,0,2,0,0,0,0,1,0,1,1,0,1,2,3,1,1,1,1,0,2,1,1,1,24,0,2,1,0,0,1,0,0,0,0,2,0,0,3,3,1,0,0,1,3,2,3,1,1,0,19,2,0,0,0,1,0,5,2,0,1,0,0,0,1,0,1,0,1,0,0,0,1,0,1,0,0,0,0,0,2,5,0,0,1,2,0
2015/10/22,0,5,0,4,1,1,0,22,0,3,2,0,0,0,0,0,0,1,0,2,3,0,2,0,0,6,1,2,1,0,0,0,0,2,3,1,3,7,0,0,0,13,0,1,0,14,1,0,1,0,0,2,0,7,2,0,1,2,2,1,2,1,0,10,0,0,3,2,0,2,0,1,0,0,0,0,0,1,1,1,4,3,1,1,1,1,2,0,3,2,3,1,0,2,2,0,1,0,1,2
2015/10/23,5,0,1,0,0,0,0,0,0,0,0,0,0,6,0,1,0,0,0,0,1,3,3,1,0,9,1,20,1,0,1,0,0,0,0,1,0,5,0,0,0,1,0,0,0,6,2,1,2,1,0,1,3,1,4,1,0,2,1,4,2,2,3,2,0,1,4,2,1,4,1,2,2,1,0,2,0,2,0,1,0,4,1,0,1,1,2,0,1,2,1,0,1,0,0,2,2,0,6,1
2015/10/24,0,0,5,0,7,2,0,1,1,0,2,0,1,7,1,2,1,0,3,0,0,5,2,1,0,27,5,0,1,1,0,1,1,1,2,5,1,12,0,1,0,27,0,3,5,14,1,0,4,1,2,2,1,3,0,1,3,4,0,5,1,3,1,10,3,2,3,0,1,1,4,4,2,1,0,7,0,1,1,2,2,5,8,0,7,5,0,0,1,1,1,0,5,2,0,4,8,0,1,0
2015/10/25,6,0,2,0,2,1,4,12,1,1,6,2,0,0,0,3,2,0,0,0,1,0,5,0,3,3,22,3,2,1,0,7,0,3,3,0,6,5,1,0,0,0,5,1,10,17,0,2,1,3,0,4,1,6,0,0,4,3,3,4,1,2,4,2,1,2,1,5,3,3,0,6,3,0,0,0,0,1,0,10,6,8,5,1,1,4,0,3,4,0,1,1,2,3,1,6,3,0,8,0
2015/10/26,6,2,0,0,4,2,0,1,1,1,3,0,0,0,0,2,0,0,0,1,2,1,0,0,0,9,5,1,1,2,1,0,1,2,0,0,0,4,1,1,0,1,3,0,2,0,0,0,0,4,1,1,0,2,1,0,3,1,5,3,1,2,0,0,0,2,0,1,1,0,0,2,1,1,0,0,1,1,0,0,0,7,3,1,0,0,0,0,1,1,0,3,0,0,2,0,0,1,3,1
2015/10/27,0,9,2,0,2,0,0,26,1,0,2,0,0,4,0,2,0,0,0,2,0,0,14,0,0,4,2,6,0,1,1,1,1,0,0,0,2,9,1,0,2,25,1,0,1,7,0,1,0,0,1,1,0,1,3,0,2,1,0,1,3,0,3,3,0,3,0,1,1,1,1,2,0,1,1,0,2,0,0,3,0,4,2,1,0,1,0,1,1,1,0,1,0,1,4,0,0,1,4,0
2015/10/28,6,5,2,5,2,1,4,0,0,1,14,0,1,0,1,0,0,1,0,1,1,1,4,1,0,6,1,0,0,0,1,1,1,0,0,1,0,11,0,0,0,0,0,1,0,12,0,2,1,1,2,3,0,3,0,0,3,3,2,2,0,1,1,6,0,0,15,0,1,0,2,1,0,0,1,1,0,0,0,1,0,4,3,0,1,1,1,0,2,1,2,0,0,1,1,0,1,1,1,1
2015/10/29,0,3,0,1,2,0,2,0,1,0,2,0,0,3,1,1,0,1,0,0,3,0,8,1,0,0,2,0,0,0,1,1,0,1,0,2,1,7,0,0,1,1,0,0,0,10,1,0,2,1,0,1,1,4,2,0,2,2,2,2,2,0,0,0,1,1,1,1,0,1,2,2,4,1,0,1,0,0,0,3,0,4,0,1,6,0,3,1,0,1,2,1,0,1,0,3,0,1,2,0
2015/10/30,4,2,1,4,5,1,1,0,1,0,4,4,1,6,0,5,0,0,0,0,3,1,2,1,1,5,31,0,1,1,0,2,0,3,1,5,0,2,0,1,0,23,2,0,14,9,1,4,0,5,0,1,0,3,1,3,0,0,1,5,2,2,2,2,2,0,0,2,0,2,2,5,0,1,0,3,1,1,0,1,0,0,0,1,1,3,0,1,3,1,0,0,0,5,3,3,0,1,1,1
2015/10/31,4,1,5,32,2,0,1,13,3,0,11,0,1,0,0,0,0,3,1,3,16,0,5,3,3,2,12,3,0,2,0,5,0,2,0,2,8,7,1,0,1,0,0,1,3,5,2,0,2,1,0,8,2,1,2,2,3,2,1,6,3,4,0,10,1,1,2,5,3,4,0,4,1,0,4,0,2,2,1,5,1,9,3,2,2,4,1,1,3,0,0,3,1,0,2,5,2,2,5,2
2015/11/01,7,2,2,0,0,0,4,0,1,0,29,0,0,5,0,3,0,0,1,1,5,1,5,2,3,9,16,15,2,2,3,6,1,2,2,0,10,10,0,0,0,0,1,1,0,19,3,1,2,2,1,4,4,7,3,0,4,7,1,8,2,1,4,12,1,1,4,1,4,1,3,4,3,0,1,0,1,3,1,4,1,3,1,2,1,2,0,1,2,0,1,2,2,1,2,1,7,2,2,3
2015/11/02,2,5,1,3,10,0,2,8,0,0,4,0,0,1,0,2,1,1,0,1,0,0,3,0,0,1,2,7,0,0,0,0,1,1,2,2,1,5,2,0,0,6,0,0,0,5,0,1,4,2,2,0,1,4,1,0,1,2,2,0,0,0,0,10,0,0,1,1,0,3,1,2,0,0,0,1,2,1,1,1,2,8,3,0,3,2,2,0,2,0,0,1,1,1,3,3,1,0,1,2
2015/11/03,0,2,1,0,1,0,0,3,1,0,1,0,0,1,0,1,0,1,0,1,3,1,0,0,1,0,2,0,0,1,1,2,2,1,0,1,0,18,0,1,0,2,0,0,3,4,2,2,0,0,0,1,1,1,3,0,4,1,1,4,1,0,0,2,0,1,1,1,3,0,1,0,1,0,0,0,2,2,0,2,1,1,0,2,1,2,1,1,0,0,0,3,2,1,1,3,2,0,4,1
2015/11/04,7,0,1,1,5,0,2,13,2,0,2,1,0,4,1,1,1,1,0,0,2,1,6,0,1,2,13,2,0,0,1,1,3,0,0,0,1,0,0,0,1,1,0,0,2,6,0,0,1,0,0,3,1,4,3,0,3,5,1,2,0,2,0,2,1,2,2,0,2,2,4,2,2,0,3,1,0,0,0,0,0,9,3,0,2,1,2,2,1,1,1,1,0,0,3,1,0,1,2,0
2015/11/05,1,0,0,1,1,0,3,11,1,1,1,0,0,0,0,1,0,1,0,1,0,3,1,1,2,8,3,2,1,1,0,6,1,0,2,0,2,0,0,1,2,36,0,1,0,10,1,1,0,2,0,0,0,2,1,0,2,0,3,8,1,2,1,1,1,0,1,2,2,3,1,1,0,1,0,1,0,1,0,1,2,2,1,5,2,2,1,1,2,2,0,1,0,2,3,2,1,0,5,0
2015/11/06,3,9,0,6,3,2,2,1,0,1,13,1,0,2,0,3,2,0,1,0,3,2,2,0,1,6,15,1,4,1,1,1,1,2,1,1,6,11,0,1,0,0,0,0,0,17,3,0,1,0,2,1,3,0,2,1,4,6,1,2,0,2,1,10,0,1,0,2,3,3,0,1,0,0,1,0,0,1,0,1,0,6,4,0,6,0,0,2,2,3,1,2,1,2,2,5,4,1,6,3
2015/11/07,2,2,2,5,6,0,8,10,2,0,7,0,3,4,0,0,1,0,1,0,6,1,6,0,0,6,8,8,0,0,0,2,0,2,1,1,1,7,1,1,1,0,0,0,0,1,0,1,1,2,1,7,4,2,0,1,4,3,1,4,3,3,3,12,2,1,0,0,0,6,2,4,1,0,0,1,1,2,1,6,0,8,2,1,0,3,1,0,3,3,0,1,0,2,4,4,2,0,9,2
2015/11/08,3,3,2,28,7,0,4,0,1,0,24,0,0,1,1,3,2,1,0,2,0,1,3,2,0,1,14,15,3,0,1,0,0,2,1,0,3,4,0,1,0,0,0,0,1,5,1,2,2,3,1,3,0,3,1,0,1,0,1,6,4,0,1,1,3,2,1,3,3,1,4,6,1,0,3,0,1,4,0,4,1,7,6,7,0,1,0,1,3,1,1,0,5,1,4,2,4,0,6,2
2015/11/09,0,0,1,0,5,0,4,0,0,0,11,0,0,0,0,1,1,0,0,0,5,0,2,1,0,5,7,2,0,1,0,0,2,1,0,1,8,2,0,1,0,1,0,0,0,5,1,1,2,2,0,1,0,3,0,0,2,2,1,8,0,1,1,5,0,2,3,0,1,0,0,3,2,0,1,1,2,0,0,2,0,4,1,0,5,0,2,5,1,2,0,2,0,1,4,2,1,0,2,2
2015/11/10,1,0,0,0,0,0,0,0,2,1,3,0,0,5,1,3,2,0,2,3,2,1,0,0,0,0,12,0,0,1,0,0,1,2,2,0,0,1,0,1,0,0,0,0,2,1,2,0,1,1,0,2,0,1,3,0,0,3,1,5,1,0,0,4,0,1,1,0,0,1,2,3,1,0,0,3,0,1,1,1,1,2,1,0,6,2,0,1,2,0,1,1,1,2,3,0,1,0,2,1
2015/11/11,8,0,2,1,4,0,0,6,5,0,1,0,0,3,0,0,2,0,0,0,6,4,3,3,0,1,2,5,0,0,0,0,0,0,0,5,4,2,2,0,0,8,0,1,3,6,0,0,1,2,0,2,0,0,3,0,3,2,1,5,1,1,3,6,0,0,1,2,1,0,2,4,1,3,0,1,1,1,1,7,3,3,1,0,1,2,2,0,1,0,0,3,0,1,1,6,0,0,6,1
2015/11/12,1,2,1,7,18,0,0,10,0,1,5,2,0,5,0,1,0,0,1,1,1,1,0,1,2,1,0,5,2,1,1,0,0,0,1,1,0,3,1,1,0,1,1,1,3,1,1,2,0,0,4,3,0,1,2,0,0,2,0,4,1,3,3,6,0,1,1,1,1,3,0,4,1,0,0,2,0,0,2,1,0,3,2,0,0,1,2,0,0,0,1,1,0,1,6,3,1,0,1,3
2015/11/13,2,0,1,15,4,2,0,8,0,0,16,0,0,7,1,0,0,1,0,2,0,1,5,0,2,7,0,7,1,1,1,1,0,1,1,1,0,5,1,0,0,1,1,0,1,11,0,0,3,2,2,1,3,3,3,0,2,2,2,2,2,1,0,1,2,0,1,1,3,4,2,5,2,0,0,1,0,0,0,4,0,4,4,1,0,4,0,1,1,3,2,1,1,5,3,1,2,0,2,1
2015/11/14,3,0,6,26,1,1,1,7,2,1,16,0,2,0,0,1,0,0,1,3,3,2,3,0,2,8,8,8,1,3,2,0,0,2,1,1,0,5,2,2,1,8,0,3,0,6,1,2,3,1,0,4,2,5,1,2,1,3,1,6,2,1,1,10,5,3,2,2,3,2,1,7,3,0,0,2,7,3,1,4,2,9,3,0,0,4,1,0,2,3,1,0,0,4,3,6,2,0,3,1
2015/11/15,3,0,4,0,7,0,4,0,3,1,12,0,0,1,1,4,1,1,0,1,2,0,7,1,1,2,16,3,7,0,0,0,1,0,5,2,8,10,4,0,0,12,2,2,13,5,3,1,1,4,0,5,2,0,3,1,4,2,2,9,4,4,0,12,1,2,3,1,0,1,0,3,2,1,0,1,1,5,1,5,2,14,2,1,0,3,2,2,3,0,1,3,1,0,2,6,7,2,2,1
2015/11/16,7,0,0,0,0,1,1,0,0,3,6,0,1,4,0,2,0,0,0,0,0,0,2,1,0,7,15,2,0,0,2,0,1,1,1,3,2,3,4,1,0,17,0,0,8,1,0,0,1,0,0,2,1,3,0,0,2,0,0,5,0,4,0,6,0,0,1,2,2,2,2,0,0,3,0,0,1,2,0,7,2,2,4,3,1,0,0,0,0,0,1,0,3,0,2,3,4,1,2,1
2015/11/17,3,2,0,0,2,1,16,22,2,0,15,0,0,1,0,2,1,1,0,1,3,0,3,0,0,8,2,2,0,0,0,0,1,2,0,1,3,9,1,0,0,1,0,0,0,9,0,0,1,0,0,4,0,4,1,0,2,5,0,1,1,0,0,2,0,1,3,1,0,0,1,0,1,1,0,0,0,1,0,4,1,2,2,0,1,1,1,0,1,0,1,1,0,0,2,3,4,1,5,0
2015/11/18,1,0,0,12,0,1,0,2,0,1,0,2,1,1,0,0,2,0,0,0,0,0,7,0,0,12,0,0,2,0,1,0,1,0,0,0,0,8,0,1,0,5,0,0,0,20,0,1,2,4,2,9,0,3,0,0,0,1,0,5,1,3,2,4,1,0,4,3,2,2,0,0,0,0,0,1,1,1,1,2,1,0,1,0,1,1,2,0,1,1,1,1,2,1,1,0,4,0,1,0
2015/11/19,8,1,5,1,1,1,0,12,3,2,0,0,1,8,0,1,0,2,0,0,4,0,0,0,1,5,2,5,1,0,1,0,1,1,0,0,6,0,0,1,0,0,1,1,2,6,2,0,0,2,0,1,1,2,4,0,1,2,2,1,1,2,1,4,0,2,1,0,0,4,2,1,1,1,0,1,2,0,0,2,2,0,4,1,2,2,0,1,0,0,1,2,0,2,0,0,3,0,2,0
2015/11/20,8,6,2,7,4,0,0,0,0,0,11,1,1,8,0,2,1,0,0,1,2,2,8,0,0,0,4,11,0,0,0,0,0,1,0,0,1,17,0,1,0,4,1,2,2,3,0,0,1,2,1,1,3,3,0,1,10,3,1,1,4,1,1,13,0,1,1,0,0,3,2,2,0,0,0,0,2,2,0,2,2,5,2,0,1,2,0,1,2,0,0,1,1,1,4,4,3,1,2,1
2015/11/21,2,4,2,55,7,0,0,0,1,0,22,0,0,2,0,0,1,0,2,0,6,1,1,1,0,3,22,6,0,1,2,1,1,0,1,1,6,3,0,2,0,4,0,3,14,8,0,1,4,1,4,1,2,0,3,2,1,5,1,1,2,1,1,7,1,1,5,3,4,4,6,3,2,2,4,2,1,2,1,7,1,7,2,1,1,1,1,0,5,2,1,5,1,3,5,5,7,0,10,1
2015/11/22,4,6,5,3,8,0,0,0,1,0,8,1,1,1,1,1,0,0,0,0,1,1,8,0,0,6,0,2,1,0,2,1,2,0,2,2,0,4,0,0,0,6,0,0,0,3,0,5,0,1,0,2,0,1,0,1,2,6,1,6,0,3,0,13,1,3,3,2,6,2,0,4,2,1,4,6,0,1,0,6,7,10,3,0,3,1,1,5,3,0,0,1,1,3,3,1,6,0,0,3
2015/11/23,0,14,2,0,1,0,5,4,2,0,8,0,0,0,0,1,1,0,0,0,0,1,0,0,3,4,6,8,0,1,0,3,1,1,0,4,4,8,0,1,0,3,0,1,3,0,1,0,0,0,1,2,0,1,2,0,0,1,1,3,0,0,1,7,0,1,4,4,0,4,1,11,1,0,2,0,2,0,0,2,0,2,1,0,2,4,1,0,0,0,0,0,1,1,1,4,4,1,0,1
2015/11/24,7,5,1,0,2,1,0,1,0,0,0,0,0,1,0,1,1,0,0,2,0,1,0,1,2,3,5,6,1,0,0,0,1,1,0,3,2,3,0,0,0,0,0,0,0,0,0,2,0,1,5,1,1,0,1,0,2,7,0,5,1,0,1,3,0,0,3,0,1,1,0,5,2,0,1,0,2,1,0,3,0,0,3,1,0,2,1,0,0,1,0,0,0,0,0,4,2,0,1,1
2015/11/25,3,0,0,0,2,1,6,10,1,1,9,0,0,4,3,2,0,0,0,0,2,0,5,1,3,18,5,2,0,3,1,1,0,2,1,0,8,15,0,3,0,29,0,0,3,15,1,0,1,4,1,4,1,2,0,0,1,5,0,0,0,3,0,9,0,0,0,2,2,2,2,0,3,1,1,1,0,1,0,3,0,8,2,3,2,3,1,1,1,1,0,5,1,1,0,3,7,1,3,2
2015/11/26,1,0,0,4,0,0,0,3,0,0,1,1,0,0,0,1,0,0,0,0,9,0,3,0,0,2,1,2,0,0,0,0,2,0,1,0,0,2,0,0,0,2,0,0,2,0,1,0,2,2,0,1,0,2,2,0,2,2,0,1,0,0,0,0,0,1,2,1,0,0,1,0,0,0,2,2,0,0,2,1,0,5,2,0,0,1,1,0,0,2,1,0,0,2,2,1,0,1,3,0
2015/11/27,1,3,4,43,2,1,8,3,0,1,0,0,0,2,0,1,0,2,1,1,1,1,2,1,1,0,7,2,0,1,0,2,1,0,0,3,1,0,5,0,1,2,0,1,4,3,0,0,4,0,2,1,0,1,2,1,4,2,0,4,0,0,2,10,0,2,1,2,2,4,0,0,0,1,4,0,0,0,0,1,0,5,4,0,2,2,0,1,4,2,0,1,1,1,1,1,1,1,2,3
2015/11/28,3,9,2,1,23,2,4,6,0,0,17,0,1,0,0,3,2,2,1,1,2,2,5,1,0,0,11,9,0,1,1,6,0,0,1,1,4,2,0,1,0,2,0,0,7,7,0,0,2,3,0,2,2,3,4,0,3,3,1,5,1,2,3,8,2,2,0,3,1,6,0,2,1,1,2,1,1,3,0,6,2,7,3,1,2,1,1,0,2,0,0,0,3,4,0,3,6,1,4,2
2015/11/29,4,2,4,0,0,0,27,0,2,0,21,1,1,6,0,1,0,1,1,1,7,0,4,0,0,0,9,3,4,1,0,1,0,3,1,6,0,1,0,4,3,4,0,0,11,2,0,0,1,0,3,8,1,1,1,0,0,2,0,4,0,2,1,11,1,2,1,4,2,4,0,2,1,0,0,0,2,0,0,5,0,6,2,1,2,4,0,2,4,0,0,0,1,1,2,2,1,0,2,2
2015/11/30,6,3,1,0,0,1,1,0,1,0,10,0,0,1,2,0,0,0,2,0,0,0,0,1,1,6,5,0,0,1,2,1,1,2,0,0,3,0,1,1,1,3,0,0,1,2,1,1,0,0,1,3,0,4,2,1,3,1,1,3,1,1,1,3,2,0,0,0,2,0,0,5,2,2,2,0,2,1,0,3,2,5,5,0,1,1,1,0,0,0,0,1,1,0,0,4,3,0,6,0
2015/12/01,1,3,0,24,4,0,4,0,1,1,18,1,0,4,2,2,1,1,0,1,0,1,8,0,1,14,3,1,3,0,0,7,1,1,0,0,0,4,0,1,0,6,0,2,8,8,0,2,0,0,1,2,0,0,1,0,0,5,0,9,1,2,1,6,1,0,0,0,1,1,0,1,2,0,0,2,0,2,0,2,0,1,3,2,1,1,2,1,0,0,0,0,0,5,0,0,3,0,1,0
2015/12/02,4,7,2,0,0,0,0,8,1,2,2,0,0,10,0,2,0,0,0,2,3,0,0,1,0,8,2,5,1,1,0,0,0,1,1,2,20,14,0,0,0,5,0,1,2,2,0,0,1,4,0,1,0,3,3,1,1,2,0,3,2,0,0,5,1,2,0,0,2,3,3,9,1,0,5,1,2,0,0,2,3,4,1,3,0,0,1,0,3,1,0,1,0,2,0,3,6,0,1,1
2015/12/03,0,16,1,24,4,0,2,12,1,0,2,0,2,0,0,1,0,0,0,1,9,0,10,0,1,7,4,6,0,0,1,4,1,2,1,1,1,12,0,0,1,12,0,0,3,13,2,0,0,1,0,2,0,1,2,0,0,0,0,2,0,1,1,4,1,0,0,0,1,3,1,3,1,1,3,2,1,1,0,1,1,7,1,1,1,4,0,0,1,1,1,0,3,1,2,1,3,0,1,0
2015/12/04,2,17,0,15,7,0,6,3,1,0,14,0,1,6,0,3,0,0,0,0,8,1,3,0,2,11,12,0,0,2,2,1,0,2,1,1,5,20,0,3,2,1,1,1,11,34,2,5,3,0,0,5,1,5,2,0,2,3,0,5,1,3,0,8,0,1,0,3,0,5,2,3,3,1,1,2,0,1,0,1,1,3,3,0,0,3,2,1,3,3,0,3,4,2,5,2,4,1,2,1
2015/12/05,5,4,4,5,4,0,5,0,0,1,5,0,0,2,1,0,1,0,2,1,4,2,7,1,1,0,4,8,0,2,1,0,1,1,0,0,0,2,4,1,1,6,0,0,6,1,3,2,3,1,0,3,3,7,4,0,3,6,5,6,2,1,9,17,2,4,1,5,3,5,2,2,1,0,0,2,1,3,0,6,4,13,5,4,4,5,2,2,0,0,1,1,4,1,4,5,0,1,6,3
2015/12/06,11,4,2,15,7,1,2,0,0,1,30,0,0,4,1,0,0,0,0,2,0,2,8,5,1,2,11,16,0,0,0,2,3,1,1,1,7,0,2,0,1,7,0,0,6,4,0,2,3,1,4,3,1,2,2,1,2,10,0,4,4,0,1,5,0,3,4,3,2,3,0,5,4,1,2,2,2,4,1,10,1,10,2,0,5,2,0,4,6,0,2,2,3,1,1,5,2,0,2,3
2015/12/07,2,0,0,35,0,0,0,10,1,1,8,0,1,2,0,1,0,0,0,2,0,0,1,0,1,3,2,12,0,0,1,0,0,2,1,3,5,12,1,1,1,5,0,1,1,3,0,0,0,1,0,0,0,0,2,2,2,5,0,2,0,1,0,7,1,1,5,1,0,1,1,0,3,3,3,4,2,0,0,3,1,4,5,0,0,1,0,0,2,0,2,0,1,1,0,5,1,0,3,0
2015/12/08,4,0,1,1,2,0,3,2,1,0,5,0,1,2,0,1,2,0,0,1,0,1,1,1,1,1,0,1,0,0,1,1,0,0,2,3,1,3,0,1,1,3,0,1,0,0,1,0,1,0,0,4,2,0,2,0,2,2,0,1,0,0,0,5,0,1,0,0,1,2,1,1,0,1,0,0,1,1,0,2,0,4,1,1,3,1,1,0,0,0,0,3,0,1,2,3,0,0,0,0
2015/12/09,0,2,1,0,2,1,4,4,0,0,5,0,0,2,1,1,0,0,0,2,0,0,5,1,2,0,3,13,0,1,0,0,0,0,0,1,5,2,0,0,0,30,0,1,2,0,1,1,1,1,0,1,0,2,0,0,0,4,1,0,3,1,1,1,0,1,2,0,0,1,1,5,1,0,1,1,2,0,0,0,0,2,0,0,0,1,1,0,3,0,0,0,0,0,0,4,1,1,2,0
2015/12/10,0,5,5,3,6,2,2,4,1,1,4,0,0,0,0,4,1,0,0,0,2,0,5,3,0,2,16,10,0,0,1,1,1,0,0,1,3,8,0,1,2,0,8,0,10,8,2,0,1,2,0,2,1,0,2,0,0,2,1,7,0,0,0,1,0,1,0,2,1,1,0,0,1,0,2,0,1,0,1,1,1,1,1,0,1,0,0,0,3,0,0,1,4,5,4,0,0,0,0,2
2015/12/11,12,2,1,0,0,0,1,0,1,1,0,0,0,2,0,1,1,0,1,0,1,0,0,0,1,5,0,0,0,3,2,0,0,0,1,1,0,1,2,0,0,0,1,0,1,0,1,1,2,0,0,2,1,4,2,0,4,2,1,4,3,5,1,6,1,0,0,1,0,2,2,0,1,4,2,2,1,3,1,1,1,9,1,2,1,2,1,2,0,1,0,1,1,2,3,3,3,2,4,1
2015/12/12,0,5,0,15,5,0,7,5,0,0,14,0,1,2,0,2,0,0,2,0,2,2,7,0,3,9,8,7,0,1,0,0,0,1,0,0,3,5,0,1,0,0,1,0,5,20,0,1,2,3,5,3,5,3,2,1,3,6,0,4,1,2,2,10,1,0,7,2,3,6,3,3,1,0,2,0,2,4,1,4,2,4,8,0,0,3,2,1,2,1,0,4,1,3,3,6,8,1,4,0
2015/12/13,6,1,6,25,2,0,14,15,0,1,20,0,1,1,1,1,1,0,0,0,13,0,7,0,1,4,7,14,1,1,0,0,0,1,0,0,6,9,0,0,1,6,0,0,10,5,1,2,2,3,0,5,1,1,0,0,1,3,1,5,2,1,1,8,2,6,2,2,2,6,1,1,1,4,2,1,2,0,0,5,0,5,3,4,1,4,3,1,2,0,1,2,2,2,6,3,6,0,2,4
2015/12/14,4,4,1,29,3,0,5,9,1,0,5,1,0,3,1,0,0,1,0,0,4,2,1,0,0,17,3,2,3,0,0,3,0,0,1,3,10,0,1,1,1,12,2,2,2,39,1,0,3,0,1,1,0,1,2,1,4,3,1,2,3,2,0,1,1,1,1,4,0,4,0,0,2,1,2,3,1,0,0,0,1,8,1,2,0,2,1,2,2,2,0,0,1,2,5,1,1,0,2,1
2015/12/15,0,1,3,0,10,0,4,0,0,0,3,0,0,3,0,2,1,0,0,3,0,1,0,0,1,0,12,3,1,0,0,3,1,1,1,0,2,10,2,3,2,1,0,3,3,0,0,0,2,4,1,1,0,0,1,0,4,6,1,1,3,3,1,9,0,0,1,3,0,3,0,1,3,2,1,0,0,1,1,1,2,5,1,0,0,1,0,0,0,0,0,0,1,3,4,0,1,0,0,3
2015/12/16,14,1,3,4,3,0,3,0,1,1,10,0,0,10,0,0,2,1,0,0,0,0,0,3,0,6,4,6,0,0,0,0,0,1,1,2,0,4,0,0,0,6,0,1,3,6,0,0,1,1,0,1,0,4,1,2,1,0,2,1,0,1,2,3,0,2,1,0,2,3,3,3,0,0,0,0,0,2,0,3,2,9,4,4,0,0,2,0,0,1,0,0,1,0,0,2,1,0,0,1
2015/12/17,4,9,0,4,6,1,2,0,2,0,7,0,0,3,0,0,2,0,2,2,0,0,1,0,0,0,11,5,0,0,0,0,1,1,2,0,6,12,0,1,0,7,0,0,5,3,1,0,1,0,0,1,2,4,0,2,0,4,0,3,0,1,1,3,1,0,3,4,0,2,5,3,1,1,0,1,0,1,1,1,1,8,1,0,2,1,0,2,0,1,0,0,0,1,0,1,1,0,1,2
2015/12/18,2,3,7,42,0,1,4,0,2,1,19,0,1,0,2,1,2,0,0,0,6,0,4,1,1,2,1,2,1,1,0,0,0,1,2,2,0,2,1,0,0,7,0,0,7,7,2,1,1,1,1,2,1,3,1,0,2,2,0,1,1,1,2,4,0,2,5,0,0,5,1,0,1,1,2,1,0,0,0,2,1,3,3,2,0,3,2,3,2,1,1,0,0,1,0,4,0,0,2,2
2015/12/19,3,3,1,2,19,0,6,3,1,0,17,1,1,0,0,3,1,1,0,2,5,1,1,2,1,9,12,4,1,0,0,0,1,0,1,2,8,13,1,2,0,5,0,0,1,7,1,2,2,0,1,2,5,3,3,1,3,6,2,8,3,1,0,5,0,1,1,2,2,4,0,2,1,1,3,2,1,1,1,1,1,12,5,1,1,2,2,1,3,1,1,4,1,4,2,4,1,0,4,3
2015/12/20,3,8,0,0,0,2,6,18,0,0,10,1,0,2,0,3,1,0,0,0,7,2,0,0,2,2,14,3,0,0,1,0,0,0,4,2,10,4,2,1,1,0,0,2,5,1,1,1,2,4,0,2,0,4,1,0,4,6,1,4,4,4,1,11,1,0,4,3,1,5,0,4,1,1,3,3,2,1,0,5,0,6,5,1,0,4,3,2,1,1,0,4,1,1,1,4,5,0,6,0
2015/12/21,11,2,4,0,0,0,1,3,0,1,15,0,1,10,2,0,2,0,0,0,0,0,2,0,2,4,6,0,2,0,1,4,0,0,0,10,2,10,0,1,0,1,0,1,6,3,0,1,3,1,1,1,0,1,0,3,0,2,0,3,0,1,1,1,1,0,2,2,0,2,3,1,1,0,0,1,2,2,1,3,0,6,1,4,0,2,1,1,2,0,0,0,2,1,1,4,3,0,3,1
2015/12/22,4,3,1,15,32,1,3,0,2,0,3,0,0,2,1,2,0,1,0,0,2,0,1,0,0,8,16,2,0,0,0,0,3,0,3,0,3,9,2,1,1,9,4,1,1,2,0,2,2,2,0,1,0,3,0,0,0,2,1,1,1,2,0,2,0,0,6,1,0,1,1,1,1,0,1,0,3,3,0,1,3,0,1,2,0,3,2,1,1,1,0,0,1,2,0,6,2,0,1,0
2015/12/23,0,6,2,12,3,0,7,0,0,1,1,1,0,4,0,7,2,0,0,0,1,0,11,0,2,11,3,6,1,0,1,7,1,2,0,2,3,5,1,0,2,12,7,0,5,14,1,0,2,3,1,2,5,1,2,0,1,2,1,8,5,1,1,8,0,3,4,3,1,4,1,2,2,0,1,3,1,3,1,3,1,0,3,0,0,3,0,1,1,0,0,1,0,2,7,1,3,2,3,3
2015/12/24,1,0,2,39,2,2,2,0,0,0,3,0,0,0,0,1,0,1,2,1,0,0,0,0,0,1,6,1,0,0,0,3,1,0,3,2,3,0,0,1,0,4,0,0,4,2,0,1,1,1,0,2,3,2,2,0,0,6,2,0,1,3,1,1,0,1,3,2,0,2,1,0,1,1,3,2,0,0,0,4,2,6,1,0,1,2,0,2,2,0,1,1,0,3,2,0,0,0,3,0
2015/12/25,0,0,0,0,0,0,0,0,0,0,0,0,0,0,0,0,0,0,0,0,0,0,0,0,0,0,0,0,0,0,0,0,0,0,0,0,0,0,0,0,0,0,0,0,0,0,0,0,0,0,0,0,0,0,0,0,0,0,0,0,0,0,0,0,0,0,0,0,0,0,0,0,0,0,0,0,0,0,0,0,0,0,0,0,0,0,0,0,0,0,0,0,0,0,0,0,0,0,0,0
2015/12/26,4,3,3,0,5,0,7,24,1,0,16,0,0,4,0,0,2,0,0,1,6,1,8,0,1,4,1,13,0,1,0,1,0,0,0,0,10,27,0,0,0,25,4,1,4,35,3,3,2,6,0,2,1,3,1,0,2,7,1,6,1,7,2,0,3,1,1,4,0,6,3,0,0,2,2,0,2,0,0,0,0,5,1,1,0,4,1,1,0,1,1,0,2,0,1,3,8,0,1,2
2015/12/27,6,6,3,0,13,1,7,0,2,0,18,0,3,1,0,3,3,2,1,1,7,1,2,0,1,0,19,3,0,0,0,1,1,0,5,1,11,14,0,0,0,0,0,0,5,0,0,2,0,0,4,4,3,5,1,0,3,1,1,2,0,0,1,0,1,2,1,3,4,4,0,2,0,1,1,0,3,4,0,5,0,5,1,2,3,2,1,1,1,1,0,5,1,2,0,5,5,0,2,2
2015/12/28,4,6,1,2,1,1,3,0,1,1,0,1,1,4,0,2,0,1,0,0,6,1,5,0,0,2,4,12,1,0,1,2,0,0,1,2,0,5,2,0,0,0,18,1,7,26,1,0,3,2,0,1,1,2,3,1,1,4,1,9,1,0,3,5,1,3,2,0,2,4,0,1,1,0,0,0,3,1,0,3,2,6,3,0,1,1,2,3,2,0,0,2,0,1,0,2,3,0,0,1
2015/12/29,4,2,1,4,3,0,0,0,1,1,15,0,0,7,0,6,1,1,1,1,5,5,4,0,0,15,0,16,0,1,1,7,3,0,2,2,0,1,0,0,1,2,1,2,0,0,2,0,0,3,0,2,1,5,1,2,2,1,2,3,1,1,0,4,3,3,2,1,1,1,3,0,1,0,1,0,1,1,0,3,5,2,2,3,0,1,2,0,3,0,0,0,2,1,1,6,1,2,0,2
2015/12/30,2,6,1,2,7,0,3,0,2,0,6,0,0,5,0,0,0,1,0,0,0,1,1,0,3,2,6,2,0,0,0,0,0,1,1,2,0,11,0,2,0,2,1,0,6,1,1,3,1,1,0,1,2,2,1,0,2,2,1,6,1,2,0,3,1,1,0,3,1,7,2,3,0,1,4,1,1,2,0,2,2,6,1,0,1,1,1,0,1,0,0,3,2,3,3,2,2,1,0,2
2015/12/31,1,6,0,7,2,0,3,8,2,1,5,0,0,2,1,1,3,0,0,0,6,1,3,0,1,6,3,1,1,1,0,3,0,0,0,1,12,11,0,0,1,5,0,4,2,31,1,1,1,1,0,2,2,2,1,0,3,5,2,4,1,0,0,6,2,2,0,1,1,1,1,0,0,0,3,1,2,1,0,2,1,0,4,1,1,0,1,1,3,1,1,1,2,6,1,0,2,0,0,0
2016/01/01,1,1,0,47,3,2,0,0,2,0,0,0,1,8,0,0,1,0,0,0,1,0,0,1,1,0,3,2,0,0,0,1,0,0,2,0,4,4,0,0,0,0,0,0,1,0,1,0,2,4,0,3,1,0,0,0,3,7,1,4,1,1,2,4,1,0,2,1,0,0,0,2,1,1,3,1,3,3,0,3,0,1,4,1,1,1,1,1,0,1,0,3,0,2,3,2,6,3,0,2
2016/01/02,5,2,0,0,2,0,2,9,1,0,3,0,1,4,0,1,1,1,1,0,4,2,13,1,0,1,3,4,3,0,2,0,2,0,1,1,0,4,0,0,0,4,1,3,0,12,2,2,1,1,0,2,2,2,3,1,1,4,2,5,4,0,1,6,0,1,3,4,3,1,0,0,0,2,1,3,0,1,0,4,2,9,1,3,1,4,0,1,5,0,1,4,1,3,5,5,5,0,0,2
2016/01/03,8,1,5,0,7,2,5,2,0,1,13,0,1,1,3,2,1,2,0,1,0,0,1,1,0,18,12,3,1,0,1,0,1,0,1,2,13,8,0,1,2,0,0,0,8,2,0,1,2,2,1,4,4,2,2,1,3,3,4,8,3,6,2,6,0,1,1,3,1,8,0,2,2,0,0,1,2,3,2,5,4,2,4,2,0,4,0,0,2,1,1,0,1,1,1,6,2,0,0,1
2016/01/04,4,0,5,0,0,0,0,0,1,0,7,0,0,2,1,0,1,0,0,0,9,0,8,0,1,0,1,10,0,1,0,2,1,0,4,1,3,18,0,0,1,2,0,0,0,3,0,0,0,3,2,0,2,1,1,0,0,3,0,2,2,4,0,5,0,3,1,0,1,5,1,3,3,0,4,1,1,2,0,2,2,1,4,2,1,0,1,4,1,1,0,1,1,2,1,4,0,0,0,0
2016/01/05,2,5,2,0,0,1,1,0,1,0,0,6,1,0,2,4,1,0,0,2,4,1,2,0,0,0,2,2,0,0,0,0,1,0,1,1,2,5,1,2,0,1,0,1,0,1,0,0,0,0,0,1,0,4,3,0,0,2,3,3,3,2,0,1,0,0,1,2,0,1,1,0,0,1,2,0,0,0,0,2,0,2,3,8,2,1,0,1,0,0,1,2,0,0,0,3,1,0,2,0
2016/01/06,8,0,0,10,18,1,13,0,0,0,7,0,1,3,0,2,0,0,0,0,0,1,3,0,1,0,15,2,0,2,1,3,0,3,1,5,3,0,2,0,0,2,0,0,5,4,0,1,1,1,0,1,0,3,2,1,1,2,3,4,1,1,1,3,1,1,2,1,1,4,0,1,2,0,0,1,1,0,0,0,1,4,1,0,3,0,1,2,2,0,1,1,0,0,3,0,2,0,2,1
2016/01/07,7,8,1,10,3,2,3,0,1,0,2,1,0,3,0,2,1,2,0,0,1,0,2,4,2,0,2,8,2,0,0,3,0,2,1,2,7,9,0,0,1,6,0,1,0,1,0,1,0,4,2,0,1,1,0,1,4,2,4,4,2,1,3,2,0,2,0,2,0,4,1,2,1,0,1,1,1,2,0,3,1,2,2,2,1,0,3,0,0,0,1,1,1,0,2,4,3,3,1,0
2016/01/08,0,8,5,14,2,1,8,0,1,0,0,0,0,18,0,2,0,0,1,2,0,1,10,1,1,0,8,2,3,0,0,15,0,0,4,1,10,14,0,0,1,0,2,0,5,2,1,0,0,2,2,0,0,3,0,1,0,0,0,4,2,1,0,4,1,4,1,5,1,4,2,4,1,2,0,1,1,1,1,2,0,4,0,0,2,1,1,3,2,0,1,1,0,0,1,1,0,1,1,2
2016/01/09,5,0,3,0,7,3,3,6,0,0,8,0,0,7,0,1,2,0,1,0,12,0,12,1,4,1,3,6,0,3,3,5,0,0,3,4,4,7,0,2,0,0,0,1,2,8,1,2,4,1,0,4,7,0,4,0,3,4,0,7,1,2,0,14,2,2,5,6,3,4,2,3,2,0,6,0,0,0,1,7,1,7,0,1,0,5,2,1,1,1,0,2,2,4,0,3,4,0,2,0
2016/01/10,13,8,1,6,10,1,1,0,1,1,16,0,1,0,1,0,1,2,1,0,3,1,14,1,3,3,10,3,1,0,0,0,1,1,2,1,5,3,0,2,0,1,0,0,7,23,1,1,1,1,2,4,0,3,4,1,4,5,0,7,1,1,3,9,0,3,2,0,4,2,1,2,1,1,2,0,0,3,0,4,2,7,5,3,2,2,2,3,0,0,0,2,0,1,5,5,6,3,5,2
2016/01/11,6,2,0,0,1,0,0,2,2,0,2,1,0,4,0,2,0,2,0,0,2,2,0,1,0,1,0,1,0,0,1,0,0,3,2,2,5,2,2,0,2,0,0,1,2,0,0,0,1,1,3,2,0,1,0,0,0,5,0,2,0,0,1,1,1,0,1,0,0,1,2,1,4,2,0,1,1,0,0,0,0,6,3,0,0,1,2,0,1,1,0,1,1,0,2,2,5,0,2,0
2016/01/12,4,13,0,1,4,0,0,0,1,0,2,2,0,1,0,2,0,0,0,0,9,0,0,1,0,0,2,2,0,0,0,0,1,0,1,2,0,0,0,2,0,8,0,0,3,0,1,2,2,3,0,1,0,0,2,0,2,4,0,2,3,2,1,5,2,2,3,1,1,3,1,2,2,0,2,0,0,4,1,3,3,2,3,1,1,2,0,1,0,0,1,1,0,2,0,5,1,1,2,0
2016/01/13,2,14,3,1,9,0,0,14,1,1,1,0,0,7,1,1,0,0,0,1,1,1,0,0,1,0,1,4,0,0,1,3,0,3,0,0,2,7,0,1,0,28,2,1,0,0,0,1,2,2,2,1,0,1,0,1,1,2,1,2,1,1,1,4,1,1,1,2,1,2,0,0,1,0,0,1,0,1,1,1,2,1,2,4,2,2,2,1,3,0,0,0,0,1,3,1,0,0,1,2
2016/01/14,0,0,5,5,7,0,1,0,2,0,5,0,0,1,0,0,1,0,0,0,0,0,4,0,0,1,12,2,0,0,0,0,0,0,1,5,10,16,0,0,1,0,0,0,4,0,0,0,2,2,1,2,1,1,0,1,1,1,1,2,0,1,0,4,1,1,0,0,1,4,1,1,2,1,1,2,0,0,1,0,2,3,1,0,2,0,1,1,1,0,0,1,1,0,2,0,3,0,2,0
2016/01/15,4,8,1,1,2,3,1,0,1,0,0,1,0,2,0,2,1,2,1,0,0,1,7,1,1,0,1,3,1,0,2,0,1,0,0,2,3,7,0,0,1,0,0,0,0,0,0,0,1,1,0,1,1,1,5,0,2,7,2,4,1,2,0,4,1,5,0,2,2,5,1,1,4,0,2,2,1,3,0,4,0,9,2,0,0,2,0,0,2,0,0,1,2,0,4,2,1,0,4,0
2016/01/16,4,5,5,4,0,1,2,0,0,1,4,0,2,1,0,4,0,0,1,1,10,1,2,1,0,0,1,15,1,1,0,1,0,0,5,2,12,14,0,0,0,0,2,2,0,2,1,2,4,6,4,2,2,1,4,0,4,6,3,4,1,5,1,11,4,1,11,1,2,4,3,6,2,2,5,1,6,1,0,1,0,8,2,0,1,0,0,1,1,1,0,1,2,3,4,1,4,1,1,1
2016/01/17,3,9,0,20,9,2,12,0,2,0,8,0,0,0,0,1,2,0,1,0,3,0,4,0,2,0,17,6,3,0,0,0,1,2,1,3,0,0,1,0,0,0,0,0,11,0,0,2,2,2,0,6,2,0,1,0,2,9,2,6,4,3,1,7,0,0,5,5,1,3,0,2,1,0,5,4,0,3,0,2,2,7,2,0,0,4,1,4,4,4,1,0,0,4,1,6,5,0,3,2
2016/01/18,0,2,3,0,3,0,2,0,1,1,19,0,0,4,0,3,0,1,1,0,4,0,0,1,0,0,13,5,1,1,1,0,0,2,2,1,0,0,0,0,0,1,0,0,2,0,0,3,2,0,0,1,1,0,3,2,4,6,1,9,0,0,0,7,0,2,1,4,0,6,2,3,0,3,0,1,1,1,1,3,1,8,5,0,1,2,4,1,3,0,0,0,1,2,3,8,0,1,2,2
2016/01/19,4,0,1,6,0,0,0,25,1,0,3,0,1,11,0,1,0,2,0,0,2,1,0,1,0,1,6,2,1,1,0,1,1,0,0,2,8,15,0,0,1,4,0,0,0,0,3,1,1,0,2,1,0,1,1,1,1,0,2,2,2,2,2,3,1,1,1,5,2,2,1,1,1,0,2,0,0,2,0,0,2,5,1,1,0,1,0,1,2,0,1,0,0,2,1,0,3,1,2,3
2016/01/20,6,4,0,0,2,0,4,0,1,0,0,0,0,0,2,2,0,0,0,0,1,1,0,0,1,1,3,1,1,1,0,0,1,0,2,4,1,0,0,0,0,0,3,0,1,0,0,0,1,0,0,1,0,5,0,1,1,0,1,2,2,0,0,6,0,4,1,0,0,3,2,2,0,1,1,1,1,0,0,0,2,0,0,0,1,0,7,1,3,1,0,1,1,0,3,2,2,0,1,2
2016/01/21,2,5,0,0,1,1,4,0,1,0,5,0,0,2,0,2,0,3,1,0,1,3,28,0,0,10,10,0,0,0,0,0,0,0,0,0,4,9,0,2,1,0,0,0,0,26,0,1,2,0,0,3,0,2,0,1,0,1,1,3,1,2,1,1,0,2,0,0,0,2,0,0,1,1,2,3,1,0,0,0,2,3,1,0,3,0,0,1,4,0,0,1,0,1,0,3,1,0,0,0
2016/01/22,7,11,9,5,3,0,1,0,0,1,5,0,1,0,0,1,2,0,0,0,3,1,0,1,0,2,4,4,0,0,1,4,0,0,2,0,12,10,1,0,1,2,0,0,0,0,1,0,3,0,0,2,0,0,2,1,2,5,3,3,3,1,0,2,3,2,3,2,3,1,2,0,0,0,2,1,1,2,0,1,1,4,4,0,2,1,0,0,1,0,0,0,1,0,7,2,2,1,5,0
2016/01/23,0,9,3,13,3,0,4,0,0,0,5,2,0,3,0,3,1,0,0,1,10,0,4,2,0,5,7,8,3,0,2,6,2,3,1,2,0,10,2,2,1,8,0,0,7,1,2,4,4,4,1,4,0,0,3,1,3,6,2,3,0,3,0,5,1,1,7,3,3,12,5,0,0,1,10,1,3,2,1,8,2,9,2,4,0,5,1,3,1,1,3,4,1,2,2,7,8,2,1,0
2016/01/24,3,13,2,30,1,1,0,0,2,0,4,0,1,1,0,2,1,1,0,0,9,0,4,0,1,8,1,2,3,0,1,1,1,1,1,3,1,4,1,0,1,6,0,0,0,1,3,0,0,2,1,3,0,0,4,0,5,7,0,8,4,1,4,3,1,2,1,1,1,3,1,3,3,0,0,1,0,3,0,0,2,3,1,0,0,2,4,0,1,2,0,0,1,1,3,3,5,0,1,0
2016/01/25,4,3,3,13,5,0,3,23,2,1,2,1,0,0,0,0,1,0,0,0,3,0,4,0,0,0,1,3,0,0,0,0,1,2,1,5,12,4,0,1,0,0,4,0,3,0,2,0,1,2,1,1,0,0,1,2,0,4,2,6,4,2,2,0,1,2,3,2,0,0,0,0,0,0,0,0,0,1,1,1,2,4,1,1,2,2,0,1,1,0,1,0,0,0,0,1,1,2,1,2
2016/01/26,2,4,0,4,4,0,2,0,0,0,0,1,0,8,0,1,1,0,1,0,0,0,7,0,0,0,2,0,0,1,1,1,1,0,0,3,1,18,0,0,1,11,0,0,1,5,1,1,3,1,1,1,0,0,1,1,2,2,0,2,1,1,2,3,0,1,1,2,1,0,0,0,1,1,2,4,1,0,0,3,0,3,2,0,1,1,1,1,4,1,2,4,2,0,5,1,1,0,1,2
2016/01/27,1,2,5,3,7,0,3,2,0,1,1,0,2,8,0,1,1,0,1,0,3,0,9,0,0,4,10,5,2,0,1,0,1,0,0,1,1,4,0,1,1,0,1,2,7,2,0,0,0,4,0,3,0,0,0,0,2,2,3,4,1,0,2,7,2,0,3,0,2,0,0,0,1,0,2,1,0,2,0,2,0,4,0,1,1,3,0,1,2,0,1,1,0,0,1,1,1,0,2,0
2016/01/28,2,1,2,1,0,1,0,0,1,0,2,0,0,5,0,1,0,0,0,0,6,3,3,2,5,0,3,3,3,0,1,4,1,1,1,3,10,4,0,0,0,2,3,0,2,6,0,1,3,2,1,1,0,0,0,0,2,1,1,0,0,7,2,8,0,1,3,3,0,3,0,0,1,1,1,0,1,3,0,1,0,3,1,0,2,0,0,0,2,0,0,0,0,1,0,4,1,0,1,3
2016/01/29,7,9,5,8,3,0,5,0,2,0,15,0,0,3,0,2,0,0,0,0,1,3,2,1,1,8,5,2,0,0,1,1,0,1,2,1,8,18,1,1,0,2,11,0,2,4,1,0,2,2,2,0,1,2,2,1,0,0,1,1,0,0,3,7,0,1,1,1,2,2,1,1,1,1,2,2,0,1,0,1,1,0,3,0,2,1,0,1,3,0,0,4,1,1,0,5,1,0,3,3
2016/01/30,3,2,0,6,5,1,7,23,0,0,10,0,3,1,0,2,1,0,0,1,2,0,1,0,0,2,6,4,1,0,0,6,0,1,2,2,1,5,2,1,1,6,0,2,3,2,0,0,4,2,0,1,0,2,1,0,6,4,1,8,2,2,0,8,0,2,3,3,3,3,2,1,1,0,4,0,2,0,2,6,0,8,4,4,2,6,1,1,3,3,0,3,1,2,4,9,3,0,2,0
2016/01/31,6,7,1,6,7,3,5,0,3,1,5,1,0,0,1,2,0,0,0,1,10,0,8,2,3,5,7,8,0,0,0,1,2,1,2,2,1,1,0,0,1,2,0,0,10,0,0,2,3,1,0,6,0,3,1,0,6,3,1,4,3,1,0,6,2,2,5,3,5,8,4,4,4,0,6,0,1,1,1,6,2,8,4,1,0,4,1,1,4,1,0,3,2,2,6,4,4,0,2,1
2016/02/01,8,4,0,0,0,0,0,0,2,1,0,0,0,4,0,2,0,1,0,0,1,0,2,0,1,9,0,2,2,0,0,1,2,0,0,0,13,1,1,1,2,16,0,0,0,1,1,0,1,1,0,1,1,3,0,1,2,5,1,8,2,1,4,3,3,1,5,0,2,2,3,0,0,0,2,3,0,0,1,4,2,4,1,2,2,3,2,0,1,0,0,0,1,1,4,1,2,2,1,0
2016/02/02,0,5,0,0,2,2,0,0,0,0,5,0,1,1,1,2,1,0,0,0,0,1,0,2,0,1,2,2,0,2,2,1,0,0,2,1,2,3,0,2,1,0,0,1,0,3,0,0,1,1,0,1,2,2,2,0,3,1,3,3,1,1,0,0,1,3,3,0,2,2,0,4,0,0,2,1,1,1,1,2,1,6,1,0,1,1,0,2,0,1,1,0,0,3,2,2,3,1,2,1
2016/02/03,1,3,0,0,2,1,1,0,1,0,5,0,1,7,0,1,1,1,1,1,0,0,11,2,0,0,8,1,0,2,1,0,0,0,1,0,1,6,0,2,0,2,4,0,5,1,0,0,0,3,0,1,0,3,1,0,1,2,2,3,1,0,0,21,1,2,2,1,1,3,1,2,1,1,1,3,0,1,0,3,0,8,1,1,0,0,0,1,0,0,0,2,1,4,10,1,2,1,0,2
2016/02/04,11,0,3,4,1,0,2,7,2,0,3,0,0,1,1,0,1,2,1,1,0,0,11,0,1,2,3,4,0,0,1,2,0,0,1,2,0,3,0,0,0,6,0,0,3,17,0,3,0,3,1,0,0,5,3,0,3,1,1,2,1,1,0,5,0,2,2,0,0,3,1,2,0,1,0,1,2,0,0,1,0,5,0,0,0,3,0,0,1,0,0,1,1,0,0,1,1,0,1,0
2016/02/05,0,26,0,38,4,1,2,15,2,0,9,0,0,2,1,2,0,0,0,1,0,2,10,0,1,3,3,3,0,1,0,0,1,0,2,4,5,16,0,0,1,3,19,0,3,9,0,0,1,4,0,0,1,3,2,0,0,2,1,5,0,1,1,7,0,1,6,2,1,2,2,0,4,0,1,0,1,2,0,5,0,4,2,3,1,2,2,0,4,0,1,3,2,1,0,4,2,1,3,0
2016/02/06,2,4,4,30,11,0,16,0,1,1,8,1,0,5,0,3,3,0,1,1,0,0,4,0,2,3,44,3,2,1,1,2,0,0,0,1,0,0,3,1,0,0,0,1,15,0,0,1,2,1,1,2,3,4,1,2,5,0,1,8,0,3,0,5,1,2,6,1,2,3,0,3,1,1,1,4,0,1,3,9,0,6,3,1,0,0,2,0,3,0,0,1,2,1,1,3,4,0,3,0
2016/02/07,2,0,0,0,3,0,1,0,0,0,4,2,0,1,0,1,2,1,1,0,0,0,0,0,0,5,1,1,1,0,0,0,1,1,1,0,0,3,1,0,1,1,0,0,0,0,1,0,0,2,0,0,2,4,0,0,0,0,0,5,3,0,1,8,1,0,4,1,2,5,0,0,3,0,1,1,0,1,1,5,4,3,2,4,2,0,4,0,2,0,0,0,1,1,5,1,7,0,5,1
2016/02/08,2,1,1,0,10,3,0,0,1,1,2,1,0,5,0,5,0,1,0,1,0,0,1,0,0,2,2,2,1,1,1,0,1,1,1,2,0,1,0,0,0,2,0,3,0,2,0,0,1,2,0,2,3,0,1,0,0,4,3,4,1,2,1,2,2,0,2,2,0,1,2,2,2,3,2,1,1,1,0,2,0,7,0,2,3,1,3,0,2,0,0,0,2,1,3,2,4,0,1,3
2016/02/09,1,0,1,12,17,1,5,0,0,0,8,0,1,3,0,1,1,0,0,0,0,2,2,0,0,2,4,2,5,1,1,0,1,2,1,2,1,2,0,1,0,3,0,2,7,3,0,1,1,2,1,1,1,0,2,0,0,3,0,4,1,2,0,2,1,1,1,0,0,2,1,0,1,1,0,0,2,1,0,1,1,4,1,0,0,3,0,0,1,0,0,2,0,2,3,0,8,0,4,0
2016/02/10,0,0,1,3,1,0,0,0,0,0,1,0,0,8,0,0,1,0,0,0,0,0,0,0,0,0,0,7,0,0,0,2,1,1,1,2,0,2,0,0,0,0,0,1,5,0,1,0,1,1,3,2,3,3,1,0,3,2,0,6,0,1,2,11,0,1,4,4,1,1,7,0,0,2,1,0,0,1,0,1,1,5,3,1,0,2,2,0,0,1,0,1,0,0,2,1,1,0,2,0
2016/02/11,3,4,0,0,0,2,4,4,0,0,2,1,1,3,0,0,0,1,0,1,1,1,2,3,0,0,4,3,1,1,1,0,0,0,0,1,0,1,0,0,1,14,0,0,1,2,0,2,2,0,1,1,0,4,2,1,2,1,1,3,1,1,0,0,2,1,0,1,1,0,1,3,1,0,0,0,1,3,0,4,0,4,4,0,4,3,0,0,2,0,0,0,0,2,0,3,0,1,2,2
2016/02/12,1,0,0,2,0,0,0,4,0,1,16,0,1,0,0,5,2,0,1,0,0,1,0,3,0,0,1,0,1,1,1,0,0,2,0,1,0,4,0,0,0,1,0,0,1,0,0,1,1,0,0,2,4,2,0,1,3,8,2,2,0,2,4,6,0,5,3,2,0,3,4,0,3,1,0,2,5,2,2,1,0,6,3,1,0,4,3,0,1,0,0,3,0,3,1,3,5,2,3,0
2016/02/13,1,0,5,3,12,1,3,4,2,0,5,1,0,0,3,0,1,0,0,1,11,3,16,1,1,4,15,3,3,2,2,0,0,0,5,1,15,6,0,0,1,5,0,2,5,6,1,1,1,2,0,2,0,2,3,2,1,3,0,10,0,3,1,9,0,1,2,5,3,5,1,3,3,1,1,1,0,1,3,9,1,4,2,3,0,2,0,3,7,0,0,5,5,2,9,4,6,1,5,4
2016/02/14,4,5,0,36,0,3,2,9,2,0,4,0,2,0,0,3,2,2,1,0,4,2,1,2,2,2,6,2,2,2,1,0,1,0,2,0,3,6,0,0,0,4,0,0,3,14,1,3,3,0,0,3,0,1,3,0,2,6,2,4,6,6,2,16,0,2,1,2,0,5,1,6,3,4,6,1,0,2,0,2,1,9,3,2,1,0,2,2,4,2,0,2,1,5,5,0,1,0,4,1
2016/02/15,1,0,2,0,4,0,4,3,1,0,2,0,1,6,0,1,0,0,0,2,0,0,2,1,0,3,10,3,0,0,0,0,0,1,0,2,0,3,0,2,1,10,0,0,4,7,0,1,1,1,2,1,0,4,0,0,5,2,3,7,4,5,0,8,0,5,2,3,6,4,2,0,1,0,1,0,0,0,0,2,2,7,6,2,2,2,2,2,5,0,1,0,3,1,2,0,4,1,2,1
2016/02/16,0,2,4,4,0,1,0,0,0,0,0,1,0,2,0,3,0,1,0,0,0,1,13,0,1,11,2,14,0,0,0,4,0,0,1,2,2,3,0,3,3,2,0,4,0,13,0,1,1,2,0,2,0,1,1,0,2,1,0,0,2,2,1,1,0,1,0,2,0,1,5,4,0,0,1,3,1,0,0,1,0,2,2,0,1,0,2,1,1,1,0,5,0,1,3,3,7,1,1,2
2016/02/17,4,0,0,0,2,1,4,0,1,1,0,1,0,5,1,2,0,2,0,0,3,1,3,0,0,7,3,5,0,0,0,9,1,0,1,2,7,13,0,2,0,8,1,0,2,6,1,0,0,1,0,1,0,1,1,0,0,1,0,1,2,2,0,5,1,1,0,0,3,2,1,1,2,1,1,0,0,1,0,1,5,2,0,1,0,1,0,0,0,1,2,0,1,0,2,1,0,0,0,4
2016/02/18,0,1,2,19,2,0,0,1,0,0,0,4,0,4,0,0,1,0,2,1,3,0,1,1,0,2,0,1,1,2,1,0,0,1,2,1,0,5,2,0,1,0,1,0,0,0,0,0,0,3,1,2,0,1,1,0,0,4,0,4,0,1,0,6,0,2,3,0,2,4,1,2,2,0,2,4,0,3,0,0,2,2,1,0,1,3,1,0,0,2,0,1,0,1,0,3,1,0,4,1
2016/02/19,6,4,0,0,0,2,3,0,0,0,7,0,1,4,0,2,1,1,0,1,0,3,0,1,1,0,8,0,1,1,0,0,0,1,3,5,4,2,0,0,0,5,0,0,10,0,2,1,2,2,2,1,0,0,1,0,0,3,1,6,1,2,3,4,0,2,0,0,0,1,1,1,2,2,3,0,2,1,0,1,2,2,1,0,3,0,2,1,2,0,1,1,1,0,11,1,0,2,1,2
2016/02/20,1,18,2,25,6,2,5,0,3,0,5,0,2,0,1,1,0,1,1,1,5,2,14,0,0,29,11,5,0,1,1,9,0,2,1,2,0,13,0,0,0,5,6,0,11,0,2,2,4,2,1,2,0,0,3,1,4,2,0,6,1,4,0,11,1,1,3,4,1,5,5,1,0,0,5,1,3,4,0,3,0,4,0,0,0,4,2,0,2,1,1,2,3,7,1,4,0,1,2,1
2016/02/21,4,4,3,0,5,0,11,0,0,0,7,0,0,7,1,1,2,0,0,2,6,2,13,0,2,0,3,4,1,0,0,0,1,0,1,5,6,2,1,1,0,3,8,0,4,11,2,1,2,0,0,5,0,2,2,2,3,4,3,5,1,1,0,9,3,6,4,2,2,1,1,2,1,0,2,1,0,1,0,2,1,2,2,0,0,6,1,3,6,0,1,3,4,3,6,5,2,1,3,0
2016/02/22,2,10,0,0,0,0,4,0,1,0,10,0,0,1,0,2,2,2,0,0,0,0,8,0,0,0,18,4,3,0,0,0,0,0,2,0,6,0,2,0,4,18,13,0,2,12,0,1,0,0,0,0,0,2,0,0,1,1,1,3,0,0,1,2,1,0,2,1,1,3,3,3,9,2,1,3,0,2,0,1,3,3,0,0,2,4,3,1,2,1,0,2,0,2,3,2,3,0,7,1
2016/02/23,1,2,0,23,0,0,0,20,0,0,1,1,0,5,0,1,0,0,1,0,2,0,0,0,0,3,0,6,0,0,0,0,0,2,0,1,0,0,0,0,1,1,0,1,13,2,1,0,1,2,0,1,1,2,2,1,4,2,0,3,1,1,2,4,0,1,2,2,2,3,3,1,0,1,2,0,1,1,0,3,2,1,1,0,0,1,1,2,2,0,0,2,1,1,2,4,1,1,0,0
2016/02/24,4,3,1,1,0,1,4,4,1,1,0,0,2,1,0,0,1,0,1,0,4,2,3,1,0,0,0,8,0,1,0,1,1,1,0,0,8,0,1,0,0,0,0,0,3,18,1,0,1,0,1,2,1,3,0,1,2,2,0,2,1,1,0,1,0,2,0,0,1,1,1,0,1,1,1,1,0,2,0,1,1,5,2,0,0,0,0,0,0,0,0,2,2,1,2,1,4,0,2,0
2016/02/25,3,4,4,5,2,0,3,1,1,0,20,0,2,8,1,0,0,0,0,0,3,2,0,0,0,1,4,8,1,1,2,0,0,1,2,0,1,4,1,0,1,2,1,0,0,1,0,0,1,2,3,2,0,0,1,0,3,2,1,4,1,0,1,8,1,3,0,1,0,1,0,0,0,1,0,3,1,0,0,0,2,7,3,0,1,3,2,2,5,1,1,6,2,1,0,2,2,0,2,0
2016/02/26,5,7,0,1,1,0,0,21,2,0,3,2,0,2,1,0,1,1,1,0,11,1,2,1,1,0,4,1,2,0,1,8,0,0,0,2,14,20,0,0,0,8,14,0,0,9,0,3,0,2,0,1,1,2,0,1,3,2,0,7,0,4,1,4,1,1,2,0,1,2,4,0,0,1,0,0,2,2,1,1,1,2,3,0,2,2,1,2,2,0,0,0,2,2,2,3,1,0,1,2
2016/02/27,4,1,0,32,4,0,1,0,0,0,8,0,0,1,0,3,0,1,0,1,2,1,0,1,0,10,9,0,0,3,1,3,1,2,0,1,0,0,0,1,0,4,4,2,0,1,1,6,0,2,3,5,2,3,1,4,0,3,3,9,1,4,2,10,3,1,6,1,1,5,1,2,1,0,2,1,2,7,0,3,0,4,2,6,2,1,0,0,0,1,1,2,2,1,3,4,3,3,2,1
2016/02/28,3,2,0,9,6,0,0,3,1,0,8,1,2,1,0,3,0,0,0,0,4,0,0,0,0,7,7,2,0,0,0,0,1,1,6,2,0,0,0,0,1,6,1,2,5,8,0,0,0,2,0,2,5,1,2,1,0,2,2,2,2,2,1,13,1,1,3,1,2,5,5,4,4,1,1,3,0,0,0,4,5,6,5,1,2,3,3,1,4,0,1,2,0,0,2,7,4,2,1,1
2016/02/29,0,1,3,2,1,0,0,6,2,1,2,1,0,2,1,4,0,0,1,0,1,1,3,0,2,6,1,4,0,0,2,0,0,0,0,2,8,10,1,0,1,4,3,0,0,0,3,0,3,1,1,0,1,0,1,1,1,3,0,7,3,1,1,4,0,2,2,2,4,2,2,0,1,0,1,1,0,2,1,1,1,1,1,2,1,0,1,1,1,0,0,2,0,3,3,1,2,0,2,1
2016/03/01,0,9,1,6,1,0,0,2,0,0,1,2,1,15,0,2,2,0,2,4,9,1,0,1,1,3,1,0,0,0,0,0,0,1,1,2,6,2,0,0,2,1,1,1,1,4,2,0,0,1,1,2,0,4,0,1,2,4,1,4,0,1,0,2,2,3,4,2,0,0,0,0,0,1,3,0,1,4,0,2,1,4,0,1,0,1,0,0,4,0,0,3,0,0,7,1,2,0,1,0
2016/03/02,3,0,0,0,1,1,3,4,0,0,0,0,3,0,1,3,0,1,0,0,0,2,2,0,0,7,2,9,0,1,2,0,0,2,1,1,0,7,0,0,1,5,0,1,0,3,0,1,1,0,0,3,1,4,0,1,3,1,1,0,1,2,1,3,0,3,0,1,0,1,2,1,4,1,2,2,0,0,0,0,0,4,0,2,2,1,2,0,1,1,1,3,1,1,6,0,1,0,3,0
2016/03/03,3,8,4,1,3,1,4,31,2,0,4,0,1,4,0,0,0,0,1,0,8,0,5,1,3,25,1,5,0,0,0,1,0,0,1,2,1,3,0,1,0,0,5,0,4,12,0,0,0,6,0,2,2,3,3,0,1,3,2,6,1,2,2,1,0,3,2,2,1,2,3,3,0,0,2,0,0,2,0,1,1,5,1,1,2,3,3,1,1,2,1,1,0,3,4,1,2,0,3,0
2016/03/04,0,45,8,0,0,0,0,3,0,0,1,1,0,0,1,0,2,2,1,2,4,3,11,2,0,2,1,9,0,1,0,3,2,1,1,2,4,0,0,1,1,6,1,0,3,3,0,0,2,2,2,0,1,0,0,0,0,6,2,7,2,4,1,6,0,3,2,0,3,3,1,0,1,1,1,1,0,0,0,6,2,4,2,0,1,0,0,1,0,0,0,5,2,2,3,1,1,0,2,0
2016/03/05,0,3,0,21,2,0,1,0,2,1,3,0,2,5,1,1,0,0,0,1,5,2,12,0,1,3,6,6,0,1,1,7,0,1,3,1,4,6,1,2,0,5,3,0,2,13,0,3,0,4,0,3,2,6,4,0,8,2,2,9,0,1,0,5,1,3,2,2,2,2,1,0,1,1,1,1,3,3,0,1,1,6,2,1,5,3,1,1,4,0,0,3,0,8,1,3,3,1,5,1
2016/03/06,0,4,0,0,11,3,5,0,0,0,12,0,1,10,2,2,2,0,0,1,3,0,13,3,0,7,3,7,1,0,0,6,1,0,2,0,4,16,1,0,1,35,4,0,7,18,1,2,2,0,3,3,5,1,1,2,2,11,1,3,3,3,3,11,3,3,7,2,0,4,6,1,3,5,5,1,1,2,0,4,0,6,0,0,2,5,6,1,2,0,3,3,3,1,4,2,7,0,3,3
2016/03/07,0,1,0,0,2,0,0,0,2,0,1,1,1,0,0,3,3,1,0,0,0,0,3,0,0,0,5,2,1,0,1,2,3,0,2,9,0,5,1,1,0,5,5,5,1,3,0,0,2,0,0,4,0,1,1,1,5,3,1,1,1,1,1,3,1,0,1,0,0,2,1,0,0,0,0,0,0,1,0,0,1,3,1,0,0,2,0,2,2,0,0,6,1,0,3,1,2,0,2,1
2016/03/08,3,8,2,7,3,1,0,4,0,0,2,0,0,0,0,2,0,0,1,0,0,1,3,2,1,2,19,4,0,0,1,0,0,1,1,0,16,9,0,0,0,2,1,0,3,0,0,0,1,0,0,2,1,0,1,0,1,3,2,2,1,2,0,2,1,0,1,3,1,2,0,1,0,0,2,0,2,1,1,3,1,4,0,0,0,0,0,1,1,0,1,0,0,0,4,3,1,0,2,0
2016/03/09,1,4,1,0,0,1,1,7,1,0,1,1,1,2,0,1,0,0,0,1,1,3,4,1,2,20,1,2,1,2,1,1,1,0,0,2,7,1,0,0,0,2,3,0,5,7,0,1,0,0,3,1,2,0,0,0,0,1,1,4,2,1,2,4,0,1,1,1,0,0,3,0,0,0,2,0,0,4,0,1,0,3,1,10,1,2,1,0,2,0,1,0,1,1,3,0,3,0,3,0
2016/03/10,1,9,0,2,0,0,0,6,1,0,0,0,2,3,1,0,1,3,1,0,8,0,6,3,0,8,7,2,0,2,0,0,1,0,2,2,0,7,0,1,0,0,12,0,0,3,0,2,0,3,0,5,1,2,0,0,0,7,0,3,1,2,0,2,1,2,1,1,2,5,1,0,0,2,2,0,1,2,0,1,1,1,2,0,2,2,1,1,4,1,3,1,2,1,2,3,2,0,2,1
2016/03/11,3,2,8,0,0,2,0,6,1,0,0,0,0,2,0,3,3,0,1,0,8,2,3,0,2,8,3,5,5,1,1,6,0,0,1,0,5,10,0,2,1,9,22,0,2,2,0,1,0,1,0,1,1,3,0,0,1,4,1,3,0,1,1,13,2,2,3,2,1,3,0,1,3,1,3,4,0,0,0,1,2,2,0,1,1,2,2,0,1,1,0,0,0,1,1,5,1,0,4,0
2016/03/12,4,4,2,51,2,1,2,6,0,0,5,1,0,2,1,4,1,0,0,0,1,2,4,0,2,5,7,4,2,1,1,1,1,1,2,2,3,6,1,2,2,6,2,5,2,14,0,1,0,3,1,8,1,4,3,1,6,2,2,10,3,0,3,7,3,1,4,2,2,5,2,5,1,1,1,0,0,1,1,6,3,10,3,0,3,5,1,1,5,0,0,2,0,0,2,4,7,2,0,0
2016/03/13,0,0,0,0,2,3,2,13,0,0,3,0,1,4,0,2,1,0,0,3,9,1,1,3,0,4,3,10,1,0,0,0,0,3,1,2,8,9,3,0,0,7,7,2,6,2,1,0,0,3,0,5,0,1,2,0,1,9,1,3,3,3,0,6,1,1,5,1,4,3,7,2,6,1,2,2,1,3,1,2,0,4,1,0,3,4,2,0,3,0,0,5,2,12,8,1,5,0,4,3
2016/03/14,1,0,1,0,0,0,0,4,4,0,0,0,0,3,0,2,0,0,1,0,2,1,9,0,0,0,1,9,1,0,0,1,1,0,0,3,1,11,0,0,1,0,2,0,0,10,1,1,0,2,0,4,0,0,2,0,0,2,3,1,1,0,0,6,0,0,7,1,3,0,5,4,1,0,0,1,1,1,0,1,3,4,2,1,1,2,1,1,1,0,1,3,1,1,2,4,4,0,0,3
2016/03/15,5,0,2,0,0,1,1,4,1,0,2,0,0,3,1,2,2,0,1,1,2,1,2,0,0,3,4,2,0,0,0,2,2,0,1,1,3,14,0,1,0,2,5,0,3,3,0,0,1,1,5,1,0,0,1,1,2,3,2,0,1,1,0,4,2,0,5,0,2,1,1,1,2,2,3,0,2,1,0,1,2,4,0,1,1,0,2,0,1,0,5,1,1,0,4,2,1,1,0,0
2016/03/16,6,0,1,0,3,0,4,21,0,0,10,1,1,7,0,1,1,0,0,1,6,1,23,0,1,3,7,4,0,0,0,0,0,0,2,0,3,2,2,0,2,18,0,0,3,24,0,0,1,3,0,3,0,1,2,0,1,5,2,5,0,0,3,2,0,0,0,0,0,0,3,2,1,1,1,0,0,2,0,1,0,4,0,0,2,0,2,1,2,0,0,2,1,0,17,1,6,0,0,0
2016/03/17,1,0,0,0,6,2,5,0,0,2,2,0,1,0,0,0,0,0,1,1,10,0,6,1,1,9,14,2,0,0,3,0,0,0,0,3,1,0,0,0,0,8,0,0,8,9,0,2,0,2,0,0,0,1,2,0,0,2,0,2,1,1,2,1,0,0,3,4,1,4,0,0,0,1,3,0,0,1,0,1,1,4,3,2,1,4,0,1,1,0,1,1,1,1,0,1,1,1,0,0
2016/03/18,3,5,0,2,3,1,1,5,0,2,4,1,1,4,2,1,0,0,1,0,2,1,1,2,0,25,14,0,0,0,0,6,2,0,1,0,0,5,1,1,0,0,0,1,0,3,2,0,1,4,0,0,0,0,3,0,5,6,1,2,1,1,2,7,2,1,0,1,3,4,0,0,2,0,1,0,2,2,1,2,0,9,0,0,4,3,2,1,2,1,2,2,0,1,0,2,4,1,2,1
2016/03/19,0,4,0,0,0,0,0,0,2,1,7,0,1,0,1,2,2,1,1,2,1,1,0,1,4,2,0,6,0,0,1,0,0,0,0,3,2,0,0,1,1,0,0,0,0,1,0,0,1,2,0,0,0,2,1,1,1,2,0,2,0,2,0,4,0,3,1,1,1,4,1,1,1,0,1,2,0,2,0,2,1,4,0,0,1,1,1,0,1,0,1,0,1,0,0,2,0,0,3,2
2016/03/20,0,0,0,0,2,2,0,3,1,2,4,0,0,4,0,1,0,0,0,0,0,0,0,0,3,1,3,1,1,0,1,0,0,0,0,0,6,7,0,0,1,2,0,0,0,1,0,2,0,0,0,2,0,0,1,0,0,0,1,3,1,0,0,6,0,0,1,0,0,2,1,0,0,0,0,0,1,1,0,2,0,2,0,0,0,3,1,1,1,0,1,0,0,0,0,4,7,0,3,2
2016/03/21,0,7,5,5,5,1,4,14,0,0,9,1,1,1,0,1,0,0,0,1,2,0,0,3,0,4,13,4,3,1,0,1,0,0,0,1,14,6,0,0,0,8,0,2,0,2,0,1,0,5,1,0,0,2,0,0,6,3,2,4,1,2,0,6,0,4,2,0,2,1,4,1,2,1,0,1,0,1,0,0,0,1,1,0,2,2,2,0,2,0,1,6,2,1,0,1,3,1,6,0
2016/03/22,8,2,1,2,5,0,1,4,0,0,7,0,0,3,0,3,1,0,1,0,2,0,3,1,0,1,6,1,0,0,1,0,1,3,0,2,1,6,1,0,0,4,0,1,0,4,0,2,1,1,2,0,4,1,2,0,0,2,1,0,1,1,1,2,0,5,4,0,0,1,1,0,1,3,1,0,0,0,0,0,1,3,1,0,2,0,2,1,0,0,1,1,1,2,1,0,2,0,2,0
2016/03/23,4,2,0,0,3,1,2,10,1,0,0,1,0,8,2,0,0,1,0,0,6,0,20,0,0,8,11,8,0,0,0,1,1,0,1,1,6,2,0,0,0,0,5,1,0,8,0,1,0,4,0,1,1,1,0,0,4,3,0,1,1,0,2,4,0,1,0,0,3,0,0,1,0,0,0,2,2,0,1,1,2,3,1,0,0,1,0,2,0,2,3,0,4,2,1,1,1,0,0,0
2016/03/24,1,3,0,2,0,0,1,10,0,0,1,0,0,1,1,0,1,0,0,0,0,0,2,0,1,4,1,2,0,0,0,0,0,0,0,2,0,4,0,1,1,3,6,0,0,4,0,1,0,1,1,2,3,1,1,0,2,2,1,2,2,0,1,4,0,1,1,0,1,1,0,0,0,0,0,2,0,5,0,2,0,6,1,0,1,3,1,1,2,0,0,1,1,0,1,1,0,0,1,1
2016/03/25,7,1,2,8,4,0,0,9,0,1,11,1,1,4,0,1,1,0,1,1,2,3,0,1,1,5,9,2,10,0,0,2,1,1,1,4,9,15,1,1,0,4,9,1,2,3,0,1,1,1,0,0,1,1,1,0,4,3,0,1,0,0,0,10,1,3,2,2,1,2,1,1,2,0,1,0,0,2,0,0,1,3,2,0,2,0,1,0,1,1,2,4,2,1,3,2,3,0,2,2
2016/03/26,0,0,2,5,2,1,2,3,1,0,1,1,0,4,0,2,0,0,0,2,1,2,8,2,1,7,15,4,3,0,1,1,1,2,1,3,3,5,2,3,0,7,3,0,2,1,1,1,0,6,5,1,2,3,3,0,2,6,1,9,2,1,3,11,1,3,1,3,7,3,2,2,2,1,4,0,2,2,2,2,1,5,2,2,2,5,3,1,0,0,3,0,1,0,2,4,2,0,4,1
2016/03/27,11,0,1,22,3,1,3,7,2,1,14,0,1,3,0,0,0,0,2,0,1,0,8,0,3,2,13,12,0,1,1,4,1,1,2,1,1,7,3,1,0,0,0,2,2,10,1,1,1,0,0,6,3,3,1,0,6,8,0,4,1,3,3,2,1,4,6,1,1,5,3,6,0,0,1,0,1,2,0,5,1,8,3,1,1,3,1,2,2,2,0,3,2,5,4,5,9,0,3,2
2016/03/28,3,0,1,1,2,1,0,15,0,0,4,0,0,1,0,0,0,0,1,1,0,1,0,1,1,5,6,4,1,2,0,1,0,1,1,3,0,3,0,0,4,3,0,2,2,5,0,0,0,0,2,2,1,0,1,0,1,2,2,4,0,1,1,2,1,2,7,1,0,3,1,1,2,2,1,0,3,2,0,0,1,1,0,1,0,2,2,0,3,0,1,1,2,2,2,2,4,0,1,0
2016/03/29,2,0,0,0,1,0,11,9,0,0,7,3,1,4,1,3,1,0,1,1,0,2,12,1,0,0,4,1,0,2,1,1,0,1,0,0,7,6,0,1,0,1,0,0,1,0,0,1,1,4,1,1,4,1,0,0,1,2,3,1,0,2,1,2,0,1,3,0,1,4,0,0,2,0,1,2,3,4,0,3,5,1,0,0,2,1,2,1,0,0,0,1,0,1,0,4,5,0,6,0
2016/03/30,5,4,1,0,1,0,2,4,0,0,2,0,2,0,1,0,0,0,1,3,0,1,2,0,1,0,2,0,0,0,0,0,1,0,1,1,6,8,1,0,2,0,4,0,4,0,2,0,1,0,0,2,0,2,2,0,2,1,1,2,1,1,0,3,1,3,3,0,4,0,1,1,0,0,1,6,1,0,1,0,0,4,0,0,1,1,0,0,1,1,0,2,1,2,0,2,1,1,0,1
2016/03/31,2,8,1,0,0,0,0,6,2,0,2,0,3,6,0,1,0,0,0,0,5,1,0,2,2,0,1,7,0,0,1,1,1,0,0,0,1,2,0,2,0,0,5,0,1,0,2,1,1,0,0,0,1,0,1,0,1,0,2,0,0,3,1,2,0,1,4,1,1,1,2,0,0,0,0,1,0,1,2,4,4,0,1,0,2,3,2,0,1,0,0,2,1,0,0,0,1,0,7,0
2016/04/01,1,4,1,4,23,0,7,13,1,0,10,0,0,6,1,2,0,1,0,1,0,1,7,1,2,8,17,6,3,1,1,0,1,2,0,0,0,6,1,1,1,8,4,0,6,10,0,2,0,2,0,0,2,0,1,1,1,4,0,8,0,0,0,5,2,1,1,3,1,0,2,1,0,0,3,0,2,3,0,1,1,10,1,1,3,4,1,3,2,0,1,1,0,5,5,6,2,1,2,3
2016/04/02,3,9,0,32,8,2,6,0,1,0,5,0,0,4,0,1,1,1,3,0,9,0,14,1,1,1,7,8,1,0,0,3,0,2,1,7,11,11,0,0,2,4,6,3,7,4,1,0,1,3,1,2,0,0,1,1,3,9,2,5,4,6,4,6,4,2,3,5,2,3,3,1,0,0,1,0,1,4,1,5,2,11,2,1,6,2,4,2,2,0,2,1,2,4,6,4,3,0,7,1
2016/04/03,3,0,0,12,1,2,8,5,1,0,1,0,0,0,1,0,1,1,0,2,2,3,1,3,2,0,7,0,4,2,1,5,1,1,3,0,4,2,0,0,1,3,0,3,5,14,0,2,2,8,0,3,2,3,0,0,6,2,0,2,4,6,0,0,3,2,3,3,4,13,4,1,3,2,2,1,4,5,2,3,2,4,3,1,2,5,2,0,2,2,1,2,1,2,12,6,12,2,4,2
2016/04/04,2,0,0,0,0,1,1,10,0,0,4,0,2,3,1,0,0,1,0,0,2,0,6,2,1,0,1,2,2,1,0,1,0,0,1,1,0,1,0,0,0,1,0,0,1,6,0,0,0,0,1,4,4,3,1,1,4,4,0,6,1,1,2,0,1,3,1,1,0,2,1,1,0,0,3,0,1,4,0,1,2,10,0,1,1,1,0,2,2,1,0,1,2,0,0,2,5,1,3,4
2016/04/05,0,0,2,0,2,0,4,22,1,2,2,3,0,3,1,2,0,0,0,0,5,1,5,2,0,4,4,0,1,0,2,0,0,0,0,4,18,0,0,0,0,2,0,1,4,11,1,1,1,0,0,0,4,0,1,0,0,4,0,0,1,3,0,4,0,2,1,0,4,0,1,0,1,1,0,1,0,1,0,0,1,1,0,0,0,1,1,1,2,2,1,3,0,2,3,4,3,1,5,1
2016/04/06,1,4,0,0,4,2,2,9,1,1,12,0,0,1,0,1,0,0,0,0,0,0,0,1,1,0,14,9,2,0,2,0,0,3,2,1,4,3,0,0,0,0,8,0,2,2,0,0,0,0,0,0,3,0,0,0,1,3,0,3,0,2,1,7,1,0,2,2,0,3,0,7,1,0,1,1,0,1,0,2,3,1,1,2,3,3,2,1,0,0,1,1,3,3,1,0,2,0,3,2
2016/04/07,4,3,1,6,3,1,3,16,0,2,5,0,0,10,0,0,0,0,2,0,0,1,9,1,0,6,13,6,4,0,1,1,0,0,0,2,1,11,0,0,1,23,1,0,6,9,0,1,1,10,1,0,0,0,2,0,1,0,1,0,0,1,3,3,0,0,0,1,1,4,0,0,4,0,0,1,0,1,1,0,1,4,1,0,2,1,0,2,0,0,3,0,0,2,1,4,4,0,4,4
2016/04/08,10,0,0,11,3,0,0,7,3,0,0,0,2,7,0,0,1,0,2,2,0,4,5,1,1,3,10,0,0,2,0,0,1,1,0,3,1,0,0,0,0,1,12,0,5,7,1,0,0,1,0,1,1,1,2,0,3,2,3,4,2,3,0,3,1,0,3,1,2,2,2,1,0,1,1,0,1,2,0,0,0,4,1,0,1,3,4,1,1,1,1,2,1,3,3,2,6,1,7,3
2016/04/09,3,6,0,9,13,1,0,0,1,0,6,0,0,0,0,5,1,1,1,2,5,1,2,3,0,6,9,5,1,1,2,1,0,1,0,2,0,8,1,1,1,6,4,1,4,4,2,1,0,1,1,1,3,3,1,0,6,5,3,6,1,6,3,6,0,3,10,1,1,7,1,2,2,1,1,1,1,5,0,1,1,5,3,3,2,4,2,0,2,0,0,2,2,3,5,9,2,0,5,4
2016/04/10,3,9,0,27,3,1,3,5,0,0,14,1,0,1,1,3,2,0,0,2,11,1,0,1,3,0,16,2,0,1,0,1,2,0,4,2,12,0,0,0,3,50,0,2,9,4,0,0,1,0,0,2,2,1,2,0,1,3,1,3,1,3,1,2,1,2,6,3,2,6,3,0,2,5,2,1,3,3,1,1,2,6,2,4,1,5,3,0,1,2,4,1,2,4,4,3,5,1,0,0
2016/04/11,2,0,2,0,0,0,0,5,1,0,3,0,0,1,0,0,1,1,0,1,4,3,0,1,1,0,8,4,4,1,0,0,0,1,1,3,10,10,4,0,0,3,4,1,0,1,0,0,3,2,0,0,1,1,0,0,1,6,6,3,0,4,1,4,1,1,1,2,4,2,1,2,0,1,1,1,2,2,1,2,1,3,1,0,1,2,0,1,3,0,1,2,1,2,3,0,7,1,0,0
2016/04/12,4,5,0,0,0,0,0,2,0,2,0,0,1,7,0,0,2,0,1,1,2,1,13,0,0,3,14,0,0,0,0,2,0,1,3,0,6,7,0,0,1,7,8,0,0,8,1,0,0,4,2,1,0,1,0,1,1,3,0,2,0,1,1,4,0,1,1,0,2,2,0,2,0,0,0,1,1,0,0,1,0,4,1,6,1,2,1,0,1,0,2,2,1,0,3,0,1,0,4,3
2016/04/13,2,4,0,0,4,0,5,7,0,0,0,2,0,2,1,0,1,1,0,0,2,0,0,0,2,2,1,3,1,0,1,0,0,2,0,0,0,13,0,2,1,2,4,2,2,0,0,1,0,1,1,0,2,1,1,0,2,2,1,5,3,1,0,2,1,2,3,1,1,1,4,0,0,0,0,0,1,1,0,2,0,1,1,4,0,1,0,3,0,1,0,2,1,0,6,2,1,0,3,1
2016/04/14,4,2,2,26,2,1,4,27,0,1,2,0,0,6,0,0,0,0,0,1,6,3,5,0,0,4,1,5,0,0,1,2,0,1,1,1,2,7,0,0,0,3,6,0,1,5,0,2,0,1,0,1,1,0,1,0,1,3,1,2,0,5,1,1,0,1,0,0,0,2,0,0,0,0,0,0,1,3,0,1,2,2,2,0,0,3,0,2,1,0,1,1,1,1,4,0,1,0,1,1
2016/04/15,1,0,0,4,2,2,3,6,0,0,4,0,0,1,1,2,0,0,2,1,4,2,7,1,0,4,4,6,0,0,1,1,0,0,3,0,2,4,0,1,0,3,1,2,4,0,0,1,1,2,0,0,3,1,1,0,1,4,2,3,0,2,2,4,2,4,2,4,5,3,4,0,1,0,0,1,0,1,0,2,0,6,2,2,2,3,2,2,2,0,2,2,0,1,2,4,1,0,1,1
2016/04/16,2,1,0,3,4,2,5,8,0,0,3,0,0,0,0,1,0,1,0,0,0,2,0,1,3,4,5,4,0,1,0,2,0,0,0,3,2,5,2,1,0,3,7,0,0,4,0,2,1,1,1,0,1,1,3,1,2,4,0,5,1,1,3,7,0,3,6,1,2,8,2,7,1,1,0,0,1,5,0,1,3,6,4,1,5,2,1,0,0,1,2,2,0,3,5,2,4,1,2,0
2016/04/17,1,0,0,3,2,1,3,4,1,2,6,1,1,1,1,0,0,0,0,1,6,1,1,1,2,2,0,3,0,2,1,0,1,0,1,0,7,11,0,1,3,1,6,0,15,12,2,1,0,0,3,1,1,2,0,0,3,7,4,3,4,3,1,4,1,2,7,4,2,5,1,2,3,4,1,0,1,1,1,2,3,7,4,0,1,3,2,0,1,1,2,4,3,3,8,4,7,0,3,0
2016/04/18,2,0,0,2,2,1,2,4,0,0,7,1,0,3,0,2,0,0,0,0,0,2,0,0,0,1,4,6,4,1,0,4,1,0,1,2,10,1,0,0,1,8,2,1,2,12,1,1,1,1,1,0,2,0,1,2,0,1,0,1,0,2,1,5,0,1,4,2,3,1,2,2,2,0,0,1,0,1,1,3,1,3,1,0,3,0,1,0,2,0,1,1,1,1,0,0,9,0,1,0
2016/04/19,4,2,1,0,6,0,0,13,0,1,0,0,3,1,0,0,1,0,0,0,11,0,9,0,2,3,6,0,0,0,1,1,2,0,0,0,6,12,1,0,0,1,10,2,6,0,0,0,1,0,1,0,2,2,0,0,3,5,0,1,1,3,0,2,1,1,3,1,4,2,3,0,1,1,0,0,1,0,1,3,2,1,0,0,2,1,2,0,0,0,0,3,0,3,2,1,5,0,5,0
2016/04/20,3,8,1,13,1,0,3,7,0,0,4,1,2,6,0,0,0,1,0,0,4,0,0,0,0,2,5,0,2,0,2,0,0,0,1,0,5,8,0,1,0,10,0,1,1,6,1,0,0,0,0,0,1,2,2,0,4,2,0,2,0,0,2,1,0,1,3,0,2,1,1,0,1,1,0,0,0,0,2,0,1,5,1,0,0,2,1,1,1,0,2,0,1,0,3,1,3,1,4,0
2016/04/21,0,5,0,0,1,0,1,0,0,0,0,0,0,1,0,3,1,0,1,0,0,1,0,1,1,1,6,0,0,0,1,0,0,2,1,1,0,0,0,0,1,3,14,0,0,6,1,0,0,0,1,0,1,1,1,1,4,3,0,5,1,0,0,4,1,2,0,1,2,1,2,1,0,0,0,1,0,3,0,1,0,4,2,0,0,3,1,0,1,0,1,2,0,0,3,1,1,0,0,2
2016/04/22,3,5,0,13,1,2,4,19,0,0,20,0,0,1,0,3,2,1,1,0,6,0,10,1,0,7,10,11,0,1,0,0,0,0,1,3,15,9,0,0,0,6,6,0,2,6,1,0,0,0,2,0,1,1,0,1,0,5,3,3,1,6,0,7,1,2,1,4,2,4,1,3,1,0,1,1,0,0,3,1,2,6,1,0,3,0,3,1,2,1,0,2,2,2,2,3,5,1,1,0
2016/04/23,3,9,0,26,4,0,3,9,1,1,0,0,0,4,0,2,0,1,0,2,4,1,3,1,1,2,5,5,1,0,0,2,0,4,2,1,8,4,0,2,2,1,3,0,4,7,0,0,1,3,0,2,4,2,0,2,2,5,1,3,3,3,1,0,1,4,2,2,3,5,2,5,2,0,1,0,0,0,0,4,4,9,2,1,0,4,1,2,2,0,2,4,0,3,5,5,2,0,0,1
2016/04/24,1,7,0,0,2,1,4,3,0,2,4,3,3,2,0,1,0,0,1,0,0,0,20,1,2,17,5,6,3,1,1,0,1,0,2,0,3,3,1,3,0,21,0,0,1,3,1,3,0,3,0,1,4,5,0,0,1,3,0,3,2,1,1,1,0,2,2,2,0,4,2,2,2,2,4,1,0,3,1,3,0,6,3,1,0,4,1,0,0,0,5,5,3,4,2,7,8,0,6,1
2016/04/25,2,5,0,0,3,0,2,0,0,0,1,1,0,2,0,0,0,1,0,2,2,2,2,0,0,1,15,2,0,1,0,0,0,0,3,4,2,4,0,0,0,30,13,0,2,4,1,1,0,1,0,0,1,3,3,0,1,3,1,2,2,0,0,0,0,5,4,1,1,2,3,0,0,1,0,3,4,3,0,3,0,4,1,0,1,0,1,0,0,0,0,1,0,0,2,1,2,0,2,0
2016/04/26,7,0,0,0,0,0,0,4,0,0,0,0,0,2,0,3,2,0,0,1,2,4,2,3,2,17,2,7,1,0,0,2,1,0,1,0,2,0,0,0,0,0,3,0,0,8,0,0,1,1,2,2,0,1,4,1,1,3,1,3,2,2,0,2,1,1,2,0,0,0,1,4,1,1,0,0,0,1,0,0,0,5,3,0,2,1,1,0,1,0,0,1,1,2,3,4,2,0,5,0
2016/04/27,9,9,7,2,3,1,2,2,0,1,2,0,1,7,1,1,0,0,0,1,13,0,5,0,0,8,4,1,2,3,0,2,0,2,3,0,3,10,0,0,0,0,11,0,2,4,0,0,0,0,0,0,0,1,2,2,0,0,1,3,0,2,1,0,0,0,1,3,2,5,0,1,0,0,0,0,0,0,0,0,2,1,0,0,1,4,0,0,1,0,2,3,0,1,2,1,3,1,5,0
2016/04/28,5,1,5,2,0,0,0,9,0,2,6,2,1,4,0,0,1,0,1,1,5,1,3,0,0,5,0,5,0,0,0,3,0,0,0,0,9,8,0,0,0,0,2,0,5,2,0,1,0,0,0,0,1,0,0,1,0,0,2,2,2,0,0,0,1,2,2,3,2,0,2,1,0,1,0,0,0,0,0,3,0,7,2,0,1,2,4,2,2,1,2,1,0,1,2,1,4,0,2,0
2016/04/29,7,8,3,53,12,1,4,11,2,0,10,0,0,4,1,1,0,0,1,0,1,0,0,1,0,2,4,6,0,0,1,0,0,1,3,0,4,4,0,1,0,0,11,0,5,4,1,0,0,0,0,0,0,3,0,0,3,3,2,4,0,2,0,10,2,0,1,2,1,5,1,2,0,2,1,1,1,3,0,3,2,2,0,0,2,1,1,0,0,1,0,1,0,2,4,4,5,0,2,2
2016/04/30,3,0,0,0,0,2,0,3,1,1,2,0,1,2,1,4,1,0,0,3,0,1,0,1,1,4,18,3,2,1,2,0,0,0,1,3,1,1,1,1,1,0,2,2,0,26,1,4,0,1,1,0,3,2,0,1,2,2,3,5,0,7,0,2,1,3,5,3,4,4,6,0,3,1,1,2,0,5,0,6,0,14,5,0,2,3,2,3,0,2,1,6,1,4,8,6,8,2,1,1
2016/05/01,7,8,0,2,6,1,4,20,1,0,5,2,1,1,0,4,1,0,1,1,12,2,2,0,3,11,14,12,0,1,1,3,0,1,2,1,8,0,2,0,0,22,2,0,1,19,1,1,0,1,1,1,2,1,2,2,1,4,1,4,1,5,0,0,4,4,6,3,4,1,6,1,0,0,0,1,0,1,1,5,1,3,2,0,3,2,1,1,0,2,1,4,1,2,4,1,3,0,0,1
2016/05/02,0,8,3,0,17,0,1,0,1,0,4,0,0,2,1,1,1,2,0,0,8,3,4,0,1,2,2,3,5,0,0,5,1,1,1,0,5,6,0,1,1,6,7,0,0,8,0,0,1,4,0,1,7,0,0,0,3,5,1,4,2,0,0,4,3,1,4,0,0,0,4,1,1,1,1,3,3,0,0,2,5,6,1,3,2,3,0,1,0,1,1,5,0,2,2,2,6,0,1,0
2016/05/03,0,6,0,0,0,1,2,0,0,2,1,0,2,2,0,1,0,0,1,0,1,0,14,0,0,7,8,0,1,0,0,2,1,1,0,0,0,4,1,0,0,0,4,2,1,1,1,0,0,3,1,2,0,2,2,2,1,2,0,2,0,0,1,3,3,0,2,0,4,5,0,2,2,0,1,1,1,3,1,1,0,3,2,1,3,1,0,0,0,0,3,2,1,1,3,2,3,0,1,1
2016/05/04,0,0,4,3,3,0,2,4,0,0,3,0,1,8,0,2,0,1,0,0,1,1,3,0,1,2,16,0,1,0,3,5,2,0,2,4,5,4,0,1,1,3,3,0,2,6,0,0,2,1,0,1,0,1,1,1,1,1,0,1,1,2,1,5,0,2,0,1,2,1,2,2,1,1,0,0,0,2,0,2,0,4,2,1,2,2,1,1,0,0,2,3,0,2,2,9,2,0,4,1
2016/05/05,2,8,0,0,2,0,2,17,2,2,1,0,0,2,1,1,1,0,0,1,0,2,10,1,1,6,12,8,0,0,0,1,0,2,1,3,10,0,0,0,0,0,6,1,2,1,1,0,2,0,1,0,2,0,1,0,2,0,2,1,2,4,3,9,0,0,1,3,3,3,4,2,1,0,0,2,1,1,1,2,2,2,1,0,4,3,3,0,0,2,3,2,1,0,2,2,2,1,1,0
2016/05/06,3,1,4,5,10,0,5,25,1,0,5,0,0,5,2,0,1,3,2,2,6,0,10,3,0,0,4,3,1,1,0,0,0,0,1,1,1,2,0,0,0,1,0,0,2,2,1,1,1,2,2,0,2,1,2,0,2,1,0,1,2,2,2,4,1,1,0,1,2,4,1,0,2,1,0,4,0,2,0,2,1,5,3,0,4,2,0,0,0,0,3,3,2,4,1,2,7,0,1,0
2016/05/07,7,8,0,20,6,0,2,0,1,1,27,0,0,0,1,3,2,0,1,0,9,2,6,2,1,7,15,7,0,0,0,1,0,2,0,2,0,4,0,1,0,2,0,2,3,6,1,1,0,2,3,0,2,1,1,0,2,3,2,2,0,4,2,17,1,1,3,5,3,2,3,1,4,0,2,2,2,2,2,2,4,12,3,13,7,3,3,3,0,0,0,1,1,2,1,9,4,1,5,1
2016/05/08,4,2,0,16,8,3,0,0,1,0,4,0,0,0,1,0,0,0,1,1,3,1,1,1,1,3,7,3,1,1,0,2,0,0,3,1,1,8,0,1,0,12,0,0,12,7,0,2,0,8,0,1,6,2,0,0,7,6,0,1,1,2,2,5,1,2,1,0,4,6,4,2,1,1,1,0,3,0,1,1,3,5,0,3,1,9,2,1,0,0,4,3,2,0,4,1,0,2,4,2
2016/05/09,1,0,2,1,0,1,0,0,1,0,0,0,1,2,0,1,2,0,1,0,4,1,4,1,1,1,1,5,0,1,0,0,0,1,1,4,4,0,1,0,0,8,0,1,0,4,0,0,0,0,0,0,6,1,2,0,0,5,0,0,1,3,0,0,2,2,1,2,2,0,0,0,1,1,0,0,0,3,0,1,0,6,2,0,0,0,0,1,1,4,2,2,0,2,0,0,4,0,2,1
2016/05/10,1,7,0,7,3,0,0,0,0,1,0,3,1,4,0,1,1,0,0,0,1,1,12,1,0,6,9,4,2,0,1,0,3,0,1,1,3,14,0,3,1,18,7,1,6,5,0,0,1,0,0,0,0,2,0,0,1,3,2,5,1,2,0,0,1,0,1,3,1,2,2,3,4,0,1,0,0,0,0,1,2,6,4,0,0,0,2,0,0,1,1,1,2,0,1,0,2,1,2,2
2016/05/11,0,0,0,0,3,1,0,8,0,1,0,0,4,0,0,2,1,1,1,1,5,0,9,1,0,1,12,3,2,1,1,0,1,1,1,1,1,0,0,0,2,8,2,0,2,11,0,0,1,0,1,0,0,0,1,0,0,2,1,1,2,1,0,9,0,2,0,1,1,1,1,2,0,0,1,1,0,0,0,1,1,0,0,0,2,1,0,2,0,0,0,2,2,3,1,2,4,0,4,0
2016/05/12,6,0,2,0,0,0,0,17,0,1,0,0,0,0,0,1,0,0,1,0,0,1,1,2,1,2,10,2,0,1,0,0,0,0,3,1,0,0,0,0,1,1,0,0,2,6,1,0,0,0,1,1,0,2,0,0,0,2,4,3,1,2,0,7,1,3,0,4,0,1,1,0,1,0,0,0,2,1,1,1,2,3,0,0,3,0,3,2,0,0,1,2,2,1,1,5,5,0,5,2
