Date,HOBBIES_1_004_CA_2_evaluation,HOBBIES_1_008_CA_2_evaluation,HOBBIES_1_014_CA_2_evaluation,HOBBIES_1_015_CA_2_evaluation,HOBBIES_1_016_CA_2_evaluation,HOBBIES_1_021_CA_2_evaluation,HOBBIES_1_043_CA_2_evaluation,HOBBIES_1_048_CA_2_evaluation,HOBBIES_1_079_CA_2_evaluation,HOBBIES_1_085_CA_2_evaluation,HOBBIES_1_103_CA_2_evaluation,HOBBIES_1_105_CA_2_evaluation,HOBBIES_1_108_CA_2_evaluation,HOBBIES_1_134_CA_2_evaluation,HOBBIES_1_144_CA_2_evaluation,HOBBIES_1_148_CA_2_evaluation,HOBBIES_1_149_CA_2_evaluation,HOBBIES_1_151_CA_2_evaluation,HOBBIES_1_157_CA_2_evaluation,HOBBIES_1_173_CA_2_evaluation,HOBBIES_1_178_CA_2_evaluation,HOBBIES_1_179_CA_2_evaluation,HOBBIES_1_189_CA_2_evaluation,HOBBIES_1_201_CA_2_evaluation,HOBBIES_1_215_CA_2_evaluation,HOBBIES_1_244_CA_2_evaluation,HOBBIES_1_254_CA_2_evaluation,HOBBIES_1_256_CA_2_evaluation,HOBBIES_1_279_CA_2_evaluation,HOBBIES_1_287_CA_2_evaluation,HOBBIES_1_297_CA_2_evaluation,HOBBIES_1_319_CA_2_evaluation,HOBBIES_1_323_CA_2_evaluation,HOBBIES_1_324_CA_2_evaluation,HOBBIES_1_329_CA_2_evaluation,HOBBIES_1_337_CA_2_evaluation,HOBBIES_1_341_CA_2_evaluation,HOBBIES_1_348_CA_2_evaluation,HOBBIES_1_350_CA_2_evaluation,HOBBIES_1_356_CA_2_evaluation,HOBBIES_1_364_CA_2_evaluation,HOBBIES_1_370_CA_2_evaluation,HOBBIES_1_371_CA_2_evaluation,HOBBIES_1_379_CA_2_evaluation,HOBBIES_1_381_CA_2_evaluation,HOBBIES_1_404_CA_2_evaluation,HOBBIES_1_416_CA_2_evaluation,HOBBIES_1_420_CA_2_evaluation,HOUSEHOLD_1_003_CA_2_evaluation,HOUSEHOLD_1_007_CA_2_evaluation,HOUSEHOLD_1_012_CA_2_evaluation,HOUSEHOLD_1_014_CA_2_evaluation,HOUSEHOLD_1_025_CA_2_evaluation,HOUSEHOLD_1_027_CA_2_evaluation,HOUSEHOLD_1_038_CA_2_evaluation,HOUSEHOLD_1_047_CA_2_evaluation,HOUSEHOLD_1_048_CA_2_evaluation,HOUSEHOLD_1_055_CA_2_evaluation,HOUSEHOLD_1_061_CA_2_evaluation,HOUSEHOLD_1_072_CA_2_evaluation,HOUSEHOLD_1_075_CA_2_evaluation,HOUSEHOLD_1_079_CA_2_evaluation,HOUSEHOLD_1_082_CA_2_evaluation,HOUSEHOLD_1_083_CA_2_evaluation,HOUSEHOLD_1_087_CA_2_evaluation,HOUSEHOLD_1_095_CA_2_evaluation,HOUSEHOLD_1_099_CA_2_evaluation,HOUSEHOLD_1_107_CA_2_evaluation,HOUSEHOLD_1_121_CA_2_evaluation,HOUSEHOLD_1_122_CA_2_evaluation,HOUSEHOLD_1_129_CA_2_evaluation,HOUSEHOLD_1_141_CA_2_evaluation,HOUSEHOLD_1_153_CA_2_evaluation,HOUSEHOLD_1_158_CA_2_evaluation,HOUSEHOLD_1_165_CA_2_evaluation,HOUSEHOLD_1_170_CA_2_evaluation,HOUSEHOLD_1_176_CA_2_evaluation,HOUSEHOLD_1_188_CA_2_evaluation,HOUSEHOLD_1_192_CA_2_evaluation,HOUSEHOLD_1_194_CA_2_evaluation,HOUSEHOLD_1_197_CA_2_evaluation,HOUSEHOLD_1_198_CA_2_evaluation,HOUSEHOLD_1_202_CA_2_evaluation,HOUSEHOLD_1_204_CA_2_evaluation,HOUSEHOLD_1_205_CA_2_evaluation,HOUSEHOLD_1_212_CA_2_evaluation,HOUSEHOLD_1_215_CA_2_evaluation,HOUSEHOLD_1_218_CA_2_evaluation,HOUSEHOLD_1_220_CA_2_evaluation,HOUSEHOLD_1_232_CA_2_evaluation,HOUSEHOLD_1_235_CA_2_evaluation,HOUSEHOLD_1_238_CA_2_evaluation,HOUSEHOLD_1_241_CA_2_evaluation,HOUSEHOLD_1_243_CA_2_evaluation,HOUSEHOLD_1_247_CA_2_evaluation,HOUSEHOLD_1_249_CA_2_evaluation,HOUSEHOLD_1_262_CA_2_evaluation,HOUSEHOLD_1_268_CA_2_evaluation,HOUSEHOLD_1_275_CA_2_evaluation,HOUSEHOLD_1_280_CA_2_evaluation
2013/05/13,4.64,0.46,0.98,0.72,0.72,11.88,0.72,0.46,7.88,14.72,0.72,6.68,12.98,3.56,10.98,4.88,1.56,5.47,10.98,10.97,0.46,6.87,0.46,5.98,10.98,0.46,0.72,0.46,3.98,5.48,14.72,1.0,5.24,14.72,3.97,3.67,0.46,0.46,2.98,5.48,12.78,0.46,0.46,2.12,0.72,0.46,4.97,5.74,8.97,1.54,3.92,17.97,2.98,5.64,5.22,3.97,2.84,3.98,1.88,7.98,2.73,4.88,3.48,0.98,4.47,5.97,2.37,3.48,2.48,2.26,3.98,1.77,1.97,3.24,17.97,1.96,3.98,3.98,3.62,4.98,4.97,0.98,1.98,1.88,5.97,4.63,2.24,1.98,1.97,3.97,3.47,2.48,7.94,1.97,0.97,7.97,0.97,8.37,2.97,4.97
2013/05/14,4.64,0.46,0.98,0.72,0.72,11.88,0.72,0.46,7.88,14.72,0.72,6.68,12.98,3.56,10.98,4.88,1.56,5.47,10.98,10.97,0.46,6.87,0.46,5.98,10.98,0.46,0.72,0.46,3.98,5.48,14.72,1.0,5.24,14.72,3.97,3.67,0.46,0.46,2.98,5.48,12.78,0.46,0.46,2.12,0.72,0.46,4.97,5.74,8.97,1.54,3.92,17.97,2.98,5.64,5.22,3.97,2.84,3.98,1.88,7.98,2.73,4.88,3.48,0.98,4.47,5.97,2.37,3.48,2.48,2.26,3.98,1.77,1.97,3.24,17.97,1.96,3.98,3.98,3.62,4.98,4.97,0.98,1.98,1.88,5.97,4.63,2.24,1.98,1.97,3.97,3.47,2.48,7.94,1.97,0.97,7.97,0.97,8.37,2.97,4.97
2013/05/15,4.64,0.46,0.98,0.72,0.72,11.88,0.72,0.46,7.88,14.72,0.72,6.68,12.98,3.56,10.98,4.88,1.56,5.47,10.98,10.97,0.46,6.87,0.46,5.98,10.98,0.46,0.72,0.46,3.98,5.48,14.72,1.0,5.24,14.72,3.97,3.67,0.46,0.46,2.98,5.48,12.78,0.46,0.46,2.12,0.72,0.46,4.97,5.74,8.97,1.54,3.92,17.97,2.98,5.64,5.22,3.97,2.84,3.98,1.88,7.98,2.73,4.88,3.48,0.98,4.47,5.97,2.37,3.48,2.48,2.26,3.98,1.77,1.97,3.24,17.97,1.96,3.98,3.98,3.62,4.98,4.97,0.98,1.98,1.88,5.97,4.63,2.24,1.98,1.97,3.97,3.47,2.48,7.94,1.97,0.97,7.97,0.97,8.37,2.97,4.97
2013/05/16,4.64,0.46,0.98,0.72,0.72,11.88,0.72,0.46,7.88,14.72,0.72,6.68,12.98,3.56,10.98,4.88,1.56,5.47,10.98,10.97,0.46,6.87,0.46,5.98,10.98,0.46,0.72,0.46,3.98,5.48,14.72,1.0,5.24,14.72,3.97,3.67,0.46,0.46,2.98,5.48,12.78,0.46,0.46,2.12,0.72,0.46,4.97,5.74,8.97,1.54,3.92,17.97,2.98,5.64,5.22,3.97,2.84,3.98,1.88,7.98,2.73,4.88,3.48,0.98,4.47,5.97,2.37,3.48,2.48,2.26,3.98,1.77,1.97,3.24,17.97,1.96,3.98,3.98,3.62,4.98,4.97,0.98,1.98,1.88,5.97,4.63,2.24,1.98,1.97,3.97,3.47,2.48,7.94,1.97,0.97,7.97,0.97,8.37,2.97,4.97
2013/05/17,4.64,0.46,0.98,0.72,0.72,11.88,0.72,0.46,7.88,14.72,0.72,6.68,12.98,3.56,10.98,4.88,1.56,5.47,10.98,10.97,0.46,6.87,0.46,5.98,10.98,0.46,0.72,0.46,3.98,5.48,14.72,1.0,5.24,14.72,3.97,3.67,0.46,0.46,2.98,5.48,12.78,0.46,0.46,2.12,0.72,0.46,4.97,5.74,8.97,1.54,3.92,17.97,2.98,5.64,5.22,3.97,2.84,3.98,1.88,7.98,2.73,4.88,3.48,0.98,4.47,5.97,2.37,3.48,2.48,2.26,3.98,1.77,1.97,3.24,17.97,1.96,3.98,3.98,3.62,4.98,4.97,0.98,1.98,1.88,5.97,4.63,2.24,1.98,1.97,3.97,3.47,2.48,7.94,1.97,0.97,7.97,0.97,8.37,2.97,4.97
2013/05/18,4.64,0.46,0.98,0.72,0.72,11.88,0.72,0.46,7.88,14.72,0.72,6.68,12.98,3.56,10.98,4.88,1.56,5.47,10.98,10.97,0.46,6.87,0.46,5.98,10.98,0.46,0.72,0.46,3.98,5.48,14.72,1.0,5.24,14.72,3.97,3.67,0.46,0.46,2.98,5.48,12.78,0.46,0.46,2.12,0.72,0.46,4.97,5.74,8.97,1.54,3.92,17.97,2.98,5.64,5.22,3.97,2.84,3.98,1.88,7.98,2.73,4.88,3.48,0.98,4.47,5.97,2.37,3.48,2.48,2.26,3.98,1.77,1.97,3.24,17.97,1.96,3.98,3.98,3.62,4.98,4.97,0.98,1.98,1.88,5.97,4.63,2.24,1.98,1.97,3.97,3.47,2.48,7.94,1.97,0.97,7.97,0.97,8.37,2.97,4.97
2013/05/19,4.64,0.46,0.98,0.72,0.72,11.88,0.72,0.46,7.88,14.72,0.72,6.68,12.98,3.56,10.98,4.88,1.56,5.47,10.98,10.97,0.46,6.87,0.46,5.98,10.98,0.46,0.72,0.46,3.98,5.48,14.72,1.0,5.24,14.72,3.97,3.67,0.46,0.46,2.98,5.48,12.78,0.46,0.46,2.12,0.72,0.46,4.97,5.74,8.97,1.54,3.92,17.97,2.98,5.64,5.22,3.97,2.84,3.98,1.88,7.98,2.73,4.88,3.48,0.98,4.47,5.97,2.37,3.48,2.48,2.26,3.98,1.77,1.97,3.24,17.97,1.96,3.98,3.98,3.62,4.98,4.97,0.98,1.98,1.88,5.97,4.63,2.24,1.98,1.97,3.97,3.47,2.48,7.94,1.97,0.97,7.97,0.97,8.37,2.97,4.97
2013/05/20,4.64,0.46,0.98,0.72,0.72,11.88,0.72,0.46,7.88,14.72,0.72,6.68,12.98,3.56,10.98,4.88,1.56,5.47,10.98,10.97,0.46,6.87,0.46,5.98,10.98,0.46,0.72,0.46,3.98,5.48,14.72,1.0,5.24,14.72,3.97,3.67,0.46,0.46,2.98,5.48,12.78,0.46,0.46,2.12,0.72,0.46,4.97,5.74,8.97,1.54,3.92,17.97,2.98,5.64,5.22,3.97,2.84,3.98,1.88,7.98,2.73,4.88,3.48,0.98,4.47,5.97,2.37,3.48,2.48,2.26,3.98,1.77,1.97,3.24,17.97,1.96,3.98,3.98,3.62,4.98,4.97,0.98,1.98,1.88,5.97,4.63,2.24,1.98,1.97,3.97,3.47,2.48,7.94,1.97,0.97,7.97,0.97,8.37,2.97,4.97
2013/05/21,4.64,0.46,0.98,0.72,0.72,11.88,0.72,0.46,7.88,14.72,0.72,6.68,12.98,3.56,10.98,4.88,1.56,5.47,10.98,10.97,0.46,6.87,0.46,5.98,10.98,0.46,0.72,0.46,3.98,5.48,14.72,1.0,5.24,14.72,3.97,3.67,0.46,0.46,2.98,5.48,12.78,0.46,0.46,2.12,0.72,0.46,4.97,5.74,8.97,1.54,3.92,17.97,2.98,5.64,5.22,3.97,2.84,3.98,1.88,7.98,2.73,4.88,3.48,0.98,4.47,5.97,2.37,3.48,2.48,2.26,3.98,1.77,1.97,3.24,17.97,1.96,3.98,3.98,3.62,4.98,4.97,0.98,1.98,1.88,5.97,4.63,2.24,1.98,1.97,3.97,3.47,2.48,7.94,1.97,0.97,7.97,0.97,8.37,2.97,4.97
2013/05/22,4.64,0.46,0.98,0.72,0.72,11.88,0.72,0.46,7.88,14.72,0.72,6.68,12.98,3.56,10.98,4.88,1.56,5.47,10.98,10.97,0.46,6.87,0.46,5.98,10.98,0.46,0.72,0.46,3.98,5.48,14.72,1.0,5.24,14.72,3.97,3.67,0.46,0.46,2.98,5.48,12.78,0.46,0.46,2.12,0.72,0.46,4.97,5.74,8.97,1.54,3.92,17.97,2.98,5.64,5.22,3.97,2.84,3.98,1.88,7.98,2.73,4.88,3.48,0.98,4.47,5.97,2.37,3.48,2.48,2.26,3.98,1.77,1.97,3.24,17.97,1.96,3.98,3.98,3.62,4.98,4.97,0.98,1.98,1.88,5.97,4.63,2.24,1.98,1.97,3.97,3.47,2.48,7.94,1.97,0.97,7.97,0.97,8.37,2.97,4.97
2013/05/23,4.64,0.46,0.98,0.72,0.72,11.88,0.72,0.46,7.88,14.72,0.72,6.68,12.98,3.56,10.98,4.88,1.56,5.47,10.98,10.97,0.46,6.87,0.46,5.98,10.98,0.46,0.72,0.46,3.98,5.48,14.72,1.0,5.24,14.72,3.97,3.67,0.46,0.46,2.98,5.48,12.78,0.46,0.46,2.12,0.72,0.46,4.97,5.74,8.97,1.54,3.92,17.97,2.98,5.64,5.22,3.97,2.84,3.98,1.88,7.98,2.73,4.88,3.48,0.98,4.47,5.97,2.37,3.48,2.48,2.26,3.98,1.77,1.97,3.24,17.97,1.96,3.98,3.98,3.62,4.98,4.97,0.98,1.98,1.88,5.97,4.63,2.24,1.98,1.97,3.97,3.47,2.48,7.94,1.97,0.97,7.97,0.97,8.37,2.97,4.97
2013/05/24,4.64,0.46,0.98,0.72,0.72,11.88,0.72,0.46,7.88,14.72,0.72,6.68,12.98,3.56,10.98,4.88,1.56,5.47,10.98,10.97,0.46,6.87,0.46,5.98,10.98,0.46,0.72,0.46,3.98,5.48,14.72,1.0,5.24,14.72,3.97,3.67,0.46,0.46,2.98,5.48,12.78,0.46,0.46,2.12,0.72,0.46,4.97,5.74,8.97,1.54,3.92,17.97,2.98,5.64,5.22,3.97,2.84,3.98,1.88,7.98,2.73,4.88,3.48,0.98,4.47,5.97,2.37,3.48,2.48,2.26,3.98,1.77,1.97,3.24,17.97,1.96,3.98,3.98,3.62,4.98,4.97,0.98,1.98,1.88,5.97,4.63,2.24,1.98,1.97,3.97,3.47,2.48,7.94,1.97,0.97,7.97,0.97,8.37,2.97,4.97
2013/05/25,4.64,0.46,0.98,0.72,0.72,11.88,0.72,0.46,7.88,14.72,0.72,6.68,12.98,3.56,10.98,4.88,1.56,5.47,10.98,10.97,0.46,6.87,0.46,5.98,10.98,0.46,0.72,0.46,3.98,5.48,14.72,1.0,5.24,14.72,3.97,3.67,0.46,0.46,2.98,5.48,12.78,0.46,0.46,2.12,0.72,0.46,4.97,5.74,8.97,1.54,3.92,17.97,2.98,5.64,5.22,3.97,2.84,3.98,1.88,7.98,2.73,4.88,3.48,0.98,4.47,5.97,2.37,3.48,2.48,2.26,3.98,1.77,1.97,3.24,17.97,1.96,3.98,3.98,3.62,4.98,4.97,0.98,1.98,1.88,5.97,4.63,2.24,1.98,1.97,3.97,3.47,2.48,7.94,1.97,0.97,7.97,0.97,8.37,2.97,4.97
2013/05/26,4.64,0.46,0.98,0.72,0.72,11.88,0.72,0.46,7.88,14.72,0.72,6.68,12.98,3.56,10.98,4.88,1.56,5.47,10.98,10.97,0.46,6.87,0.46,5.98,10.98,0.46,0.72,0.46,3.98,5.48,14.72,1.0,5.24,14.72,3.97,3.67,0.46,0.46,2.98,5.48,12.78,0.46,0.46,2.12,0.72,0.46,4.97,5.74,8.97,1.54,3.92,17.97,2.98,5.64,5.22,3.97,2.84,3.98,1.88,7.98,2.73,4.88,3.48,0.98,4.47,5.97,2.37,3.48,2.48,2.26,3.98,1.77,1.97,3.24,17.97,1.96,3.98,3.98,3.62,4.98,4.97,0.98,1.98,1.88,5.97,4.63,2.24,1.98,1.97,3.97,3.47,2.48,7.94,1.97,0.97,7.97,0.97,8.37,2.97,4.97
2013/05/27,4.64,0.46,0.98,0.72,0.72,11.88,0.72,0.46,7.88,14.72,0.72,6.68,12.98,3.56,10.98,4.88,1.56,5.47,10.98,10.97,0.46,6.87,0.46,5.98,10.98,0.46,0.72,0.46,3.98,5.48,14.72,1.0,5.24,14.72,3.97,3.67,0.46,0.46,2.98,5.48,12.78,0.46,0.46,2.12,0.72,0.46,4.97,5.74,8.97,1.54,3.92,17.97,2.98,5.64,5.22,3.97,2.84,3.98,1.88,7.98,2.73,4.88,3.48,0.98,4.47,5.97,2.37,3.48,2.48,2.26,3.98,1.77,1.97,3.24,17.97,1.96,3.98,3.98,3.62,4.98,4.97,0.98,1.98,1.88,5.97,4.63,2.24,1.98,1.97,3.97,3.47,2.48,7.94,1.97,0.97,7.97,0.97,8.37,2.97,4.97
2013/05/28,4.64,0.46,0.98,0.72,0.72,11.88,0.72,0.46,7.88,14.72,0.72,6.68,12.98,3.56,10.98,4.88,1.56,5.47,10.98,10.97,0.46,6.87,0.46,5.98,10.98,0.46,0.72,0.46,3.98,5.48,14.72,1.0,5.24,14.72,3.97,3.67,0.46,0.46,2.98,5.48,12.78,0.46,0.46,2.12,0.72,0.46,4.97,5.74,8.97,1.54,3.92,17.97,2.98,5.64,5.22,3.97,2.84,3.98,1.88,7.98,2.73,4.88,3.48,0.98,4.47,5.97,2.37,3.48,2.48,2.26,3.98,1.77,1.97,3.24,17.97,1.96,3.98,3.98,3.62,4.98,4.97,0.98,1.98,1.88,5.97,4.63,2.24,1.98,1.97,3.97,3.47,2.48,7.94,1.97,0.97,7.97,0.97,8.37,2.97,4.97
2013/05/29,4.64,0.46,0.98,0.72,0.72,11.88,0.72,0.46,7.88,14.72,0.72,6.68,12.98,3.56,10.98,4.88,1.56,5.47,10.98,10.97,0.46,6.87,0.46,5.98,10.98,0.46,0.72,0.46,3.98,5.48,14.72,1.0,5.24,14.72,3.97,3.67,0.46,0.46,2.98,5.48,12.78,0.46,0.46,2.12,0.72,0.46,4.97,5.74,8.97,1.54,3.92,17.97,2.98,5.64,5.22,3.97,2.84,3.98,1.88,7.98,2.73,4.88,3.48,0.98,4.47,5.97,2.37,3.48,2.48,2.26,3.98,1.77,1.97,3.24,17.97,1.96,3.98,3.98,3.62,4.98,4.97,0.98,1.98,1.88,5.97,4.63,2.24,1.98,1.97,3.97,3.47,2.48,7.94,1.97,0.97,7.97,0.97,8.37,2.97,4.97
2013/05/30,4.64,0.46,0.98,0.72,0.72,11.88,0.72,0.46,7.88,14.72,0.72,6.68,12.98,3.56,10.98,4.88,1.56,5.47,10.98,10.97,0.46,6.87,0.46,5.98,10.98,0.46,0.72,0.46,3.98,5.48,14.72,1.0,5.24,14.72,3.97,3.67,0.46,0.46,2.98,5.48,12.78,0.46,0.46,2.12,0.72,0.46,4.97,5.74,8.97,1.54,3.92,17.97,2.98,5.64,5.22,3.97,2.84,3.98,1.88,7.98,2.73,4.88,3.48,0.98,4.47,5.97,2.37,3.48,2.48,2.26,3.98,1.77,1.97,3.24,17.97,1.96,3.98,3.98,3.62,4.98,4.97,0.98,1.98,1.88,5.97,4.63,2.24,1.98,1.97,3.97,3.47,2.48,7.94,1.97,0.97,7.97,0.97,8.37,2.97,4.97
2013/05/31,4.64,0.46,0.98,0.72,0.72,11.88,0.72,0.46,7.88,14.72,0.72,6.68,12.98,3.56,10.98,4.88,1.56,5.47,10.98,10.97,0.46,6.87,0.46,5.98,10.98,0.46,0.72,0.46,3.98,5.48,14.72,1.0,5.24,14.72,3.97,3.67,0.46,0.46,2.98,5.48,12.78,0.46,0.46,2.12,0.72,0.46,4.97,5.74,8.97,1.54,3.92,17.97,2.98,5.64,5.22,3.97,2.84,3.98,1.88,7.98,2.73,4.88,3.48,0.98,4.47,5.97,2.37,3.48,2.48,2.26,3.98,1.77,1.97,3.24,17.97,1.96,3.98,3.98,3.62,4.98,4.97,0.98,1.98,1.88,5.97,4.63,2.24,1.98,1.97,3.97,3.47,2.48,7.94,1.97,0.97,7.97,0.97,8.37,2.97,4.97
2013/06/01,4.64,0.46,0.98,0.72,0.72,11.88,0.72,0.46,7.88,14.72,0.72,6.68,12.98,3.56,10.98,4.88,1.56,5.47,10.98,10.97,0.46,6.87,0.46,5.98,10.98,0.46,0.72,0.46,3.98,5.48,14.72,1.0,5.24,14.72,3.97,3.67,0.46,0.46,2.98,5.48,12.78,0.46,0.46,2.12,0.72,0.46,4.97,5.74,8.97,1.54,3.92,17.97,2.98,5.64,5.22,3.97,2.84,3.98,1.88,7.98,2.73,4.88,3.48,0.98,4.47,5.97,2.37,3.48,2.48,2.26,3.98,1.77,1.97,3.24,17.97,1.96,3.98,3.98,3.62,4.98,4.97,0.98,1.98,1.88,5.97,4.63,2.24,1.98,1.97,3.97,3.47,2.48,7.94,1.97,0.97,7.97,0.97,8.37,2.97,4.97
2013/06/02,4.64,0.46,0.98,0.72,0.72,11.88,0.72,0.46,7.88,14.72,0.72,6.68,12.98,3.56,10.98,4.88,1.56,5.47,10.98,10.97,0.46,6.87,0.46,5.98,10.98,0.46,0.72,0.46,3.98,5.48,14.72,1.0,5.24,14.72,3.97,3.67,0.46,0.46,2.98,5.48,12.78,0.46,0.46,2.12,0.72,0.46,4.97,5.74,8.97,1.54,3.92,17.97,2.98,5.64,5.22,3.97,2.84,3.98,1.88,7.98,2.73,4.88,3.48,0.98,4.47,5.97,2.37,3.48,2.48,2.26,3.98,1.77,1.97,3.24,17.97,1.96,3.98,3.98,3.62,4.98,4.97,0.98,1.98,1.88,5.97,4.63,2.24,1.98,1.97,3.97,3.47,2.48,7.94,1.97,0.97,7.97,0.97,8.37,2.97,4.97
2013/06/03,4.64,0.46,0.98,0.72,0.72,11.88,0.72,0.46,7.88,14.72,0.72,6.68,12.98,3.56,10.98,4.88,1.56,5.47,10.98,10.97,0.46,6.87,0.46,5.98,10.98,0.46,0.72,0.46,3.98,5.48,14.72,1.0,5.24,14.72,3.97,3.67,0.46,0.46,2.98,5.48,12.78,0.46,0.46,2.12,0.72,0.46,4.97,5.74,8.97,1.54,3.92,17.97,2.98,5.64,5.22,3.97,2.84,3.98,1.88,7.98,2.73,4.88,3.48,0.98,4.47,5.97,2.37,3.48,2.48,2.26,3.98,1.77,1.97,3.24,17.97,1.96,3.98,3.98,3.62,4.98,4.97,0.98,1.98,1.88,5.97,4.63,2.24,1.98,1.97,3.97,3.47,2.48,7.94,1.97,0.97,7.97,0.97,8.37,2.97,4.97
2013/06/04,4.64,0.46,0.98,0.72,0.72,11.88,0.72,0.46,7.88,14.72,0.72,6.68,12.98,3.56,10.98,4.88,1.56,5.47,10.98,10.97,0.46,6.87,0.46,5.98,10.98,0.46,0.72,0.46,3.98,5.48,14.72,1.0,5.24,14.72,3.97,3.67,0.46,0.46,2.98,5.48,12.78,0.46,0.46,2.12,0.72,0.46,4.97,5.74,8.97,1.54,3.92,17.97,2.98,5.64,5.22,3.97,2.84,3.98,1.88,7.98,2.73,4.88,3.48,0.98,4.47,5.97,2.37,3.48,2.48,2.26,3.98,1.77,1.97,3.24,17.97,1.96,3.98,3.98,3.62,4.98,4.97,0.98,1.98,1.88,5.97,4.63,2.24,1.98,1.97,3.97,3.47,2.48,7.94,1.97,0.97,7.97,0.97,8.37,2.97,4.97
2013/06/05,4.64,0.46,0.98,0.72,0.72,11.88,0.72,0.46,7.88,14.72,0.72,6.68,12.98,3.56,10.98,4.88,1.56,5.47,10.98,10.97,0.46,6.87,0.46,5.98,10.98,0.46,0.72,0.46,3.98,5.48,14.72,1.0,5.24,14.72,3.97,3.67,0.46,0.46,2.98,5.48,12.78,0.46,0.46,2.12,0.72,0.46,4.97,5.74,8.97,1.54,3.92,17.97,2.98,5.64,5.22,3.97,2.84,3.98,1.88,7.98,2.73,4.88,3.48,0.98,4.47,5.97,2.37,3.48,2.48,2.26,3.98,1.77,1.97,3.24,17.97,1.96,3.98,3.98,3.62,4.98,4.97,0.98,1.98,1.88,5.97,4.63,2.24,1.98,1.97,3.97,3.47,2.48,7.94,1.97,0.97,7.97,0.97,8.37,2.97,4.97
2013/06/06,4.64,0.46,0.98,0.72,0.72,11.88,0.72,0.46,7.88,14.72,0.72,6.68,12.98,3.56,10.98,4.88,1.56,5.47,10.98,10.97,0.46,6.87,0.46,5.98,10.98,0.46,0.72,0.46,3.98,5.48,14.72,1.0,5.24,14.72,3.97,3.67,0.46,0.46,2.98,5.48,12.78,0.46,0.46,2.12,0.72,0.46,4.97,5.74,8.97,1.54,3.92,17.97,2.98,5.64,5.22,3.97,2.84,3.98,1.88,7.98,2.73,4.88,3.48,0.98,4.47,5.97,2.37,3.48,2.48,2.26,3.98,1.77,1.97,3.24,17.97,1.96,3.98,3.98,3.62,4.98,4.97,0.98,1.98,1.88,5.97,4.63,2.24,1.98,1.97,3.97,3.47,2.48,7.94,1.97,0.97,7.97,0.97,8.37,2.97,4.97
2013/06/07,4.64,0.46,0.98,0.72,0.72,11.88,0.72,0.46,7.88,14.72,0.72,6.68,12.98,3.56,10.98,4.88,1.56,5.47,10.98,10.97,0.46,6.87,0.46,5.98,10.98,0.46,0.72,0.46,3.98,5.48,14.72,1.0,5.24,14.72,3.97,3.67,0.46,0.46,2.98,5.48,12.78,0.46,0.46,2.12,0.72,0.46,4.97,5.74,8.97,1.54,3.92,17.97,2.98,5.64,5.22,3.97,2.84,3.98,1.88,7.98,2.73,4.88,3.48,0.98,4.47,5.97,2.37,3.48,2.48,2.26,3.98,1.77,1.97,3.24,17.97,1.96,3.98,3.98,3.62,4.98,4.97,0.98,1.98,1.88,5.97,4.63,2.24,1.98,1.97,3.97,3.47,2.48,7.94,1.97,0.97,7.97,0.97,8.37,2.97,4.97
2013/06/08,4.64,0.46,0.98,0.72,0.72,11.88,0.72,0.46,7.88,14.72,0.72,6.68,12.98,3.56,10.98,4.88,1.56,5.47,10.98,10.97,0.46,6.87,0.46,5.98,10.98,0.46,0.72,0.46,3.98,5.48,14.72,1.0,5.24,14.72,3.97,3.67,0.46,0.46,2.98,5.48,12.78,0.46,0.46,2.12,0.72,0.46,4.97,5.74,8.97,1.54,3.92,17.97,2.98,5.64,5.22,3.97,2.84,3.98,1.88,7.98,2.73,4.88,3.48,0.98,4.47,5.97,2.37,3.48,2.48,2.26,3.98,1.77,1.97,3.24,17.97,1.96,3.98,3.98,3.62,4.98,4.97,0.98,1.98,1.88,5.97,4.63,2.24,1.98,1.97,3.97,3.47,2.48,7.94,1.97,0.97,7.97,0.97,8.37,2.97,4.97
2013/06/09,4.64,0.46,0.98,0.72,0.72,11.88,0.72,0.46,7.88,14.72,0.72,6.68,12.98,3.56,10.98,4.88,1.56,5.47,10.98,10.97,0.46,6.87,0.46,5.98,10.98,0.46,0.72,0.46,3.98,5.48,14.72,1.0,5.24,14.72,3.97,3.67,0.46,0.46,2.98,5.48,12.78,0.46,0.46,2.12,0.72,0.46,4.97,5.74,8.97,1.54,3.92,17.97,2.98,5.64,5.22,3.97,2.84,3.98,1.88,7.98,2.73,4.88,3.48,0.98,4.47,5.97,2.37,3.48,2.48,2.26,3.98,1.77,1.97,3.24,17.97,1.96,3.98,3.98,3.62,4.98,4.97,0.98,1.98,1.88,5.97,4.63,2.24,1.98,1.97,3.97,3.47,2.48,7.94,1.97,0.97,7.97,0.97,8.37,2.97,4.97
2013/06/10,4.64,0.46,0.98,0.72,0.72,11.88,0.72,0.46,7.88,14.72,0.72,6.68,12.98,3.56,10.98,4.88,1.56,5.47,10.98,10.97,0.46,6.87,0.46,5.98,10.98,0.46,0.72,0.46,3.98,5.48,14.72,1.0,5.24,14.72,3.97,3.67,0.46,0.46,2.98,5.48,12.78,0.46,0.46,2.12,0.72,0.46,4.97,5.74,8.97,1.54,3.92,17.97,2.98,5.64,5.22,3.97,2.84,3.98,1.88,7.98,2.73,4.88,3.48,0.98,4.47,5.97,2.37,3.48,2.48,2.26,3.98,1.77,1.97,3.24,17.97,1.96,3.98,3.98,3.62,4.98,4.97,0.98,1.98,1.88,5.97,4.63,2.24,1.98,1.97,3.97,3.47,2.48,7.94,1.97,0.97,7.97,0.97,8.37,2.97,4.97
2013/06/11,4.64,0.46,0.98,0.72,0.72,11.88,0.72,0.46,7.88,14.72,0.72,6.68,12.98,3.56,10.98,4.88,1.56,5.47,10.98,10.97,0.46,6.87,0.46,5.98,10.98,0.46,0.72,0.46,3.98,5.48,14.72,1.0,5.24,14.72,3.97,3.67,0.46,0.46,2.98,5.48,12.78,0.46,0.46,2.12,0.72,0.46,4.97,5.74,8.97,1.54,3.92,17.97,2.98,5.64,5.22,3.97,2.84,3.98,1.88,7.98,2.73,4.88,3.48,0.98,4.47,5.97,2.37,3.48,2.48,2.26,3.98,1.77,1.97,3.24,17.97,1.96,3.98,3.98,3.62,4.98,4.97,0.98,1.98,1.88,5.97,4.63,2.24,1.98,1.97,3.97,3.47,2.48,7.94,1.97,0.97,7.97,0.97,8.37,2.97,4.97
2013/06/12,4.64,0.46,0.98,0.72,0.72,11.88,0.72,0.46,7.88,14.72,0.72,6.68,12.98,3.56,10.98,4.88,1.56,5.47,10.98,10.97,0.46,6.87,0.46,5.98,10.98,0.46,0.72,0.46,3.98,5.48,14.72,1.0,5.24,14.72,3.97,3.67,0.46,0.46,2.98,5.48,12.78,0.46,0.46,2.12,0.72,0.46,4.97,5.74,8.97,1.54,3.92,17.97,2.98,5.64,5.22,3.97,2.84,3.98,1.88,7.98,2.73,4.88,3.48,0.98,4.47,5.97,2.37,3.48,2.48,2.26,3.98,1.77,1.97,3.24,17.97,1.96,3.98,3.98,3.62,4.98,4.97,0.98,1.98,1.88,5.97,4.63,2.24,1.98,1.97,3.97,3.47,2.48,7.94,1.97,0.97,7.97,0.97,8.37,2.97,4.97
2013/06/13,4.64,0.46,0.98,0.72,0.72,11.88,0.72,0.46,7.88,14.72,0.72,6.68,12.98,3.56,10.98,4.88,1.56,5.47,10.98,10.97,0.46,6.87,0.46,5.98,10.98,0.46,0.72,0.46,3.98,5.48,14.72,1.0,5.24,14.72,3.97,3.67,0.46,0.46,2.98,5.48,12.78,0.46,0.46,2.12,0.72,0.46,4.97,5.74,8.97,1.54,3.92,17.97,2.98,5.64,5.22,3.97,2.84,3.98,1.88,7.98,2.73,4.88,3.48,0.98,4.47,5.97,2.37,3.48,2.48,2.26,3.98,1.77,1.97,3.24,17.97,1.96,3.98,3.98,3.62,4.98,4.97,0.98,1.98,1.88,5.97,4.63,2.24,1.98,1.97,3.97,3.47,2.48,7.94,1.97,0.97,7.97,0.97,8.37,2.97,4.97
2013/06/14,4.64,0.46,0.98,0.72,0.72,11.88,0.72,0.46,7.88,14.72,0.72,6.68,12.98,3.56,10.98,4.88,1.56,5.47,10.98,10.97,0.46,6.87,0.46,5.98,10.98,0.46,0.72,0.46,3.98,5.48,14.72,1.0,5.24,14.72,3.97,3.67,0.46,0.46,2.98,5.48,12.78,0.46,0.46,2.12,0.72,0.46,4.97,5.74,8.97,1.54,3.92,17.97,2.98,5.64,5.22,3.97,2.84,3.98,1.88,7.98,2.73,4.88,3.48,0.98,4.47,5.97,2.37,3.48,2.48,2.26,3.98,1.77,1.97,3.24,17.97,1.96,3.98,3.98,3.62,4.98,4.97,0.98,1.98,1.88,5.97,4.63,2.24,1.98,1.97,3.97,3.47,2.48,7.94,1.97,0.97,7.97,0.97,8.37,2.97,4.97
2013/06/15,4.64,0.46,0.98,0.72,0.72,11.88,0.72,0.46,7.88,14.72,0.72,6.68,12.98,3.56,10.98,4.88,1.56,5.47,10.98,10.97,0.46,6.87,0.46,5.98,10.98,0.46,0.72,0.46,3.98,5.48,14.72,1.0,5.24,14.72,3.97,3.67,0.46,0.46,2.98,5.48,12.78,0.46,0.46,2.12,0.72,0.46,4.97,5.74,8.97,1.54,3.92,17.97,2.98,5.64,5.22,3.97,2.84,3.98,1.88,7.98,2.73,4.88,3.48,0.98,4.47,5.97,2.37,3.48,2.48,2.26,3.98,1.77,1.97,3.24,17.97,1.96,3.98,3.98,3.62,4.98,4.97,0.98,1.98,1.88,5.97,4.63,2.24,1.98,1.97,3.97,3.47,2.48,7.94,1.97,0.97,7.97,0.97,8.37,2.97,4.97
2013/06/16,4.64,0.46,0.98,0.72,0.72,11.88,0.72,0.46,7.88,14.72,0.72,6.68,12.98,3.56,10.98,4.88,1.56,5.47,10.98,10.97,0.46,6.87,0.46,5.98,10.98,0.46,0.72,0.46,3.98,5.48,14.72,1.0,5.24,14.72,3.97,3.67,0.46,0.46,2.98,5.48,12.78,0.46,0.46,2.12,0.72,0.46,4.97,5.74,8.97,1.54,3.92,17.97,2.98,5.64,5.22,3.97,2.84,3.98,1.88,7.98,2.73,4.88,3.48,0.98,4.47,5.97,2.37,3.48,2.48,2.26,3.98,1.77,1.97,3.24,17.97,1.96,3.98,3.98,3.62,4.98,4.97,0.98,1.98,1.88,5.97,4.63,2.24,1.98,1.97,3.97,3.47,2.48,7.94,1.97,0.97,7.97,0.97,8.37,2.97,4.97
2013/06/17,4.64,0.46,0.98,0.72,0.72,11.88,0.72,0.46,7.88,14.72,0.72,6.68,12.98,3.56,10.98,4.88,1.56,5.47,10.98,10.97,0.46,6.87,0.46,5.98,10.98,0.46,0.72,0.46,3.98,5.48,14.72,1.0,5.24,14.72,3.97,3.67,0.46,0.46,2.98,5.48,12.78,0.46,0.46,2.12,0.72,0.46,4.97,5.74,8.97,1.54,3.92,17.97,2.98,5.64,5.22,3.97,2.84,3.98,1.88,7.98,2.73,4.88,3.48,0.98,4.47,5.97,2.37,3.48,2.48,2.26,3.98,1.77,1.97,3.24,17.97,1.96,3.98,3.98,3.62,4.98,4.97,0.98,1.98,1.88,5.97,4.63,2.24,1.98,1.97,3.97,3.47,2.48,7.94,1.97,0.97,7.97,0.97,8.37,2.97,4.97
2013/06/18,4.64,0.46,0.98,0.72,0.72,11.88,0.72,0.46,7.88,14.72,0.72,6.68,12.98,3.56,10.98,4.88,1.56,5.47,10.98,10.97,0.46,6.87,0.46,5.98,10.98,0.46,0.72,0.46,3.98,5.48,14.72,1.0,5.24,14.72,3.97,3.67,0.46,0.46,2.98,5.48,12.78,0.46,0.46,2.12,0.72,0.46,4.97,5.74,8.97,1.54,3.92,17.97,2.98,5.64,5.22,3.97,2.84,3.98,1.88,7.98,2.73,4.88,3.48,0.98,4.47,5.97,2.37,3.48,2.48,2.26,3.98,1.77,1.97,3.24,17.97,1.96,3.98,3.98,3.62,4.98,4.97,0.98,1.98,1.88,5.97,4.63,2.24,1.98,1.97,3.97,3.47,2.48,7.94,1.97,0.97,7.97,0.97,8.37,2.97,4.97
2013/06/19,4.64,0.46,0.98,0.72,0.72,11.88,0.72,0.46,7.88,14.72,0.72,6.68,12.98,3.56,10.98,4.88,1.56,5.47,10.98,10.97,0.46,6.87,0.46,5.98,10.98,0.46,0.72,0.46,3.98,5.48,14.72,1.0,5.24,14.72,3.97,3.67,0.46,0.46,2.98,5.48,12.78,0.46,0.46,2.12,0.72,0.46,4.97,5.74,8.97,1.54,3.92,17.97,2.98,5.64,5.22,3.97,2.84,3.98,1.88,7.98,2.73,4.88,3.48,0.98,4.47,5.97,2.37,3.48,2.48,2.26,3.98,1.77,1.97,3.24,17.97,1.96,3.98,3.98,3.62,4.98,4.97,0.98,1.98,1.88,5.97,4.63,2.24,1.98,1.97,3.97,3.47,2.48,7.94,1.97,0.97,7.97,0.97,8.37,2.97,4.97
2013/06/20,4.64,0.46,0.98,0.72,0.72,11.88,0.72,0.46,7.88,14.72,0.72,6.68,12.98,3.56,10.98,4.88,1.56,5.47,10.98,10.97,0.46,6.87,0.46,5.98,10.98,0.46,0.72,0.46,3.98,5.48,14.72,1.0,5.24,14.72,3.97,3.67,0.46,0.46,2.98,5.48,12.78,0.46,0.46,2.12,0.72,0.46,4.97,5.74,8.97,1.54,3.92,17.97,2.98,5.64,5.22,3.97,2.84,3.98,1.88,7.98,2.73,4.88,3.48,0.98,4.47,5.97,2.37,3.48,2.48,2.26,3.98,1.77,1.97,3.24,17.97,1.96,3.98,3.98,3.62,4.98,4.97,0.98,1.98,1.88,5.97,4.63,2.24,1.98,1.97,3.97,3.47,2.48,7.94,1.97,0.97,7.97,0.97,8.37,2.97,4.97
2013/06/21,4.64,0.46,0.98,0.72,0.72,11.88,0.72,0.46,7.88,14.72,0.72,6.68,12.98,3.56,10.98,4.88,1.56,5.47,10.98,10.97,0.46,6.87,0.46,5.98,10.98,0.46,0.72,0.46,3.98,5.48,14.72,1.0,5.24,14.72,3.97,3.67,0.46,0.46,2.98,5.48,12.78,0.46,0.46,2.12,0.72,0.46,4.97,5.74,8.97,1.54,3.92,17.97,2.98,5.64,5.22,3.97,2.84,3.98,1.88,7.98,2.73,4.88,3.48,0.98,4.47,5.97,2.37,3.48,2.48,2.26,3.98,1.77,1.97,3.24,17.97,1.96,3.98,3.98,3.62,4.98,4.97,0.98,1.98,1.88,5.97,4.63,2.24,1.98,1.97,3.97,3.47,2.48,7.94,1.97,0.97,7.97,0.97,8.37,2.97,4.97
2013/06/22,4.64,0.46,0.98,0.72,0.72,11.88,0.72,0.46,7.88,14.72,0.72,6.68,12.98,3.56,10.98,4.88,1.56,5.47,10.98,10.97,0.46,6.87,0.46,5.98,10.98,0.46,0.72,0.46,3.98,5.48,14.72,1.0,5.24,14.72,3.97,3.67,0.46,0.46,2.98,5.48,12.78,0.46,0.46,2.12,0.72,0.46,4.97,5.74,8.97,1.54,3.92,17.97,2.98,5.64,5.22,3.97,2.84,3.98,1.88,7.98,2.73,4.88,3.48,0.98,4.47,5.97,2.37,3.48,2.48,2.26,3.98,1.77,1.97,3.24,17.97,1.96,3.98,3.98,3.62,4.98,4.97,0.98,1.98,1.88,5.97,4.63,2.24,1.98,1.97,3.97,3.47,2.48,7.94,1.97,0.97,7.97,0.97,8.37,2.97,4.97
2013/06/23,4.64,0.46,0.98,0.72,0.72,11.88,0.72,0.46,7.88,14.72,0.72,6.68,12.98,3.56,10.98,4.88,1.56,5.47,10.98,10.97,0.46,6.87,0.46,5.98,10.98,0.46,0.72,0.46,3.98,5.48,14.72,1.0,5.24,14.72,3.97,3.67,0.46,0.46,2.98,5.48,12.78,0.46,0.46,2.12,0.72,0.46,4.97,5.74,8.97,1.54,3.92,17.97,2.98,5.64,5.22,3.97,2.84,3.98,1.88,7.98,2.73,4.88,3.48,0.98,4.47,5.97,2.37,3.48,2.48,2.26,3.98,1.77,1.97,3.24,17.97,1.96,3.98,3.98,3.62,4.98,4.97,0.98,1.98,1.88,5.97,4.63,2.24,1.98,1.97,3.97,3.47,2.48,7.94,1.97,0.97,7.97,0.97,8.37,2.97,4.97
2013/06/24,4.64,0.46,0.98,0.72,0.72,11.88,0.72,0.46,7.88,14.72,0.72,6.68,12.98,3.56,10.98,4.88,1.56,5.47,10.98,10.97,0.46,6.87,0.46,5.98,10.98,0.46,0.72,0.46,3.98,5.48,14.72,1.0,5.24,14.72,3.97,3.67,0.46,0.46,2.98,5.48,12.78,0.46,0.46,2.12,0.72,0.46,4.97,5.74,8.97,1.54,3.92,17.97,2.98,5.64,5.22,3.97,2.84,3.98,1.88,7.98,2.73,4.88,3.48,0.98,4.47,5.97,2.37,3.48,2.48,2.26,3.98,1.77,1.97,3.24,17.97,1.96,3.98,3.98,3.62,4.98,4.97,0.98,1.98,1.88,5.97,4.63,2.24,1.98,1.97,3.97,3.47,2.48,7.94,1.97,0.97,7.97,0.97,8.37,2.97,4.97
2013/06/25,4.64,0.46,0.98,0.72,0.72,11.88,0.72,0.46,7.88,14.72,0.72,6.68,12.98,3.56,10.98,4.88,1.56,5.47,10.98,10.97,0.46,6.87,0.46,5.98,10.98,0.46,0.72,0.46,3.98,5.48,14.72,1.0,5.24,14.72,3.97,3.67,0.46,0.46,2.98,5.48,12.78,0.46,0.46,2.12,0.72,0.46,4.97,5.74,8.97,1.54,3.92,17.97,2.98,5.64,5.22,3.97,2.84,3.98,1.88,7.98,2.73,4.88,3.48,0.98,4.47,5.97,2.37,3.48,2.48,2.26,3.98,1.77,1.97,3.24,17.97,1.96,3.98,3.98,3.62,4.98,4.97,0.98,1.98,1.88,5.97,4.63,2.24,1.98,1.97,3.97,3.47,2.48,7.94,1.97,0.97,7.97,0.97,8.37,2.97,4.97
2013/06/26,4.64,0.46,0.98,0.72,0.72,11.88,0.72,0.46,7.88,14.72,0.72,6.68,12.98,3.56,10.98,4.88,1.56,5.47,10.98,10.97,0.46,6.87,0.46,5.98,10.98,0.46,0.72,0.46,3.98,5.48,14.72,1.0,5.24,14.72,3.97,3.67,0.46,0.46,2.98,5.48,12.78,0.46,0.46,2.12,0.72,0.46,4.97,5.74,8.97,1.54,3.92,17.97,2.98,5.64,5.22,3.97,2.84,3.98,1.88,7.98,2.73,4.88,3.48,0.98,4.47,5.97,2.37,3.48,2.48,2.26,3.98,1.77,1.97,3.24,17.97,1.96,3.98,3.98,3.62,4.98,4.97,0.98,1.98,1.88,5.97,4.63,2.24,1.98,1.97,3.97,3.47,2.48,7.94,1.97,0.97,7.97,0.97,8.37,2.97,4.97
2013/06/27,4.64,0.46,0.98,0.72,0.72,11.88,0.72,0.46,7.88,14.72,0.72,6.68,12.98,3.56,10.98,4.88,1.56,5.47,10.98,10.97,0.46,6.87,0.46,5.98,10.98,0.46,0.72,0.46,3.98,5.48,14.72,1.0,5.24,14.72,3.97,3.67,0.46,0.46,2.98,5.48,12.78,0.46,0.46,2.12,0.72,0.46,4.97,5.74,8.97,1.54,3.92,17.97,2.98,5.64,5.22,3.97,2.84,3.98,1.88,7.98,2.73,4.88,3.48,0.98,4.47,5.97,2.37,3.48,2.48,2.26,3.98,1.77,1.97,3.24,17.97,1.96,3.98,3.98,3.62,4.98,4.97,0.98,1.98,1.88,5.97,4.63,2.24,1.98,1.97,3.97,3.47,2.48,7.94,1.97,0.97,7.97,0.97,8.37,2.97,4.97
2013/06/28,4.64,0.46,0.98,0.72,0.72,11.88,0.72,0.46,7.88,14.72,0.72,6.68,12.98,3.56,10.98,4.88,1.56,5.47,10.98,10.97,0.46,6.87,0.46,5.98,10.98,0.46,0.72,0.46,3.98,5.48,14.72,1.0,5.24,14.72,3.97,3.67,0.46,0.46,2.98,5.48,12.78,0.46,0.46,2.12,0.72,0.46,4.97,5.74,8.97,1.54,3.92,17.97,2.98,5.64,5.22,3.97,2.84,3.98,1.88,7.98,2.73,4.88,3.48,0.98,4.47,5.97,2.37,3.48,2.48,2.26,3.98,1.77,1.97,3.24,17.97,1.96,3.98,3.98,3.62,4.98,4.97,0.98,1.98,1.88,5.97,4.63,2.24,1.98,1.97,3.97,3.47,2.48,7.94,1.97,0.97,7.97,0.97,8.37,2.97,4.97
2013/06/29,4.64,0.46,0.98,0.72,0.72,11.88,0.72,0.46,7.88,14.72,0.72,6.68,12.98,3.56,10.98,4.88,1.56,5.47,10.98,10.97,0.46,6.87,0.46,5.98,10.98,0.46,0.72,0.46,3.98,5.48,14.72,1.0,5.24,14.72,3.97,3.67,0.46,0.46,2.98,5.48,12.78,0.46,0.46,2.12,0.72,0.46,4.97,5.74,8.97,1.54,3.92,17.97,2.98,5.64,5.22,3.97,2.84,3.98,1.88,7.98,2.73,4.88,3.48,0.98,4.47,5.97,2.37,3.48,2.48,2.26,3.98,1.77,1.97,3.24,17.97,1.96,3.98,3.98,3.62,4.98,4.97,0.98,1.98,1.88,5.97,4.63,2.24,1.98,1.97,3.97,3.47,2.48,7.94,1.97,0.97,7.97,0.97,8.37,2.97,4.97
2013/06/30,4.64,0.46,0.98,0.72,0.72,11.88,0.72,0.46,7.88,14.72,0.72,6.68,12.98,3.56,10.98,4.88,1.56,5.47,10.98,10.97,0.46,6.87,0.46,5.98,10.98,0.46,0.72,0.46,3.98,5.48,14.72,1.0,5.24,14.72,3.97,3.67,0.46,0.46,2.98,5.48,12.78,0.46,0.46,2.12,0.72,0.46,4.97,5.74,8.97,1.54,3.92,17.97,2.98,5.64,5.22,3.97,2.84,3.98,1.88,7.98,2.73,4.88,3.48,0.98,4.47,5.97,2.37,3.48,2.48,2.26,3.98,1.77,1.97,3.24,17.97,1.96,3.98,3.98,3.62,4.98,4.97,0.98,1.98,1.88,5.97,4.63,2.24,1.98,1.97,3.97,3.47,2.48,7.94,1.97,0.97,7.97,0.97,8.37,2.97,4.97
2013/07/01,4.64,0.46,0.98,0.72,0.72,11.88,0.72,0.46,7.88,14.72,0.72,6.68,12.98,3.56,10.98,4.88,1.56,5.47,10.98,10.97,0.46,6.87,0.46,5.98,10.98,0.46,0.72,0.46,3.98,5.48,14.72,1.0,5.24,14.72,3.97,3.67,0.46,0.46,2.98,5.48,12.78,0.46,0.46,2.12,0.72,0.46,4.97,5.74,8.97,1.54,3.92,17.97,2.98,5.64,5.22,3.97,2.84,3.98,1.88,7.98,2.73,4.88,3.48,0.98,4.47,5.97,2.37,3.48,2.48,2.26,3.98,1.77,1.97,3.24,17.97,1.96,3.98,3.98,3.62,4.98,4.97,0.98,1.98,1.88,5.97,4.63,2.24,1.98,1.97,3.97,3.47,2.48,7.94,1.97,0.97,7.97,0.97,8.37,2.97,4.97
2013/07/02,4.64,0.46,0.98,0.72,0.72,11.88,0.72,0.46,7.88,14.72,0.72,6.68,12.98,3.56,10.98,4.88,1.56,5.47,10.98,10.97,0.46,6.87,0.46,5.98,10.98,0.46,0.72,0.46,3.98,5.48,14.72,1.0,5.24,14.72,3.97,3.67,0.46,0.46,2.98,5.48,12.78,0.46,0.46,2.12,0.72,0.46,4.97,5.74,8.97,1.54,3.92,17.97,2.98,5.64,5.22,3.97,2.84,3.98,1.88,7.98,2.73,4.88,3.48,0.98,4.47,5.97,2.37,3.48,2.48,2.26,3.98,1.77,1.97,3.24,17.97,1.96,3.98,3.98,3.62,4.98,4.97,0.98,1.98,1.88,5.97,4.63,2.24,1.98,1.97,3.97,3.47,2.48,7.94,1.97,0.97,7.97,0.97,8.37,2.97,4.97
2013/07/03,4.64,0.46,0.98,0.72,0.72,11.88,0.72,0.46,7.88,14.72,0.72,6.68,12.98,3.56,10.98,4.88,1.56,5.47,10.98,10.97,0.46,6.87,0.46,5.98,10.98,0.46,0.72,0.46,3.98,5.48,14.72,1.0,5.24,14.72,3.97,3.67,0.46,0.46,2.98,5.48,12.78,0.46,0.46,2.12,0.72,0.46,4.97,5.74,8.97,1.54,3.92,17.97,2.98,5.64,5.22,3.97,2.84,3.98,1.88,7.98,2.73,4.88,3.48,0.98,4.47,5.97,2.37,3.48,2.48,2.26,3.98,1.77,1.97,3.24,17.97,1.96,3.98,3.98,3.62,4.98,4.97,0.98,1.98,1.88,5.97,4.63,2.24,1.98,1.97,3.97,3.47,2.48,7.94,1.97,0.97,7.97,0.97,8.37,2.97,4.97
2013/07/04,4.64,0.46,0.98,0.72,0.72,11.88,0.72,0.46,7.88,14.72,0.72,6.68,12.98,3.56,10.98,4.88,1.56,5.47,10.98,10.97,0.46,6.87,0.46,5.98,10.98,0.46,0.72,0.46,3.98,5.48,14.72,1.0,5.24,14.72,3.97,3.67,0.46,0.46,2.98,5.48,12.78,0.46,0.46,2.12,0.72,0.46,4.97,5.74,8.97,1.54,3.92,17.97,2.98,5.64,5.22,3.97,2.84,3.98,1.88,7.98,2.73,4.88,3.48,0.98,4.47,5.97,2.37,3.48,2.48,2.26,3.98,1.77,1.97,3.24,17.97,1.96,3.98,3.98,3.62,4.98,4.97,0.98,1.98,1.88,5.97,4.63,2.24,1.98,1.97,3.97,3.47,2.48,7.94,1.97,0.97,7.97,0.97,8.37,2.97,4.97
2013/07/05,4.64,0.46,0.98,0.72,0.72,11.88,0.72,0.46,7.88,14.72,0.72,6.68,12.98,3.56,10.98,4.88,1.56,5.47,10.98,10.97,0.46,6.87,0.46,5.98,10.98,0.46,0.72,0.46,3.98,5.48,14.72,1.0,5.24,14.72,3.97,3.67,0.46,0.46,2.98,5.48,12.78,0.46,0.46,2.12,0.72,0.46,4.97,5.74,8.97,1.54,3.92,17.97,2.98,5.64,5.22,3.97,2.84,3.98,1.88,7.98,2.73,4.88,3.48,0.98,4.47,5.97,2.37,3.48,2.48,2.26,3.98,1.77,1.97,3.24,17.97,1.96,3.98,3.98,3.62,4.98,4.97,0.98,1.98,1.88,5.97,4.63,2.24,1.98,1.97,3.97,3.47,2.48,7.94,1.97,0.97,7.97,0.97,8.37,2.97,4.97
2013/07/06,4.64,0.46,0.98,0.72,0.72,11.88,0.72,0.46,7.88,14.72,0.72,6.68,12.98,3.56,10.98,4.88,1.56,5.47,10.98,10.97,0.46,6.87,0.46,5.98,10.98,0.46,0.72,0.46,3.98,5.48,14.72,1.0,5.24,14.72,3.97,3.67,0.46,0.46,2.98,5.48,12.78,0.46,0.46,2.12,0.72,0.46,4.97,5.74,8.97,1.54,3.92,17.97,2.98,5.64,5.22,3.97,2.84,3.98,1.88,7.98,2.73,4.88,3.48,0.98,4.47,5.97,2.37,3.48,2.48,2.26,3.98,1.77,1.97,3.24,17.97,1.96,3.98,3.98,3.62,4.98,4.97,0.98,1.98,1.88,5.97,4.63,2.24,1.98,1.97,3.97,3.47,2.48,7.94,1.97,0.97,7.97,0.97,8.37,2.97,4.97
2013/07/07,4.64,0.46,0.98,0.72,0.72,11.88,0.72,0.46,7.88,14.72,0.72,6.68,12.98,3.56,10.98,4.88,1.56,5.47,10.98,10.97,0.46,6.87,0.46,5.98,10.98,0.46,0.72,0.46,3.98,5.48,14.72,1.0,5.24,14.72,3.97,3.67,0.46,0.46,2.98,5.48,12.78,0.46,0.46,2.12,0.72,0.46,4.97,5.74,8.97,1.54,3.92,17.97,2.98,5.64,5.22,3.97,2.84,3.98,1.88,7.98,2.73,4.88,3.48,0.98,4.47,5.97,2.37,3.48,2.48,2.26,3.98,1.77,1.97,3.24,17.97,1.96,3.98,3.98,3.62,4.98,4.97,0.98,1.98,1.88,5.97,4.63,2.24,1.98,1.97,3.97,3.47,2.48,7.94,1.97,0.97,7.97,0.97,8.37,2.97,4.97
2013/07/08,4.64,0.46,0.98,0.72,0.72,11.88,0.72,0.46,7.88,14.72,0.72,6.68,12.98,3.56,10.98,4.88,1.56,5.47,10.98,10.97,0.46,6.87,0.46,5.98,10.98,0.46,0.72,0.46,3.98,5.48,14.72,1.0,5.24,14.72,3.97,3.67,0.46,0.46,2.98,5.48,12.78,0.46,0.46,2.12,0.72,0.46,4.97,5.74,8.97,1.54,3.92,17.97,2.98,5.64,5.22,3.97,2.84,3.98,1.88,7.98,2.73,4.88,3.48,0.98,4.47,5.97,2.37,3.48,2.48,2.26,3.98,1.77,1.97,3.24,17.97,1.96,3.98,3.98,3.62,4.98,4.97,0.98,1.98,1.88,5.97,4.63,2.24,1.98,1.97,3.97,3.47,2.48,7.94,1.97,0.97,7.97,0.97,8.37,2.97,4.97
2013/07/09,4.64,0.46,0.98,0.72,0.72,11.88,0.72,0.46,7.88,14.72,0.72,6.68,12.98,3.56,10.98,4.88,1.56,5.47,10.98,10.97,0.46,6.87,0.46,5.98,10.98,0.46,0.72,0.46,3.98,5.48,14.72,1.0,5.24,14.72,3.97,3.67,0.46,0.46,2.98,5.48,12.78,0.46,0.46,2.12,0.72,0.46,4.97,5.74,8.97,1.54,3.92,17.97,2.98,5.64,5.22,3.97,2.84,3.98,1.88,7.98,2.73,4.88,3.48,0.98,4.47,5.97,2.37,3.48,2.48,2.26,3.98,1.77,1.97,3.24,17.97,1.96,3.98,3.98,3.62,4.98,4.97,0.98,1.98,1.88,5.97,4.63,2.24,1.98,1.97,3.97,3.47,2.48,7.94,1.97,0.97,7.97,0.97,8.37,2.97,4.97
2013/07/10,4.64,0.46,0.98,0.72,0.72,11.88,0.72,0.46,7.88,14.72,0.72,6.68,12.98,3.56,10.98,4.88,1.56,5.47,10.98,10.97,0.46,6.87,0.46,5.98,10.98,0.46,0.72,0.46,3.98,5.48,14.72,1.0,5.24,14.72,3.97,3.67,0.46,0.46,2.98,5.48,12.78,0.46,0.46,2.12,0.72,0.46,4.97,5.74,8.97,1.54,3.92,17.97,2.98,5.64,5.22,3.97,2.84,3.98,1.88,7.98,2.73,4.88,3.48,0.98,4.47,5.97,2.37,3.48,2.48,2.26,3.98,1.77,1.97,3.24,17.97,1.96,3.98,3.98,3.62,4.98,4.97,0.98,1.98,1.88,5.97,4.63,2.24,1.98,1.97,3.97,3.47,2.48,7.94,1.97,0.97,7.97,0.97,8.37,2.97,4.97
2013/07/11,4.64,0.46,0.98,0.72,0.72,11.88,0.72,0.46,7.88,14.72,0.72,6.68,12.98,3.56,10.98,4.88,1.56,5.47,10.98,10.97,0.46,6.87,0.46,5.98,10.98,0.46,0.72,0.46,3.98,5.48,14.72,1.0,5.24,14.72,3.97,3.67,0.46,0.46,2.98,5.48,12.78,0.46,0.46,2.12,0.72,0.46,4.97,5.74,8.97,1.54,3.92,17.97,2.98,5.64,5.22,3.97,2.84,3.98,1.88,7.98,2.73,4.88,3.48,0.98,4.47,5.97,2.37,3.48,2.48,2.26,3.98,1.77,1.97,3.24,17.97,1.96,3.98,3.98,3.62,4.98,4.97,0.98,1.98,1.88,5.97,4.63,2.24,1.98,1.97,3.97,3.47,2.48,7.94,1.97,0.97,7.97,0.97,8.37,2.97,4.97
2013/07/12,4.64,0.46,0.98,0.72,0.72,11.88,0.72,0.46,7.88,14.72,0.72,6.68,12.98,3.56,10.98,4.88,1.56,5.47,10.98,10.97,0.46,6.87,0.46,5.98,10.98,0.46,0.72,0.46,3.98,5.48,14.72,1.0,5.24,14.72,3.97,3.67,0.46,0.46,2.98,5.48,12.78,0.46,0.46,2.12,0.72,0.46,4.97,5.74,8.97,1.54,3.92,17.97,2.98,5.64,5.22,3.97,2.84,3.98,1.88,7.98,2.73,4.88,3.48,0.98,4.47,5.97,2.37,3.48,2.48,2.26,3.98,1.77,1.97,3.24,17.97,1.96,3.98,3.98,3.62,4.98,4.97,0.98,1.98,1.88,5.97,4.63,2.24,1.98,1.97,3.97,3.47,2.48,7.94,1.97,0.97,7.97,0.97,8.37,2.97,4.97
2013/07/13,4.64,0.46,0.98,0.72,0.72,11.88,0.72,0.46,7.88,14.72,0.72,6.68,12.98,3.56,10.98,4.88,1.56,5.47,10.98,10.97,0.46,6.87,0.46,5.98,10.98,0.46,0.72,0.46,3.98,5.48,14.72,1.0,5.24,14.72,3.97,3.67,0.46,0.46,2.98,5.48,12.78,0.46,0.46,2.12,0.72,0.46,4.97,5.74,8.97,1.48,3.92,17.97,2.98,5.64,5.22,3.97,2.84,3.98,1.88,7.98,2.73,4.88,3.48,0.98,4.47,5.97,2.37,3.48,2.48,2.26,3.98,1.77,1.97,3.24,17.97,1.96,3.98,3.98,3.62,4.98,4.97,0.98,1.98,1.88,5.97,4.63,2.24,1.98,1.97,3.97,3.47,2.48,7.94,1.97,0.97,7.97,0.97,8.37,2.97,4.97
2013/07/14,4.64,0.46,0.98,0.72,0.72,11.88,0.72,0.46,7.88,14.72,0.72,6.68,12.98,3.56,10.98,4.88,1.56,5.47,10.98,10.97,0.46,6.87,0.46,5.98,10.98,0.46,0.72,0.46,3.98,5.48,14.72,1.0,5.24,14.72,3.97,3.67,0.46,0.46,2.98,5.48,12.78,0.46,0.46,2.12,0.72,0.46,4.97,5.74,8.97,1.48,3.92,17.97,2.98,5.64,5.22,3.97,2.84,3.98,1.88,7.98,2.73,4.88,3.48,0.98,4.47,5.97,2.37,3.48,2.48,2.26,3.98,1.77,1.97,3.24,17.97,1.96,3.98,3.98,3.62,4.98,4.97,0.98,1.98,1.88,5.97,4.63,2.24,1.98,1.97,3.97,3.47,2.48,7.94,1.97,0.97,7.97,0.97,8.37,2.97,4.97
2013/07/15,4.64,0.46,0.98,0.72,0.72,11.88,0.72,0.46,7.88,14.72,0.72,6.68,12.98,3.56,10.98,4.88,1.56,5.47,10.98,10.97,0.46,6.87,0.46,5.98,10.98,0.46,0.72,0.46,3.98,5.48,14.72,1.0,5.24,14.72,3.97,3.67,0.46,0.46,2.98,5.48,12.78,0.46,0.46,2.12,0.72,0.46,4.97,5.74,8.97,1.48,3.92,17.97,2.98,5.64,5.22,3.97,2.84,3.98,1.88,7.98,2.73,4.88,3.48,0.98,4.47,5.97,2.37,3.48,2.48,2.26,3.98,1.77,1.97,3.24,17.97,1.96,3.98,3.98,3.62,4.98,4.97,0.98,1.98,1.88,5.97,4.63,2.24,1.98,1.97,3.97,3.47,2.48,7.94,1.97,0.97,7.97,0.97,8.37,2.97,4.97
2013/07/16,4.64,0.46,0.98,0.72,0.72,11.88,0.72,0.46,7.88,14.72,0.72,6.68,12.98,3.56,10.98,4.88,1.56,5.47,10.98,10.97,0.46,6.87,0.46,5.98,10.98,0.46,0.72,0.46,3.98,5.48,14.72,1.0,5.24,14.72,3.97,3.67,0.46,0.46,2.98,5.48,12.78,0.46,0.46,2.12,0.72,0.46,4.97,5.74,8.97,1.48,3.92,17.97,2.98,5.64,5.22,3.97,2.84,3.98,1.88,7.98,2.73,4.88,3.48,0.98,4.47,5.97,2.37,3.48,2.48,2.26,3.98,1.77,1.97,3.24,17.97,1.96,3.98,3.98,3.62,4.98,4.97,0.98,1.98,1.88,5.97,4.63,2.24,1.98,1.97,3.97,3.47,2.48,7.94,1.97,0.97,7.97,0.97,8.37,2.97,4.97
2013/07/17,4.64,0.46,0.98,0.72,0.72,11.88,0.72,0.46,7.88,14.72,0.72,6.68,12.98,3.56,10.98,4.88,1.56,5.47,10.98,10.97,0.46,6.87,0.46,5.98,10.98,0.46,0.72,0.46,3.98,5.48,14.72,1.0,5.24,14.72,3.97,3.67,0.46,0.46,2.98,5.48,12.78,0.46,0.46,2.12,0.72,0.46,4.97,5.74,8.97,1.48,3.92,17.97,2.98,5.64,5.22,3.97,2.84,3.98,1.88,7.98,2.73,4.88,3.48,0.98,4.47,5.97,2.37,3.48,2.48,2.26,3.98,1.77,1.97,3.24,17.97,1.96,3.98,3.98,3.62,4.98,4.97,0.98,1.98,1.88,5.97,4.63,2.24,1.98,1.97,3.97,3.47,2.48,7.94,1.97,0.97,7.97,0.97,8.37,2.97,4.97
2013/07/18,4.64,0.46,0.98,0.72,0.72,11.88,0.72,0.46,7.88,14.72,0.72,6.68,12.98,3.56,10.98,4.88,1.56,5.47,10.98,10.97,0.46,6.87,0.46,5.98,10.98,0.46,0.72,0.46,3.98,5.48,14.72,1.0,5.24,14.72,3.97,3.67,0.46,0.46,2.98,5.48,12.78,0.46,0.46,2.12,0.72,0.46,4.97,5.74,8.97,1.48,3.92,17.97,2.98,5.64,5.22,3.97,2.84,3.98,1.88,7.98,2.73,4.88,3.48,0.98,4.47,5.97,2.37,3.48,2.48,2.26,3.98,1.77,1.97,3.24,17.97,1.96,3.98,3.98,3.62,4.98,4.97,0.98,1.98,1.88,5.97,4.63,2.24,1.98,1.97,3.97,3.47,2.48,7.94,1.97,0.97,7.97,0.97,8.37,2.97,4.97
2013/07/19,4.64,0.46,0.98,0.72,0.72,11.88,0.72,0.46,7.88,14.72,0.72,6.68,12.98,3.56,10.98,4.88,1.56,5.47,10.98,10.97,0.46,6.87,0.46,5.98,10.98,0.46,0.72,0.46,3.98,5.48,14.72,1.0,5.24,14.72,3.97,3.67,0.46,0.46,2.98,5.48,12.78,0.46,0.46,2.12,0.72,0.46,4.97,5.74,8.97,1.48,3.92,17.97,2.98,5.64,5.22,3.97,2.84,3.98,1.88,7.98,2.73,4.88,3.48,0.98,4.47,5.97,2.37,3.48,2.48,2.26,3.98,1.77,1.97,3.24,17.97,1.96,3.98,3.98,3.62,4.98,4.97,0.98,1.98,1.88,5.97,4.63,2.24,1.98,1.97,3.97,3.47,2.48,7.94,1.97,0.97,7.97,0.97,8.37,2.97,4.97
2013/07/20,4.64,0.46,0.98,0.72,0.72,11.88,0.72,0.46,7.88,14.72,0.72,6.68,12.98,3.56,10.98,4.88,1.56,5.47,10.98,10.97,0.46,6.87,0.46,5.98,10.98,0.46,0.72,0.46,3.98,5.48,14.72,1.0,5.24,14.72,3.97,3.67,0.46,0.46,2.98,5.48,12.78,0.46,0.46,2.12,0.72,0.46,4.97,5.74,8.97,1.48,3.92,17.97,2.98,5.64,5.22,3.97,2.84,3.98,1.88,7.98,2.73,4.88,3.48,0.98,4.47,5.97,2.37,3.48,2.48,2.26,3.98,1.77,1.97,3.24,17.97,1.96,3.98,3.98,3.62,4.98,4.97,0.98,1.98,1.88,5.97,4.63,2.24,1.98,1.97,3.97,3.47,2.48,7.94,1.97,0.97,7.97,0.97,8.37,2.97,4.97
2013/07/21,4.64,0.46,0.98,0.72,0.72,11.88,0.72,0.46,7.88,14.72,0.72,6.68,12.98,3.56,10.98,4.88,1.56,5.47,10.98,10.97,0.46,6.87,0.46,5.98,10.98,0.46,0.72,0.46,3.98,5.48,14.72,1.0,5.24,14.72,3.97,3.67,0.46,0.46,2.98,5.48,12.78,0.46,0.46,2.12,0.72,0.46,4.97,5.74,8.97,1.48,3.92,17.97,2.98,5.64,5.22,3.97,2.84,3.98,1.88,7.98,2.73,4.88,3.48,0.98,4.47,5.97,2.37,3.48,2.48,2.26,3.98,1.77,1.97,3.24,17.97,1.96,3.98,3.98,3.62,4.98,4.97,0.98,1.98,1.88,5.97,4.63,2.24,1.98,1.97,3.97,3.47,2.48,7.94,1.97,0.97,7.97,0.97,8.37,2.97,4.97
2013/07/22,4.64,0.46,0.98,0.72,0.72,11.88,0.72,0.46,7.88,14.72,0.72,6.68,12.98,3.56,10.98,4.88,1.56,5.47,10.98,10.97,0.46,6.87,0.46,5.98,10.98,0.46,0.72,0.46,3.98,5.48,14.72,1.0,5.24,14.72,3.97,3.67,0.46,0.46,2.98,5.48,12.78,0.46,0.46,2.12,0.72,0.46,4.97,5.74,8.97,1.48,3.92,17.97,2.98,5.64,5.22,3.97,2.84,3.98,1.88,7.98,2.73,4.88,3.48,0.98,4.47,5.97,2.37,3.48,2.48,2.26,3.98,1.77,1.97,3.24,17.97,1.96,3.98,3.98,3.62,4.98,4.97,0.98,1.98,1.88,5.97,4.63,2.24,1.98,1.97,3.97,3.47,2.48,7.94,1.97,0.97,7.97,0.97,8.37,2.97,4.97
2013/07/23,4.64,0.46,0.98,0.72,0.72,11.88,0.72,0.46,7.88,14.72,0.72,6.68,12.98,3.56,10.98,4.88,1.56,5.47,10.98,10.97,0.46,6.87,0.46,5.98,10.98,0.46,0.72,0.46,3.98,5.48,14.72,1.0,5.24,14.72,3.97,3.67,0.46,0.46,2.98,5.48,12.78,0.46,0.46,2.12,0.72,0.46,4.97,5.74,8.97,1.48,3.92,17.97,2.98,5.64,5.22,3.97,2.84,3.98,1.88,7.98,2.73,4.88,3.48,0.98,4.47,5.97,2.37,3.48,2.48,2.26,3.98,1.77,1.97,3.24,17.97,1.96,3.98,3.98,3.62,4.98,4.97,0.98,1.98,1.88,5.97,4.63,2.24,1.98,1.97,3.97,3.47,2.48,7.94,1.97,0.97,7.97,0.97,8.37,2.97,4.97
2013/07/24,4.64,0.46,0.98,0.72,0.72,11.88,0.72,0.46,7.88,14.72,0.72,6.68,12.98,3.56,10.98,4.88,1.56,5.47,10.98,10.97,0.46,6.87,0.46,5.98,10.98,0.46,0.72,0.46,3.98,5.48,14.72,1.0,5.24,14.72,3.97,3.67,0.46,0.46,2.98,5.48,12.78,0.46,0.46,2.12,0.72,0.46,4.97,5.74,8.97,1.48,3.92,17.97,2.98,5.64,5.22,3.97,2.84,3.98,1.88,7.98,2.73,4.88,3.48,0.98,4.47,5.97,2.37,3.48,2.48,2.26,3.98,1.77,1.97,3.24,17.97,1.96,3.98,3.98,3.62,4.98,4.97,0.98,1.98,1.88,5.97,4.63,2.24,1.98,1.97,3.97,3.47,2.48,7.94,1.97,0.97,7.97,0.97,8.37,2.97,4.97
2013/07/25,4.64,0.46,0.98,0.72,0.72,11.88,0.72,0.46,7.88,14.72,0.72,6.68,12.98,3.56,10.98,4.88,1.56,5.47,10.98,10.97,0.46,6.87,0.46,5.98,10.98,0.46,0.72,0.46,3.98,5.48,14.72,1.0,5.24,14.72,3.97,3.67,0.46,0.46,2.98,5.48,12.78,0.46,0.46,2.12,0.72,0.46,4.97,5.74,8.97,1.48,3.92,17.97,2.98,5.64,5.22,3.97,2.84,3.98,1.88,7.98,2.73,4.88,3.48,0.98,4.47,5.97,2.37,3.48,2.48,2.26,3.98,1.77,1.97,3.24,17.97,1.96,3.98,3.98,3.62,4.98,4.97,0.98,1.98,1.88,5.97,4.63,2.24,1.98,1.97,3.97,3.47,2.48,7.94,1.97,0.97,7.97,0.97,8.37,2.97,4.97
2013/07/26,4.64,0.46,0.98,0.72,0.72,11.88,0.72,0.46,7.88,14.72,0.72,6.68,12.98,3.56,10.98,4.88,1.56,5.47,10.98,10.97,0.46,6.87,0.46,5.98,10.98,0.46,0.72,0.46,3.98,5.48,14.72,1.0,5.24,14.72,3.97,3.67,0.46,0.46,2.98,5.48,12.78,0.46,0.46,2.12,0.72,0.46,4.97,5.74,8.97,1.48,3.92,17.97,2.98,5.64,5.22,3.97,2.84,3.98,1.88,7.98,2.73,4.88,3.48,0.98,4.47,5.97,2.37,3.48,2.48,2.26,3.98,1.77,1.97,3.24,17.97,1.96,3.98,3.98,3.62,4.98,4.97,0.98,1.98,1.88,5.97,4.63,2.24,1.98,1.97,3.97,3.47,2.48,7.94,1.97,0.97,7.97,0.97,8.37,2.97,4.97
2013/07/27,4.64,0.46,0.98,0.72,0.72,11.88,0.72,0.46,7.88,14.72,0.72,6.68,12.98,3.56,10.98,4.88,1.56,5.47,10.98,10.97,0.46,6.87,0.46,5.98,10.98,0.46,0.72,0.46,3.98,5.48,14.72,1.0,5.24,14.72,3.97,3.67,0.46,0.46,2.98,5.48,12.78,0.46,0.46,2.12,0.72,0.46,4.97,5.74,8.97,1.48,3.92,17.97,2.98,5.64,5.22,3.97,2.84,3.98,1.88,7.98,2.73,4.88,3.48,0.98,4.47,5.97,2.37,3.48,2.48,2.26,3.98,1.77,1.97,3.24,17.97,1.96,3.98,3.98,3.62,4.98,4.97,0.98,1.98,1.88,5.97,4.63,2.24,1.98,1.97,3.97,3.47,2.48,7.94,1.97,0.97,7.97,0.97,8.37,2.97,4.97
2013/07/28,4.64,0.46,0.98,0.72,0.72,11.88,0.72,0.46,7.88,14.72,0.72,6.68,12.98,3.56,10.98,4.88,1.56,5.47,10.98,10.97,0.46,6.87,0.46,5.98,10.98,0.46,0.72,0.46,3.98,5.48,14.72,1.0,5.24,14.72,3.97,3.67,0.46,0.46,2.98,5.48,12.78,0.46,0.46,2.12,0.72,0.46,4.97,5.74,8.97,1.48,3.92,17.97,2.98,5.64,5.22,3.97,2.84,3.98,1.88,7.98,2.73,4.88,3.48,0.98,4.47,5.97,2.37,3.48,2.48,2.26,3.98,1.77,1.97,3.24,17.97,1.96,3.98,3.98,3.62,4.98,4.97,0.98,1.98,1.88,5.97,4.63,2.24,1.98,1.97,3.97,3.47,2.48,7.94,1.97,0.97,7.97,0.97,8.37,2.97,4.97
2013/07/29,4.64,0.46,0.98,0.72,0.72,11.88,0.72,0.46,7.88,14.72,0.72,6.68,12.98,3.56,10.98,4.88,1.56,5.47,10.98,10.97,0.46,6.87,0.46,5.98,10.98,0.46,0.72,0.46,3.98,5.48,14.72,1.0,5.24,14.72,3.97,3.67,0.46,0.46,2.98,5.48,12.78,0.46,0.46,2.12,0.72,0.46,4.97,5.74,8.97,1.48,3.92,17.97,2.98,5.64,5.22,3.97,2.84,3.98,1.88,7.98,2.73,4.88,3.48,0.98,4.47,5.97,2.37,3.48,2.48,2.26,3.98,1.77,1.97,3.24,17.97,1.96,3.98,3.98,3.62,4.98,4.97,0.98,1.98,1.88,5.97,4.63,2.24,1.98,1.97,3.97,3.47,2.48,7.94,1.97,0.97,7.97,0.97,8.37,2.97,4.97
2013/07/30,4.64,0.46,0.98,0.72,0.72,11.88,0.72,0.46,7.88,14.72,0.72,6.68,12.98,3.56,10.98,4.88,1.56,5.47,10.98,10.97,0.46,6.87,0.46,5.98,10.98,0.46,0.72,0.46,3.98,5.48,14.72,1.0,5.24,14.72,3.97,3.67,0.46,0.46,2.98,5.48,12.78,0.46,0.46,2.12,0.72,0.46,4.97,5.74,8.97,1.48,3.92,17.97,2.98,5.64,5.22,3.97,2.84,3.98,1.88,7.98,2.73,4.88,3.48,0.98,4.47,5.97,2.37,3.48,2.48,2.26,3.98,1.77,1.97,3.24,17.97,1.96,3.98,3.98,3.62,4.98,4.97,0.98,1.98,1.88,5.97,4.63,2.24,1.98,1.97,3.97,3.47,2.48,7.94,1.97,0.97,7.97,0.97,8.37,2.97,4.97
2013/07/31,4.64,0.46,0.98,0.72,0.72,11.88,0.72,0.46,7.88,14.72,0.72,6.68,12.98,3.56,10.98,4.88,1.56,5.47,10.98,10.97,0.46,6.87,0.46,5.98,10.98,0.46,0.72,0.46,3.98,5.48,14.72,1.0,5.24,14.72,3.97,3.67,0.46,0.46,2.98,5.48,12.78,0.46,0.46,2.12,0.72,0.46,4.97,5.74,8.97,1.48,3.92,17.97,2.98,5.64,5.22,3.97,2.84,3.98,1.88,7.98,2.73,4.88,3.48,0.98,4.47,5.97,2.37,3.48,2.48,2.26,3.98,1.77,1.97,3.24,17.97,1.96,3.98,3.98,3.62,4.98,4.97,0.98,1.98,1.88,5.97,4.63,2.24,1.98,1.97,3.97,3.47,2.48,7.94,1.97,0.97,7.97,0.97,8.37,2.97,4.97
2013/08/01,4.64,0.46,0.98,0.72,0.72,11.88,0.72,0.46,7.88,14.72,0.72,6.68,12.98,3.56,10.98,4.88,1.56,5.47,10.98,10.97,0.46,6.87,0.46,5.98,10.98,0.46,0.72,0.46,3.98,5.48,14.72,1.0,5.24,14.72,3.97,3.67,0.46,0.46,2.98,5.48,12.78,0.46,0.46,2.12,0.72,0.46,4.97,5.74,8.97,1.48,3.92,17.97,2.98,5.64,5.22,3.97,2.84,3.98,1.88,7.98,2.73,4.88,3.48,0.98,4.47,5.97,2.37,3.48,2.48,2.26,3.98,1.77,1.97,3.24,17.97,1.96,3.98,3.98,3.62,4.98,4.97,0.98,1.98,1.88,5.97,4.63,2.24,1.98,1.97,3.97,3.47,2.48,7.94,1.97,0.97,7.97,0.97,8.37,2.97,4.97
2013/08/02,4.64,0.46,0.98,0.72,0.72,11.88,0.72,0.46,7.88,14.72,0.72,6.68,12.98,3.56,10.98,4.88,1.56,5.47,10.98,10.97,0.46,6.87,0.46,5.98,10.98,0.46,0.72,0.46,3.98,5.48,14.72,1.0,5.24,14.72,3.97,3.67,0.46,0.46,2.98,5.48,12.78,0.46,0.46,2.12,0.72,0.46,4.97,5.74,8.97,1.48,3.92,17.97,2.98,5.64,5.22,3.97,2.84,3.98,1.88,7.98,2.73,4.88,3.48,0.98,4.47,5.97,2.37,3.48,2.48,2.26,3.98,1.77,1.97,3.24,17.97,1.96,3.98,3.98,3.62,4.98,4.97,0.98,1.98,1.88,5.97,4.63,2.24,1.98,1.97,3.97,3.47,2.48,7.94,1.97,0.97,7.97,0.97,8.37,2.97,4.97
2013/08/03,4.64,0.46,0.98,0.72,0.72,11.88,0.72,0.46,7.88,14.72,0.72,6.68,12.98,3.56,10.98,4.88,1.56,5.47,10.98,10.97,0.46,6.87,0.46,5.98,10.98,0.46,0.72,0.46,3.98,5.48,14.72,1.0,5.24,14.72,3.97,3.67,0.46,0.46,2.98,5.48,12.78,0.46,0.46,2.12,0.72,0.46,4.97,5.74,8.97,1.48,3.92,17.97,2.98,5.64,5.22,3.97,2.84,3.98,1.88,7.98,2.73,4.88,3.48,0.98,4.47,5.97,2.37,3.48,2.48,2.26,3.98,1.77,1.97,3.24,17.97,1.96,3.98,3.98,3.62,4.98,4.97,0.98,1.98,1.88,5.97,4.63,2.24,1.98,1.97,3.97,3.47,2.48,7.94,1.97,0.97,7.97,0.97,8.37,2.97,4.97
2013/08/04,4.64,0.46,0.98,0.72,0.72,11.88,0.72,0.46,7.88,14.72,0.72,6.68,12.98,3.56,10.98,4.88,1.56,5.47,10.98,10.97,0.46,6.87,0.46,5.98,10.98,0.46,0.72,0.46,3.98,5.48,14.72,1.0,5.24,14.72,3.97,3.67,0.46,0.46,2.98,5.48,12.78,0.46,0.46,2.12,0.72,0.46,4.97,5.74,8.97,1.48,3.92,17.97,2.98,5.64,5.22,3.97,2.84,3.98,1.88,7.98,2.73,4.88,3.48,0.98,4.47,5.97,2.37,3.48,2.48,2.26,3.98,1.77,1.97,3.24,17.97,1.96,3.98,3.98,3.62,4.98,4.97,0.98,1.98,1.88,5.97,4.63,2.24,1.98,1.97,3.97,3.47,2.48,7.94,1.97,0.97,7.97,0.97,8.37,2.97,4.97
2013/08/05,4.64,0.46,0.98,0.72,0.72,11.88,0.72,0.46,7.88,14.72,0.72,6.68,12.98,3.56,10.98,4.88,1.56,5.47,10.98,10.97,0.46,6.87,0.46,5.98,10.98,0.46,0.72,0.46,3.98,5.48,14.72,1.0,5.24,14.72,3.97,3.67,0.46,0.46,2.98,5.48,12.78,0.46,0.46,2.12,0.72,0.46,4.97,5.74,8.97,1.48,3.92,17.97,2.98,5.64,5.22,3.97,2.84,3.98,1.88,7.98,2.73,4.88,3.48,0.98,4.47,5.97,2.37,3.48,2.48,2.26,3.98,1.77,1.97,3.24,17.97,1.96,3.98,3.98,3.62,4.98,4.97,0.98,1.98,1.88,5.97,4.63,2.24,1.98,1.97,3.97,3.47,2.48,7.94,1.97,0.97,7.97,0.97,8.37,2.97,4.97
2013/08/06,4.64,0.46,0.98,0.72,0.72,11.88,0.72,0.46,7.88,14.72,0.72,6.68,12.98,3.56,10.98,4.88,1.56,5.47,10.98,10.97,0.46,6.87,0.46,5.98,10.98,0.46,0.72,0.46,3.98,5.48,14.72,1.0,5.24,14.72,3.97,3.67,0.46,0.46,2.98,5.48,12.78,0.46,0.46,2.12,0.72,0.46,4.97,5.74,8.97,1.48,3.92,17.97,2.98,5.64,5.22,3.97,2.84,3.98,1.88,7.98,2.73,4.88,3.48,0.98,4.47,5.97,2.37,3.48,2.48,2.26,3.98,1.77,1.97,3.24,17.97,1.96,3.98,3.98,3.62,4.98,4.97,0.98,1.98,1.88,5.97,4.63,2.24,1.98,1.97,3.97,3.47,2.48,7.94,1.97,0.97,7.97,0.97,8.37,2.97,4.97
2013/08/07,4.64,0.46,0.98,0.72,0.72,11.88,0.72,0.46,7.88,14.72,0.72,6.68,12.98,3.56,10.98,4.88,1.56,5.47,10.98,10.97,0.46,6.87,0.46,5.98,10.98,0.46,0.72,0.46,3.98,5.48,14.72,1.0,5.24,14.72,3.97,3.67,0.46,0.46,2.98,5.48,12.78,0.46,0.46,2.12,0.72,0.46,4.97,5.74,8.97,1.48,3.92,17.97,2.98,5.64,5.22,3.97,2.84,3.98,1.88,7.98,2.73,4.88,3.48,0.98,4.47,5.97,2.37,3.48,2.48,2.26,3.98,1.77,1.97,3.24,17.97,1.96,3.98,3.98,3.62,4.98,4.97,0.98,1.98,1.88,5.97,4.63,2.24,1.98,1.97,3.97,3.47,2.48,7.94,1.97,0.97,7.97,0.97,8.37,2.97,4.97
2013/08/08,4.64,0.46,0.98,0.72,0.72,11.88,0.72,0.46,7.88,14.72,0.72,6.68,12.98,3.56,10.98,4.88,1.56,5.47,10.98,10.97,0.46,6.87,0.46,5.98,10.98,0.46,0.72,0.46,3.98,5.48,14.72,1.0,5.24,14.72,3.97,3.67,0.46,0.46,2.98,5.48,12.78,0.46,0.46,2.12,0.72,0.46,4.97,5.74,8.97,1.48,3.92,17.97,2.98,5.64,5.22,3.97,2.84,3.98,1.88,7.98,2.73,4.88,3.48,0.98,4.47,5.97,2.37,3.48,2.48,2.26,3.98,1.77,1.97,3.24,17.97,1.96,3.98,3.98,3.62,4.98,4.97,0.98,1.98,1.88,5.97,4.63,2.24,1.98,1.97,3.97,3.47,2.48,7.94,1.97,0.97,7.97,0.97,8.37,2.97,4.97
2013/08/09,4.64,0.46,0.98,0.72,0.72,11.88,0.72,0.46,7.88,14.72,0.72,6.68,12.98,3.56,10.98,4.88,1.56,5.47,10.98,10.97,0.46,6.87,0.46,5.98,10.98,0.46,0.72,0.46,3.98,5.48,14.72,1.0,5.24,14.72,3.97,3.67,0.46,0.46,2.98,5.48,12.78,0.46,0.46,2.12,0.72,0.46,4.97,5.74,8.97,1.48,3.92,17.97,2.98,5.64,5.22,3.97,2.84,3.98,1.88,7.98,2.73,4.88,3.48,0.98,4.47,5.97,2.37,3.48,2.48,2.26,3.98,1.77,1.97,3.24,17.97,1.96,3.98,3.98,3.62,4.98,4.97,0.98,1.98,1.88,5.97,4.63,2.24,1.98,1.97,3.97,3.47,2.48,7.94,1.97,0.97,7.97,0.97,8.37,2.97,4.97
2013/08/10,4.64,0.46,0.98,0.72,0.72,11.88,0.72,0.46,7.88,14.72,0.72,6.68,12.98,3.56,10.98,4.88,1.56,5.47,10.98,10.97,0.46,6.87,0.46,5.98,10.98,0.46,0.72,0.46,3.98,5.48,14.72,1.0,5.24,14.72,3.97,3.67,0.46,0.46,2.98,5.48,12.78,0.46,0.46,2.12,0.72,0.46,4.97,5.74,8.97,1.48,3.92,17.97,2.98,5.64,5.22,3.97,2.84,3.98,1.88,7.98,2.73,4.88,3.48,0.98,4.47,5.97,2.37,3.48,2.48,2.26,3.98,1.77,1.97,3.24,17.97,1.96,3.98,3.98,3.62,4.98,4.97,0.98,1.98,1.88,5.97,4.63,2.24,1.98,1.97,3.97,3.47,2.48,7.94,1.97,0.97,7.97,0.97,8.37,2.97,4.97
2013/08/11,4.64,0.46,0.98,0.72,0.72,11.88,0.72,0.46,7.88,14.72,0.72,6.68,12.98,3.56,10.98,4.88,1.56,5.47,10.98,10.97,0.46,6.87,0.46,5.98,10.98,0.46,0.72,0.46,3.98,5.48,14.72,1.0,5.24,14.72,3.97,3.67,0.46,0.46,2.98,5.48,12.78,0.46,0.46,2.12,0.72,0.46,4.97,5.74,8.97,1.48,3.92,17.97,2.98,5.64,5.22,3.97,2.84,3.98,1.88,7.98,2.73,4.88,3.48,0.98,4.47,5.97,2.37,3.48,2.48,2.26,3.98,1.77,1.97,3.24,17.97,1.96,3.98,3.98,3.62,4.98,4.97,0.98,1.98,1.88,5.97,4.63,2.24,1.98,1.97,3.97,3.47,2.48,7.94,1.97,0.97,7.97,0.97,8.37,2.97,4.97
2013/08/12,4.64,0.46,0.98,0.72,0.72,11.88,0.72,0.46,7.88,14.72,0.72,6.68,12.98,3.56,10.98,4.88,1.56,5.47,10.98,10.97,0.46,6.87,0.46,5.98,10.98,0.46,0.72,0.46,3.98,5.48,14.72,1.0,5.24,14.72,3.97,3.67,0.46,0.46,2.98,5.48,12.78,0.46,0.46,2.12,0.72,0.46,4.97,5.74,8.97,1.48,3.92,17.97,2.98,5.64,5.22,3.97,2.84,3.98,1.88,7.98,2.73,4.88,3.48,0.98,4.47,5.97,2.37,3.48,2.48,2.26,3.98,1.77,1.97,3.24,17.97,1.96,3.98,3.98,3.62,4.98,4.97,0.98,1.98,1.88,5.97,4.63,2.24,1.98,1.97,3.97,3.47,2.48,7.94,1.97,0.97,7.97,0.97,8.37,2.97,4.97
2013/08/13,4.64,0.46,0.98,0.72,0.72,11.88,0.72,0.46,7.88,14.72,0.72,6.68,12.98,3.56,10.98,4.88,1.56,5.47,10.98,10.97,0.46,6.87,0.46,5.98,10.98,0.46,0.72,0.46,3.98,5.48,14.72,1.0,5.24,14.72,3.97,3.67,0.46,0.46,2.98,5.48,12.78,0.46,0.46,2.12,0.72,0.46,4.97,5.74,8.97,1.48,3.92,17.97,2.98,5.64,5.22,3.97,2.84,3.98,1.88,7.98,2.73,4.88,3.48,0.98,4.47,5.97,2.37,3.48,2.48,2.26,3.98,1.77,1.97,3.24,17.97,1.96,3.98,3.98,3.62,4.98,4.97,0.98,1.98,1.88,5.97,4.63,2.24,1.98,1.97,3.97,3.47,2.48,7.94,1.97,0.97,7.97,0.97,8.37,2.97,4.97
2013/08/14,4.64,0.46,0.98,0.72,0.72,11.88,0.72,0.46,7.88,14.72,0.72,6.68,12.98,3.56,10.98,4.88,1.56,5.47,10.98,10.97,0.46,6.87,0.46,5.98,10.98,0.46,0.72,0.46,3.98,5.48,14.72,1.0,5.24,14.72,3.97,3.67,0.46,0.46,2.98,5.48,12.78,0.46,0.46,2.12,0.72,0.46,4.97,5.74,8.97,1.48,3.92,17.97,2.98,5.64,5.22,3.97,2.84,3.98,1.88,7.98,2.73,4.88,3.48,0.98,4.47,5.97,2.37,3.48,2.48,2.26,3.98,1.77,1.97,3.24,17.97,1.96,3.98,3.98,3.62,4.98,4.97,0.98,1.98,1.88,5.97,4.63,2.24,1.98,1.97,3.97,3.47,2.48,7.94,1.97,0.97,7.97,0.97,8.37,2.97,4.97
2013/08/15,4.64,0.46,0.98,0.72,0.72,11.88,0.72,0.46,7.88,14.72,0.72,6.68,12.98,3.56,10.98,4.88,1.56,5.47,10.98,10.97,0.46,6.87,0.46,5.98,10.98,0.46,0.72,0.46,3.98,5.48,14.72,1.0,5.24,14.72,3.97,3.67,0.46,0.46,2.98,5.48,12.78,0.46,0.46,2.12,0.72,0.46,4.97,5.74,8.97,1.48,3.92,17.97,2.98,5.64,5.22,3.97,2.84,3.98,1.88,7.98,2.73,4.88,3.48,0.98,4.47,5.97,2.37,3.48,2.48,2.26,3.98,1.77,1.97,3.24,17.97,1.96,3.98,3.98,3.62,4.98,4.97,0.98,1.98,1.88,5.97,4.63,2.24,1.98,1.97,3.97,3.47,2.48,7.94,1.97,0.97,7.97,0.97,8.37,2.97,4.97
2013/08/16,4.64,0.46,0.98,0.72,0.72,11.88,0.72,0.46,7.88,14.72,0.72,6.68,12.98,3.56,10.98,4.88,1.56,5.47,10.98,10.97,0.46,6.87,0.46,5.98,10.98,0.46,0.72,0.46,3.98,5.48,14.72,1.0,5.24,14.72,3.97,3.67,0.46,0.46,2.98,5.48,12.78,0.46,0.46,2.12,0.72,0.46,4.97,5.74,8.97,1.48,3.92,17.97,2.98,5.64,5.22,3.97,2.84,3.98,1.88,7.98,2.73,4.88,3.48,0.98,4.47,5.97,2.37,3.48,2.48,2.26,3.98,1.77,1.97,3.24,17.97,1.96,3.98,3.98,3.62,4.98,4.97,0.98,1.98,1.88,5.97,4.63,2.24,1.98,1.97,3.97,3.47,2.48,7.94,1.97,0.97,7.97,0.97,8.37,2.97,4.97
2013/08/17,4.64,0.46,0.98,0.72,0.72,11.88,0.72,0.46,7.88,14.72,0.72,6.68,12.98,3.56,10.98,4.88,1.56,5.47,10.98,10.97,0.46,6.87,0.46,5.98,10.98,0.46,0.72,0.46,3.98,5.48,14.72,1.0,5.24,14.72,3.97,3.67,0.46,0.46,2.98,5.48,12.78,0.46,0.46,2.12,0.72,0.46,4.97,5.74,8.97,1.48,3.92,17.97,2.98,5.64,5.22,3.97,2.84,3.98,1.88,7.98,2.73,4.88,3.48,0.98,4.47,5.97,2.37,3.48,2.48,2.26,3.98,1.77,1.97,3.24,17.97,1.96,3.98,3.98,3.62,4.98,4.97,0.98,1.98,1.88,5.97,4.63,2.24,1.98,1.97,3.97,3.47,2.48,7.94,1.97,0.97,7.97,0.97,8.37,2.97,4.97
2013/08/18,4.64,0.46,0.98,0.72,0.72,11.88,0.72,0.46,7.88,14.72,0.72,6.68,12.98,3.56,10.98,4.88,1.56,5.47,10.98,10.97,0.46,6.87,0.46,5.98,10.98,0.46,0.72,0.46,3.98,5.48,14.72,1.0,5.24,14.72,3.97,3.67,0.46,0.46,2.98,5.48,12.78,0.46,0.46,2.12,0.72,0.46,4.97,5.74,8.97,1.48,3.92,17.97,2.98,5.64,5.22,3.97,2.84,3.98,1.88,7.98,2.73,4.88,3.48,0.98,4.47,5.97,2.37,3.48,2.48,2.26,3.98,1.77,1.97,3.24,17.97,1.96,3.98,3.98,3.62,4.98,4.97,0.98,1.98,1.88,5.97,4.63,2.24,1.98,1.97,3.97,3.47,2.48,7.94,1.97,0.97,7.97,0.97,8.37,2.97,4.97
2013/08/19,4.64,0.46,0.98,0.72,0.72,11.88,0.72,0.46,7.88,14.72,0.72,6.68,12.98,3.56,10.98,4.88,1.56,5.47,10.98,10.97,0.46,6.87,0.46,5.98,10.98,0.46,0.72,0.46,3.98,5.48,14.72,1.0,5.24,14.72,3.97,3.67,0.46,0.46,2.98,5.48,12.78,0.46,0.46,2.12,0.72,0.46,4.97,5.74,8.97,1.48,3.92,17.97,2.98,5.64,5.22,3.97,2.84,3.98,1.88,7.98,2.73,4.88,3.48,0.98,4.47,5.97,2.37,3.48,2.48,2.26,3.98,1.77,1.97,3.24,17.97,1.96,3.98,3.98,3.62,4.98,4.97,0.98,1.98,1.88,5.97,4.63,2.24,1.98,1.97,3.97,3.47,2.48,7.94,1.97,0.97,7.97,0.97,8.37,2.97,4.97
2013/08/20,4.64,0.46,0.98,0.72,0.72,11.88,0.72,0.46,7.88,14.72,0.72,6.68,12.98,3.56,10.98,4.88,1.56,5.47,10.98,10.97,0.46,6.87,0.46,5.98,10.98,0.46,0.72,0.46,3.98,5.48,14.72,1.0,5.24,14.72,3.97,3.67,0.46,0.46,2.98,5.48,12.78,0.46,0.46,2.12,0.72,0.46,4.97,5.74,8.97,1.48,3.92,17.97,2.98,5.64,5.22,3.97,2.84,3.98,1.88,7.98,2.73,4.88,3.48,0.98,4.47,5.97,2.37,3.48,2.48,2.26,3.98,1.77,1.97,3.24,17.97,1.96,3.98,3.98,3.62,4.98,4.97,0.98,1.98,1.88,5.97,4.63,2.24,1.98,1.97,3.97,3.47,2.48,7.94,1.97,0.97,7.97,0.97,8.37,2.97,4.97
2013/08/21,4.64,0.46,0.98,0.72,0.72,11.88,0.72,0.46,7.88,14.72,0.72,6.68,12.98,3.56,10.98,4.88,1.56,5.47,10.98,10.97,0.46,6.87,0.46,5.98,10.98,0.46,0.72,0.46,3.98,5.48,14.72,1.0,5.24,14.72,3.97,3.67,0.46,0.46,2.98,5.48,12.78,0.46,0.46,2.12,0.72,0.46,4.97,5.74,8.97,1.48,3.92,17.97,2.98,5.64,5.22,3.97,2.84,3.98,1.88,7.98,2.73,4.88,3.48,0.98,4.47,5.97,2.37,3.48,2.48,2.26,3.98,1.77,1.97,3.24,17.97,1.96,3.98,3.98,3.62,4.98,4.97,0.98,1.98,1.88,5.97,4.63,2.24,1.98,1.97,3.97,3.47,2.48,7.94,1.97,0.97,7.97,0.97,8.37,2.97,4.97
2013/08/22,4.64,0.46,0.98,0.72,0.72,11.88,0.72,0.46,7.88,14.72,0.72,6.68,12.98,3.56,10.98,4.88,1.56,5.47,10.98,10.97,0.46,6.87,0.46,5.98,10.98,0.46,0.72,0.46,3.98,5.48,14.72,1.0,5.24,14.72,3.97,3.67,0.46,0.46,2.98,5.48,12.78,0.46,0.46,2.12,0.72,0.46,4.97,5.74,8.97,1.48,3.92,17.97,2.98,5.64,5.22,3.97,2.84,3.98,1.88,7.98,2.73,4.88,3.48,0.98,4.47,5.97,2.37,3.48,2.48,2.26,3.98,1.77,1.97,3.24,17.97,1.96,3.98,3.98,3.62,4.98,4.97,0.98,1.98,1.88,5.97,4.63,2.24,1.98,1.97,3.97,3.47,2.48,7.94,1.97,0.97,7.97,0.97,8.37,2.97,4.97
2013/08/23,4.64,0.46,0.98,0.72,0.72,11.88,0.72,0.46,7.88,14.72,0.72,6.68,12.98,3.56,10.98,4.88,1.56,5.47,10.98,10.97,0.46,6.87,0.46,5.98,10.98,0.46,0.72,0.46,3.98,5.48,14.72,1.0,5.24,14.72,3.97,3.67,0.46,0.46,2.98,5.48,12.78,0.46,0.46,2.12,0.72,0.46,4.97,5.74,8.97,1.48,3.92,17.97,2.98,5.64,5.22,3.97,2.84,3.98,1.88,7.98,2.73,4.88,3.48,0.98,4.47,5.97,2.37,3.48,2.48,2.26,3.98,1.77,1.97,3.24,17.97,1.96,3.98,3.98,3.62,4.98,4.97,0.98,1.98,1.88,5.97,4.63,2.24,1.98,1.97,3.97,3.47,2.48,7.94,1.97,0.97,7.97,0.97,8.37,2.97,4.97
2013/08/24,4.64,0.46,0.98,0.72,0.72,11.88,0.72,0.46,7.88,14.72,0.72,6.68,12.98,3.56,10.98,4.88,1.56,5.47,10.98,10.97,0.46,6.87,0.46,5.98,10.98,0.46,0.72,0.46,3.98,5.48,14.72,1.0,5.24,14.72,3.97,3.67,0.46,0.46,2.98,5.48,12.78,0.46,0.46,2.12,0.72,0.46,4.97,5.74,8.97,1.48,3.92,17.97,2.98,5.64,5.22,3.97,2.84,3.98,1.88,7.98,2.73,4.88,3.48,0.98,4.47,5.97,2.37,3.48,2.48,2.26,3.98,1.77,1.97,3.24,17.97,1.96,3.98,3.98,3.62,4.98,4.97,0.98,1.98,1.88,5.97,4.63,2.24,1.98,1.97,3.97,3.47,2.48,7.94,1.97,0.97,7.97,0.97,8.37,2.97,4.97
2013/08/25,4.64,0.46,0.98,0.72,0.72,11.88,0.72,0.46,7.88,14.72,0.72,6.68,12.98,3.56,10.98,4.88,1.56,5.47,10.98,10.97,0.46,6.87,0.46,5.98,10.98,0.46,0.72,0.46,3.98,5.48,14.72,1.0,5.24,14.72,3.97,3.67,0.46,0.46,2.98,5.48,12.78,0.46,0.46,2.12,0.72,0.46,4.97,5.74,8.97,1.48,3.92,17.97,2.98,5.64,5.22,3.97,2.84,3.98,1.88,7.98,2.73,4.88,3.48,0.98,4.47,5.97,2.37,3.48,2.48,2.26,3.98,1.77,1.97,3.24,17.97,1.96,3.98,3.98,3.62,4.98,4.97,0.98,1.98,1.88,5.97,4.63,2.24,1.98,1.97,3.97,3.47,2.48,7.94,1.97,0.97,7.97,0.97,8.37,2.97,4.97
2013/08/26,4.64,0.46,0.98,0.72,0.72,11.88,0.72,0.46,7.88,14.72,0.72,6.68,12.98,3.56,10.98,4.88,1.56,5.47,10.98,10.97,0.46,6.87,0.46,5.98,10.98,0.46,0.72,0.46,3.98,5.48,14.72,1.0,5.24,14.72,3.97,3.67,0.46,0.46,2.98,5.48,12.78,0.46,0.46,2.12,0.72,0.46,4.97,5.74,8.97,1.48,3.92,17.97,2.98,5.64,5.22,3.97,2.84,3.98,1.88,7.98,2.73,4.88,3.48,0.98,4.47,5.97,2.37,3.48,2.48,2.26,3.98,1.77,1.97,3.24,17.97,1.96,3.98,3.98,3.62,4.98,4.97,0.98,1.98,1.88,5.97,4.63,2.24,1.98,1.97,3.97,3.47,2.48,7.94,1.97,0.97,7.97,0.97,8.37,2.97,4.97
2013/08/27,4.64,0.46,0.98,0.72,0.72,11.88,0.72,0.46,7.88,14.72,0.72,6.68,12.98,3.56,10.98,4.88,1.56,5.47,10.98,10.97,0.46,6.87,0.46,5.98,10.98,0.46,0.72,0.46,3.98,5.48,14.72,1.0,5.24,14.72,3.97,3.67,0.46,0.46,2.98,5.48,12.78,0.46,0.46,2.12,0.72,0.46,4.97,5.74,8.97,1.48,3.92,17.97,2.98,5.64,5.22,3.97,2.84,3.98,1.88,7.98,2.73,4.88,3.48,0.98,4.47,5.97,2.37,3.48,2.48,2.26,3.98,1.77,1.97,3.24,17.97,1.96,3.98,3.98,3.62,4.98,4.97,0.98,1.98,1.88,5.97,4.63,2.24,1.98,1.97,3.97,3.47,2.48,7.94,1.97,0.97,7.97,0.97,8.37,2.97,4.97
2013/08/28,4.64,0.46,0.98,0.72,0.72,11.88,0.72,0.46,7.88,14.72,0.72,6.68,12.98,3.56,10.98,4.88,1.56,5.47,10.98,10.97,0.46,6.87,0.46,5.98,10.98,0.46,0.72,0.46,3.98,5.48,14.72,1.0,5.24,14.72,3.97,3.67,0.46,0.46,2.98,5.48,12.78,0.46,0.46,2.12,0.72,0.46,4.97,5.74,8.97,1.48,3.92,17.97,2.98,5.64,5.22,3.97,2.84,3.98,1.88,7.98,2.73,4.88,3.48,0.98,4.47,5.97,2.37,3.48,2.48,2.26,3.98,1.77,1.97,3.24,17.97,1.96,3.98,3.98,3.62,4.98,4.97,0.98,1.98,1.88,5.97,4.63,2.24,1.98,1.97,3.97,3.47,2.48,7.94,1.97,0.97,7.97,0.97,8.37,2.97,4.97
2013/08/29,4.64,0.46,0.98,0.72,0.72,11.88,0.72,0.46,7.88,14.72,0.72,6.68,12.98,3.56,10.98,4.88,1.56,5.47,10.98,10.97,0.46,6.87,0.46,5.98,10.98,0.46,0.72,0.46,3.98,5.48,14.72,1.0,5.24,14.72,3.97,3.67,0.46,0.46,2.98,5.48,12.78,0.46,0.46,2.12,0.72,0.46,4.97,5.74,8.97,1.48,3.92,17.97,2.98,5.64,5.22,3.97,2.84,3.98,1.88,7.98,2.73,4.88,3.48,0.98,4.47,5.97,2.37,3.48,2.48,2.26,3.98,1.77,1.97,3.24,17.97,1.96,3.98,3.98,3.62,4.98,4.97,0.98,1.98,1.88,5.97,4.63,2.24,1.98,1.97,3.97,3.47,2.48,7.94,1.97,0.97,7.97,0.97,8.37,2.97,4.97
2013/08/30,4.64,0.46,0.98,0.72,0.72,11.88,0.72,0.46,7.88,14.72,0.72,6.68,12.98,3.56,10.98,4.88,1.56,5.47,10.98,10.97,0.46,6.87,0.46,5.98,10.98,0.46,0.72,0.46,3.98,5.48,14.72,1.0,5.24,14.72,3.97,3.67,0.46,0.46,2.98,5.48,12.78,0.46,0.46,2.12,0.72,0.46,4.97,5.74,8.97,1.48,3.92,17.97,2.98,5.64,5.22,3.97,2.84,3.98,1.88,7.98,2.73,4.88,3.48,0.98,4.47,5.97,2.37,3.48,2.48,2.26,3.98,1.77,1.97,3.24,17.97,1.96,3.98,3.98,3.62,4.98,4.97,0.98,1.98,1.88,5.97,4.63,2.24,1.98,1.97,3.97,3.47,2.48,7.94,1.97,0.97,7.97,0.97,8.37,2.97,4.97
2013/08/31,4.64,0.46,0.98,0.72,0.72,11.88,0.72,0.46,7.88,14.72,0.72,6.68,12.98,3.56,10.98,4.88,1.56,5.47,10.98,10.97,0.46,6.87,0.46,5.98,10.98,0.46,0.72,0.46,3.98,5.48,14.72,1.0,5.24,14.72,3.97,3.67,0.46,0.46,2.98,5.48,12.78,0.46,0.46,2.12,0.72,0.46,4.97,5.74,8.97,1.48,3.92,17.97,2.98,5.64,5.22,3.97,2.84,3.98,1.88,7.98,2.73,4.88,3.48,0.98,4.47,5.97,2.37,3.48,2.48,2.26,3.98,1.77,1.97,3.24,17.97,1.96,3.98,3.98,3.62,4.98,4.97,0.98,1.98,1.88,5.97,4.63,2.24,1.98,1.97,3.97,3.47,2.48,7.94,1.97,0.97,7.97,0.97,8.37,2.97,4.97
2013/09/01,4.64,0.46,0.98,0.72,0.72,11.88,0.72,0.46,7.88,14.72,0.72,6.68,12.98,3.56,10.98,4.88,1.56,5.47,10.98,10.97,0.46,6.87,0.46,5.98,10.98,0.46,0.72,0.46,3.98,5.48,14.72,1.0,5.24,14.72,3.97,3.67,0.46,0.46,2.98,5.48,12.78,0.46,0.46,2.12,0.72,0.46,4.97,5.74,8.97,1.48,3.92,17.97,2.98,5.64,5.22,3.97,2.84,3.98,1.88,7.98,2.73,4.88,3.48,0.98,4.47,5.97,2.37,3.48,2.48,2.26,3.98,1.77,1.97,3.24,17.97,1.96,3.98,3.98,3.62,4.98,4.97,0.98,1.98,1.88,5.97,4.63,2.24,1.98,1.97,3.97,3.47,2.48,7.94,1.97,0.97,7.97,0.97,8.37,2.97,4.97
2013/09/02,4.64,0.46,0.98,0.72,0.72,11.88,0.72,0.46,7.88,14.72,0.72,6.68,12.98,3.56,10.98,4.88,1.56,5.47,10.98,10.97,0.46,6.87,0.46,5.98,10.98,0.46,0.72,0.46,3.98,5.48,14.72,1.0,5.24,14.72,3.97,3.67,0.46,0.46,2.98,5.48,12.78,0.46,0.46,2.12,0.72,0.46,4.97,5.74,8.97,1.48,3.92,17.97,2.98,5.64,5.22,3.97,2.84,3.98,1.88,7.98,2.73,4.88,3.48,0.98,4.47,5.97,2.37,3.48,2.48,2.26,3.98,1.77,1.97,3.24,17.97,1.96,3.98,3.98,3.62,4.98,4.97,0.98,1.98,1.88,5.97,4.63,2.24,1.98,1.97,3.97,3.47,2.48,7.94,1.97,0.97,7.97,0.97,8.37,2.97,4.97
2013/09/03,4.64,0.46,0.98,0.72,0.72,11.88,0.72,0.46,7.88,14.72,0.72,6.68,12.98,3.56,10.98,4.88,1.56,5.47,10.98,10.97,0.46,6.87,0.46,5.98,10.98,0.46,0.72,0.46,3.98,5.48,14.72,1.0,5.24,14.72,3.97,3.67,0.46,0.46,2.98,5.48,12.78,0.46,0.46,2.12,0.72,0.46,4.97,5.74,8.97,1.48,3.92,17.97,2.98,5.64,5.22,3.97,2.84,3.98,1.88,7.98,2.73,4.88,3.48,0.98,4.47,5.97,2.37,3.48,2.48,2.26,3.98,1.77,1.97,3.24,17.97,1.96,3.98,3.98,3.62,4.98,4.97,0.98,1.98,1.88,5.97,4.63,2.24,1.98,1.97,3.97,3.47,2.48,7.94,1.97,0.97,7.97,0.97,8.37,2.97,4.97
2013/09/04,4.64,0.46,0.98,0.72,0.72,11.88,0.72,0.46,7.88,14.72,0.72,6.68,12.98,3.56,10.98,4.88,1.56,5.47,10.98,10.97,0.46,6.87,0.46,5.98,10.98,0.46,0.72,0.46,3.98,5.48,14.72,1.0,5.24,14.72,3.97,3.67,0.46,0.46,2.98,5.48,12.78,0.46,0.46,2.12,0.72,0.46,4.97,5.74,8.97,1.48,3.92,17.97,2.98,5.64,5.22,3.97,2.84,3.98,1.88,7.98,2.73,4.88,3.48,0.98,4.47,5.97,2.37,3.48,2.48,2.26,3.98,1.77,1.97,3.24,17.97,1.96,3.98,3.98,3.62,4.98,4.97,0.98,1.98,1.88,5.97,4.63,2.24,1.98,1.97,3.97,3.47,2.48,7.94,1.97,0.97,7.97,0.97,8.37,2.97,4.97
2013/09/05,4.64,0.46,0.98,0.72,0.72,11.88,0.72,0.46,7.88,14.72,0.72,6.68,12.98,3.56,10.98,4.88,1.56,5.47,10.98,10.97,0.46,6.87,0.46,5.98,10.98,0.46,0.72,0.46,3.98,5.48,14.72,1.0,5.24,14.72,3.97,3.67,0.46,0.46,2.98,5.48,12.78,0.46,0.46,2.12,0.72,0.46,4.97,5.74,8.97,1.48,3.92,17.97,2.98,5.64,5.22,3.97,2.84,3.98,1.88,7.98,2.73,4.88,3.48,0.98,4.47,5.97,2.37,3.48,2.48,2.26,3.98,1.77,1.97,3.24,17.97,1.96,3.98,3.98,3.62,4.98,4.97,0.98,1.98,1.88,5.97,4.63,2.24,1.98,1.97,3.97,3.47,2.48,7.94,1.97,0.97,7.97,0.97,8.37,2.97,4.97
2013/09/06,4.64,0.46,0.98,0.72,0.72,11.88,0.72,0.46,7.88,14.72,0.72,6.68,12.98,3.56,10.98,4.88,1.56,5.47,10.98,10.97,0.46,6.87,0.46,5.98,10.98,0.46,0.72,0.46,3.98,5.48,14.72,1.0,5.24,14.72,3.97,3.67,0.46,0.46,2.98,5.48,12.78,0.46,0.46,2.12,0.72,0.46,4.97,5.74,8.97,1.48,3.92,17.97,2.98,5.64,5.22,3.97,2.84,3.98,1.88,7.98,2.73,4.88,3.48,0.98,4.47,5.97,2.37,3.48,2.48,2.26,3.98,1.77,1.97,3.24,17.97,1.96,3.98,3.98,3.62,4.98,4.97,0.98,1.98,1.88,5.97,4.63,2.24,1.98,1.97,3.97,3.47,2.48,7.94,1.97,0.97,7.97,0.97,8.37,2.97,4.97
2013/09/07,4.64,0.46,0.98,0.72,0.72,11.88,0.72,0.46,7.88,14.72,0.72,6.68,12.98,3.56,10.98,4.88,1.56,5.47,10.98,10.97,0.46,6.87,0.46,5.98,10.98,0.46,0.72,0.46,3.98,5.48,14.72,1.0,5.24,14.72,3.97,3.67,0.46,0.46,2.98,5.48,12.78,0.46,0.46,2.12,0.72,0.46,4.97,5.74,8.97,1.48,3.92,17.97,2.98,5.64,5.22,3.97,2.84,3.98,1.88,7.98,2.73,4.88,3.48,0.98,4.47,5.97,2.37,3.48,2.48,2.26,3.98,1.77,1.97,3.24,17.97,1.96,3.98,3.98,3.62,4.98,4.97,0.98,1.98,1.88,5.97,4.63,2.24,1.98,1.97,3.97,3.47,2.48,7.94,1.97,0.97,7.97,0.97,8.37,2.97,4.97
2013/09/08,4.64,0.46,0.98,0.72,0.72,11.88,0.72,0.46,7.88,14.72,0.72,6.68,12.98,3.56,10.98,4.88,1.56,5.47,10.98,10.97,0.46,6.87,0.46,5.98,10.98,0.46,0.72,0.46,3.98,5.48,14.72,1.0,5.24,14.72,3.97,3.67,0.46,0.46,2.98,5.48,12.78,0.46,0.46,2.12,0.72,0.46,4.97,5.74,8.97,1.48,3.92,17.97,2.98,5.64,5.22,3.97,2.84,3.98,1.88,7.98,2.73,4.88,3.48,0.98,4.47,5.97,2.37,3.48,2.48,2.26,3.98,1.77,1.97,3.24,17.97,1.96,3.98,3.98,3.62,4.98,4.97,0.98,1.98,1.88,5.97,4.63,2.24,1.98,1.97,3.97,3.47,2.48,7.94,1.97,0.97,7.97,0.97,8.37,2.97,4.97
2013/09/09,4.64,0.46,0.98,0.72,0.72,11.88,0.72,0.46,7.88,14.72,0.72,6.68,12.98,3.56,10.98,4.88,1.56,5.47,10.98,10.97,0.46,6.87,0.46,5.98,10.98,0.46,0.72,0.46,3.98,5.48,14.72,1.0,5.24,14.72,3.97,3.67,0.46,0.46,2.98,5.48,12.78,0.46,0.46,2.12,0.72,0.46,4.97,5.74,8.97,1.48,3.92,17.97,2.98,5.64,5.22,3.97,2.84,3.98,1.88,7.98,2.73,4.88,3.48,0.98,4.47,5.97,2.37,3.48,2.48,2.26,3.98,1.77,1.97,3.24,17.97,1.96,3.98,3.98,3.62,4.98,4.97,0.98,1.98,1.88,5.97,4.63,2.24,1.98,1.97,3.97,3.47,2.48,7.94,1.97,0.97,7.97,0.97,8.37,2.97,4.97
2013/09/10,4.64,0.46,0.98,0.72,0.72,11.88,0.72,0.46,7.88,14.72,0.72,6.68,12.98,3.56,10.98,4.88,1.56,5.47,10.98,10.97,0.46,6.87,0.46,5.98,10.98,0.46,0.72,0.46,3.98,5.48,14.72,1.0,5.24,14.72,3.97,3.67,0.46,0.46,2.98,5.48,12.78,0.46,0.46,2.12,0.72,0.46,4.97,5.74,8.97,1.48,3.92,17.97,2.98,5.64,5.22,3.97,2.84,3.98,1.88,7.98,2.73,4.88,3.48,0.98,4.47,5.97,2.37,3.48,2.48,2.26,3.98,1.77,1.97,3.24,17.97,1.96,3.98,3.98,3.62,4.98,4.97,0.98,1.98,1.88,5.97,4.63,2.24,1.98,1.97,3.97,3.47,2.48,7.94,1.97,0.97,7.97,0.97,8.37,2.97,4.97
2013/09/11,4.64,0.46,0.98,0.72,0.72,11.88,0.72,0.46,7.88,14.72,0.72,6.68,12.98,3.56,10.98,4.88,1.56,5.47,10.98,10.97,0.46,6.87,0.46,5.98,10.98,0.46,0.72,0.46,3.98,5.48,14.72,1.0,5.24,14.72,3.97,3.67,0.46,0.46,2.98,5.48,12.78,0.46,0.46,2.12,0.72,0.46,4.97,5.74,8.97,1.48,3.92,17.97,2.98,5.64,5.22,3.97,2.84,3.98,1.88,7.98,2.73,4.88,3.48,0.98,4.47,5.97,2.37,3.48,2.48,2.26,3.98,1.77,1.97,3.24,17.97,1.96,3.98,3.98,3.62,4.98,4.97,0.98,1.98,1.88,5.97,4.63,2.24,1.98,1.97,3.97,3.47,2.48,7.94,1.97,0.97,7.97,0.97,8.37,2.97,4.97
2013/09/12,4.64,0.46,0.98,0.72,0.72,11.88,0.72,0.46,7.88,14.72,0.72,6.68,12.98,3.56,10.98,4.88,1.56,5.47,10.98,10.97,0.46,6.87,0.46,5.98,10.98,0.46,0.72,0.46,3.98,5.48,14.72,1.0,5.24,14.72,3.97,3.67,0.46,0.46,2.98,5.48,12.78,0.46,0.46,2.12,0.72,0.46,4.97,5.74,8.97,1.48,3.92,17.97,2.98,5.64,5.22,3.97,2.84,3.98,1.88,7.98,2.73,4.88,3.48,0.98,4.47,5.97,2.37,3.48,2.48,2.26,3.98,1.77,1.97,3.24,17.97,1.96,3.98,3.98,3.62,4.98,4.97,0.98,1.98,1.88,5.97,4.63,2.24,1.98,1.97,3.97,3.47,2.48,7.94,1.97,0.97,7.97,0.97,8.37,2.97,4.97
2013/09/13,4.64,0.46,0.98,0.72,0.72,11.88,0.72,0.46,7.88,14.72,0.72,6.68,12.98,3.56,10.98,4.88,1.56,5.47,10.98,10.97,0.46,6.87,0.46,5.98,10.98,0.46,0.72,0.46,3.98,5.48,14.72,1.0,5.24,14.72,3.97,3.67,0.46,0.46,2.98,5.48,12.78,0.46,0.46,2.12,0.72,0.46,4.97,5.74,8.97,1.48,3.92,17.97,2.98,5.64,5.22,3.97,2.84,3.98,1.88,7.98,2.73,4.88,3.48,0.98,4.47,5.97,2.37,3.48,2.48,2.26,3.98,1.77,1.97,3.24,17.97,1.96,3.98,3.98,3.62,4.98,4.97,0.98,1.98,1.88,5.97,4.63,2.24,1.98,1.97,3.97,3.47,2.48,7.94,1.97,0.97,7.97,0.97,8.37,2.97,4.97
2013/09/14,4.64,0.46,0.98,0.72,0.72,11.88,0.72,0.46,7.88,14.72,0.72,6.68,12.98,3.56,10.98,4.88,1.56,5.47,10.98,10.97,0.46,6.87,0.46,5.98,10.98,0.46,0.72,0.46,3.98,5.48,14.72,1.0,5.24,14.72,3.97,3.67,0.46,0.46,2.98,5.48,12.78,0.46,0.46,2.12,0.72,0.46,4.97,5.74,8.97,1.48,3.92,17.97,2.98,5.64,5.22,3.97,2.84,3.98,1.88,7.98,2.73,4.88,3.48,0.98,4.47,5.97,2.37,3.48,2.48,2.26,3.98,1.77,1.97,3.24,17.97,1.96,3.98,3.98,3.62,4.98,4.97,0.98,1.98,1.88,5.97,4.63,2.24,1.98,1.97,3.97,3.47,2.48,7.94,1.97,0.97,7.97,0.97,8.37,2.97,4.97
2013/09/15,4.64,0.46,0.98,0.72,0.72,11.88,0.72,0.46,7.88,14.72,0.72,6.68,12.98,3.56,10.98,4.88,1.56,5.47,10.98,10.97,0.46,6.87,0.46,5.98,10.98,0.46,0.72,0.46,3.98,5.48,14.72,1.0,5.24,14.72,3.97,3.67,0.46,0.46,2.98,5.48,12.78,0.46,0.46,2.12,0.72,0.46,4.97,5.74,8.97,1.48,3.92,17.97,2.98,5.64,5.22,3.97,2.84,3.98,1.88,7.98,2.73,4.88,3.48,0.98,4.47,5.97,2.37,3.48,2.48,2.26,3.98,1.77,1.97,3.24,17.97,1.96,3.98,3.98,3.62,4.98,4.97,0.98,1.98,1.88,5.97,4.63,2.24,1.98,1.97,3.97,3.47,2.48,7.94,1.97,0.97,7.97,0.97,8.37,2.97,4.97
2013/09/16,4.64,0.46,0.98,0.72,0.72,11.88,0.72,0.46,7.88,14.72,0.72,6.68,12.98,3.56,10.98,4.88,1.56,5.47,10.98,10.97,0.46,6.87,0.46,5.98,10.98,0.46,0.72,0.46,3.98,5.48,14.72,1.0,5.24,14.72,3.97,3.67,0.46,0.46,2.98,5.48,12.78,0.46,0.46,2.12,0.72,0.46,4.97,5.74,8.97,1.48,3.92,17.97,2.98,5.64,5.22,3.97,2.84,3.98,1.88,7.98,2.73,4.88,3.48,0.98,4.47,5.97,2.37,3.48,2.48,2.26,3.98,1.77,1.97,3.24,17.97,1.96,3.98,3.98,3.62,4.98,4.97,0.98,1.98,1.88,5.97,4.63,2.24,1.98,1.97,3.97,3.47,2.48,7.94,1.97,0.97,7.97,0.97,8.37,2.97,4.97
2013/09/17,4.64,0.46,0.98,0.72,0.72,11.88,0.72,0.46,7.88,14.72,0.72,6.68,12.98,3.56,10.98,4.88,1.56,5.47,10.98,10.97,0.46,6.87,0.46,5.98,10.98,0.46,0.72,0.46,3.98,5.48,14.72,1.0,5.24,14.72,3.97,3.67,0.46,0.46,2.98,5.48,12.78,0.46,0.46,2.12,0.72,0.46,4.97,5.74,8.97,1.48,3.92,17.97,2.98,5.64,5.22,3.97,2.84,3.98,1.88,7.98,2.73,4.88,3.48,0.98,4.47,5.97,2.37,3.48,2.48,2.26,3.98,1.77,1.97,3.24,17.97,1.96,3.98,3.98,3.62,4.98,4.97,0.98,1.98,1.88,5.97,4.63,2.24,1.98,1.97,3.97,3.47,2.48,7.94,1.97,0.97,7.97,0.97,8.37,2.97,4.97
2013/09/18,4.64,0.46,0.98,0.72,0.72,11.88,0.72,0.46,7.88,14.72,0.72,6.68,12.98,3.56,10.98,4.88,1.56,5.47,10.98,10.97,0.46,6.87,0.46,5.98,10.98,0.46,0.72,0.46,3.98,5.48,14.72,1.0,5.24,14.72,3.97,3.67,0.46,0.46,2.98,5.48,12.78,0.46,0.46,2.12,0.72,0.46,4.97,5.74,8.97,1.48,3.92,17.97,2.98,5.64,5.22,3.97,2.84,3.98,1.88,7.98,2.73,4.88,3.48,0.98,4.47,5.97,2.37,3.48,2.48,2.26,3.98,1.77,1.97,3.24,17.97,1.96,3.98,3.98,3.62,4.98,4.97,0.98,1.98,1.88,5.97,4.63,2.24,1.98,1.97,3.97,3.47,2.48,7.94,1.97,0.97,7.97,0.97,8.37,2.97,4.97
2013/09/19,4.64,0.46,0.98,0.72,0.72,11.88,0.72,0.46,7.88,14.72,0.72,6.68,12.98,3.56,10.98,4.88,1.56,5.47,10.98,10.97,0.46,6.87,0.46,5.98,10.98,0.46,0.72,0.46,3.98,5.48,14.72,1.0,5.24,14.72,3.97,3.67,0.46,0.46,2.98,5.48,12.78,0.46,0.46,2.12,0.72,0.46,4.97,5.74,8.97,1.48,3.92,17.97,2.98,5.64,5.22,3.97,2.84,3.98,1.88,7.98,2.73,4.88,3.48,0.98,4.47,5.97,2.37,3.48,2.48,2.26,3.98,1.77,1.97,3.24,17.97,1.96,3.98,3.98,3.62,4.98,4.97,0.98,1.98,1.88,5.97,4.63,2.24,1.98,1.97,3.97,3.47,2.48,7.94,1.97,0.97,7.97,0.97,8.37,2.97,4.97
2013/09/20,4.64,0.46,0.98,0.72,0.72,11.88,0.72,0.46,7.88,14.72,0.72,6.68,12.98,3.56,10.98,4.88,1.56,5.47,10.98,10.97,0.46,6.87,0.46,5.98,10.98,0.46,0.72,0.46,3.98,5.48,14.72,1.0,5.24,14.72,3.97,3.67,0.46,0.46,2.98,5.48,12.78,0.46,0.46,2.12,0.72,0.46,4.97,5.74,8.97,1.48,3.92,17.97,2.98,5.64,5.22,3.97,2.84,3.98,1.88,7.98,2.73,4.88,3.48,0.98,4.47,5.97,2.37,3.48,2.48,2.26,3.98,1.77,1.97,3.24,17.97,1.96,3.98,3.98,3.62,4.98,4.97,0.98,1.98,1.88,5.97,4.63,2.24,1.98,1.97,3.97,3.47,2.48,7.94,1.97,0.97,7.97,0.97,8.37,2.97,4.97
2013/09/21,4.64,0.46,0.98,0.72,0.72,11.88,0.72,0.46,7.88,14.72,0.72,6.68,12.98,3.56,10.98,4.88,1.56,5.47,10.98,10.97,0.46,6.87,0.46,5.98,10.98,0.46,0.72,0.46,3.98,5.48,14.72,1.0,5.24,14.72,3.97,3.67,0.46,0.46,2.98,5.48,12.78,0.46,0.46,2.12,0.72,0.46,4.97,5.74,8.97,1.48,3.92,17.97,2.98,5.64,5.22,3.97,2.84,3.98,1.88,7.98,2.73,4.88,3.48,0.98,4.47,5.97,2.37,3.48,2.48,2.26,3.98,1.77,1.97,3.24,17.97,1.96,3.98,3.98,3.62,4.98,4.97,0.98,1.98,1.88,5.97,4.63,2.24,1.98,1.97,3.97,3.47,2.48,7.94,1.97,0.97,7.97,0.97,8.37,2.97,4.97
2013/09/22,4.64,0.46,0.98,0.72,0.72,11.88,0.72,0.46,7.88,14.72,0.72,6.68,12.98,3.56,10.98,4.88,1.56,5.47,10.98,10.97,0.46,6.87,0.46,5.98,10.98,0.46,0.72,0.46,3.98,5.48,14.72,1.0,5.24,14.72,3.97,3.67,0.46,0.46,2.98,5.48,12.78,0.46,0.46,2.12,0.72,0.46,4.97,5.74,8.97,1.48,3.92,17.97,2.98,5.64,5.22,3.97,2.84,3.98,1.88,7.98,2.73,4.88,3.48,0.98,4.47,5.97,2.37,3.48,2.48,2.26,3.98,1.77,1.97,3.24,17.97,1.96,3.98,3.98,3.62,4.98,4.97,0.98,1.98,1.88,5.97,4.63,2.24,1.98,1.97,3.97,3.47,2.48,7.94,1.97,0.97,7.97,0.97,8.37,2.97,4.97
2013/09/23,4.64,0.46,0.98,0.72,0.72,11.88,0.72,0.46,7.88,14.72,0.72,6.68,12.98,3.56,10.98,4.88,1.56,5.47,10.98,10.97,0.46,6.87,0.46,5.98,10.98,0.46,0.72,0.46,3.98,5.48,14.72,1.0,5.24,14.72,3.97,3.67,0.46,0.46,2.98,5.48,12.78,0.46,0.46,2.12,0.72,0.46,4.97,5.74,8.97,1.48,3.92,17.97,2.98,5.64,5.22,3.97,2.84,3.98,1.88,7.98,2.73,4.88,3.48,0.98,4.47,5.97,2.37,3.48,2.48,2.26,3.98,1.77,1.97,3.24,17.97,1.96,3.98,3.98,3.62,4.98,4.97,0.98,1.98,1.88,5.97,4.63,2.24,1.98,1.97,3.97,3.47,2.48,7.94,1.97,0.97,7.97,0.97,8.37,2.97,4.97
2013/09/24,4.64,0.46,0.98,0.72,0.72,11.88,0.72,0.46,7.88,14.72,0.72,6.68,12.98,3.56,10.98,4.88,1.56,5.47,10.98,10.97,0.46,6.87,0.46,5.98,10.98,0.46,0.72,0.46,3.98,5.48,14.72,1.0,5.24,14.72,3.97,3.67,0.46,0.46,2.98,5.48,12.78,0.46,0.46,2.12,0.72,0.46,4.97,5.74,8.97,1.48,3.92,17.97,2.98,5.64,5.22,3.97,2.84,3.98,1.88,7.98,2.73,4.88,3.48,0.98,4.47,5.97,2.37,3.48,2.48,2.26,3.98,1.77,1.97,3.24,17.97,1.96,3.98,3.98,3.62,4.98,4.97,0.98,1.98,1.88,5.97,4.63,2.24,1.98,1.97,3.97,3.47,2.48,7.94,1.97,0.97,7.97,0.97,8.37,2.97,4.97
2013/09/25,4.64,0.46,0.98,0.72,0.72,11.88,0.72,0.46,7.88,14.72,0.72,6.68,12.98,3.56,10.98,4.88,1.56,5.47,10.98,10.97,0.46,6.87,0.46,5.98,10.98,0.46,0.72,0.46,3.98,5.48,14.72,1.0,5.24,14.72,3.97,3.67,0.46,0.46,2.98,5.48,12.78,0.46,0.46,2.12,0.72,0.46,4.97,5.74,8.97,1.48,3.92,17.97,2.98,5.64,5.22,3.97,2.84,3.98,1.88,7.98,2.73,4.88,3.48,0.98,4.47,5.97,2.37,3.48,2.48,2.26,3.98,1.77,1.97,3.24,17.97,1.96,3.98,3.98,3.62,4.98,4.97,0.98,1.98,1.88,5.97,4.63,2.24,1.98,1.97,3.97,3.47,2.48,7.94,1.97,0.97,7.97,0.97,8.37,2.97,4.97
2013/09/26,4.64,0.46,0.98,0.72,0.72,11.88,0.72,0.46,7.88,14.72,0.72,6.68,12.98,3.56,10.98,4.88,1.56,5.47,10.98,10.97,0.46,6.87,0.46,5.98,10.98,0.46,0.72,0.46,3.98,5.48,14.72,1.0,5.24,14.72,3.97,3.67,0.46,0.46,2.98,5.48,12.78,0.46,0.46,2.12,0.72,0.46,4.97,5.74,8.97,1.48,3.92,17.97,2.98,5.64,5.22,3.97,2.84,3.98,1.88,7.98,2.73,4.88,3.48,0.98,4.47,5.97,2.37,3.48,2.48,2.26,3.98,1.77,1.97,3.24,17.97,1.96,3.98,3.98,3.62,4.98,4.97,0.98,1.98,1.88,5.97,4.63,2.24,1.98,1.97,3.97,3.47,2.48,7.94,1.97,0.97,7.97,0.97,8.37,2.97,4.97
2013/09/27,4.64,0.46,0.98,0.72,0.72,11.88,0.72,0.46,7.88,14.72,0.72,6.68,12.98,3.56,10.98,4.88,1.56,5.47,10.98,10.97,0.46,6.87,0.46,5.98,10.98,0.46,0.72,0.46,3.98,5.48,14.72,1.0,5.24,14.72,3.97,3.67,0.46,0.46,2.98,5.48,12.78,0.46,0.46,2.12,0.72,0.46,4.97,5.74,8.97,1.48,3.92,17.97,2.98,5.64,5.22,3.97,2.84,3.98,1.88,7.98,2.73,4.88,3.48,0.98,4.47,5.97,2.37,3.48,2.48,2.26,3.98,1.77,1.97,3.24,17.97,1.96,3.98,3.98,3.62,4.98,4.97,0.98,1.98,1.88,5.97,4.63,2.24,1.98,1.97,3.97,3.47,2.48,7.94,1.97,0.97,7.97,0.97,8.37,2.97,4.97
2013/09/28,4.64,0.46,0.98,0.72,0.72,11.88,0.72,0.46,7.88,14.72,0.72,6.68,12.98,3.56,10.98,4.88,1.56,5.47,10.98,10.97,0.46,6.87,0.46,5.98,10.98,0.46,0.72,0.46,3.98,5.48,14.72,1.0,5.24,14.72,3.97,3.67,0.46,0.46,2.98,5.48,12.78,0.46,0.46,2.12,0.72,0.46,4.97,5.74,8.97,1.48,3.92,17.97,2.98,5.64,5.22,3.97,2.84,3.98,1.88,7.98,2.73,4.88,3.48,0.98,4.47,5.97,2.37,3.48,2.48,2.26,3.98,1.77,1.97,3.24,17.97,1.96,3.98,3.98,3.62,4.98,4.97,0.98,1.98,1.88,5.97,4.63,2.24,1.98,1.97,3.97,3.47,2.48,7.94,1.97,0.97,7.97,0.97,8.37,2.97,4.97
2013/09/29,4.64,0.46,0.98,0.72,0.72,11.88,0.72,0.46,7.88,14.72,0.72,6.68,12.98,3.56,10.98,4.88,1.56,5.47,10.98,10.97,0.46,6.87,0.46,5.98,10.98,0.46,0.72,0.46,3.98,5.48,14.72,1.0,5.24,14.72,3.97,3.67,0.46,0.46,2.98,5.48,12.78,0.46,0.46,2.12,0.72,0.46,4.97,5.74,8.97,1.48,3.92,17.97,2.98,5.64,5.22,3.97,2.84,3.98,1.88,7.98,2.73,4.88,3.48,0.98,4.47,5.97,2.37,3.48,2.48,2.26,3.98,1.77,1.97,3.24,17.97,1.96,3.98,3.98,3.62,4.98,4.97,0.98,1.98,1.88,5.97,4.63,2.24,1.98,1.97,3.97,3.47,2.48,7.94,1.97,0.97,7.97,0.97,8.37,2.97,4.97
2013/09/30,4.64,0.46,0.98,0.72,0.72,11.88,0.72,0.46,7.88,14.72,0.72,6.68,12.98,3.56,10.98,4.88,1.56,5.47,10.98,10.97,0.46,6.87,0.46,5.98,10.98,0.46,0.72,0.46,3.98,5.48,14.72,1.0,5.24,14.72,3.97,3.67,0.46,0.46,2.98,5.48,12.78,0.46,0.46,2.12,0.72,0.46,4.97,5.74,8.97,1.48,3.92,17.97,2.98,5.64,5.22,3.97,2.84,3.98,1.88,7.98,2.73,4.88,3.48,0.98,4.47,5.97,2.37,3.48,2.48,2.26,3.98,1.77,1.97,3.24,17.97,1.96,3.98,3.98,3.62,4.98,4.97,0.98,1.98,1.88,5.97,4.63,2.24,1.98,1.97,3.97,3.47,2.48,7.94,1.97,0.97,7.97,0.97,8.37,2.97,4.97
2013/10/01,4.64,0.46,0.98,0.72,0.72,11.88,0.72,0.46,7.88,14.72,0.72,6.68,12.98,3.56,10.98,4.88,1.56,5.47,10.98,10.97,0.46,6.87,0.46,5.98,10.98,0.46,0.72,0.46,3.98,5.48,14.72,1.0,5.24,14.72,3.97,3.67,0.46,0.46,2.98,5.48,12.78,0.46,0.46,2.12,0.72,0.46,4.97,5.74,8.97,1.48,3.92,17.97,2.98,5.64,5.22,3.97,2.84,3.98,1.88,7.98,2.73,4.88,3.48,0.98,4.47,5.97,2.37,3.48,2.48,2.26,3.98,1.77,1.97,3.24,17.97,1.96,3.98,3.98,3.62,4.98,4.97,0.98,1.98,1.88,5.97,4.63,2.24,1.98,1.97,3.97,3.47,2.48,7.94,1.97,0.97,7.97,0.97,8.37,2.97,4.97
2013/10/02,4.64,0.46,0.98,0.72,0.72,11.88,0.72,0.46,7.88,14.72,0.72,6.68,12.98,3.56,10.98,4.88,1.56,5.47,10.98,10.97,0.46,6.87,0.46,5.98,10.98,0.46,0.72,0.46,3.98,5.48,14.72,1.0,5.24,14.72,3.97,3.67,0.46,0.46,2.98,5.48,12.78,0.46,0.46,2.12,0.72,0.46,4.97,5.74,8.97,1.48,3.92,17.97,2.98,5.64,5.22,3.97,2.84,3.98,1.88,7.98,2.73,4.88,3.48,0.98,4.47,5.97,2.37,3.48,2.48,2.26,3.98,1.77,1.97,3.24,17.97,1.96,3.98,3.98,3.62,4.98,4.97,0.98,1.98,1.88,5.97,4.63,2.24,1.98,1.97,3.97,3.47,2.48,7.94,1.97,0.97,7.97,0.97,8.37,2.97,4.97
2013/10/03,4.64,0.46,0.98,0.72,0.72,11.88,0.72,0.46,7.88,14.72,0.72,6.68,12.98,3.56,10.98,4.88,1.56,5.47,10.98,10.97,0.46,6.87,0.46,5.98,10.98,0.46,0.72,0.46,3.98,5.48,14.72,1.0,5.24,14.72,3.97,3.67,0.46,0.46,2.98,5.48,12.78,0.46,0.46,2.12,0.72,0.46,4.97,5.74,8.97,1.48,3.92,17.97,2.98,5.64,5.22,3.97,2.84,3.98,1.88,7.98,2.73,4.88,3.48,0.98,4.47,5.97,2.37,3.48,2.48,2.26,3.98,1.77,1.97,3.24,17.97,1.96,3.98,3.98,3.62,4.98,4.97,0.98,1.98,1.88,5.97,4.63,2.24,1.98,1.97,3.97,3.47,2.48,7.94,1.97,0.97,7.97,0.97,8.37,2.97,4.97
2013/10/04,4.64,0.46,0.98,0.72,0.72,11.88,0.72,0.46,7.88,14.72,0.72,6.68,12.98,3.56,10.98,4.88,1.56,5.47,10.98,10.97,0.46,6.87,0.46,5.98,10.98,0.46,0.72,0.46,3.98,5.48,14.72,1.0,5.24,14.72,3.97,3.67,0.46,0.46,2.98,5.48,12.78,0.46,0.46,2.12,0.72,0.46,4.97,5.74,8.97,1.48,3.92,17.97,2.98,5.64,5.22,3.97,2.84,3.98,1.88,7.98,2.73,4.88,3.48,0.98,4.47,5.97,2.37,3.48,2.48,2.26,3.98,1.77,1.97,3.24,17.97,1.96,3.98,3.98,3.62,4.98,4.97,0.98,1.98,1.88,5.97,4.63,2.24,1.98,1.97,3.97,3.47,2.48,7.94,1.97,0.97,7.97,0.97,8.37,2.97,4.97
2013/10/05,4.64,0.46,0.98,0.72,0.72,11.88,0.72,0.46,7.88,14.72,0.72,6.68,12.98,3.56,10.98,4.88,1.56,5.47,10.98,10.97,0.46,6.87,0.46,5.98,10.98,0.46,0.72,0.46,3.98,5.48,14.72,1.0,5.24,14.72,3.97,3.67,0.46,0.46,2.98,5.48,12.78,0.46,0.46,2.12,0.72,0.46,4.97,5.74,8.97,1.48,3.92,17.97,2.98,5.64,5.22,3.97,2.84,3.98,1.88,7.98,2.73,4.88,3.48,0.98,4.47,5.97,2.37,3.48,2.48,2.26,3.98,1.77,1.97,3.24,17.97,1.96,3.98,3.98,3.62,4.98,4.97,0.98,1.98,1.88,5.97,4.63,2.24,1.98,1.97,3.97,3.47,2.48,7.94,1.97,0.97,7.97,0.97,8.37,2.97,4.97
2013/10/06,4.64,0.46,0.98,0.72,0.72,11.88,0.72,0.46,7.88,14.72,0.72,6.68,12.98,3.56,10.98,4.88,1.56,5.47,10.98,10.97,0.46,6.87,0.46,5.98,10.98,0.46,0.72,0.46,3.98,5.48,14.72,1.0,5.24,14.72,3.97,3.67,0.46,0.46,2.98,5.48,12.78,0.46,0.46,2.12,0.72,0.46,4.97,5.74,8.97,1.48,3.92,17.97,2.98,5.64,5.22,3.97,2.84,3.98,1.88,7.98,2.73,4.88,3.48,0.98,4.47,5.97,2.37,3.48,2.48,2.26,3.98,1.77,1.97,3.24,17.97,1.96,3.98,3.98,3.62,4.98,4.97,0.98,1.98,1.88,5.97,4.63,2.24,1.98,1.97,3.97,3.47,2.48,7.94,1.97,0.97,7.97,0.97,8.37,2.97,4.97
2013/10/07,4.64,0.46,0.98,0.72,0.72,11.88,0.72,0.46,7.88,14.72,0.72,6.68,12.98,3.56,10.98,4.88,1.56,5.47,10.98,10.97,0.46,6.87,0.46,5.98,10.98,0.46,0.72,0.46,3.98,5.48,14.72,1.0,5.24,14.72,3.97,3.67,0.46,0.46,2.98,5.48,12.78,0.46,0.46,2.12,0.72,0.46,4.97,5.74,8.97,1.48,3.92,17.97,2.98,5.64,5.22,3.97,2.84,3.98,1.88,7.98,2.73,4.88,3.48,0.98,4.47,5.97,2.37,3.48,2.48,2.26,3.98,1.77,1.97,3.24,17.97,1.96,3.98,3.98,3.62,4.98,4.97,0.98,1.98,1.88,5.97,4.63,2.24,1.98,1.97,3.97,3.47,2.48,7.94,1.97,0.97,7.97,0.97,8.37,2.97,4.97
2013/10/08,4.64,0.46,0.98,0.72,0.72,11.88,0.72,0.46,7.88,14.72,0.72,6.68,12.98,3.56,10.98,4.88,1.56,5.47,10.98,10.97,0.46,6.87,0.46,5.98,10.98,0.46,0.72,0.46,3.98,5.48,14.72,1.0,5.24,14.72,3.97,3.67,0.46,0.46,2.98,5.48,12.78,0.46,0.46,2.12,0.72,0.46,4.97,5.74,8.97,1.48,3.92,17.97,2.98,5.64,5.22,3.97,2.84,3.98,1.88,7.98,2.73,4.88,3.48,0.98,4.47,5.97,2.37,3.48,2.48,2.26,3.98,1.77,1.97,3.24,17.97,1.96,3.98,3.98,3.62,4.98,4.97,0.98,1.98,1.88,5.97,4.63,2.24,1.98,1.97,3.97,3.47,2.48,7.94,1.97,0.97,7.97,0.97,8.37,2.97,4.97
2013/10/09,4.64,0.46,0.98,0.72,0.72,11.88,0.72,0.46,7.88,14.72,0.72,6.68,12.98,3.56,10.98,4.88,1.56,5.47,10.98,10.97,0.46,6.87,0.46,5.98,10.98,0.46,0.72,0.46,3.98,5.48,14.72,1.0,5.24,14.72,3.97,3.67,0.46,0.46,2.98,5.48,12.78,0.46,0.46,2.12,0.72,0.46,4.97,5.74,8.97,1.48,3.92,17.97,2.98,5.64,5.22,3.97,2.84,3.98,1.88,7.98,2.73,4.88,3.48,0.98,4.47,5.97,2.37,3.48,2.48,2.26,3.98,1.77,1.97,3.24,17.97,1.96,3.98,3.98,3.62,4.98,4.97,0.98,1.98,1.88,5.97,4.63,2.24,1.98,1.97,3.97,3.47,2.48,7.94,1.97,0.97,7.97,0.97,8.37,2.97,4.97
2013/10/10,4.64,0.46,0.98,0.72,0.72,11.88,0.72,0.46,7.88,14.72,0.72,6.68,12.98,3.56,10.98,4.88,1.56,5.47,10.98,10.97,0.46,6.87,0.46,5.98,10.98,0.46,0.72,0.46,3.98,5.48,14.72,1.0,5.24,14.72,3.97,3.67,0.46,0.46,2.98,5.48,12.78,0.46,0.46,2.12,0.72,0.46,4.97,5.74,8.97,1.48,3.92,17.97,2.98,5.64,5.22,3.97,2.84,3.98,1.88,7.98,2.73,4.88,3.48,0.98,4.47,5.97,2.37,3.48,2.48,2.26,3.98,1.77,1.97,3.24,17.97,1.96,3.98,3.98,3.62,4.98,4.97,0.98,1.98,1.88,5.97,4.63,2.24,1.98,1.97,3.97,3.47,2.48,7.94,1.97,0.97,7.97,0.97,8.37,2.97,4.97
2013/10/11,4.64,0.46,0.98,0.72,0.72,11.88,0.72,0.46,7.88,14.72,0.72,6.68,12.98,3.56,10.98,4.88,1.56,5.47,10.98,10.97,0.46,6.87,0.46,5.98,10.98,0.46,0.72,0.46,3.98,5.48,14.72,1.0,5.24,14.72,3.97,3.67,0.46,0.46,2.98,5.48,12.78,0.46,0.46,2.12,0.72,0.46,4.97,5.74,8.97,1.48,3.92,17.97,2.98,5.64,5.22,3.97,2.84,3.98,1.88,7.98,2.73,4.88,3.48,0.98,4.47,5.97,2.37,3.48,2.48,2.26,3.98,1.77,1.97,3.24,17.97,1.96,3.98,3.98,3.62,4.98,4.97,0.98,1.98,1.88,5.97,4.63,2.24,1.98,1.97,3.97,3.47,2.48,7.94,1.97,0.97,7.97,0.97,8.37,2.97,4.97
2013/10/12,4.64,0.46,0.98,0.72,0.72,11.88,0.72,0.46,7.88,14.72,0.72,6.68,12.98,3.56,10.98,4.88,1.56,5.47,10.98,10.97,0.46,6.87,0.46,5.98,10.98,0.46,0.72,0.46,3.98,5.48,14.72,1.0,5.24,14.72,3.97,3.67,0.46,0.46,2.98,5.48,12.78,0.46,0.46,2.12,0.72,0.46,4.97,5.74,8.97,1.48,3.92,17.97,2.98,5.64,5.22,3.97,2.84,3.98,1.88,7.98,2.73,4.88,3.48,0.98,4.47,5.97,2.37,3.48,2.48,2.26,3.98,1.77,1.97,3.24,17.97,1.96,3.98,3.98,3.62,4.98,4.97,0.98,1.98,1.88,5.97,4.63,2.24,1.98,1.97,3.97,3.66,2.48,7.94,1.97,0.97,7.97,0.97,8.37,2.97,4.97
2013/10/13,4.64,0.46,0.98,0.72,0.72,11.88,0.72,0.46,7.88,14.72,0.72,6.68,12.98,3.56,10.98,4.88,1.56,5.47,10.98,10.97,0.46,6.87,0.46,5.98,10.98,0.46,0.72,0.46,3.98,5.48,14.72,1.0,5.24,14.72,3.97,3.67,0.46,0.46,2.98,5.48,12.78,0.46,0.46,2.12,0.72,0.46,4.97,5.74,8.97,1.48,3.92,17.97,2.98,5.64,5.22,3.97,2.84,3.98,1.88,7.98,2.73,4.88,3.48,0.98,4.47,5.97,2.37,3.48,2.48,2.26,3.98,1.77,1.97,3.24,17.97,1.96,3.98,3.98,3.62,4.98,4.97,0.98,1.98,1.88,5.97,4.63,2.24,1.98,1.97,3.97,3.66,2.48,7.94,1.97,0.97,7.97,0.97,8.37,2.97,4.97
2013/10/14,4.64,0.46,0.98,0.72,0.72,11.88,0.72,0.46,7.88,14.72,0.72,6.68,12.98,3.56,10.98,4.88,1.56,5.47,10.98,10.97,0.46,6.87,0.46,5.98,10.98,0.46,0.72,0.46,3.98,5.48,14.72,1.0,5.24,14.72,3.97,3.67,0.46,0.46,2.98,5.48,12.78,0.46,0.46,2.12,0.72,0.46,4.97,5.74,8.97,1.48,3.92,17.97,2.98,5.64,5.22,3.97,2.84,3.98,1.88,7.98,2.73,4.88,3.48,0.98,4.47,5.97,2.37,3.48,2.48,2.26,3.98,1.77,1.97,3.24,17.97,1.96,3.98,3.98,3.62,4.98,4.97,0.98,1.98,1.88,5.97,4.63,2.24,1.98,1.97,3.97,3.66,2.48,7.94,1.97,0.97,7.97,0.97,8.37,2.97,4.97
2013/10/15,4.64,0.46,0.98,0.72,0.72,11.88,0.72,0.46,7.88,14.72,0.72,6.68,12.98,3.56,10.98,4.88,1.56,5.47,10.98,10.97,0.46,6.87,0.46,5.98,10.98,0.46,0.72,0.46,3.98,5.48,14.72,1.0,5.24,14.72,3.97,3.67,0.46,0.46,2.98,5.48,12.78,0.46,0.46,2.12,0.72,0.46,4.97,5.74,8.97,1.48,3.92,17.97,2.98,5.64,5.22,3.97,2.84,3.98,1.88,7.98,2.73,4.88,3.48,0.98,4.47,5.97,2.37,3.48,2.48,2.26,3.98,1.77,1.97,3.24,17.97,1.96,3.98,3.98,3.62,4.98,4.97,0.98,1.98,1.88,5.97,4.63,2.24,1.98,1.97,3.97,3.66,2.48,7.94,1.97,0.97,7.97,0.97,8.37,2.97,4.97
2013/10/16,4.64,0.46,0.98,0.72,0.72,11.88,0.72,0.46,7.88,14.72,0.72,6.68,12.98,3.56,10.98,4.88,1.56,5.47,10.98,10.97,0.46,6.87,0.46,5.98,10.98,0.46,0.72,0.46,3.98,5.48,14.72,1.0,5.24,14.72,3.97,3.67,0.46,0.46,2.98,5.48,12.78,0.46,0.46,2.12,0.72,0.46,4.97,5.74,8.97,1.48,3.92,17.97,2.98,5.64,5.22,3.97,2.84,3.98,1.88,7.98,2.73,4.88,3.48,0.98,4.47,5.97,2.37,3.48,2.48,2.26,3.98,1.77,1.97,3.24,17.97,1.96,3.98,3.98,3.62,4.98,4.97,0.98,1.98,1.88,5.97,4.63,2.24,1.98,1.97,3.97,3.66,2.48,7.94,1.97,0.97,7.97,0.97,8.37,2.97,4.97
2013/10/17,4.64,0.46,0.98,0.72,0.72,11.88,0.72,0.46,7.88,14.72,0.72,6.68,12.98,3.56,10.98,4.88,1.56,5.47,10.98,10.97,0.46,6.87,0.46,5.98,10.98,0.46,0.72,0.46,3.98,5.48,14.72,1.0,5.24,14.72,3.97,3.67,0.46,0.46,2.98,5.48,12.78,0.46,0.46,2.12,0.72,0.46,4.97,5.74,8.97,1.48,3.92,17.97,2.98,5.64,5.22,3.97,2.84,3.98,1.88,7.98,2.73,4.88,3.48,0.98,4.47,5.97,2.37,3.48,2.48,2.26,3.98,1.77,1.97,3.24,17.97,1.96,3.98,3.98,3.62,4.98,4.97,0.98,1.98,1.88,5.97,4.63,2.24,1.98,1.97,3.97,3.66,2.48,7.94,1.97,0.97,7.97,0.97,8.37,2.97,4.97
2013/10/18,4.64,0.46,0.98,0.72,0.72,11.88,0.72,0.46,7.88,14.72,0.72,6.68,12.98,3.56,10.98,4.88,1.56,5.47,10.98,10.97,0.46,6.87,0.46,5.98,10.98,0.46,0.72,0.46,3.98,5.48,14.72,1.0,5.24,14.72,3.97,3.67,0.46,0.46,2.98,5.48,12.78,0.46,0.46,2.12,0.72,0.46,4.97,5.74,8.97,1.48,3.92,17.97,2.98,5.64,5.22,3.97,2.84,3.98,1.88,7.98,2.73,4.88,3.48,0.98,4.47,5.97,2.37,3.48,2.48,2.26,3.98,1.77,1.97,3.24,17.97,1.96,3.98,3.98,3.62,4.98,4.97,0.98,1.98,1.88,5.97,4.63,2.24,1.98,1.97,3.97,3.66,2.48,7.94,1.97,0.97,7.97,0.97,8.37,2.97,4.97
2013/10/19,4.64,0.46,0.98,0.72,0.72,11.88,0.72,0.46,7.88,14.72,0.72,6.68,12.98,3.56,10.98,4.88,1.56,5.47,10.98,10.97,0.46,6.87,0.46,5.98,10.98,0.46,0.72,0.46,3.98,5.48,14.72,1.0,5.24,14.72,3.97,3.67,0.46,0.46,2.98,5.48,12.78,0.46,0.46,2.24,0.72,0.46,4.97,5.74,8.97,1.48,3.92,17.97,2.98,5.64,5.22,3.97,2.84,3.98,1.88,7.98,2.73,4.88,3.48,0.98,4.47,5.97,2.37,3.48,2.48,2.26,3.98,1.77,1.97,3.24,17.97,1.96,3.98,3.98,3.62,4.98,4.97,0.98,1.98,1.88,5.97,4.63,2.24,1.98,1.97,3.97,3.66,2.48,7.94,1.97,0.97,7.97,0.97,8.37,2.97,4.97
2013/10/20,4.64,0.46,0.98,0.72,0.72,11.88,0.72,0.46,7.88,14.72,0.72,6.68,12.98,3.56,10.98,4.88,1.56,5.47,10.98,10.97,0.46,6.87,0.46,5.98,10.98,0.46,0.72,0.46,3.98,5.48,14.72,1.0,5.24,14.72,3.97,3.67,0.46,0.46,2.98,5.48,12.78,0.46,0.46,2.24,0.72,0.46,4.97,5.74,8.97,1.48,3.92,17.97,2.98,5.64,5.22,3.97,2.84,3.98,1.88,7.98,2.73,4.88,3.48,0.98,4.47,5.97,2.37,3.48,2.48,2.26,3.98,1.77,1.97,3.24,17.97,1.96,3.98,3.98,3.62,4.98,4.97,0.98,1.98,1.88,5.97,4.63,2.24,1.98,1.97,3.97,3.66,2.48,7.94,1.97,0.97,7.97,0.97,8.37,2.97,4.97
2013/10/21,4.64,0.46,0.98,0.72,0.72,11.88,0.72,0.46,7.88,14.72,0.72,6.68,12.98,3.56,10.98,4.88,1.56,5.47,10.98,10.97,0.46,6.87,0.46,5.98,10.98,0.46,0.72,0.46,3.98,5.48,14.72,1.0,5.24,14.72,3.97,3.67,0.46,0.46,2.98,5.48,12.78,0.46,0.46,2.24,0.72,0.46,4.97,5.74,8.97,1.48,3.92,17.97,2.98,5.64,5.22,3.97,2.84,3.98,1.88,7.98,2.73,4.88,3.48,0.98,4.47,5.97,2.37,3.48,2.48,2.26,3.98,1.77,1.97,3.24,17.97,1.96,3.98,3.98,3.62,4.98,4.97,0.98,1.98,1.88,5.97,4.63,2.24,1.98,1.97,3.97,3.66,2.48,7.94,1.97,0.97,7.97,0.97,8.37,2.97,4.97
2013/10/22,4.64,0.46,0.98,0.72,0.72,11.88,0.72,0.46,7.88,14.72,0.72,6.68,12.98,3.56,10.98,4.88,1.56,5.47,10.98,10.97,0.46,6.87,0.46,5.98,10.98,0.46,0.72,0.46,3.98,5.48,14.72,1.0,5.24,14.72,3.97,3.67,0.46,0.46,2.98,5.48,12.78,0.46,0.46,2.24,0.72,0.46,4.97,5.74,8.97,1.48,3.92,17.97,2.98,5.64,5.22,3.97,2.84,3.98,1.88,7.98,2.73,4.88,3.48,0.98,4.47,5.97,2.37,3.48,2.48,2.26,3.98,1.77,1.97,3.24,17.97,1.96,3.98,3.98,3.62,4.98,4.97,0.98,1.98,1.88,5.97,4.63,2.24,1.98,1.97,3.97,3.66,2.48,7.94,1.97,0.97,7.97,0.97,8.37,2.97,4.97
2013/10/23,4.64,0.46,0.98,0.72,0.72,11.88,0.72,0.46,7.88,14.72,0.72,6.68,12.98,3.56,10.98,4.88,1.56,5.47,10.98,10.97,0.46,6.87,0.46,5.98,10.98,0.46,0.72,0.46,3.98,5.48,14.72,1.0,5.24,14.72,3.97,3.67,0.46,0.46,2.98,5.48,12.78,0.46,0.46,2.24,0.72,0.46,4.97,5.74,8.97,1.48,3.92,17.97,2.98,5.64,5.22,3.97,2.84,3.98,1.88,7.98,2.73,4.88,3.48,0.98,4.47,5.97,2.37,3.48,2.48,2.26,3.98,1.77,1.97,3.24,17.97,1.96,3.98,3.98,3.62,4.98,4.97,0.98,1.98,1.88,5.97,4.63,2.24,1.98,1.97,3.97,3.66,2.48,7.94,1.97,0.97,7.97,0.97,8.37,2.97,4.97
2013/10/24,4.64,0.46,0.98,0.72,0.72,11.88,0.72,0.46,7.88,14.72,0.72,6.68,12.98,3.56,10.98,4.88,1.56,5.47,10.98,10.97,0.46,6.87,0.46,5.98,10.98,0.46,0.72,0.46,3.98,5.48,14.72,1.0,5.24,14.72,3.97,3.67,0.46,0.46,2.98,5.48,12.78,0.46,0.46,2.24,0.72,0.46,4.97,5.74,8.97,1.48,3.92,17.97,2.98,5.64,5.22,3.97,2.84,3.98,1.88,7.98,2.73,4.88,3.48,0.98,4.47,5.97,2.37,3.48,2.48,2.26,3.98,1.77,1.97,3.24,17.97,1.96,3.98,3.98,3.62,4.98,4.97,0.98,1.98,1.88,5.97,4.63,2.24,1.98,1.97,3.97,3.66,2.48,7.94,1.97,0.97,7.97,0.97,8.37,2.97,4.97
2013/10/25,4.64,0.46,0.98,0.72,0.72,11.88,0.72,0.46,7.88,14.72,0.72,6.68,12.98,3.56,10.98,4.88,1.56,5.47,10.98,10.97,0.46,6.87,0.46,5.98,10.98,0.46,0.72,0.46,3.98,5.48,14.72,1.0,5.24,14.72,3.97,3.67,0.46,0.46,2.98,5.48,12.78,0.46,0.46,2.24,0.72,0.46,4.97,5.74,8.97,1.48,3.92,17.97,2.98,5.64,5.22,3.97,2.84,3.98,1.88,7.98,2.73,4.88,3.48,0.98,4.47,5.97,2.37,3.48,2.48,2.26,3.98,1.77,1.97,3.24,17.97,1.96,3.98,3.98,3.62,4.98,4.97,0.98,1.98,1.88,5.97,4.63,2.24,1.98,1.97,3.97,3.66,2.48,7.94,1.97,0.97,7.97,0.97,8.37,2.97,4.97
2013/10/26,4.64,0.46,0.98,0.72,0.72,11.88,0.72,0.46,7.88,14.72,0.72,6.68,12.98,3.56,10.98,4.88,1.56,5.47,10.98,10.97,0.46,6.87,0.46,5.98,10.98,0.46,0.72,0.46,3.98,5.48,14.72,1.0,5.24,14.72,3.97,3.67,0.46,0.46,2.98,5.48,12.78,0.46,0.46,2.24,0.72,0.46,4.97,5.74,8.97,1.48,3.92,17.97,2.98,5.64,5.22,3.97,2.84,3.98,1.88,7.98,2.73,4.88,3.48,0.98,4.47,5.97,2.37,3.48,2.48,2.26,3.98,1.77,1.97,3.24,17.97,1.96,3.98,3.98,3.62,4.98,4.97,0.98,1.98,1.88,5.97,4.63,2.24,1.98,1.97,3.97,3.66,2.48,7.94,1.97,0.97,7.97,0.97,8.37,2.97,4.97
2013/10/27,4.64,0.46,0.98,0.72,0.72,11.88,0.72,0.46,7.88,14.72,0.72,6.68,12.98,3.56,10.98,4.88,1.56,5.47,10.98,10.97,0.46,6.87,0.46,5.98,10.98,0.46,0.72,0.46,3.98,5.48,14.72,1.0,5.24,14.72,3.97,3.67,0.46,0.46,2.98,5.48,12.78,0.46,0.46,2.24,0.72,0.46,4.97,5.74,8.97,1.48,3.92,17.97,2.98,5.64,5.22,3.97,2.84,3.98,1.88,7.98,2.73,4.88,3.48,0.98,4.47,5.97,2.37,3.48,2.48,2.26,3.98,1.77,1.97,3.24,17.97,1.96,3.98,3.98,3.62,4.98,4.97,0.98,1.98,1.88,5.97,4.63,2.24,1.98,1.97,3.97,3.66,2.48,7.94,1.97,0.97,7.97,0.97,8.37,2.97,4.97
2013/10/28,4.64,0.46,0.98,0.72,0.72,11.88,0.72,0.46,7.88,14.72,0.72,6.68,12.98,3.56,10.98,4.88,1.56,5.47,10.98,10.97,0.46,6.87,0.46,5.98,10.98,0.46,0.72,0.46,3.98,5.48,14.72,1.0,5.24,14.72,3.97,3.67,0.46,0.46,2.98,5.48,12.78,0.46,0.46,2.24,0.72,0.46,4.97,5.74,8.97,1.48,3.92,17.97,2.98,5.64,5.22,3.97,2.84,3.98,1.88,7.98,2.73,4.88,3.48,0.98,4.47,5.97,2.37,3.48,2.48,2.26,3.98,1.77,1.97,3.24,17.97,1.96,3.98,3.98,3.62,4.98,4.97,0.98,1.98,1.88,5.97,4.63,2.24,1.98,1.97,3.97,3.66,2.48,7.94,1.97,0.97,7.97,0.97,8.37,2.97,4.97
2013/10/29,4.64,0.46,0.98,0.72,0.72,11.88,0.72,0.46,7.88,14.72,0.72,6.68,12.98,3.56,10.98,4.88,1.56,5.47,10.98,10.97,0.46,6.87,0.46,5.98,10.98,0.46,0.72,0.46,3.98,5.48,14.72,1.0,5.24,14.72,3.97,3.67,0.46,0.46,2.98,5.48,12.78,0.46,0.46,2.24,0.72,0.46,4.97,5.74,8.97,1.48,3.92,17.97,2.98,5.64,5.22,3.97,2.84,3.98,1.88,7.98,2.73,4.88,3.48,0.98,4.47,5.97,2.37,3.48,2.48,2.26,3.98,1.77,1.97,3.24,17.97,1.96,3.98,3.98,3.62,4.98,4.97,0.98,1.98,1.88,5.97,4.63,2.24,1.98,1.97,3.97,3.66,2.48,7.94,1.97,0.97,7.97,0.97,8.37,2.97,4.97
2013/10/30,4.64,0.46,0.98,0.72,0.72,11.88,0.72,0.46,7.88,14.72,0.72,6.68,12.98,3.56,10.98,4.88,1.56,5.47,10.98,10.97,0.46,6.87,0.46,5.98,10.98,0.46,0.72,0.46,3.98,5.48,14.72,1.0,5.24,14.72,3.97,3.67,0.46,0.46,2.98,5.48,12.78,0.46,0.46,2.24,0.72,0.46,4.97,5.74,8.97,1.48,3.92,17.97,2.98,5.64,5.22,3.97,2.84,3.98,1.88,7.98,2.73,4.88,3.48,0.98,4.47,5.97,2.37,3.48,2.48,2.26,3.98,1.77,1.97,3.24,17.97,1.96,3.98,3.98,3.62,4.98,4.97,0.98,1.98,1.88,5.97,4.63,2.24,1.98,1.97,3.97,3.66,2.48,7.94,1.97,0.97,7.97,0.97,8.37,2.97,4.97
2013/10/31,4.64,0.46,0.98,0.72,0.72,11.88,0.72,0.46,7.88,14.72,0.72,6.68,12.98,3.56,10.98,4.88,1.56,5.47,10.98,10.97,0.46,6.87,0.46,5.98,10.98,0.46,0.72,0.46,3.98,5.48,14.72,1.0,5.24,14.72,3.97,3.67,0.46,0.46,2.98,5.48,12.78,0.46,0.46,2.24,0.72,0.46,4.97,5.74,8.97,1.48,3.92,17.97,2.98,5.64,5.22,3.97,2.84,3.98,1.88,7.98,2.73,4.88,3.48,0.98,4.47,5.97,2.37,3.48,2.48,2.26,3.98,1.77,1.97,3.24,17.97,1.96,3.98,3.98,3.62,4.98,4.97,0.98,1.98,1.88,5.97,4.63,2.24,1.98,1.97,3.97,3.66,2.48,7.94,1.97,0.97,7.97,0.97,8.37,2.97,4.97
2013/11/01,4.64,0.46,0.98,0.72,0.72,11.88,0.72,0.46,7.88,14.72,0.72,6.68,12.98,3.56,10.98,4.88,1.56,5.47,10.98,10.97,0.46,6.87,0.46,5.98,10.98,0.46,0.72,0.46,3.98,5.48,14.72,1.0,5.24,14.72,3.97,3.67,0.46,0.46,2.98,5.48,12.78,0.46,0.46,2.24,0.72,0.46,4.97,5.74,8.97,1.48,3.92,17.97,2.98,5.64,5.22,3.97,2.84,3.98,1.88,7.98,2.73,4.88,3.48,0.98,4.47,5.97,2.37,3.48,2.48,2.26,3.98,1.77,1.97,3.24,17.97,1.96,3.98,3.98,3.62,4.98,4.97,0.98,1.98,1.88,5.97,4.63,2.24,1.98,1.97,3.97,3.66,2.48,7.94,1.97,0.97,7.97,0.97,8.37,2.97,4.97
2013/11/02,4.64,0.46,0.98,0.72,0.7,11.88,0.72,0.46,7.88,14.72,0.72,6.68,12.98,3.56,10.98,4.88,1.56,5.47,10.98,10.97,0.46,6.87,0.46,5.98,10.98,0.46,0.7,0.46,3.98,5.48,14.72,1.0,5.24,14.72,3.97,3.67,0.46,0.46,2.98,5.48,12.78,0.46,0.46,2.24,0.72,0.46,4.97,5.74,8.97,1.48,3.92,17.97,2.98,5.64,5.22,3.97,2.84,3.98,1.88,7.98,2.73,2.15,3.48,0.98,4.47,5.97,2.37,3.48,2.48,2.26,3.98,1.77,1.97,3.24,17.97,1.96,3.98,3.98,3.62,4.98,4.97,0.98,1.98,1.88,5.97,4.63,2.24,1.98,1.97,3.97,3.66,2.48,7.94,1.97,0.97,7.97,0.97,8.37,2.97,4.97
2013/11/03,4.64,0.46,0.98,0.72,0.7,11.88,0.72,0.46,7.88,14.72,0.72,6.68,12.98,3.56,10.98,4.88,1.56,5.47,10.98,10.97,0.46,6.87,0.46,5.98,10.98,0.46,0.7,0.46,3.98,5.48,14.72,1.0,5.24,14.72,3.97,3.67,0.46,0.46,2.98,5.48,12.78,0.46,0.46,2.24,0.72,0.46,4.97,5.74,8.97,1.48,3.92,17.97,2.98,5.64,5.22,3.97,2.84,3.98,1.88,7.98,2.73,2.15,3.48,0.98,4.47,5.97,2.37,3.48,2.48,2.26,3.98,1.77,1.97,3.24,17.97,1.96,3.98,3.98,3.62,4.98,4.97,0.98,1.98,1.88,5.97,4.63,2.24,1.98,1.97,3.97,3.66,2.48,7.94,1.97,0.97,7.97,0.97,8.37,2.97,4.97
2013/11/04,4.64,0.46,0.98,0.72,0.7,11.88,0.72,0.46,7.88,14.72,0.72,6.68,12.98,3.56,10.98,4.88,1.56,5.47,10.98,10.97,0.46,6.87,0.46,5.98,10.98,0.46,0.7,0.46,3.98,5.48,14.72,1.0,5.24,14.72,3.97,3.67,0.46,0.46,2.98,5.48,12.78,0.46,0.46,2.24,0.72,0.46,4.97,5.74,8.97,1.48,3.92,17.97,2.98,5.64,5.22,3.97,2.84,3.98,1.88,7.98,2.73,2.15,3.48,0.98,4.47,5.97,2.37,3.48,2.48,2.26,3.98,1.77,1.97,3.24,17.97,1.96,3.98,3.98,3.62,4.98,4.97,0.98,1.98,1.88,5.97,4.63,2.24,1.98,1.97,3.97,3.66,2.48,7.94,1.97,0.97,7.97,0.97,8.37,2.97,4.97
2013/11/05,4.64,0.46,0.98,0.72,0.7,11.88,0.72,0.46,7.88,14.72,0.72,6.68,12.98,3.56,10.98,4.88,1.56,5.47,10.98,10.97,0.46,6.87,0.46,5.98,10.98,0.46,0.7,0.46,3.98,5.48,14.72,1.0,5.24,14.72,3.97,3.67,0.46,0.46,2.98,5.48,12.78,0.46,0.46,2.24,0.72,0.46,4.97,5.74,8.97,1.48,3.92,17.97,2.98,5.64,5.22,3.97,2.84,3.98,1.88,7.98,2.73,2.15,3.48,0.98,4.47,5.97,2.37,3.48,2.48,2.26,3.98,1.77,1.97,3.24,17.97,1.96,3.98,3.98,3.62,4.98,4.97,0.98,1.98,1.88,5.97,4.63,2.24,1.98,1.97,3.97,3.66,2.48,7.94,1.97,0.97,7.97,0.97,8.37,2.97,4.97
2013/11/06,4.64,0.46,0.98,0.72,0.7,11.88,0.72,0.46,7.88,14.72,0.72,6.68,12.98,3.56,10.98,4.88,1.56,5.47,10.98,10.97,0.46,6.87,0.46,5.98,10.98,0.46,0.7,0.46,3.98,5.48,14.72,1.0,5.24,14.72,3.97,3.67,0.46,0.46,2.98,5.48,12.78,0.46,0.46,2.24,0.72,0.46,4.97,5.74,8.97,1.48,3.92,17.97,2.98,5.64,5.22,3.97,2.84,3.98,1.88,7.98,2.73,2.15,3.48,0.98,4.47,5.97,2.37,3.48,2.48,2.26,3.98,1.77,1.97,3.24,17.97,1.96,3.98,3.98,3.62,4.98,4.97,0.98,1.98,1.88,5.97,4.63,2.24,1.98,1.97,3.97,3.66,2.48,7.94,1.97,0.97,7.97,0.97,8.37,2.97,4.97
2013/11/07,4.64,0.46,0.98,0.72,0.7,11.88,0.72,0.46,7.88,14.72,0.72,6.68,12.98,3.56,10.98,4.88,1.56,5.47,10.98,10.97,0.46,6.87,0.46,5.98,10.98,0.46,0.7,0.46,3.98,5.48,14.72,1.0,5.24,14.72,3.97,3.67,0.46,0.46,2.98,5.48,12.78,0.46,0.46,2.24,0.72,0.46,4.97,5.74,8.97,1.48,3.92,17.97,2.98,5.64,5.22,3.97,2.84,3.98,1.88,7.98,2.73,2.15,3.48,0.98,4.47,5.97,2.37,3.48,2.48,2.26,3.98,1.77,1.97,3.24,17.97,1.96,3.98,3.98,3.62,4.98,4.97,0.98,1.98,1.88,5.97,4.63,2.24,1.98,1.97,3.97,3.66,2.48,7.94,1.97,0.97,7.97,0.97,8.37,2.97,4.97
2013/11/08,4.64,0.46,0.98,0.72,0.7,11.88,0.72,0.46,7.88,14.72,0.72,6.68,12.98,3.56,10.98,4.88,1.56,5.47,10.98,10.97,0.46,6.87,0.46,5.98,10.98,0.46,0.7,0.46,3.98,5.48,14.72,1.0,5.24,14.72,3.97,3.67,0.46,0.46,2.98,5.48,12.78,0.46,0.46,2.24,0.72,0.46,4.97,5.74,8.97,1.48,3.92,17.97,2.98,5.64,5.22,3.97,2.84,3.98,1.88,7.98,2.73,2.15,3.48,0.98,4.47,5.97,2.37,3.48,2.48,2.26,3.98,1.77,1.97,3.24,17.97,1.96,3.98,3.98,3.62,4.98,4.97,0.98,1.98,1.88,5.97,4.63,2.24,1.98,1.97,3.97,3.66,2.48,7.94,1.97,0.97,7.97,0.97,8.37,2.97,4.97
2013/11/09,4.64,0.46,0.98,0.7,0.7,11.88,0.7,0.46,7.88,14.72,0.7,6.68,12.98,3.56,10.98,4.88,1.56,5.47,10.98,10.97,0.46,6.87,0.46,5.98,10.98,0.46,0.7,0.46,3.98,5.48,14.72,1.0,5.24,14.72,3.97,3.67,0.46,0.46,2.98,5.48,12.78,0.46,0.46,2.24,0.7,0.46,4.97,5.74,8.97,1.48,3.92,17.97,2.98,5.64,5.22,3.97,2.84,3.98,1.88,7.98,2.73,4.88,3.48,0.98,4.47,5.97,2.37,3.48,2.48,2.26,3.98,1.77,1.97,3.24,17.97,1.96,3.98,3.98,3.62,4.98,4.97,0.98,1.98,1.88,5.97,4.63,2.24,1.98,1.97,3.97,3.66,2.48,7.94,1.97,0.97,7.97,0.97,8.37,2.97,4.97
2013/11/10,4.64,0.46,0.98,0.7,0.7,11.88,0.7,0.46,7.88,14.72,0.7,6.68,12.98,3.56,10.98,4.88,1.56,5.47,10.98,10.97,0.46,6.87,0.46,5.98,10.98,0.46,0.7,0.46,3.98,5.48,14.72,1.0,5.24,14.72,3.97,3.67,0.46,0.46,2.98,5.48,12.78,0.46,0.46,2.24,0.7,0.46,4.97,5.74,8.97,1.48,3.92,17.97,2.98,5.64,5.22,3.97,2.84,3.98,1.88,7.98,2.73,4.88,3.48,0.98,4.47,5.97,2.37,3.48,2.48,2.26,3.98,1.77,1.97,3.24,17.97,1.96,3.98,3.98,3.62,4.98,4.97,0.98,1.98,1.88,5.97,4.63,2.24,1.98,1.97,3.97,3.66,2.48,7.94,1.97,0.97,7.97,0.97,8.37,2.97,4.97
2013/11/11,4.64,0.46,0.98,0.7,0.7,11.88,0.7,0.46,7.88,14.72,0.7,6.68,12.98,3.56,10.98,4.88,1.56,5.47,10.98,10.97,0.46,6.87,0.46,5.98,10.98,0.46,0.7,0.46,3.98,5.48,14.72,1.0,5.24,14.72,3.97,3.67,0.46,0.46,2.98,5.48,12.78,0.46,0.46,2.24,0.7,0.46,4.97,5.74,8.97,1.48,3.92,17.97,2.98,5.64,5.22,3.97,2.84,3.98,1.88,7.98,2.73,4.88,3.48,0.98,4.47,5.97,2.37,3.48,2.48,2.26,3.98,1.77,1.97,3.24,17.97,1.96,3.98,3.98,3.62,4.98,4.97,0.98,1.98,1.88,5.97,4.63,2.24,1.98,1.97,3.97,3.66,2.48,7.94,1.97,0.97,7.97,0.97,8.37,2.97,4.97
2013/11/12,4.64,0.46,0.98,0.7,0.7,11.88,0.7,0.46,7.88,14.72,0.7,6.68,12.98,3.56,10.98,4.88,1.56,5.47,10.98,10.97,0.46,6.87,0.46,5.98,10.98,0.46,0.7,0.46,3.98,5.48,14.72,1.0,5.24,14.72,3.97,3.67,0.46,0.46,2.98,5.48,12.78,0.46,0.46,2.24,0.7,0.46,4.97,5.74,8.97,1.48,3.92,17.97,2.98,5.64,5.22,3.97,2.84,3.98,1.88,7.98,2.73,4.88,3.48,0.98,4.47,5.97,2.37,3.48,2.48,2.26,3.98,1.77,1.97,3.24,17.97,1.96,3.98,3.98,3.62,4.98,4.97,0.98,1.98,1.88,5.97,4.63,2.24,1.98,1.97,3.97,3.66,2.48,7.94,1.97,0.97,7.97,0.97,8.37,2.97,4.97
2013/11/13,4.64,0.46,0.98,0.7,0.7,11.88,0.7,0.46,7.88,14.72,0.7,6.68,12.98,3.56,10.98,4.88,1.56,5.47,10.98,10.97,0.46,6.87,0.46,5.98,10.98,0.46,0.7,0.46,3.98,5.48,14.72,1.0,5.24,14.72,3.97,3.67,0.46,0.46,2.98,5.48,12.78,0.46,0.46,2.24,0.7,0.46,4.97,5.74,8.97,1.48,3.92,17.97,2.98,5.64,5.22,3.97,2.84,3.98,1.88,7.98,2.73,4.88,3.48,0.98,4.47,5.97,2.37,3.48,2.48,2.26,3.98,1.77,1.97,3.24,17.97,1.96,3.98,3.98,3.62,4.98,4.97,0.98,1.98,1.88,5.97,4.63,2.24,1.98,1.97,3.97,3.66,2.48,7.94,1.97,0.97,7.97,0.97,8.37,2.97,4.97
2013/11/14,4.64,0.46,0.98,0.7,0.7,11.88,0.7,0.46,7.88,14.72,0.7,6.68,12.98,3.56,10.98,4.88,1.56,5.47,10.98,10.97,0.46,6.87,0.46,5.98,10.98,0.46,0.7,0.46,3.98,5.48,14.72,1.0,5.24,14.72,3.97,3.67,0.46,0.46,2.98,5.48,12.78,0.46,0.46,2.24,0.7,0.46,4.97,5.74,8.97,1.48,3.92,17.97,2.98,5.64,5.22,3.97,2.84,3.98,1.88,7.98,2.73,4.88,3.48,0.98,4.47,5.97,2.37,3.48,2.48,2.26,3.98,1.77,1.97,3.24,17.97,1.96,3.98,3.98,3.62,4.98,4.97,0.98,1.98,1.88,5.97,4.63,2.24,1.98,1.97,3.97,3.66,2.48,7.94,1.97,0.97,7.97,0.97,8.37,2.97,4.97
2013/11/15,4.64,0.46,0.98,0.7,0.7,11.88,0.7,0.46,7.88,14.72,0.7,6.68,12.98,3.56,10.98,4.88,1.56,5.47,10.98,10.97,0.46,6.87,0.46,5.98,10.98,0.46,0.7,0.46,3.98,5.48,14.72,1.0,5.24,14.72,3.97,3.67,0.46,0.46,2.98,5.48,12.78,0.46,0.46,2.24,0.7,0.46,4.97,5.74,8.97,1.48,3.92,17.97,2.98,5.64,5.22,3.97,2.84,3.98,1.88,7.98,2.73,4.88,3.48,0.98,4.47,5.97,2.37,3.48,2.48,2.26,3.98,1.77,1.97,3.24,17.97,1.96,3.98,3.98,3.62,4.98,4.97,0.98,1.98,1.88,5.97,4.63,2.24,1.98,1.97,3.97,3.66,2.48,7.94,1.97,0.97,7.97,0.97,8.37,2.97,4.97
2013/11/16,4.64,0.46,0.98,0.7,0.7,11.88,0.7,0.46,7.88,14.72,0.7,6.68,12.98,3.56,10.98,4.88,1.56,5.47,10.98,10.97,0.46,6.87,0.46,5.98,10.98,0.46,0.7,0.46,3.98,5.48,14.72,1.0,5.24,14.72,3.97,3.67,0.46,0.46,2.98,5.48,12.78,0.46,0.46,2.24,0.7,0.46,4.97,5.74,8.97,1.48,3.92,17.97,2.98,5.64,5.22,3.97,2.84,3.98,1.88,7.98,2.73,4.88,3.48,0.98,4.47,5.97,2.37,3.48,2.48,2.26,3.98,1.77,1.97,3.24,17.97,1.96,3.98,3.98,3.62,4.98,4.97,0.98,1.98,1.88,5.97,4.63,2.24,1.98,1.97,3.97,3.66,2.48,7.94,1.97,0.97,7.97,0.97,8.37,2.97,4.97
2013/11/17,4.64,0.46,0.98,0.7,0.7,11.88,0.7,0.46,7.88,14.72,0.7,6.68,12.98,3.56,10.98,4.88,1.56,5.47,10.98,10.97,0.46,6.87,0.46,5.98,10.98,0.46,0.7,0.46,3.98,5.48,14.72,1.0,5.24,14.72,3.97,3.67,0.46,0.46,2.98,5.48,12.78,0.46,0.46,2.24,0.7,0.46,4.97,5.74,8.97,1.48,3.92,17.97,2.98,5.64,5.22,3.97,2.84,3.98,1.88,7.98,2.73,4.88,3.48,0.98,4.47,5.97,2.37,3.48,2.48,2.26,3.98,1.77,1.97,3.24,17.97,1.96,3.98,3.98,3.62,4.98,4.97,0.98,1.98,1.88,5.97,4.63,2.24,1.98,1.97,3.97,3.66,2.48,7.94,1.97,0.97,7.97,0.97,8.37,2.97,4.97
2013/11/18,4.64,0.46,0.98,0.7,0.7,11.88,0.7,0.46,7.88,14.72,0.7,6.68,12.98,3.56,10.98,4.88,1.56,5.47,10.98,10.97,0.46,6.87,0.46,5.98,10.98,0.46,0.7,0.46,3.98,5.48,14.72,1.0,5.24,14.72,3.97,3.67,0.46,0.46,2.98,5.48,12.78,0.46,0.46,2.24,0.7,0.46,4.97,5.74,8.97,1.48,3.92,17.97,2.98,5.64,5.22,3.97,2.84,3.98,1.88,7.98,2.73,4.88,3.48,0.98,4.47,5.97,2.37,3.48,2.48,2.26,3.98,1.77,1.97,3.24,17.97,1.96,3.98,3.98,3.62,4.98,4.97,0.98,1.98,1.88,5.97,4.63,2.24,1.98,1.97,3.97,3.66,2.48,7.94,1.97,0.97,7.97,0.97,8.37,2.97,4.97
2013/11/19,4.64,0.46,0.98,0.7,0.7,11.88,0.7,0.46,7.88,14.72,0.7,6.68,12.98,3.56,10.98,4.88,1.56,5.47,10.98,10.97,0.46,6.87,0.46,5.98,10.98,0.46,0.7,0.46,3.98,5.48,14.72,1.0,5.24,14.72,3.97,3.67,0.46,0.46,2.98,5.48,12.78,0.46,0.46,2.24,0.7,0.46,4.97,5.74,8.97,1.48,3.92,17.97,2.98,5.64,5.22,3.97,2.84,3.98,1.88,7.98,2.73,4.88,3.48,0.98,4.47,5.97,2.37,3.48,2.48,2.26,3.98,1.77,1.97,3.24,17.97,1.96,3.98,3.98,3.62,4.98,4.97,0.98,1.98,1.88,5.97,4.63,2.24,1.98,1.97,3.97,3.66,2.48,7.94,1.97,0.97,7.97,0.97,8.37,2.97,4.97
2013/11/20,4.64,0.46,0.98,0.7,0.7,11.88,0.7,0.46,7.88,14.72,0.7,6.68,12.98,3.56,10.98,4.88,1.56,5.47,10.98,10.97,0.46,6.87,0.46,5.98,10.98,0.46,0.7,0.46,3.98,5.48,14.72,1.0,5.24,14.72,3.97,3.67,0.46,0.46,2.98,5.48,12.78,0.46,0.46,2.24,0.7,0.46,4.97,5.74,8.97,1.48,3.92,17.97,2.98,5.64,5.22,3.97,2.84,3.98,1.88,7.98,2.73,4.88,3.48,0.98,4.47,5.97,2.37,3.48,2.48,2.26,3.98,1.77,1.97,3.24,17.97,1.96,3.98,3.98,3.62,4.98,4.97,0.98,1.98,1.88,5.97,4.63,2.24,1.98,1.97,3.97,3.66,2.48,7.94,1.97,0.97,7.97,0.97,8.37,2.97,4.97
2013/11/21,4.64,0.46,0.98,0.7,0.7,11.88,0.7,0.46,7.88,14.72,0.7,6.68,12.98,3.56,10.98,4.88,1.56,5.47,10.98,10.97,0.46,6.87,0.46,5.98,10.98,0.46,0.7,0.46,3.98,5.48,14.72,1.0,5.24,14.72,3.97,3.67,0.46,0.46,2.98,5.48,12.78,0.46,0.46,2.24,0.7,0.46,4.97,5.74,8.97,1.48,3.92,17.97,2.98,5.64,5.22,3.97,2.84,3.98,1.88,7.98,2.73,4.88,3.48,0.98,4.47,5.97,2.37,3.48,2.48,2.26,3.98,1.77,1.97,3.24,17.97,1.96,3.98,3.98,3.62,4.98,4.97,0.98,1.98,1.88,5.97,4.63,2.24,1.98,1.97,3.97,3.66,2.48,7.94,1.97,0.97,7.97,0.97,8.37,2.97,4.97
2013/11/22,4.64,0.46,0.98,0.7,0.7,11.88,0.7,0.46,7.88,14.72,0.7,6.68,12.98,3.56,10.98,4.88,1.56,5.47,10.98,10.97,0.46,6.87,0.46,5.98,10.98,0.46,0.7,0.46,3.98,5.48,14.72,1.0,5.24,14.72,3.97,3.67,0.46,0.46,2.98,5.48,12.78,0.46,0.46,2.24,0.7,0.46,4.97,5.74,8.97,1.48,3.92,17.97,2.98,5.64,5.22,3.97,2.84,3.98,1.88,7.98,2.73,4.88,3.48,0.98,4.47,5.97,2.37,3.48,2.48,2.26,3.98,1.77,1.97,3.24,17.97,1.96,3.98,3.98,3.62,4.98,4.97,0.98,1.98,1.88,5.97,4.63,2.24,1.98,1.97,3.97,3.66,2.48,7.94,1.97,0.97,7.97,0.97,8.37,2.97,4.97
2013/11/23,4.64,0.46,0.98,0.7,0.7,11.88,0.7,0.46,7.88,14.72,0.7,6.68,12.98,3.56,10.98,4.88,1.56,5.47,10.98,10.97,0.46,6.87,0.46,5.98,10.98,0.46,0.7,0.46,3.98,5.48,14.72,1.0,5.24,14.72,3.97,3.67,0.46,0.46,2.98,5.48,12.78,0.46,0.46,2.24,0.7,0.46,4.97,5.74,8.97,1.48,3.92,17.97,2.98,5.64,5.22,3.97,2.84,3.98,1.88,7.98,2.73,4.88,3.48,0.98,4.47,5.97,2.37,3.48,2.48,2.26,3.98,1.77,1.97,3.24,17.97,1.96,3.98,3.98,3.62,4.98,4.97,0.98,1.98,1.88,5.97,4.63,2.24,1.98,1.97,3.97,3.66,2.48,7.94,1.97,0.97,7.97,0.97,8.37,2.97,4.97
2013/11/24,4.64,0.46,0.98,0.7,0.7,11.88,0.7,0.46,7.88,14.72,0.7,6.68,12.98,3.56,10.98,4.88,1.56,5.47,10.98,10.97,0.46,6.87,0.46,5.98,10.98,0.46,0.7,0.46,3.98,5.48,14.72,1.0,5.24,14.72,3.97,3.67,0.46,0.46,2.98,5.48,12.78,0.46,0.46,2.24,0.7,0.46,4.97,5.74,8.97,1.48,3.92,17.97,2.98,5.64,5.22,3.97,2.84,3.98,1.88,7.98,2.73,4.88,3.48,0.98,4.47,5.97,2.37,3.48,2.48,2.26,3.98,1.77,1.97,3.24,17.97,1.96,3.98,3.98,3.62,4.98,4.97,0.98,1.98,1.88,5.97,4.63,2.24,1.98,1.97,3.97,3.66,2.48,7.94,1.97,0.97,7.97,0.97,8.37,2.97,4.97
2013/11/25,4.64,0.46,0.98,0.7,0.7,11.88,0.7,0.46,7.88,14.72,0.7,6.68,12.98,3.56,10.98,4.88,1.56,5.47,10.98,10.97,0.46,6.87,0.46,5.98,10.98,0.46,0.7,0.46,3.98,5.48,14.72,1.0,5.24,14.72,3.97,3.67,0.46,0.46,2.98,5.48,12.78,0.46,0.46,2.24,0.7,0.46,4.97,5.74,8.97,1.48,3.92,17.97,2.98,5.64,5.22,3.97,2.84,3.98,1.88,7.98,2.73,4.88,3.48,0.98,4.47,5.97,2.37,3.48,2.48,2.26,3.98,1.77,1.97,3.24,17.97,1.96,3.98,3.98,3.62,4.98,4.97,0.98,1.98,1.88,5.97,4.63,2.24,1.98,1.97,3.97,3.66,2.48,7.94,1.97,0.97,7.97,0.97,8.37,2.97,4.97
2013/11/26,4.64,0.46,0.98,0.7,0.7,11.88,0.7,0.46,7.88,14.72,0.7,6.68,12.98,3.56,10.98,4.88,1.56,5.47,10.98,10.97,0.46,6.87,0.46,5.98,10.98,0.46,0.7,0.46,3.98,5.48,14.72,1.0,5.24,14.72,3.97,3.67,0.46,0.46,2.98,5.48,12.78,0.46,0.46,2.24,0.7,0.46,4.97,5.74,8.97,1.48,3.92,17.97,2.98,5.64,5.22,3.97,2.84,3.98,1.88,7.98,2.73,4.88,3.48,0.98,4.47,5.97,2.37,3.48,2.48,2.26,3.98,1.77,1.97,3.24,17.97,1.96,3.98,3.98,3.62,4.98,4.97,0.98,1.98,1.88,5.97,4.63,2.24,1.98,1.97,3.97,3.66,2.48,7.94,1.97,0.97,7.97,0.97,8.37,2.97,4.97
2013/11/27,4.64,0.46,0.98,0.7,0.7,11.88,0.7,0.46,7.88,14.72,0.7,6.68,12.98,3.56,10.98,4.88,1.56,5.47,10.98,10.97,0.46,6.87,0.46,5.98,10.98,0.46,0.7,0.46,3.98,5.48,14.72,1.0,5.24,14.72,3.97,3.67,0.46,0.46,2.98,5.48,12.78,0.46,0.46,2.24,0.7,0.46,4.97,5.74,8.97,1.48,3.92,17.97,2.98,5.64,5.22,3.97,2.84,3.98,1.88,7.98,2.73,4.88,3.48,0.98,4.47,5.97,2.37,3.48,2.48,2.26,3.98,1.77,1.97,3.24,17.97,1.96,3.98,3.98,3.62,4.98,4.97,0.98,1.98,1.88,5.97,4.63,2.24,1.98,1.97,3.97,3.66,2.48,7.94,1.97,0.97,7.97,0.97,8.37,2.97,4.97
2013/11/28,4.64,0.46,0.98,0.7,0.7,11.88,0.7,0.46,7.88,14.72,0.7,6.68,12.98,3.56,10.98,4.88,1.56,5.47,10.98,10.97,0.46,6.87,0.46,5.98,10.98,0.46,0.7,0.46,3.98,5.48,14.72,1.0,5.24,14.72,3.97,3.67,0.46,0.46,2.98,5.48,12.78,0.46,0.46,2.24,0.7,0.46,4.97,5.74,8.97,1.48,3.92,17.97,2.98,5.64,5.22,3.97,2.84,3.98,1.88,7.98,2.73,4.88,3.48,0.98,4.47,5.97,2.37,3.48,2.48,2.26,3.98,1.77,1.97,3.24,17.97,1.96,3.98,3.98,3.62,4.98,4.97,0.98,1.98,1.88,5.97,4.63,2.24,1.98,1.97,3.97,3.66,2.48,7.94,1.97,0.97,7.97,0.97,8.37,2.97,4.97
2013/11/29,4.64,0.46,0.98,0.7,0.7,11.88,0.7,0.46,7.88,14.72,0.7,6.68,12.98,3.56,10.98,4.88,1.56,5.47,10.98,10.97,0.46,6.87,0.46,5.98,10.98,0.46,0.7,0.46,3.98,5.48,14.72,1.0,5.24,14.72,3.97,3.67,0.46,0.46,2.98,5.48,12.78,0.46,0.46,2.24,0.7,0.46,4.97,5.74,8.97,1.48,3.92,17.97,2.98,5.64,5.22,3.97,2.84,3.98,1.88,7.98,2.73,4.88,3.48,0.98,4.47,5.97,2.37,3.48,2.48,2.26,3.98,1.77,1.97,3.24,17.97,1.96,3.98,3.98,3.62,4.98,4.97,0.98,1.98,1.88,5.97,4.63,2.24,1.98,1.97,3.97,3.66,2.48,7.94,1.97,0.97,7.97,0.97,8.37,2.97,4.97
2013/11/30,4.64,0.46,0.98,0.7,0.7,11.88,0.7,0.46,7.88,14.72,0.7,6.68,12.98,3.56,10.98,4.88,1.56,5.47,10.98,10.97,0.46,6.87,0.46,5.98,10.98,0.46,0.7,0.46,3.98,5.48,14.72,1.0,5.24,14.72,3.97,3.67,0.46,0.46,2.98,5.48,12.78,0.46,0.46,2.24,0.7,0.46,4.97,5.74,8.97,1.48,3.92,17.97,2.98,5.64,5.22,3.97,2.84,3.98,1.88,7.98,2.73,4.88,3.48,0.98,4.47,5.97,2.37,3.48,2.48,2.26,3.98,1.77,1.97,3.24,17.97,1.96,3.98,3.98,3.62,4.98,4.97,0.98,1.98,1.88,5.97,4.63,2.24,1.98,1.97,3.97,3.66,2.48,7.94,1.97,0.97,7.97,0.97,8.37,2.97,4.97
2013/12/01,4.64,0.46,0.98,0.7,0.7,11.88,0.7,0.46,7.88,14.72,0.7,6.68,12.98,3.56,10.98,4.88,1.56,5.47,10.98,10.97,0.46,6.87,0.46,5.98,10.98,0.46,0.7,0.46,3.98,5.48,14.72,1.0,5.24,14.72,3.97,3.67,0.46,0.46,2.98,5.48,12.78,0.46,0.46,2.24,0.7,0.46,4.97,5.74,8.97,1.48,3.92,17.97,2.98,5.64,5.22,3.97,2.84,3.98,1.88,7.98,2.73,4.88,3.48,0.98,4.47,5.97,2.37,3.48,2.48,2.26,3.98,1.77,1.97,3.24,17.97,1.96,3.98,3.98,3.62,4.98,4.97,0.98,1.98,1.88,5.97,4.63,2.24,1.98,1.97,3.97,3.66,2.48,7.94,1.97,0.97,7.97,0.97,8.37,2.97,4.97
2013/12/02,4.64,0.46,0.98,0.7,0.7,11.88,0.7,0.46,7.88,14.72,0.7,6.68,12.98,3.56,10.98,4.88,1.56,5.47,10.98,10.97,0.46,6.87,0.46,5.98,10.98,0.46,0.7,0.46,3.98,5.48,14.72,1.0,5.24,14.72,3.97,3.67,0.46,0.46,2.98,5.48,12.78,0.46,0.46,2.24,0.7,0.46,4.97,5.74,8.97,1.48,3.92,17.97,2.98,5.64,5.22,3.97,2.84,3.98,1.88,7.98,2.73,4.88,3.48,0.98,4.47,5.97,2.37,3.48,2.48,2.26,3.98,1.77,1.97,3.24,17.97,1.96,3.98,3.98,3.62,4.98,4.97,0.98,1.98,1.88,5.97,4.63,2.24,1.98,1.97,3.97,3.66,2.48,7.94,1.97,0.97,7.97,0.97,8.37,2.97,4.97
2013/12/03,4.64,0.46,0.98,0.7,0.7,11.88,0.7,0.46,7.88,14.72,0.7,6.68,12.98,3.56,10.98,4.88,1.56,5.47,10.98,10.97,0.46,6.87,0.46,5.98,10.98,0.46,0.7,0.46,3.98,5.48,14.72,1.0,5.24,14.72,3.97,3.67,0.46,0.46,2.98,5.48,12.78,0.46,0.46,2.24,0.7,0.46,4.97,5.74,8.97,1.48,3.92,17.97,2.98,5.64,5.22,3.97,2.84,3.98,1.88,7.98,2.73,4.88,3.48,0.98,4.47,5.97,2.37,3.48,2.48,2.26,3.98,1.77,1.97,3.24,17.97,1.96,3.98,3.98,3.62,4.98,4.97,0.98,1.98,1.88,5.97,4.63,2.24,1.98,1.97,3.97,3.66,2.48,7.94,1.97,0.97,7.97,0.97,8.37,2.97,4.97
2013/12/04,4.64,0.46,0.98,0.7,0.7,11.88,0.7,0.46,7.88,14.72,0.7,6.68,12.98,3.56,10.98,4.88,1.56,5.47,10.98,10.97,0.46,6.87,0.46,5.98,10.98,0.46,0.7,0.46,3.98,5.48,14.72,1.0,5.24,14.72,3.97,3.67,0.46,0.46,2.98,5.48,12.78,0.46,0.46,2.24,0.7,0.46,4.97,5.74,8.97,1.48,3.92,17.97,2.98,5.64,5.22,3.97,2.84,3.98,1.88,7.98,2.73,4.88,3.48,0.98,4.47,5.97,2.37,3.48,2.48,2.26,3.98,1.77,1.97,3.24,17.97,1.96,3.98,3.98,3.62,4.98,4.97,0.98,1.98,1.88,5.97,4.63,2.24,1.98,1.97,3.97,3.66,2.48,7.94,1.97,0.97,7.97,0.97,8.37,2.97,4.97
2013/12/05,4.64,0.46,0.98,0.7,0.7,11.88,0.7,0.46,7.88,14.72,0.7,6.68,12.98,3.56,10.98,4.88,1.56,5.47,10.98,10.97,0.46,6.87,0.46,5.98,10.98,0.46,0.7,0.46,3.98,5.48,14.72,1.0,5.24,14.72,3.97,3.67,0.46,0.46,2.98,5.48,12.78,0.46,0.46,2.24,0.7,0.46,4.97,5.74,8.97,1.48,3.92,17.97,2.98,5.64,5.22,3.97,2.84,3.98,1.88,7.98,2.73,4.88,3.48,0.98,4.47,5.97,2.37,3.48,2.48,2.26,3.98,1.77,1.97,3.24,17.97,1.96,3.98,3.98,3.62,4.98,4.97,0.98,1.98,1.88,5.97,4.63,2.24,1.98,1.97,3.97,3.66,2.48,7.94,1.97,0.97,7.97,0.97,8.37,2.97,4.97
2013/12/06,4.64,0.46,0.98,0.7,0.7,11.88,0.7,0.46,7.88,14.72,0.7,6.68,12.98,3.56,10.98,4.88,1.56,5.47,10.98,10.97,0.46,6.87,0.46,5.98,10.98,0.46,0.7,0.46,3.98,5.48,14.72,1.0,5.24,14.72,3.97,3.67,0.46,0.46,2.98,5.48,12.78,0.46,0.46,2.24,0.7,0.46,4.97,5.74,8.97,1.48,3.92,17.97,2.98,5.64,5.22,3.97,2.84,3.98,1.88,7.98,2.73,4.88,3.48,0.98,4.47,5.97,2.37,3.48,2.48,2.26,3.98,1.77,1.97,3.24,17.97,1.96,3.98,3.98,3.62,4.98,4.97,0.98,1.98,1.88,5.97,4.63,2.24,1.98,1.97,3.97,3.66,2.48,7.94,1.97,0.97,7.97,0.97,8.37,2.97,4.97
2013/12/07,4.64,0.46,0.98,0.7,0.7,11.88,0.7,0.46,7.88,14.72,0.7,6.68,12.98,3.56,10.98,4.88,1.56,5.47,10.98,10.97,0.46,6.87,0.46,5.98,10.98,0.46,0.7,0.46,3.98,5.48,14.72,1.0,5.24,14.72,3.97,3.67,0.46,0.46,2.98,5.48,12.78,0.46,0.46,2.24,0.7,0.46,4.97,5.74,8.97,1.48,3.92,17.97,2.98,5.64,5.22,3.97,2.84,3.98,1.88,7.98,2.73,4.88,3.48,0.98,4.47,5.97,2.37,3.48,2.48,2.26,3.98,1.77,1.97,3.24,17.97,1.96,3.98,3.98,3.62,4.98,4.97,0.98,1.98,1.88,5.97,4.63,2.24,1.98,1.97,3.97,3.66,2.48,7.94,1.97,0.97,7.97,0.97,8.37,2.97,4.97
2013/12/08,4.64,0.46,0.98,0.7,0.7,11.88,0.7,0.46,7.88,14.72,0.7,6.68,12.98,3.56,10.98,4.88,1.56,5.47,10.98,10.97,0.46,6.87,0.46,5.98,10.98,0.46,0.7,0.46,3.98,5.48,14.72,1.0,5.24,14.72,3.97,3.67,0.46,0.46,2.98,5.48,12.78,0.46,0.46,2.24,0.7,0.46,4.97,5.74,8.97,1.48,3.92,17.97,2.98,5.64,5.22,3.97,2.84,3.98,1.88,7.98,2.73,4.88,3.48,0.98,4.47,5.97,2.37,3.48,2.48,2.26,3.98,1.77,1.97,3.24,17.97,1.96,3.98,3.98,3.62,4.98,4.97,0.98,1.98,1.88,5.97,4.63,2.24,1.98,1.97,3.97,3.66,2.48,7.94,1.97,0.97,7.97,0.97,8.37,2.97,4.97
2013/12/09,4.64,0.46,0.98,0.7,0.7,11.88,0.7,0.46,7.88,14.72,0.7,6.68,12.98,3.56,10.98,4.88,1.56,5.47,10.98,10.97,0.46,6.87,0.46,5.98,10.98,0.46,0.7,0.46,3.98,5.48,14.72,1.0,5.24,14.72,3.97,3.67,0.46,0.46,2.98,5.48,12.78,0.46,0.46,2.24,0.7,0.46,4.97,5.74,8.97,1.48,3.92,17.97,2.98,5.64,5.22,3.97,2.84,3.98,1.88,7.98,2.73,4.88,3.48,0.98,4.47,5.97,2.37,3.48,2.48,2.26,3.98,1.77,1.97,3.24,17.97,1.96,3.98,3.98,3.62,4.98,4.97,0.98,1.98,1.88,5.97,4.63,2.24,1.98,1.97,3.97,3.66,2.48,7.94,1.97,0.97,7.97,0.97,8.37,2.97,4.97
2013/12/10,4.64,0.46,0.98,0.7,0.7,11.88,0.7,0.46,7.88,14.72,0.7,6.68,12.98,3.56,10.98,4.88,1.56,5.47,10.98,10.97,0.46,6.87,0.46,5.98,10.98,0.46,0.7,0.46,3.98,5.48,14.72,1.0,5.24,14.72,3.97,3.67,0.46,0.46,2.98,5.48,12.78,0.46,0.46,2.24,0.7,0.46,4.97,5.74,8.97,1.48,3.92,17.97,2.98,5.64,5.22,3.97,2.84,3.98,1.88,7.98,2.73,4.88,3.48,0.98,4.47,5.97,2.37,3.48,2.48,2.26,3.98,1.77,1.97,3.24,17.97,1.96,3.98,3.98,3.62,4.98,4.97,0.98,1.98,1.88,5.97,4.63,2.24,1.98,1.97,3.97,3.66,2.48,7.94,1.97,0.97,7.97,0.97,8.37,2.97,4.97
2013/12/11,4.64,0.46,0.98,0.7,0.7,11.88,0.7,0.46,7.88,14.72,0.7,6.68,12.98,3.56,10.98,4.88,1.56,5.47,10.98,10.97,0.46,6.87,0.46,5.98,10.98,0.46,0.7,0.46,3.98,5.48,14.72,1.0,5.24,14.72,3.97,3.67,0.46,0.46,2.98,5.48,12.78,0.46,0.46,2.24,0.7,0.46,4.97,5.74,8.97,1.48,3.92,17.97,2.98,5.64,5.22,3.97,2.84,3.98,1.88,7.98,2.73,4.88,3.48,0.98,4.47,5.97,2.37,3.48,2.48,2.26,3.98,1.77,1.97,3.24,17.97,1.96,3.98,3.98,3.62,4.98,4.97,0.98,1.98,1.88,5.97,4.63,2.24,1.98,1.97,3.97,3.66,2.48,7.94,1.97,0.97,7.97,0.97,8.37,2.97,4.97
2013/12/12,4.64,0.46,0.98,0.7,0.7,11.88,0.7,0.46,7.88,14.72,0.7,6.68,12.98,3.56,10.98,4.88,1.56,5.47,10.98,10.97,0.46,6.87,0.46,5.98,10.98,0.46,0.7,0.46,3.98,5.48,14.72,1.0,5.24,14.72,3.97,3.67,0.46,0.46,2.98,5.48,12.78,0.46,0.46,2.24,0.7,0.46,4.97,5.74,8.97,1.48,3.92,17.97,2.98,5.64,5.22,3.97,2.84,3.98,1.88,7.98,2.73,4.88,3.48,0.98,4.47,5.97,2.37,3.48,2.48,2.26,3.98,1.77,1.97,3.24,17.97,1.96,3.98,3.98,3.62,4.98,4.97,0.98,1.98,1.88,5.97,4.63,2.24,1.98,1.97,3.97,3.66,2.48,7.94,1.97,0.97,7.97,0.97,8.37,2.97,4.97
2013/12/13,4.64,0.46,0.98,0.7,0.7,11.88,0.7,0.46,7.88,14.72,0.7,6.68,12.98,3.56,10.98,4.88,1.56,5.47,10.98,10.97,0.46,6.87,0.46,5.98,10.98,0.46,0.7,0.46,3.98,5.48,14.72,1.0,5.24,14.72,3.97,3.67,0.46,0.46,2.98,5.48,12.78,0.46,0.46,2.24,0.7,0.46,4.97,5.74,8.97,1.48,3.92,17.97,2.98,5.64,5.22,3.97,2.84,3.98,1.88,7.98,2.73,4.88,3.48,0.98,4.47,5.97,2.37,3.48,2.48,2.26,3.98,1.77,1.97,3.24,17.97,1.96,3.98,3.98,3.62,4.98,4.97,0.98,1.98,1.88,5.97,4.63,2.24,1.98,1.97,3.97,3.66,2.48,7.94,1.97,0.97,7.97,0.97,8.37,2.97,4.97
2013/12/14,4.64,0.46,0.98,0.7,0.7,11.88,0.7,0.46,7.88,14.72,0.7,6.68,12.98,3.56,10.98,4.88,1.56,5.47,10.98,10.97,0.46,6.87,0.46,5.98,10.98,0.46,0.7,0.46,3.98,5.48,14.72,1.0,5.24,14.72,3.97,3.67,0.46,0.46,2.98,5.48,12.78,0.46,0.46,2.24,0.7,0.46,4.97,5.74,8.97,1.48,3.92,17.97,2.98,5.64,5.22,3.97,2.84,3.98,1.88,7.98,2.73,4.88,3.48,0.98,4.47,5.97,2.37,3.48,2.48,2.26,3.98,1.77,1.97,3.24,17.97,1.96,3.98,3.98,3.62,4.98,4.97,0.98,1.98,1.88,5.97,4.63,2.24,1.98,1.97,3.97,3.66,2.48,7.94,1.97,0.97,7.97,0.97,8.37,2.97,4.97
2013/12/15,4.64,0.46,0.98,0.7,0.7,11.88,0.7,0.46,7.88,14.72,0.7,6.68,12.98,3.56,10.98,4.88,1.56,5.47,10.98,10.97,0.46,6.87,0.46,5.98,10.98,0.46,0.7,0.46,3.98,5.48,14.72,1.0,5.24,14.72,3.97,3.67,0.46,0.46,2.98,5.48,12.78,0.46,0.46,2.24,0.7,0.46,4.97,5.74,8.97,1.48,3.92,17.97,2.98,5.64,5.22,3.97,2.84,3.98,1.88,7.98,2.73,4.88,3.48,0.98,4.47,5.97,2.37,3.48,2.48,2.26,3.98,1.77,1.97,3.24,17.97,1.96,3.98,3.98,3.62,4.98,4.97,0.98,1.98,1.88,5.97,4.63,2.24,1.98,1.97,3.97,3.66,2.48,7.94,1.97,0.97,7.97,0.97,8.37,2.97,4.97
2013/12/16,4.64,0.46,0.98,0.7,0.7,11.88,0.7,0.46,7.88,14.72,0.7,6.68,12.98,3.56,10.98,4.88,1.56,5.47,10.98,10.97,0.46,6.87,0.46,5.98,10.98,0.46,0.7,0.46,3.98,5.48,14.72,1.0,5.24,14.72,3.97,3.67,0.46,0.46,2.98,5.48,12.78,0.46,0.46,2.24,0.7,0.46,4.97,5.74,8.97,1.48,3.92,17.97,2.98,5.64,5.22,3.97,2.84,3.98,1.88,7.98,2.73,4.88,3.48,0.98,4.47,5.97,2.37,3.48,2.48,2.26,3.98,1.77,1.97,3.24,17.97,1.96,3.98,3.98,3.62,4.98,4.97,0.98,1.98,1.88,5.97,4.63,2.24,1.98,1.97,3.97,3.66,2.48,7.94,1.97,0.97,7.97,0.97,8.37,2.97,4.97
2013/12/17,4.64,0.46,0.98,0.7,0.7,11.88,0.7,0.46,7.88,14.72,0.7,6.68,12.98,3.56,10.98,4.88,1.56,5.47,10.98,10.97,0.46,6.87,0.46,5.98,10.98,0.46,0.7,0.46,3.98,5.48,14.72,1.0,5.24,14.72,3.97,3.67,0.46,0.46,2.98,5.48,12.78,0.46,0.46,2.24,0.7,0.46,4.97,5.74,8.97,1.48,3.92,17.97,2.98,5.64,5.22,3.97,2.84,3.98,1.88,7.98,2.73,4.88,3.48,0.98,4.47,5.97,2.37,3.48,2.48,2.26,3.98,1.77,1.97,3.24,17.97,1.96,3.98,3.98,3.62,4.98,4.97,0.98,1.98,1.88,5.97,4.63,2.24,1.98,1.97,3.97,3.66,2.48,7.94,1.97,0.97,7.97,0.97,8.37,2.97,4.97
2013/12/18,4.64,0.46,0.98,0.7,0.7,11.88,0.7,0.46,7.88,14.72,0.7,6.68,12.98,3.56,10.98,4.88,1.56,5.47,10.98,10.97,0.46,6.87,0.46,5.98,10.98,0.46,0.7,0.46,3.98,5.48,14.72,1.0,5.24,14.72,3.97,3.67,0.46,0.46,2.98,5.48,12.78,0.46,0.46,2.24,0.7,0.46,4.97,5.74,8.97,1.48,3.92,17.97,2.98,5.64,5.22,3.97,2.84,3.98,1.88,7.98,2.73,4.88,3.48,0.98,4.47,5.97,2.37,3.48,2.48,2.26,3.98,1.77,1.97,3.24,17.97,1.96,3.98,3.98,3.62,4.98,4.97,0.98,1.98,1.88,5.97,4.63,2.24,1.98,1.97,3.97,3.66,2.48,7.94,1.97,0.97,7.97,0.97,8.37,2.97,4.97
2013/12/19,4.64,0.46,0.98,0.7,0.7,11.88,0.7,0.46,7.88,14.72,0.7,6.68,12.98,3.56,10.98,4.88,1.56,5.47,10.98,10.97,0.46,6.87,0.46,5.98,10.98,0.46,0.7,0.46,3.98,5.48,14.72,1.0,5.24,14.72,3.97,3.67,0.46,0.46,2.98,5.48,12.78,0.46,0.46,2.24,0.7,0.46,4.97,5.74,8.97,1.48,3.92,17.97,2.98,5.64,5.22,3.97,2.84,3.98,1.88,7.98,2.73,4.88,3.48,0.98,4.47,5.97,2.37,3.48,2.48,2.26,3.98,1.77,1.97,3.24,17.97,1.96,3.98,3.98,3.62,4.98,4.97,0.98,1.98,1.88,5.97,4.63,2.24,1.98,1.97,3.97,3.66,2.48,7.94,1.97,0.97,7.97,0.97,8.37,2.97,4.97
2013/12/20,4.64,0.46,0.98,0.7,0.7,11.88,0.7,0.46,7.88,14.72,0.7,6.68,12.98,3.56,10.98,4.88,1.56,5.47,10.98,10.97,0.46,6.87,0.46,5.98,10.98,0.46,0.7,0.46,3.98,5.48,14.72,1.0,5.24,14.72,3.97,3.67,0.46,0.46,2.98,5.48,12.78,0.46,0.46,2.24,0.7,0.46,4.97,5.74,8.97,1.48,3.92,17.97,2.98,5.64,5.22,3.97,2.84,3.98,1.88,7.98,2.73,4.88,3.48,0.98,4.47,5.97,2.37,3.48,2.48,2.26,3.98,1.77,1.97,3.24,17.97,1.96,3.98,3.98,3.62,4.98,4.97,0.98,1.98,1.88,5.97,4.63,2.24,1.98,1.97,3.97,3.66,2.48,7.94,1.97,0.97,7.97,0.97,8.37,2.97,4.97
2013/12/21,4.64,0.46,0.98,0.7,0.7,11.88,0.7,0.46,7.88,14.72,0.7,6.68,12.98,3.87,10.98,4.88,1.56,5.47,10.98,10.97,0.46,6.87,0.46,5.98,10.98,0.46,0.7,0.46,3.98,5.48,14.72,1.0,5.24,14.72,3.97,3.67,0.46,0.46,2.98,5.48,12.78,0.46,0.46,2.24,0.7,0.46,4.97,5.74,8.97,1.48,3.92,17.97,2.98,5.64,5.22,3.97,2.84,3.98,1.88,7.98,2.73,4.88,3.48,0.98,4.47,5.97,2.37,3.48,2.48,2.26,3.98,1.77,1.97,3.24,17.97,1.96,3.98,3.98,3.62,4.98,4.97,0.98,1.98,1.88,5.97,4.63,2.24,1.98,1.97,3.97,3.66,2.48,7.94,1.97,0.97,7.97,0.97,8.37,2.97,4.97
2013/12/22,4.64,0.46,0.98,0.7,0.7,11.88,0.7,0.46,7.88,14.72,0.7,6.68,12.98,3.87,10.98,4.88,1.56,5.47,10.98,10.97,0.46,6.87,0.46,5.98,10.98,0.46,0.7,0.46,3.98,5.48,14.72,1.0,5.24,14.72,3.97,3.67,0.46,0.46,2.98,5.48,12.78,0.46,0.46,2.24,0.7,0.46,4.97,5.74,8.97,1.48,3.92,17.97,2.98,5.64,5.22,3.97,2.84,3.98,1.88,7.98,2.73,4.88,3.48,0.98,4.47,5.97,2.37,3.48,2.48,2.26,3.98,1.77,1.97,3.24,17.97,1.96,3.98,3.98,3.62,4.98,4.97,0.98,1.98,1.88,5.97,4.63,2.24,1.98,1.97,3.97,3.66,2.48,7.94,1.97,0.97,7.97,0.97,8.37,2.97,4.97
2013/12/23,4.64,0.46,0.98,0.7,0.7,11.88,0.7,0.46,7.88,14.72,0.7,6.68,12.98,3.87,10.98,4.88,1.56,5.47,10.98,10.97,0.46,6.87,0.46,5.98,10.98,0.46,0.7,0.46,3.98,5.48,14.72,1.0,5.24,14.72,3.97,3.67,0.46,0.46,2.98,5.48,12.78,0.46,0.46,2.24,0.7,0.46,4.97,5.74,8.97,1.48,3.92,17.97,2.98,5.64,5.22,3.97,2.84,3.98,1.88,7.98,2.73,4.88,3.48,0.98,4.47,5.97,2.37,3.48,2.48,2.26,3.98,1.77,1.97,3.24,17.97,1.96,3.98,3.98,3.62,4.98,4.97,0.98,1.98,1.88,5.97,4.63,2.24,1.98,1.97,3.97,3.66,2.48,7.94,1.97,0.97,7.97,0.97,8.37,2.97,4.97
2013/12/24,4.64,0.46,0.98,0.7,0.7,11.88,0.7,0.46,7.88,14.72,0.7,6.68,12.98,3.87,10.98,4.88,1.56,5.47,10.98,10.97,0.46,6.87,0.46,5.98,10.98,0.46,0.7,0.46,3.98,5.48,14.72,1.0,5.24,14.72,3.97,3.67,0.46,0.46,2.98,5.48,12.78,0.46,0.46,2.24,0.7,0.46,4.97,5.74,8.97,1.48,3.92,17.97,2.98,5.64,5.22,3.97,2.84,3.98,1.88,7.98,2.73,4.88,3.48,0.98,4.47,5.97,2.37,3.48,2.48,2.26,3.98,1.77,1.97,3.24,17.97,1.96,3.98,3.98,3.62,4.98,4.97,0.98,1.98,1.88,5.97,4.63,2.24,1.98,1.97,3.97,3.66,2.48,7.94,1.97,0.97,7.97,0.97,8.37,2.97,4.97
2013/12/25,4.64,0.46,0.98,0.7,0.7,11.88,0.7,0.46,7.88,14.72,0.7,6.68,12.98,3.87,10.98,4.88,1.56,5.47,10.98,10.97,0.46,6.87,0.46,5.98,10.98,0.46,0.7,0.46,3.98,5.48,14.72,1.0,5.24,14.72,3.97,3.67,0.46,0.46,2.98,5.48,12.78,0.46,0.46,2.24,0.7,0.46,4.97,5.74,8.97,1.48,3.92,17.97,2.98,5.64,5.22,3.97,2.84,3.98,1.88,7.98,2.73,4.88,3.48,0.98,4.47,5.97,2.37,3.48,2.48,2.26,3.98,1.77,1.97,3.24,17.97,1.96,3.98,3.98,3.62,4.98,4.97,0.98,1.98,1.88,5.97,4.63,2.24,1.98,1.97,3.97,3.66,2.48,7.94,1.97,0.97,7.97,0.97,8.37,2.97,4.97
2013/12/26,4.64,0.46,0.98,0.7,0.7,11.88,0.7,0.46,7.88,14.72,0.7,6.68,12.98,3.87,10.98,4.88,1.56,5.47,10.98,10.97,0.46,6.87,0.46,5.98,10.98,0.46,0.7,0.46,3.98,5.48,14.72,1.0,5.24,14.72,3.97,3.67,0.46,0.46,2.98,5.48,12.78,0.46,0.46,2.24,0.7,0.46,4.97,5.74,8.97,1.48,3.92,17.97,2.98,5.64,5.22,3.97,2.84,3.98,1.88,7.98,2.73,4.88,3.48,0.98,4.47,5.97,2.37,3.48,2.48,2.26,3.98,1.77,1.97,3.24,17.97,1.96,3.98,3.98,3.62,4.98,4.97,0.98,1.98,1.88,5.97,4.63,2.24,1.98,1.97,3.97,3.66,2.48,7.94,1.97,0.97,7.97,0.97,8.37,2.97,4.97
2013/12/27,4.64,0.46,0.98,0.7,0.7,11.88,0.7,0.46,7.88,14.72,0.7,6.68,12.98,3.87,10.98,4.88,1.56,5.47,10.98,10.97,0.46,6.87,0.46,5.98,10.98,0.46,0.7,0.46,3.98,5.48,14.72,1.0,5.24,14.72,3.97,3.67,0.46,0.46,2.98,5.48,12.78,0.46,0.46,2.24,0.7,0.46,4.97,5.74,8.97,1.48,3.92,17.97,2.98,5.64,5.22,3.97,2.84,3.98,1.88,7.98,2.73,4.88,3.48,0.98,4.47,5.97,2.37,3.48,2.48,2.26,3.98,1.77,1.97,3.24,17.97,1.96,3.98,3.98,3.62,4.98,4.97,0.98,1.98,1.88,5.97,4.63,2.24,1.98,1.97,3.97,3.66,2.48,7.94,1.97,0.97,7.97,0.97,8.37,2.97,4.97
2013/12/28,4.64,0.46,0.98,0.7,0.7,11.88,0.7,0.46,7.88,14.72,0.7,6.68,12.98,3.87,10.98,4.88,1.56,5.47,10.98,10.97,0.46,6.87,0.46,5.98,10.98,0.46,0.7,0.46,3.98,5.48,14.72,1.0,5.24,14.72,3.97,3.67,0.46,0.46,2.98,5.48,12.78,0.46,0.46,2.24,0.7,0.46,4.97,5.74,8.97,1.48,3.92,17.97,2.98,5.64,5.22,3.97,2.84,3.98,1.88,7.98,2.73,4.88,3.48,0.98,4.47,5.97,2.37,3.48,2.48,2.26,3.98,1.77,1.97,3.24,17.97,1.96,3.98,3.98,3.62,4.98,4.97,0.98,1.98,1.88,5.97,4.63,2.24,1.98,1.97,3.97,3.66,2.48,7.94,1.97,0.97,7.97,0.97,8.37,2.97,4.97
2013/12/29,4.64,0.46,0.98,0.7,0.7,11.88,0.7,0.46,7.88,14.72,0.7,6.68,12.98,3.87,10.98,4.88,1.56,5.47,10.98,10.97,0.46,6.87,0.46,5.98,10.98,0.46,0.7,0.46,3.98,5.48,14.72,1.0,5.24,14.72,3.97,3.67,0.46,0.46,2.98,5.48,12.78,0.46,0.46,2.24,0.7,0.46,4.97,5.74,8.97,1.48,3.92,17.97,2.98,5.64,5.22,3.97,2.84,3.98,1.88,7.98,2.73,4.88,3.48,0.98,4.47,5.97,2.37,3.48,2.48,2.26,3.98,1.77,1.97,3.24,17.97,1.96,3.98,3.98,3.62,4.98,4.97,0.98,1.98,1.88,5.97,4.63,2.24,1.98,1.97,3.97,3.66,2.48,7.94,1.97,0.97,7.97,0.97,8.37,2.97,4.97
2013/12/30,4.64,0.46,0.98,0.7,0.7,11.88,0.7,0.46,7.88,14.72,0.7,6.68,12.98,3.87,10.98,4.88,1.56,5.47,10.98,10.97,0.46,6.87,0.46,5.98,10.98,0.46,0.7,0.46,3.98,5.48,14.72,1.0,5.24,14.72,3.97,3.67,0.46,0.46,2.98,5.48,12.78,0.46,0.46,2.24,0.7,0.46,4.97,5.74,8.97,1.48,3.92,17.97,2.98,5.64,5.22,3.97,2.84,3.98,1.88,7.98,2.73,4.88,3.48,0.98,4.47,5.97,2.37,3.48,2.48,2.26,3.98,1.77,1.97,3.24,17.97,1.96,3.98,3.98,3.62,4.98,4.97,0.98,1.98,1.88,5.97,4.63,2.24,1.98,1.97,3.97,3.66,2.48,7.94,1.97,0.97,7.97,0.97,8.37,2.97,4.97
2013/12/31,4.64,0.46,0.98,0.7,0.7,11.88,0.7,0.46,7.88,14.72,0.7,6.68,12.98,3.87,10.98,4.88,1.56,5.47,10.98,10.97,0.46,6.87,0.46,5.98,10.98,0.46,0.7,0.46,3.98,5.48,14.72,1.0,5.24,14.72,3.97,3.67,0.46,0.46,2.98,5.48,12.78,0.46,0.46,2.24,0.7,0.46,4.97,5.74,8.97,1.48,3.92,17.97,2.98,5.64,5.22,3.97,2.84,3.98,1.88,7.98,2.73,4.88,3.48,0.98,4.47,5.97,2.37,3.48,2.48,2.26,3.98,1.77,1.97,3.24,17.97,1.96,3.98,3.98,3.62,4.98,4.97,0.98,1.98,1.88,5.97,4.63,2.24,1.98,1.97,3.97,3.66,2.48,7.94,1.97,0.97,7.97,0.97,8.37,2.97,4.97
2014/01/01,4.64,0.46,0.98,0.7,0.7,11.88,0.7,0.46,7.88,14.72,0.7,6.68,12.98,3.87,10.98,4.88,1.56,5.47,10.98,10.97,0.46,6.87,0.46,5.98,10.98,0.46,0.7,0.46,3.98,5.48,14.72,1.0,5.24,14.72,3.97,3.67,0.46,0.46,2.98,5.48,12.78,0.46,0.46,2.24,0.7,0.46,4.97,5.74,8.97,1.48,3.92,17.97,2.98,5.64,5.22,3.97,2.84,3.98,1.88,7.98,2.73,4.88,3.48,0.98,4.47,5.97,2.37,3.48,2.48,2.26,3.98,1.77,1.97,3.24,17.97,1.96,3.98,3.98,3.62,4.98,4.97,0.98,1.98,1.88,5.97,4.63,2.24,1.98,1.97,3.97,3.66,2.48,7.94,1.97,0.97,7.97,0.97,8.37,2.97,4.97
2014/01/02,4.64,0.46,0.98,0.7,0.7,11.88,0.7,0.46,7.88,14.72,0.7,6.68,12.98,3.87,10.98,4.88,1.56,5.47,10.98,10.97,0.46,6.87,0.46,5.98,10.98,0.46,0.7,0.46,3.98,5.48,14.72,1.0,5.24,14.72,3.97,3.67,0.46,0.46,2.98,5.48,12.78,0.46,0.46,2.24,0.7,0.46,4.97,5.74,8.97,1.48,3.92,17.97,2.98,5.64,5.22,3.97,2.84,3.98,1.88,7.98,2.73,4.88,3.48,0.98,4.47,5.97,2.37,3.48,2.48,2.26,3.98,1.77,1.97,3.24,17.97,1.96,3.98,3.98,3.62,4.98,4.97,0.98,1.98,1.88,5.97,4.63,2.24,1.98,1.97,3.97,3.66,2.48,7.94,1.97,0.97,7.97,0.97,8.37,2.97,4.97
2014/01/03,4.64,0.46,0.98,0.7,0.7,11.88,0.7,0.46,7.88,14.72,0.7,6.68,12.98,3.87,10.98,4.88,1.56,5.47,10.98,10.97,0.46,6.87,0.46,5.98,10.98,0.46,0.7,0.46,3.98,5.48,14.72,1.0,5.24,14.72,3.97,3.67,0.46,0.46,2.98,5.48,12.78,0.46,0.46,2.24,0.7,0.46,4.97,5.74,8.97,1.48,3.92,17.97,2.98,5.64,5.22,3.97,2.84,3.98,1.88,7.98,2.73,4.88,3.48,0.98,4.47,5.97,2.37,3.48,2.48,2.26,3.98,1.77,1.97,3.24,17.97,1.96,3.98,3.98,3.62,4.98,4.97,0.98,1.98,1.88,5.97,4.63,2.24,1.98,1.97,3.97,3.66,2.48,7.94,1.97,0.97,7.97,0.97,8.37,2.97,4.97
2014/01/04,4.64,0.46,0.98,0.7,0.7,11.88,0.7,0.46,7.88,14.72,0.7,6.68,12.98,3.87,10.98,4.88,1.56,5.47,10.98,10.97,0.46,6.87,0.46,5.98,10.98,0.46,0.7,0.46,3.98,5.48,14.72,1.0,5.24,14.72,3.97,3.67,0.46,0.46,2.98,5.48,12.78,0.46,0.46,2.24,0.7,0.46,4.97,5.74,8.97,1.48,3.92,17.97,2.98,5.64,5.22,3.97,2.84,3.98,1.88,7.98,2.73,4.88,3.48,0.98,4.47,5.97,2.37,3.48,2.48,2.26,3.98,1.77,1.97,3.24,17.97,1.96,3.98,3.98,3.62,4.98,4.97,0.98,1.98,1.88,5.97,4.63,2.24,1.98,1.97,3.97,3.66,2.48,7.94,1.97,0.97,7.97,0.97,8.37,2.97,4.97
2014/01/05,4.64,0.46,0.98,0.7,0.7,11.88,0.7,0.46,7.88,14.72,0.7,6.68,12.98,3.87,10.98,4.88,1.56,5.47,10.98,10.97,0.46,6.87,0.46,5.98,10.98,0.46,0.7,0.46,3.98,5.48,14.72,1.0,5.24,14.72,3.97,3.67,0.46,0.46,2.98,5.48,12.78,0.46,0.46,2.24,0.7,0.46,4.97,5.74,8.97,1.48,3.92,17.97,2.98,5.64,5.22,3.97,2.84,3.98,1.88,7.98,2.73,4.88,3.48,0.98,4.47,5.97,2.37,3.48,2.48,2.26,3.98,1.77,1.97,3.24,17.97,1.96,3.98,3.98,3.62,4.98,4.97,0.98,1.98,1.88,5.97,4.63,2.24,1.98,1.97,3.97,3.66,2.48,7.94,1.97,0.97,7.97,0.97,8.37,2.97,4.97
2014/01/06,4.64,0.46,0.98,0.7,0.7,11.88,0.7,0.46,7.88,14.72,0.7,6.68,12.98,3.87,10.98,4.88,1.56,5.47,10.98,10.97,0.46,6.87,0.46,5.98,10.98,0.46,0.7,0.46,3.98,5.48,14.72,1.0,5.24,14.72,3.97,3.67,0.46,0.46,2.98,5.48,12.78,0.46,0.46,2.24,0.7,0.46,4.97,5.74,8.97,1.48,3.92,17.97,2.98,5.64,5.22,3.97,2.84,3.98,1.88,7.98,2.73,4.88,3.48,0.98,4.47,5.97,2.37,3.48,2.48,2.26,3.98,1.77,1.97,3.24,17.97,1.96,3.98,3.98,3.62,4.98,4.97,0.98,1.98,1.88,5.97,4.63,2.24,1.98,1.97,3.97,3.66,2.48,7.94,1.97,0.97,7.97,0.97,8.37,2.97,4.97
2014/01/07,4.64,0.46,0.98,0.7,0.7,11.88,0.7,0.46,7.88,14.72,0.7,6.68,12.98,3.87,10.98,4.88,1.56,5.47,10.98,10.97,0.46,6.87,0.46,5.98,10.98,0.46,0.7,0.46,3.98,5.48,14.72,1.0,5.24,14.72,3.97,3.67,0.46,0.46,2.98,5.48,12.78,0.46,0.46,2.24,0.7,0.46,4.97,5.74,8.97,1.48,3.92,17.97,2.98,5.64,5.22,3.97,2.84,3.98,1.88,7.98,2.73,4.88,3.48,0.98,4.47,5.97,2.37,3.48,2.48,2.26,3.98,1.77,1.97,3.24,17.97,1.96,3.98,3.98,3.62,4.98,4.97,0.98,1.98,1.88,5.97,4.63,2.24,1.98,1.97,3.97,3.66,2.48,7.94,1.97,0.97,7.97,0.97,8.37,2.97,4.97
2014/01/08,4.64,0.46,0.98,0.7,0.7,11.88,0.7,0.46,7.88,14.72,0.7,6.68,12.98,3.87,10.98,4.88,1.56,5.47,10.98,10.97,0.46,6.87,0.46,5.98,10.98,0.46,0.7,0.46,3.98,5.48,14.72,1.0,5.24,14.72,3.97,3.67,0.46,0.46,2.98,5.48,12.78,0.46,0.46,2.24,0.7,0.46,4.97,5.74,8.97,1.48,3.92,17.97,2.98,5.64,5.22,3.97,2.84,3.98,1.88,7.98,2.73,4.88,3.48,0.98,4.47,5.97,2.37,3.48,2.48,2.26,3.98,1.77,1.97,3.24,17.97,1.96,3.98,3.98,3.62,4.98,4.97,0.98,1.98,1.88,5.97,4.63,2.24,1.98,1.97,3.97,3.66,2.48,7.94,1.97,0.97,7.97,0.97,8.37,2.97,4.97
2014/01/09,4.64,0.46,0.98,0.7,0.7,11.88,0.7,0.46,7.88,14.72,0.7,6.68,12.98,3.87,10.98,4.88,1.56,5.47,10.98,10.97,0.46,6.87,0.46,5.98,10.98,0.46,0.7,0.46,3.98,5.48,14.72,1.0,5.24,14.72,3.97,3.67,0.46,0.46,2.98,5.48,12.78,0.46,0.46,2.24,0.7,0.46,4.97,5.74,8.97,1.48,3.92,17.97,2.98,5.64,5.22,3.97,2.84,3.98,1.88,7.98,2.73,4.88,3.48,0.98,4.47,5.97,2.37,3.48,2.48,2.26,3.98,1.77,1.97,3.24,17.97,1.96,3.98,3.98,3.62,4.98,4.97,0.98,1.98,1.88,5.97,4.63,2.24,1.98,1.97,3.97,3.66,2.48,7.94,1.97,0.97,7.97,0.97,8.37,2.97,4.97
2014/01/10,4.64,0.46,0.98,0.7,0.7,11.88,0.7,0.46,7.88,14.72,0.7,6.68,12.98,3.87,10.98,4.88,1.56,5.47,10.98,10.97,0.46,6.87,0.46,5.98,10.98,0.46,0.7,0.46,3.98,5.48,14.72,1.0,5.24,14.72,3.97,3.67,0.46,0.46,2.98,5.48,12.78,0.46,0.46,2.24,0.7,0.46,4.97,5.74,8.97,1.48,3.92,17.97,2.98,5.64,5.22,3.97,2.84,3.98,1.88,7.98,2.73,4.88,3.48,0.98,4.47,5.97,2.37,3.48,2.48,2.26,3.98,1.77,1.97,3.24,17.97,1.96,3.98,3.98,3.62,4.98,4.97,0.98,1.98,1.88,5.97,4.63,2.24,1.98,1.97,3.97,3.66,2.48,7.94,1.97,0.97,7.97,0.97,8.37,2.97,4.97
2014/01/11,4.64,0.46,0.98,0.7,0.7,11.88,0.7,0.46,7.88,14.72,0.7,6.68,12.98,3.87,10.98,4.88,1.56,5.47,10.98,10.97,0.46,6.87,0.46,5.98,10.98,0.46,0.7,0.46,3.98,5.48,14.72,1.0,5.24,14.72,3.97,3.67,0.46,0.46,2.98,5.48,12.78,0.46,0.46,2.24,0.7,0.46,4.97,5.74,8.97,1.48,3.92,17.97,2.98,5.64,5.22,3.97,2.84,3.98,1.88,7.98,2.73,4.88,3.48,0.98,4.47,5.97,2.37,3.48,2.48,2.26,3.98,1.77,1.97,3.24,17.97,1.96,3.98,3.98,3.62,4.98,4.97,0.98,1.98,1.88,5.97,4.63,2.24,1.98,1.97,3.97,3.66,2.48,7.94,1.97,0.97,7.97,0.97,8.37,2.97,4.97
2014/01/12,4.64,0.46,0.98,0.7,0.7,11.88,0.7,0.46,7.88,14.72,0.7,6.68,12.98,3.87,10.98,4.88,1.56,5.47,10.98,10.97,0.46,6.87,0.46,5.98,10.98,0.46,0.7,0.46,3.98,5.48,14.72,1.0,5.24,14.72,3.97,3.67,0.46,0.46,2.98,5.48,12.78,0.46,0.46,2.24,0.7,0.46,4.97,5.74,8.97,1.48,3.92,17.97,2.98,5.64,5.22,3.97,2.84,3.98,1.88,7.98,2.73,4.88,3.48,0.98,4.47,5.97,2.37,3.48,2.48,2.26,3.98,1.77,1.97,3.24,17.97,1.96,3.98,3.98,3.62,4.98,4.97,0.98,1.98,1.88,5.97,4.63,2.24,1.98,1.97,3.97,3.66,2.48,7.94,1.97,0.97,7.97,0.97,8.37,2.97,4.97
2014/01/13,4.64,0.46,0.98,0.7,0.7,11.88,0.7,0.46,7.88,14.72,0.7,6.68,12.98,3.87,10.98,4.88,1.56,5.47,10.98,10.97,0.46,6.87,0.46,5.98,10.98,0.46,0.7,0.46,3.98,5.48,14.72,1.0,5.24,14.72,3.97,3.67,0.46,0.46,2.98,5.48,12.78,0.46,0.46,2.24,0.7,0.46,4.97,5.74,8.97,1.48,3.92,17.97,2.98,5.64,5.22,3.97,2.84,3.98,1.88,7.98,2.73,4.88,3.48,0.98,4.47,5.97,2.37,3.48,2.48,2.26,3.98,1.77,1.97,3.24,17.97,1.96,3.98,3.98,3.62,4.98,4.97,0.98,1.98,1.88,5.97,4.63,2.24,1.98,1.97,3.97,3.66,2.48,7.94,1.97,0.97,7.97,0.97,8.37,2.97,4.97
2014/01/14,4.64,0.46,0.98,0.7,0.7,11.88,0.7,0.46,7.88,14.72,0.7,6.68,12.98,3.87,10.98,4.88,1.56,5.47,10.98,10.97,0.46,6.87,0.46,5.98,10.98,0.46,0.7,0.46,3.98,5.48,14.72,1.0,5.24,14.72,3.97,3.67,0.46,0.46,2.98,5.48,12.78,0.46,0.46,2.24,0.7,0.46,4.97,5.74,8.97,1.48,3.92,17.97,2.98,5.64,5.22,3.97,2.84,3.98,1.88,7.98,2.73,4.88,3.48,0.98,4.47,5.97,2.37,3.48,2.48,2.26,3.98,1.77,1.97,3.24,17.97,1.96,3.98,3.98,3.62,4.98,4.97,0.98,1.98,1.88,5.97,4.63,2.24,1.98,1.97,3.97,3.66,2.48,7.94,1.97,0.97,7.97,0.97,8.37,2.97,4.97
2014/01/15,4.64,0.46,0.98,0.7,0.7,11.88,0.7,0.46,7.88,14.72,0.7,6.68,12.98,3.87,10.98,4.88,1.56,5.47,10.98,10.97,0.46,6.87,0.46,5.98,10.98,0.46,0.7,0.46,3.98,5.48,14.72,1.0,5.24,14.72,3.97,3.67,0.46,0.46,2.98,5.48,12.78,0.46,0.46,2.24,0.7,0.46,4.97,5.74,8.97,1.48,3.92,17.97,2.98,5.64,5.22,3.97,2.84,3.98,1.88,7.98,2.73,4.88,3.48,0.98,4.47,5.97,2.37,3.48,2.48,2.26,3.98,1.77,1.97,3.24,17.97,1.96,3.98,3.98,3.62,4.98,4.97,0.98,1.98,1.88,5.97,4.63,2.24,1.98,1.97,3.97,3.66,2.48,7.94,1.97,0.97,7.97,0.97,8.37,2.97,4.97
2014/01/16,4.64,0.46,0.98,0.7,0.7,11.88,0.7,0.46,7.88,14.72,0.7,6.68,12.98,3.87,10.98,4.88,1.56,5.47,10.98,10.97,0.46,6.87,0.46,5.98,10.98,0.46,0.7,0.46,3.98,5.48,14.72,1.0,5.24,14.72,3.97,3.67,0.46,0.46,2.98,5.48,12.78,0.46,0.46,2.24,0.7,0.46,4.97,5.74,8.97,1.48,3.92,17.97,2.98,5.64,5.22,3.97,2.84,3.98,1.88,7.98,2.73,4.88,3.48,0.98,4.47,5.97,2.37,3.48,2.48,2.26,3.98,1.77,1.97,3.24,17.97,1.96,3.98,3.98,3.62,4.98,4.97,0.98,1.98,1.88,5.97,4.63,2.24,1.98,1.97,3.97,3.66,2.48,7.94,1.97,0.97,7.97,0.97,8.37,2.97,4.97
2014/01/17,4.64,0.46,0.98,0.7,0.7,11.88,0.7,0.46,7.88,14.72,0.7,6.68,12.98,3.87,10.98,4.88,1.56,5.47,10.98,10.97,0.46,6.87,0.46,5.98,10.98,0.46,0.7,0.46,3.98,5.48,14.72,1.0,5.24,14.72,3.97,3.67,0.46,0.46,2.98,5.48,12.78,0.46,0.46,2.24,0.7,0.46,4.97,5.74,8.97,1.48,3.92,17.97,2.98,5.64,5.22,3.97,2.84,3.98,1.88,7.98,2.73,4.88,3.48,0.98,4.47,5.97,2.37,3.48,2.48,2.26,3.98,1.77,1.97,3.24,17.97,1.96,3.98,3.98,3.62,4.98,4.97,0.98,1.98,1.88,5.97,4.63,2.24,1.98,1.97,3.97,3.66,2.48,7.94,1.97,0.97,7.97,0.97,8.37,2.97,4.97
2014/01/18,4.64,0.46,0.98,0.7,0.7,11.88,0.7,0.46,7.88,14.72,0.7,6.68,12.98,3.87,10.98,4.88,1.56,5.47,10.98,10.97,0.46,6.87,0.46,5.98,10.98,0.46,0.7,0.46,3.98,5.48,14.72,1.0,5.24,14.72,3.97,3.67,0.46,0.46,2.98,5.48,12.78,0.46,0.46,2.24,0.7,0.46,4.97,5.74,8.97,1.48,3.92,17.97,2.98,5.64,5.22,3.97,2.84,3.98,1.88,7.98,2.73,4.88,3.48,0.98,4.47,5.97,2.37,3.48,2.48,2.26,3.98,1.77,1.97,3.24,17.97,1.96,3.98,3.98,3.62,4.98,4.97,0.98,1.98,1.88,5.97,4.63,2.24,1.98,1.97,3.97,3.66,2.48,7.94,1.97,0.97,7.97,0.97,8.37,2.97,4.97
2014/01/19,4.64,0.46,0.98,0.7,0.7,11.88,0.7,0.46,7.88,14.72,0.7,6.68,12.98,3.87,10.98,4.88,1.56,5.47,10.98,10.97,0.46,6.87,0.46,5.98,10.98,0.46,0.7,0.46,3.98,5.48,14.72,1.0,5.24,14.72,3.97,3.67,0.46,0.46,2.98,5.48,12.78,0.46,0.46,2.24,0.7,0.46,4.97,5.74,8.97,1.48,3.92,17.97,2.98,5.64,5.22,3.97,2.84,3.98,1.88,7.98,2.73,4.88,3.48,0.98,4.47,5.97,2.37,3.48,2.48,2.26,3.98,1.77,1.97,3.24,17.97,1.96,3.98,3.98,3.62,4.98,4.97,0.98,1.98,1.88,5.97,4.63,2.24,1.98,1.97,3.97,3.66,2.48,7.94,1.97,0.97,7.97,0.97,8.37,2.97,4.97
2014/01/20,4.64,0.46,0.98,0.7,0.7,11.88,0.7,0.46,7.88,14.72,0.7,6.68,12.98,3.87,10.98,4.88,1.56,5.47,10.98,10.97,0.46,6.87,0.46,5.98,10.98,0.46,0.7,0.46,3.98,5.48,14.72,1.0,5.24,14.72,3.97,3.67,0.46,0.46,2.98,5.48,12.78,0.46,0.46,2.24,0.7,0.46,4.97,5.74,8.97,1.48,3.92,17.97,2.98,5.64,5.22,3.97,2.84,3.98,1.88,7.98,2.73,4.88,3.48,0.98,4.47,5.97,2.37,3.48,2.48,2.26,3.98,1.77,1.97,3.24,17.97,1.96,3.98,3.98,3.62,4.98,4.97,0.98,1.98,1.88,5.97,4.63,2.24,1.98,1.97,3.97,3.66,2.48,7.94,1.97,0.97,7.97,0.97,8.37,2.97,4.97
2014/01/21,4.64,0.46,0.98,0.7,0.7,11.88,0.7,0.46,7.88,14.72,0.7,6.68,12.98,3.87,10.98,4.88,1.56,5.47,10.98,10.97,0.46,6.87,0.46,5.98,10.98,0.46,0.7,0.46,3.98,5.48,14.72,1.0,5.24,14.72,3.97,3.67,0.46,0.46,2.98,5.48,12.78,0.46,0.46,2.24,0.7,0.46,4.97,5.74,8.97,1.48,3.92,17.97,2.98,5.64,5.22,3.97,2.84,3.98,1.88,7.98,2.73,4.88,3.48,0.98,4.47,5.97,2.37,3.48,2.48,2.26,3.98,1.77,1.97,3.24,17.97,1.96,3.98,3.98,3.62,4.98,4.97,0.98,1.98,1.88,5.97,4.63,2.24,1.98,1.97,3.97,3.66,2.48,7.94,1.97,0.97,7.97,0.97,8.37,2.97,4.97
2014/01/22,4.64,0.46,0.98,0.7,0.7,11.88,0.7,0.46,7.88,14.72,0.7,6.68,12.98,3.87,10.98,4.88,1.56,5.47,10.98,10.97,0.46,6.87,0.46,5.98,10.98,0.46,0.7,0.46,3.98,5.48,14.72,1.0,5.24,14.72,3.97,3.67,0.46,0.46,2.98,5.48,12.78,0.46,0.46,2.24,0.7,0.46,4.97,5.74,8.97,1.48,3.92,17.97,2.98,5.64,5.22,3.97,2.84,3.98,1.88,7.98,2.73,4.88,3.48,0.98,4.47,5.97,2.37,3.48,2.48,2.26,3.98,1.77,1.97,3.24,17.97,1.96,3.98,3.98,3.62,4.98,4.97,0.98,1.98,1.88,5.97,4.63,2.24,1.98,1.97,3.97,3.66,2.48,7.94,1.97,0.97,7.97,0.97,8.37,2.97,4.97
2014/01/23,4.64,0.46,0.98,0.7,0.7,11.88,0.7,0.46,7.88,14.72,0.7,6.68,12.98,3.87,10.98,4.88,1.56,5.47,10.98,10.97,0.46,6.87,0.46,5.98,10.98,0.46,0.7,0.46,3.98,5.48,14.72,1.0,5.24,14.72,3.97,3.67,0.46,0.46,2.98,5.48,12.78,0.46,0.46,2.24,0.7,0.46,4.97,5.74,8.97,1.48,3.92,17.97,2.98,5.64,5.22,3.97,2.84,3.98,1.88,7.98,2.73,4.88,3.48,0.98,4.47,5.97,2.37,3.48,2.48,2.26,3.98,1.77,1.97,3.24,17.97,1.96,3.98,3.98,3.62,4.98,4.97,0.98,1.98,1.88,5.97,4.63,2.24,1.98,1.97,3.97,3.66,2.48,7.94,1.97,0.97,7.97,0.97,8.37,2.97,4.97
2014/01/24,4.64,0.46,0.98,0.7,0.7,11.88,0.7,0.46,7.88,14.72,0.7,6.68,12.98,3.87,10.98,4.88,1.56,5.47,10.98,10.97,0.46,6.87,0.46,5.98,10.98,0.46,0.7,0.46,3.98,5.48,14.72,1.0,5.24,14.72,3.97,3.67,0.46,0.46,2.98,5.48,12.78,0.46,0.46,2.24,0.7,0.46,4.97,5.74,8.97,1.48,3.92,17.97,2.98,5.64,5.22,3.97,2.84,3.98,1.88,7.98,2.73,4.88,3.48,0.98,4.47,5.97,2.37,3.48,2.48,2.26,3.98,1.77,1.97,3.24,17.97,1.96,3.98,3.98,3.62,4.98,4.97,0.98,1.98,1.88,5.97,4.63,2.24,1.98,1.97,3.97,3.66,2.48,7.94,1.97,0.97,7.97,0.97,8.37,2.97,4.97
2014/01/25,4.64,0.46,0.98,0.7,0.7,11.88,0.7,0.46,7.88,14.72,0.7,6.68,12.98,3.87,10.98,4.88,1.56,5.47,10.98,10.97,0.46,6.87,0.46,5.98,10.98,0.46,0.7,0.46,3.98,5.48,14.72,1.0,5.24,14.72,3.97,3.67,0.46,0.46,2.98,5.48,12.78,0.46,0.46,2.24,0.7,0.46,4.97,5.74,8.97,1.48,3.92,17.97,2.98,5.64,5.22,3.97,2.84,3.98,1.88,7.98,2.73,4.88,3.48,0.98,4.47,5.97,2.37,3.48,2.48,2.26,3.98,1.77,1.97,3.24,17.97,1.96,3.98,3.98,3.62,4.98,4.97,0.98,1.98,1.88,5.97,4.63,2.24,1.98,1.97,3.97,3.66,2.48,7.94,1.97,0.97,7.97,0.97,8.37,2.97,4.97
2014/01/26,4.64,0.46,0.98,0.7,0.7,11.88,0.7,0.46,7.88,14.72,0.7,6.68,12.98,3.87,10.98,4.88,1.56,5.47,10.98,10.97,0.46,6.87,0.46,5.98,10.98,0.46,0.7,0.46,3.98,5.48,14.72,1.0,5.24,14.72,3.97,3.67,0.46,0.46,2.98,5.48,12.78,0.46,0.46,2.24,0.7,0.46,4.97,5.74,8.97,1.48,3.92,17.97,2.98,5.64,5.22,3.97,2.84,3.98,1.88,7.98,2.73,4.88,3.48,0.98,4.47,5.97,2.37,3.48,2.48,2.26,3.98,1.77,1.97,3.24,17.97,1.96,3.98,3.98,3.62,4.98,4.97,0.98,1.98,1.88,5.97,4.63,2.24,1.98,1.97,3.97,3.66,2.48,7.94,1.97,0.97,7.97,0.97,8.37,2.97,4.97
2014/01/27,4.64,0.46,0.98,0.7,0.7,11.88,0.7,0.46,7.88,14.72,0.7,6.68,12.98,3.87,10.98,4.88,1.56,5.47,10.98,10.97,0.46,6.87,0.46,5.98,10.98,0.46,0.7,0.46,3.98,5.48,14.72,1.0,5.24,14.72,3.97,3.67,0.46,0.46,2.98,5.48,12.78,0.46,0.46,2.24,0.7,0.46,4.97,5.74,8.97,1.48,3.92,17.97,2.98,5.64,5.22,3.97,2.84,3.98,1.88,7.98,2.73,4.88,3.48,0.98,4.47,5.97,2.37,3.48,2.48,2.26,3.98,1.77,1.97,3.24,17.97,1.96,3.98,3.98,3.62,4.98,4.97,0.98,1.98,1.88,5.97,4.63,2.24,1.98,1.97,3.97,3.66,2.48,7.94,1.97,0.97,7.97,0.97,8.37,2.97,4.97
2014/01/28,4.64,0.46,0.98,0.7,0.7,11.88,0.7,0.46,7.88,14.72,0.7,6.68,12.98,3.87,10.98,4.88,1.56,5.47,10.98,10.97,0.46,6.87,0.46,5.98,10.98,0.46,0.7,0.46,3.98,5.48,14.72,1.0,5.24,14.72,3.97,3.67,0.46,0.46,2.98,5.48,12.78,0.46,0.46,2.24,0.7,0.46,4.97,5.74,8.97,1.48,3.92,17.97,2.98,5.64,5.22,3.97,2.84,3.98,1.88,7.98,2.73,4.88,3.48,0.98,4.47,5.97,2.37,3.48,2.48,2.26,3.98,1.77,1.97,3.24,17.97,1.96,3.98,3.98,3.62,4.98,4.97,0.98,1.98,1.88,5.97,4.63,2.24,1.98,1.97,3.97,3.66,2.48,7.94,1.97,0.97,7.97,0.97,8.37,2.97,4.97
2014/01/29,4.64,0.46,0.98,0.7,0.7,11.88,0.7,0.46,7.88,14.72,0.7,6.68,12.98,3.87,10.98,4.88,1.56,5.47,10.98,10.97,0.46,6.87,0.46,5.98,10.98,0.46,0.7,0.46,3.98,5.48,14.72,1.0,5.24,14.72,3.97,3.67,0.46,0.46,2.98,5.48,12.78,0.46,0.46,2.24,0.7,0.46,4.97,5.74,8.97,1.48,3.92,17.97,2.98,5.64,5.22,3.97,2.84,3.98,1.88,7.98,2.73,4.88,3.48,0.98,4.47,5.97,2.37,3.48,2.48,2.26,3.98,1.77,1.97,3.24,17.97,1.96,3.98,3.98,3.62,4.98,4.97,0.98,1.98,1.88,5.97,4.63,2.24,1.98,1.97,3.97,3.66,2.48,7.94,1.97,0.97,7.97,0.97,8.37,2.97,4.97
2014/01/30,4.64,0.46,0.98,0.7,0.7,11.88,0.7,0.46,7.88,14.72,0.7,6.68,12.98,3.87,10.98,4.88,1.56,5.47,10.98,10.97,0.46,6.87,0.46,5.98,10.98,0.46,0.7,0.46,3.98,5.48,14.72,1.0,5.24,14.72,3.97,3.67,0.46,0.46,2.98,5.48,12.78,0.46,0.46,2.24,0.7,0.46,4.97,5.74,8.97,1.48,3.92,17.97,2.98,5.64,5.22,3.97,2.84,3.98,1.88,7.98,2.73,4.88,3.48,0.98,4.47,5.97,2.37,3.48,2.48,2.26,3.98,1.77,1.97,3.24,17.97,1.96,3.98,3.98,3.62,4.98,4.97,0.98,1.98,1.88,5.97,4.63,2.24,1.98,1.97,3.97,3.66,2.48,7.94,1.97,0.97,7.97,0.97,8.37,2.97,4.97
2014/01/31,4.64,0.46,0.98,0.7,0.7,11.88,0.7,0.46,7.88,14.72,0.7,6.68,12.98,3.87,10.98,4.88,1.56,5.47,10.98,10.97,0.46,6.87,0.46,5.98,10.98,0.46,0.7,0.46,3.98,5.48,14.72,1.0,5.24,14.72,3.97,3.67,0.46,0.46,2.98,5.48,12.78,0.46,0.46,2.24,0.7,0.46,4.97,5.74,8.97,1.48,3.92,17.97,2.98,5.64,5.22,3.97,2.84,3.98,1.88,7.98,2.73,4.88,3.48,0.98,4.47,5.97,2.37,3.48,2.48,2.26,3.98,1.77,1.97,3.24,17.97,1.96,3.98,3.98,3.62,4.98,4.97,0.98,1.98,1.88,5.97,4.63,2.24,1.98,1.97,3.97,3.66,2.48,7.94,1.97,0.97,7.97,0.97,8.37,2.97,4.97
2014/02/01,4.64,0.46,0.98,0.7,0.7,11.88,0.7,0.46,7.88,14.72,0.7,6.68,12.98,3.87,10.98,4.88,1.56,5.47,10.98,10.97,0.46,6.87,0.46,5.98,10.98,0.46,0.7,0.46,3.98,5.48,14.72,1.0,5.24,14.72,3.97,3.67,0.46,0.46,2.98,5.48,12.78,0.46,0.46,2.24,0.7,0.46,4.97,5.74,8.97,1.48,3.92,17.97,2.98,5.64,5.22,3.97,2.84,3.98,1.88,7.98,2.73,4.88,3.48,0.98,4.47,5.97,2.37,3.48,2.48,2.26,3.98,1.77,1.97,3.24,17.97,1.96,3.98,3.98,3.62,4.98,4.97,0.98,1.98,1.88,5.97,4.63,2.24,1.98,1.97,3.97,3.66,2.48,7.94,1.97,0.97,7.97,0.97,8.37,2.97,4.97
2014/02/02,4.64,0.46,0.98,0.7,0.7,11.88,0.7,0.46,7.88,14.72,0.7,6.68,12.98,3.87,10.98,4.88,1.56,5.47,10.98,10.97,0.46,6.87,0.46,5.98,10.98,0.46,0.7,0.46,3.98,5.48,14.72,1.0,5.24,14.72,3.97,3.67,0.46,0.46,2.98,5.48,12.78,0.46,0.46,2.24,0.7,0.46,4.97,5.74,8.97,1.48,3.92,17.97,2.98,5.64,5.22,3.97,2.84,3.98,1.88,7.98,2.73,4.88,3.48,0.98,4.47,5.97,2.37,3.48,2.48,2.26,3.98,1.77,1.97,3.24,17.97,1.96,3.98,3.98,3.62,4.98,4.97,0.98,1.98,1.88,5.97,4.63,2.24,1.98,1.97,3.97,3.66,2.48,7.94,1.97,0.97,7.97,0.97,8.37,2.97,4.97
2014/02/03,4.64,0.46,0.98,0.7,0.7,11.88,0.7,0.46,7.88,14.72,0.7,6.68,12.98,3.87,10.98,4.88,1.56,5.47,10.98,10.97,0.46,6.87,0.46,5.98,10.98,0.46,0.7,0.46,3.98,5.48,14.72,1.0,5.24,14.72,3.97,3.67,0.46,0.46,2.98,5.48,12.78,0.46,0.46,2.24,0.7,0.46,4.97,5.74,8.97,1.48,3.92,17.97,2.98,5.64,5.22,3.97,2.84,3.98,1.88,7.98,2.73,4.88,3.48,0.98,4.47,5.97,2.37,3.48,2.48,2.26,3.98,1.77,1.97,3.24,17.97,1.96,3.98,3.98,3.62,4.98,4.97,0.98,1.98,1.88,5.97,4.63,2.24,1.98,1.97,3.97,3.66,2.48,7.94,1.97,0.97,7.97,0.97,8.37,2.97,4.97
2014/02/04,4.64,0.46,0.98,0.7,0.7,11.88,0.7,0.46,7.88,14.72,0.7,6.68,12.98,3.87,10.98,4.88,1.56,5.47,10.98,10.97,0.46,6.87,0.46,5.98,10.98,0.46,0.7,0.46,3.98,5.48,14.72,1.0,5.24,14.72,3.97,3.67,0.46,0.46,2.98,5.48,12.78,0.46,0.46,2.24,0.7,0.46,4.97,5.74,8.97,1.48,3.92,17.97,2.98,5.64,5.22,3.97,2.84,3.98,1.88,7.98,2.73,4.88,3.48,0.98,4.47,5.97,2.37,3.48,2.48,2.26,3.98,1.77,1.97,3.24,17.97,1.96,3.98,3.98,3.62,4.98,4.97,0.98,1.98,1.88,5.97,4.63,2.24,1.98,1.97,3.97,3.66,2.48,7.94,1.97,0.97,7.97,0.97,8.37,2.97,4.97
2014/02/05,4.64,0.46,0.98,0.7,0.7,11.88,0.7,0.46,7.88,14.72,0.7,6.68,12.98,3.87,10.98,4.88,1.56,5.47,10.98,10.97,0.46,6.87,0.46,5.98,10.98,0.46,0.7,0.46,3.98,5.48,14.72,1.0,5.24,14.72,3.97,3.67,0.46,0.46,2.98,5.48,12.78,0.46,0.46,2.24,0.7,0.46,4.97,5.74,8.97,1.48,3.92,17.97,2.98,5.64,5.22,3.97,2.84,3.98,1.88,7.98,2.73,4.88,3.48,0.98,4.47,5.97,2.37,3.48,2.48,2.26,3.98,1.77,1.97,3.24,17.97,1.96,3.98,3.98,3.62,4.98,4.97,0.98,1.98,1.88,5.97,4.63,2.24,1.98,1.97,3.97,3.66,2.48,7.94,1.97,0.97,7.97,0.97,8.37,2.97,4.97
2014/02/06,4.64,0.46,0.98,0.7,0.7,11.88,0.7,0.46,7.88,14.72,0.7,6.68,12.98,3.87,10.98,4.88,1.56,5.47,10.98,10.97,0.46,6.87,0.46,5.98,10.98,0.46,0.7,0.46,3.98,5.48,14.72,1.0,5.24,14.72,3.97,3.67,0.46,0.46,2.98,5.48,12.78,0.46,0.46,2.24,0.7,0.46,4.97,5.74,8.97,1.48,3.92,17.97,2.98,5.64,5.22,3.97,2.84,3.98,1.88,7.98,2.73,4.88,3.48,0.98,4.47,5.97,2.37,3.48,2.48,2.26,3.98,1.77,1.97,3.24,17.97,1.96,3.98,3.98,3.62,4.98,4.97,0.98,1.98,1.88,5.97,4.63,2.24,1.98,1.97,3.97,3.66,2.48,7.94,1.97,0.97,7.97,0.97,8.37,2.97,4.97
2014/02/07,4.64,0.46,0.98,0.7,0.7,11.88,0.7,0.46,7.88,14.72,0.7,6.68,12.98,3.87,10.98,4.88,1.56,5.47,10.98,10.97,0.46,6.87,0.46,5.98,10.98,0.46,0.7,0.46,3.98,5.48,14.72,1.0,5.24,14.72,3.97,3.67,0.46,0.46,2.98,5.48,12.78,0.46,0.46,2.24,0.7,0.46,4.97,5.74,8.97,1.48,3.92,17.97,2.98,5.64,5.22,3.97,2.84,3.98,1.88,7.98,2.73,4.88,3.48,0.98,4.47,5.97,2.37,3.48,2.48,2.26,3.98,1.77,1.97,3.24,17.97,1.96,3.98,3.98,3.62,4.98,4.97,0.98,1.98,1.88,5.97,4.63,2.24,1.98,1.97,3.97,3.66,2.48,7.94,1.97,0.97,7.97,0.97,8.37,2.97,4.97
2014/02/08,4.64,0.46,0.98,0.7,0.7,11.88,0.7,0.46,7.88,14.72,0.7,6.68,12.98,3.87,10.98,4.88,1.56,5.47,10.98,10.97,0.46,6.87,0.46,5.98,10.98,0.46,0.7,0.46,3.98,5.48,14.72,1.0,5.24,14.72,3.97,3.67,0.46,0.46,2.98,5.48,12.78,0.46,0.46,2.24,0.7,0.46,4.97,5.74,8.97,1.48,3.92,17.97,2.98,5.64,5.22,3.97,2.84,3.98,1.88,7.98,2.73,4.88,3.48,0.98,4.47,5.97,2.37,3.48,2.48,2.26,3.98,1.77,1.97,3.24,17.97,1.96,3.98,3.98,3.62,4.98,4.97,0.98,1.98,1.88,5.97,4.63,2.24,1.98,1.97,3.97,3.66,2.48,7.94,1.97,0.97,7.97,0.97,8.37,2.97,4.97
2014/02/09,4.64,0.46,0.98,0.7,0.7,11.88,0.7,0.46,7.88,14.72,0.7,6.68,12.98,3.87,10.98,4.88,1.56,5.47,10.98,10.97,0.46,6.87,0.46,5.98,10.98,0.46,0.7,0.46,3.98,5.48,14.72,1.0,5.24,14.72,3.97,3.67,0.46,0.46,2.98,5.48,12.78,0.46,0.46,2.24,0.7,0.46,4.97,5.74,8.97,1.48,3.92,17.97,2.98,5.64,5.22,3.97,2.84,3.98,1.88,7.98,2.73,4.88,3.48,0.98,4.47,5.97,2.37,3.48,2.48,2.26,3.98,1.77,1.97,3.24,17.97,1.96,3.98,3.98,3.62,4.98,4.97,0.98,1.98,1.88,5.97,4.63,2.24,1.98,1.97,3.97,3.66,2.48,7.94,1.97,0.97,7.97,0.97,8.37,2.97,4.97
2014/02/10,4.64,0.46,0.98,0.7,0.7,11.88,0.7,0.46,7.88,14.72,0.7,6.68,12.98,3.87,10.98,4.88,1.56,5.47,10.98,10.97,0.46,6.87,0.46,5.98,10.98,0.46,0.7,0.46,3.98,5.48,14.72,1.0,5.24,14.72,3.97,3.67,0.46,0.46,2.98,5.48,12.78,0.46,0.46,2.24,0.7,0.46,4.97,5.74,8.97,1.48,3.92,17.97,2.98,5.64,5.22,3.97,2.84,3.98,1.88,7.98,2.73,4.88,3.48,0.98,4.47,5.97,2.37,3.48,2.48,2.26,3.98,1.77,1.97,3.24,17.97,1.96,3.98,3.98,3.62,4.98,4.97,0.98,1.98,1.88,5.97,4.63,2.24,1.98,1.97,3.97,3.66,2.48,7.94,1.97,0.97,7.97,0.97,8.37,2.97,4.97
2014/02/11,4.64,0.46,0.98,0.7,0.7,11.88,0.7,0.46,7.88,14.72,0.7,6.68,12.98,3.87,10.98,4.88,1.56,5.47,10.98,10.97,0.46,6.87,0.46,5.98,10.98,0.46,0.7,0.46,3.98,5.48,14.72,1.0,5.24,14.72,3.97,3.67,0.46,0.46,2.98,5.48,12.78,0.46,0.46,2.24,0.7,0.46,4.97,5.74,8.97,1.48,3.92,17.97,2.98,5.64,5.22,3.97,2.84,3.98,1.88,7.98,2.73,4.88,3.48,0.98,4.47,5.97,2.37,3.48,2.48,2.26,3.98,1.77,1.97,3.24,17.97,1.96,3.98,3.98,3.62,4.98,4.97,0.98,1.98,1.88,5.97,4.63,2.24,1.98,1.97,3.97,3.66,2.48,7.94,1.97,0.97,7.97,0.97,8.37,2.97,4.97
2014/02/12,4.64,0.46,0.98,0.7,0.7,11.88,0.7,0.46,7.88,14.72,0.7,6.68,12.98,3.87,10.98,4.88,1.56,5.47,10.98,10.97,0.46,6.87,0.46,5.98,10.98,0.46,0.7,0.46,3.98,5.48,14.72,1.0,5.24,14.72,3.97,3.67,0.46,0.46,2.98,5.48,12.78,0.46,0.46,2.24,0.7,0.46,4.97,5.74,8.97,1.48,3.92,17.97,2.98,5.64,5.22,3.97,2.84,3.98,1.88,7.98,2.73,4.88,3.48,0.98,4.47,5.97,2.37,3.48,2.48,2.26,3.98,1.77,1.97,3.24,17.97,1.96,3.98,3.98,3.62,4.98,4.97,0.98,1.98,1.88,5.97,4.63,2.24,1.98,1.97,3.97,3.66,2.48,7.94,1.97,0.97,7.97,0.97,8.37,2.97,4.97
2014/02/13,4.64,0.46,0.98,0.7,0.7,11.88,0.7,0.46,7.88,14.72,0.7,6.68,12.98,3.87,10.98,4.88,1.56,5.47,10.98,10.97,0.46,6.87,0.46,5.98,10.98,0.46,0.7,0.46,3.98,5.48,14.72,1.0,5.24,14.72,3.97,3.67,0.46,0.46,2.98,5.48,12.78,0.46,0.46,2.24,0.7,0.46,4.97,5.74,8.97,1.48,3.92,17.97,2.98,5.64,5.22,3.97,2.84,3.98,1.88,7.98,2.73,4.88,3.48,0.98,4.47,5.97,2.37,3.48,2.48,2.26,3.98,1.77,1.97,3.24,17.97,1.96,3.98,3.98,3.62,4.98,4.97,0.98,1.98,1.88,5.97,4.63,2.24,1.98,1.97,3.97,3.66,2.48,7.94,1.97,0.97,7.97,0.97,8.37,2.97,4.97
2014/02/14,4.64,0.46,0.98,0.7,0.7,11.88,0.7,0.46,7.88,14.72,0.7,6.68,12.98,3.87,10.98,4.88,1.56,5.47,10.98,10.97,0.46,6.87,0.46,5.98,10.98,0.46,0.7,0.46,3.98,5.48,14.72,1.0,5.24,14.72,3.97,3.67,0.46,0.46,2.98,5.48,12.78,0.46,0.46,2.24,0.7,0.46,4.97,5.74,8.97,1.48,3.92,17.97,2.98,5.64,5.22,3.97,2.84,3.98,1.88,7.98,2.73,4.88,3.48,0.98,4.47,5.97,2.37,3.48,2.48,2.26,3.98,1.77,1.97,3.24,17.97,1.96,3.98,3.98,3.62,4.98,4.97,0.98,1.98,1.88,5.97,4.63,2.24,1.98,1.97,3.97,3.66,2.48,7.94,1.97,0.97,7.97,0.97,8.37,2.97,4.97
2014/02/15,4.64,0.46,0.98,0.7,0.7,11.88,0.7,0.46,7.88,14.72,0.7,6.68,12.98,3.87,10.98,4.88,1.56,5.47,10.98,10.97,0.46,6.87,0.46,5.98,10.98,0.46,0.7,0.46,3.98,5.48,14.72,1.0,5.24,14.72,3.97,3.67,0.46,0.46,2.98,5.48,12.78,0.46,0.46,2.24,0.7,0.46,4.97,5.74,8.97,1.48,3.92,17.97,2.98,5.64,5.22,3.97,2.84,3.98,1.88,7.98,2.73,4.88,3.48,0.98,4.47,5.97,2.37,3.48,2.48,2.26,3.98,1.77,1.97,3.24,17.97,1.96,3.98,3.98,3.62,4.98,4.97,0.98,1.98,1.88,5.97,4.63,2.24,1.98,1.97,3.97,3.66,2.48,7.94,1.97,0.97,7.97,0.97,8.37,2.97,4.97
2014/02/16,4.64,0.46,0.98,0.7,0.7,11.88,0.7,0.46,7.88,14.72,0.7,6.68,12.98,3.87,10.98,4.88,1.56,5.47,10.98,10.97,0.46,6.87,0.46,5.98,10.98,0.46,0.7,0.46,3.98,5.48,14.72,1.0,5.24,14.72,3.97,3.67,0.46,0.46,2.98,5.48,12.78,0.46,0.46,2.24,0.7,0.46,4.97,5.74,8.97,1.48,3.92,17.97,2.98,5.64,5.22,3.97,2.84,3.98,1.88,7.98,2.73,4.88,3.48,0.98,4.47,5.97,2.37,3.48,2.48,2.26,3.98,1.77,1.97,3.24,17.97,1.96,3.98,3.98,3.62,4.98,4.97,0.98,1.98,1.88,5.97,4.63,2.24,1.98,1.97,3.97,3.66,2.48,7.94,1.97,0.97,7.97,0.97,8.37,2.97,4.97
2014/02/17,4.64,0.46,0.98,0.7,0.7,11.88,0.7,0.46,7.88,14.72,0.7,6.68,12.98,3.87,10.98,4.88,1.56,5.47,10.98,10.97,0.46,6.87,0.46,5.98,10.98,0.46,0.7,0.46,3.98,5.48,14.72,1.0,5.24,14.72,3.97,3.67,0.46,0.46,2.98,5.48,12.78,0.46,0.46,2.24,0.7,0.46,4.97,5.74,8.97,1.48,3.92,17.97,2.98,5.64,5.22,3.97,2.84,3.98,1.88,7.98,2.73,4.88,3.48,0.98,4.47,5.97,2.37,3.48,2.48,2.26,3.98,1.77,1.97,3.24,17.97,1.96,3.98,3.98,3.62,4.98,4.97,0.98,1.98,1.88,5.97,4.63,2.24,1.98,1.97,3.97,3.66,2.48,7.94,1.97,0.97,7.97,0.97,8.37,2.97,4.97
2014/02/18,4.64,0.46,0.98,0.7,0.7,11.88,0.7,0.46,7.88,14.72,0.7,6.68,12.98,3.87,10.98,4.88,1.56,5.47,10.98,10.97,0.46,6.87,0.46,5.98,10.98,0.46,0.7,0.46,3.98,5.48,14.72,1.0,5.24,14.72,3.97,3.67,0.46,0.46,2.98,5.48,12.78,0.46,0.46,2.24,0.7,0.46,4.97,5.74,8.97,1.48,3.92,17.97,2.98,5.64,5.22,3.97,2.84,3.98,1.88,7.98,2.73,4.88,3.48,0.98,4.47,5.97,2.37,3.48,2.48,2.26,3.98,1.77,1.97,3.24,17.97,1.96,3.98,3.98,3.62,4.98,4.97,0.98,1.98,1.88,5.97,4.63,2.24,1.98,1.97,3.97,3.66,2.48,7.94,1.97,0.97,7.97,0.97,8.37,2.97,4.97
2014/02/19,4.64,0.46,0.98,0.7,0.7,11.88,0.7,0.46,7.88,14.72,0.7,6.68,12.98,3.87,10.98,4.88,1.56,5.47,10.98,10.97,0.46,6.87,0.46,5.98,10.98,0.46,0.7,0.46,3.98,5.48,14.72,1.0,5.24,14.72,3.97,3.67,0.46,0.46,2.98,5.48,12.78,0.46,0.46,2.24,0.7,0.46,4.97,5.74,8.97,1.48,3.92,17.97,2.98,5.64,5.22,3.97,2.84,3.98,1.88,7.98,2.73,4.88,3.48,0.98,4.47,5.97,2.37,3.48,2.48,2.26,3.98,1.77,1.97,3.24,17.97,1.96,3.98,3.98,3.62,4.98,4.97,0.98,1.98,1.88,5.97,4.63,2.24,1.98,1.97,3.97,3.66,2.48,7.94,1.97,0.97,7.97,0.97,8.37,2.97,4.97
2014/02/20,4.64,0.46,0.98,0.7,0.7,11.88,0.7,0.46,7.88,14.72,0.7,6.68,12.98,3.87,10.98,4.88,1.56,5.47,10.98,10.97,0.46,6.87,0.46,5.98,10.98,0.46,0.7,0.46,3.98,5.48,14.72,1.0,5.24,14.72,3.97,3.67,0.46,0.46,2.98,5.48,12.78,0.46,0.46,2.24,0.7,0.46,4.97,5.74,8.97,1.48,3.92,17.97,2.98,5.64,5.22,3.97,2.84,3.98,1.88,7.98,2.73,4.88,3.48,0.98,4.47,5.97,2.37,3.48,2.48,2.26,3.98,1.77,1.97,3.24,17.97,1.96,3.98,3.98,3.62,4.98,4.97,0.98,1.98,1.88,5.97,4.63,2.24,1.98,1.97,3.97,3.66,2.48,7.94,1.97,0.97,7.97,0.97,8.37,2.97,4.97
2014/02/21,4.64,0.46,0.98,0.7,0.7,11.88,0.7,0.46,7.88,14.72,0.7,6.68,12.98,3.87,10.98,4.88,1.56,5.47,10.98,10.97,0.46,6.87,0.46,5.98,10.98,0.46,0.7,0.46,3.98,5.48,14.72,1.0,5.24,14.72,3.97,3.67,0.46,0.46,2.98,5.48,12.78,0.46,0.46,2.24,0.7,0.46,4.97,5.74,8.97,1.48,3.92,17.97,2.98,5.64,5.22,3.97,2.84,3.98,1.88,7.98,2.73,4.88,3.48,0.98,4.47,5.97,2.37,3.48,2.48,2.26,3.98,1.77,1.97,3.24,17.97,1.96,3.98,3.98,3.62,4.98,4.97,0.98,1.98,1.88,5.97,4.63,2.24,1.98,1.97,3.97,3.66,2.48,7.94,1.97,0.97,7.97,0.97,8.37,2.97,4.97
2014/02/22,4.64,0.46,0.98,0.7,0.7,11.88,0.7,0.46,7.88,14.72,0.7,6.68,12.98,3.87,10.98,4.88,1.56,5.47,10.98,10.97,0.46,6.87,0.46,5.98,10.98,0.46,0.7,0.46,3.98,5.48,14.72,1.0,5.24,14.72,3.97,3.67,0.46,0.46,2.98,5.48,12.78,0.46,0.46,2.24,0.7,0.46,4.97,5.74,8.97,1.48,3.92,17.97,2.98,5.64,5.22,3.97,2.84,3.98,1.88,7.98,2.73,4.88,3.48,0.98,4.47,5.97,2.37,3.48,2.48,2.26,3.98,1.77,1.97,3.24,17.97,1.96,3.98,3.98,3.62,4.98,4.97,0.98,1.98,1.88,5.97,4.63,2.24,1.98,1.97,3.97,3.66,2.48,7.94,1.97,0.97,7.97,0.97,8.37,2.97,4.97
2014/02/23,4.64,0.46,0.98,0.7,0.7,11.88,0.7,0.46,7.88,14.72,0.7,6.68,12.98,3.87,10.98,4.88,1.56,5.47,10.98,10.97,0.46,6.87,0.46,5.98,10.98,0.46,0.7,0.46,3.98,5.48,14.72,1.0,5.24,14.72,3.97,3.67,0.46,0.46,2.98,5.48,12.78,0.46,0.46,2.24,0.7,0.46,4.97,5.74,8.97,1.48,3.92,17.97,2.98,5.64,5.22,3.97,2.84,3.98,1.88,7.98,2.73,4.88,3.48,0.98,4.47,5.97,2.37,3.48,2.48,2.26,3.98,1.77,1.97,3.24,17.97,1.96,3.98,3.98,3.62,4.98,4.97,0.98,1.98,1.88,5.97,4.63,2.24,1.98,1.97,3.97,3.66,2.48,7.94,1.97,0.97,7.97,0.97,8.37,2.97,4.97
2014/02/24,4.64,0.46,0.98,0.7,0.7,11.88,0.7,0.46,7.88,14.72,0.7,6.68,12.98,3.87,10.98,4.88,1.56,5.47,10.98,10.97,0.46,6.87,0.46,5.98,10.98,0.46,0.7,0.46,3.98,5.48,14.72,1.0,5.24,14.72,3.97,3.67,0.46,0.46,2.98,5.48,12.78,0.46,0.46,2.24,0.7,0.46,4.97,5.74,8.97,1.48,3.92,17.97,2.98,5.64,5.22,3.97,2.84,3.98,1.88,7.98,2.73,4.88,3.48,0.98,4.47,5.97,2.37,3.48,2.48,2.26,3.98,1.77,1.97,3.24,17.97,1.96,3.98,3.98,3.62,4.98,4.97,0.98,1.98,1.88,5.97,4.63,2.24,1.98,1.97,3.97,3.66,2.48,7.94,1.97,0.97,7.97,0.97,8.37,2.97,4.97
2014/02/25,4.64,0.46,0.98,0.7,0.7,11.88,0.7,0.46,7.88,14.72,0.7,6.68,12.98,3.87,10.98,4.88,1.56,5.47,10.98,10.97,0.46,6.87,0.46,5.98,10.98,0.46,0.7,0.46,3.98,5.48,14.72,1.0,5.24,14.72,3.97,3.67,0.46,0.46,2.98,5.48,12.78,0.46,0.46,2.24,0.7,0.46,4.97,5.74,8.97,1.48,3.92,17.97,2.98,5.64,5.22,3.97,2.84,3.98,1.88,7.98,2.73,4.88,3.48,0.98,4.47,5.97,2.37,3.48,2.48,2.26,3.98,1.77,1.97,3.24,17.97,1.96,3.98,3.98,3.62,4.98,4.97,0.98,1.98,1.88,5.97,4.63,2.24,1.98,1.97,3.97,3.66,2.48,7.94,1.97,0.97,7.97,0.97,8.37,2.97,4.97
2014/02/26,4.64,0.46,0.98,0.7,0.7,11.88,0.7,0.46,7.88,14.72,0.7,6.68,12.98,3.87,10.98,4.88,1.56,5.47,10.98,10.97,0.46,6.87,0.46,5.98,10.98,0.46,0.7,0.46,3.98,5.48,14.72,1.0,5.24,14.72,3.97,3.67,0.46,0.46,2.98,5.48,12.78,0.46,0.46,2.24,0.7,0.46,4.97,5.74,8.97,1.48,3.92,17.97,2.98,5.64,5.22,3.97,2.84,3.98,1.88,7.98,2.73,4.88,3.48,0.98,4.47,5.97,2.37,3.48,2.48,2.26,3.98,1.77,1.97,3.24,17.97,1.96,3.98,3.98,3.62,4.98,4.97,0.98,1.98,1.88,5.97,4.63,2.24,1.98,1.97,3.97,3.66,2.48,7.94,1.97,0.97,7.97,0.97,8.37,2.97,4.97
2014/02/27,4.64,0.46,0.98,0.7,0.7,11.88,0.7,0.46,7.88,14.72,0.7,6.68,12.98,3.87,10.98,4.88,1.56,5.47,10.98,10.97,0.46,6.87,0.46,5.98,10.98,0.46,0.7,0.46,3.98,5.48,14.72,1.0,5.24,14.72,3.97,3.67,0.46,0.46,2.98,5.48,12.78,0.46,0.46,2.24,0.7,0.46,4.97,5.74,8.97,1.48,3.92,17.97,2.98,5.64,5.22,3.97,2.84,3.98,1.88,7.98,2.73,4.88,3.48,0.98,4.47,5.97,2.37,3.48,2.48,2.26,3.98,1.77,1.97,3.24,17.97,1.96,3.98,3.98,3.62,4.98,4.97,0.98,1.98,1.88,5.97,4.63,2.24,1.98,1.97,3.97,3.66,2.48,7.94,1.97,0.97,7.97,0.97,8.37,2.97,4.97
2014/02/28,4.64,0.46,0.98,0.7,0.7,11.88,0.7,0.46,7.88,14.72,0.7,6.68,12.98,3.87,10.98,4.88,1.56,5.47,10.98,10.97,0.46,6.87,0.46,5.98,10.98,0.46,0.7,0.46,3.98,5.48,14.72,1.0,5.24,14.72,3.97,3.67,0.46,0.46,2.98,5.48,12.78,0.46,0.46,2.24,0.7,0.46,4.97,5.74,8.97,1.48,3.92,17.97,2.98,5.64,5.22,3.97,2.84,3.98,1.88,7.98,2.73,4.88,3.48,0.98,4.47,5.97,2.37,3.48,2.48,2.26,3.98,1.77,1.97,3.24,17.97,1.96,3.98,3.98,3.62,4.98,4.97,0.98,1.98,1.88,5.97,4.63,2.24,1.98,1.97,3.97,3.66,2.48,7.94,1.97,0.97,7.97,0.97,8.37,2.97,4.97
2014/03/01,4.64,0.46,0.98,0.7,0.7,11.88,0.7,0.46,7.88,14.72,0.7,6.68,12.98,3.87,10.98,4.88,1.56,5.47,10.98,10.97,0.46,6.87,0.46,5.98,10.98,0.46,0.7,0.46,3.98,5.48,14.72,1.0,5.24,14.72,3.97,3.67,0.46,0.46,2.98,5.48,12.78,0.46,0.46,2.24,0.7,0.46,4.97,5.74,8.97,1.48,3.92,17.97,2.98,5.64,5.22,3.97,2.84,3.98,1.88,7.98,2.73,4.88,3.48,0.98,4.47,5.97,2.37,3.48,2.48,2.26,3.98,1.77,1.97,3.24,17.97,1.96,3.98,3.98,3.62,4.98,4.97,0.98,1.98,1.88,5.97,4.63,2.24,1.98,1.97,3.97,3.66,2.48,7.94,1.97,0.97,7.97,0.97,8.37,2.97,4.97
2014/03/02,4.64,0.46,0.98,0.7,0.7,11.88,0.7,0.46,7.88,14.72,0.7,6.68,12.98,3.87,10.98,4.88,1.56,5.47,10.98,10.97,0.46,6.87,0.46,5.98,10.98,0.46,0.7,0.46,3.98,5.48,14.72,1.0,5.24,14.72,3.97,3.67,0.46,0.46,2.98,5.48,12.78,0.46,0.46,2.24,0.7,0.46,4.97,5.74,8.97,1.48,3.92,17.97,2.98,5.64,5.22,3.97,2.84,3.98,1.88,7.98,2.73,4.88,3.48,0.98,4.47,5.97,2.37,3.48,2.48,2.26,3.98,1.77,1.97,3.24,17.97,1.96,3.98,3.98,3.62,4.98,4.97,0.98,1.98,1.88,5.97,4.63,2.24,1.98,1.97,3.97,3.66,2.48,7.94,1.97,0.97,7.97,0.97,8.37,2.97,4.97
2014/03/03,4.64,0.46,0.98,0.7,0.7,11.88,0.7,0.46,7.88,14.72,0.7,6.68,12.98,3.87,10.98,4.88,1.56,5.47,10.98,10.97,0.46,6.87,0.46,5.98,10.98,0.46,0.7,0.46,3.98,5.48,14.72,1.0,5.24,14.72,3.97,3.67,0.46,0.46,2.98,5.48,12.78,0.46,0.46,2.24,0.7,0.46,4.97,5.74,8.97,1.48,3.92,17.97,2.98,5.64,5.22,3.97,2.84,3.98,1.88,7.98,2.73,4.88,3.48,0.98,4.47,5.97,2.37,3.48,2.48,2.26,3.98,1.77,1.97,3.24,17.97,1.96,3.98,3.98,3.62,4.98,4.97,0.98,1.98,1.88,5.97,4.63,2.24,1.98,1.97,3.97,3.66,2.48,7.94,1.97,0.97,7.97,0.97,8.37,2.97,4.97
2014/03/04,4.64,0.46,0.98,0.7,0.7,11.88,0.7,0.46,7.88,14.72,0.7,6.68,12.98,3.87,10.98,4.88,1.56,5.47,10.98,10.97,0.46,6.87,0.46,5.98,10.98,0.46,0.7,0.46,3.98,5.48,14.72,1.0,5.24,14.72,3.97,3.67,0.46,0.46,2.98,5.48,12.78,0.46,0.46,2.24,0.7,0.46,4.97,5.74,8.97,1.48,3.92,17.97,2.98,5.64,5.22,3.97,2.84,3.98,1.88,7.98,2.73,4.88,3.48,0.98,4.47,5.97,2.37,3.48,2.48,2.26,3.98,1.77,1.97,3.24,17.97,1.96,3.98,3.98,3.62,4.98,4.97,0.98,1.98,1.88,5.97,4.63,2.24,1.98,1.97,3.97,3.66,2.48,7.94,1.97,0.97,7.97,0.97,8.37,2.97,4.97
2014/03/05,4.64,0.46,0.98,0.7,0.7,11.88,0.7,0.46,7.88,14.72,0.7,6.68,12.98,3.87,10.98,4.88,1.56,5.47,10.98,10.97,0.46,6.87,0.46,5.98,10.98,0.46,0.7,0.46,3.98,5.48,14.72,1.0,5.24,14.72,3.97,3.67,0.46,0.46,2.98,5.48,12.78,0.46,0.46,2.24,0.7,0.46,4.97,5.74,8.97,1.48,3.92,17.97,2.98,5.64,5.22,3.97,2.84,3.98,1.88,7.98,2.73,4.88,3.48,0.98,4.47,5.97,2.37,3.48,2.48,2.26,3.98,1.77,1.97,3.24,17.97,1.96,3.98,3.98,3.62,4.98,4.97,0.98,1.98,1.88,5.97,4.63,2.24,1.98,1.97,3.97,3.66,2.48,7.94,1.97,0.97,7.97,0.97,8.37,2.97,4.97
2014/03/06,4.64,0.46,0.98,0.7,0.7,11.88,0.7,0.46,7.88,14.72,0.7,6.68,12.98,3.87,10.98,4.88,1.56,5.47,10.98,10.97,0.46,6.87,0.46,5.98,10.98,0.46,0.7,0.46,3.98,5.48,14.72,1.0,5.24,14.72,3.97,3.67,0.46,0.46,2.98,5.48,12.78,0.46,0.46,2.24,0.7,0.46,4.97,5.74,8.97,1.48,3.92,17.97,2.98,5.64,5.22,3.97,2.84,3.98,1.88,7.98,2.73,4.88,3.48,0.98,4.47,5.97,2.37,3.48,2.48,2.26,3.98,1.77,1.97,3.24,17.97,1.96,3.98,3.98,3.62,4.98,4.97,0.98,1.98,1.88,5.97,4.63,2.24,1.98,1.97,3.97,3.66,2.48,7.94,1.97,0.97,7.97,0.97,8.37,2.97,4.97
2014/03/07,4.64,0.46,0.98,0.7,0.7,11.88,0.7,0.46,7.88,14.72,0.7,6.68,12.98,3.87,10.98,4.88,1.56,5.47,10.98,10.97,0.46,6.87,0.46,5.98,10.98,0.46,0.7,0.46,3.98,5.48,14.72,1.0,5.24,14.72,3.97,3.67,0.46,0.46,2.98,5.48,12.78,0.46,0.46,2.24,0.7,0.46,4.97,5.74,8.97,1.48,3.92,17.97,2.98,5.64,5.22,3.97,2.84,3.98,1.88,7.98,2.73,4.88,3.48,0.98,4.47,5.97,2.37,3.48,2.48,2.26,3.98,1.77,1.97,3.24,17.97,1.96,3.98,3.98,3.62,4.98,4.97,0.98,1.98,1.88,5.97,4.63,2.24,1.98,1.97,3.97,3.66,2.48,7.94,1.97,0.97,7.97,0.97,8.37,2.97,4.97
2014/03/08,4.64,0.46,0.98,0.7,0.7,11.88,0.7,0.46,7.88,14.72,0.7,6.68,12.98,3.87,10.98,4.88,1.56,5.47,10.98,10.97,0.46,6.87,0.46,5.98,10.98,0.46,0.7,0.46,3.98,5.48,14.72,1.0,5.24,14.72,3.97,3.67,0.46,0.46,2.98,5.48,12.78,0.46,0.46,2.24,0.7,0.46,4.97,5.74,8.97,1.48,3.92,17.97,2.98,5.64,5.22,3.97,2.84,3.98,1.88,7.98,2.73,4.88,3.48,0.98,4.47,5.97,2.37,3.48,2.48,2.26,3.98,1.77,1.97,3.24,17.97,1.96,3.98,3.98,3.62,4.98,4.97,0.98,1.98,1.88,5.97,4.63,2.24,1.98,1.97,3.97,3.66,2.48,7.94,1.97,0.97,7.97,0.97,8.37,2.97,4.97
2014/03/09,4.64,0.46,0.98,0.7,0.7,11.88,0.7,0.46,7.88,14.72,0.7,6.68,12.98,3.87,10.98,4.88,1.56,5.47,10.98,10.97,0.46,6.87,0.46,5.98,10.98,0.46,0.7,0.46,3.98,5.48,14.72,1.0,5.24,14.72,3.97,3.67,0.46,0.46,2.98,5.48,12.78,0.46,0.46,2.24,0.7,0.46,4.97,5.74,8.97,1.48,3.92,17.97,2.98,5.64,5.22,3.97,2.84,3.98,1.88,7.98,2.73,4.88,3.48,0.98,4.47,5.97,2.37,3.48,2.48,2.26,3.98,1.77,1.97,3.24,17.97,1.96,3.98,3.98,3.62,4.98,4.97,0.98,1.98,1.88,5.97,4.63,2.24,1.98,1.97,3.97,3.66,2.48,7.94,1.97,0.97,7.97,0.97,8.37,2.97,4.97
2014/03/10,4.64,0.46,0.98,0.7,0.7,11.88,0.7,0.46,7.88,14.72,0.7,6.68,12.98,3.87,10.98,4.88,1.56,5.47,10.98,10.97,0.46,6.87,0.46,5.98,10.98,0.46,0.7,0.46,3.98,5.48,14.72,1.0,5.24,14.72,3.97,3.67,0.46,0.46,2.98,5.48,12.78,0.46,0.46,2.24,0.7,0.46,4.97,5.74,8.97,1.48,3.92,17.97,2.98,5.64,5.22,3.97,2.84,3.98,1.88,7.98,2.73,4.88,3.48,0.98,4.47,5.97,2.37,3.48,2.48,2.26,3.98,1.77,1.97,3.24,17.97,1.96,3.98,3.98,3.62,4.98,4.97,0.98,1.98,1.88,5.97,4.63,2.24,1.98,1.97,3.97,3.66,2.48,7.94,1.97,0.97,7.97,0.97,8.37,2.97,4.97
2014/03/11,4.64,0.46,0.98,0.7,0.7,11.88,0.7,0.46,7.88,14.72,0.7,6.68,12.98,3.87,10.98,4.88,1.56,5.47,10.98,10.97,0.46,6.87,0.46,5.98,10.98,0.46,0.7,0.46,3.98,5.48,14.72,1.0,5.24,14.72,3.97,3.67,0.46,0.46,2.98,5.48,12.78,0.46,0.46,2.24,0.7,0.46,4.97,5.74,8.97,1.48,3.92,17.97,2.98,5.64,5.22,3.97,2.84,3.98,1.88,7.98,2.73,4.88,3.48,0.98,4.47,5.97,2.37,3.48,2.48,2.26,3.98,1.77,1.97,3.24,17.97,1.96,3.98,3.98,3.62,4.98,4.97,0.98,1.98,1.88,5.97,4.63,2.24,1.98,1.97,3.97,3.66,2.48,7.94,1.97,0.97,7.97,0.97,8.37,2.97,4.97
2014/03/12,4.64,0.46,0.98,0.7,0.7,11.88,0.7,0.46,7.88,14.72,0.7,6.68,12.98,3.87,10.98,4.88,1.56,5.47,10.98,10.97,0.46,6.87,0.46,5.98,10.98,0.46,0.7,0.46,3.98,5.48,14.72,1.0,5.24,14.72,3.97,3.67,0.46,0.46,2.98,5.48,12.78,0.46,0.46,2.24,0.7,0.46,4.97,5.74,8.97,1.48,3.92,17.97,2.98,5.64,5.22,3.97,2.84,3.98,1.88,7.98,2.73,4.88,3.48,0.98,4.47,5.97,2.37,3.48,2.48,2.26,3.98,1.77,1.97,3.24,17.97,1.96,3.98,3.98,3.62,4.98,4.97,0.98,1.98,1.88,5.97,4.63,2.24,1.98,1.97,3.97,3.66,2.48,7.94,1.97,0.97,7.97,0.97,8.37,2.97,4.97
2014/03/13,4.64,0.46,0.98,0.7,0.7,11.88,0.7,0.46,7.88,14.72,0.7,6.68,12.98,3.87,10.98,4.88,1.56,5.47,10.98,10.97,0.46,6.87,0.46,5.98,10.98,0.46,0.7,0.46,3.98,5.48,14.72,1.0,5.24,14.72,3.97,3.67,0.46,0.46,2.98,5.48,12.78,0.46,0.46,2.24,0.7,0.46,4.97,5.74,8.97,1.48,3.92,17.97,2.98,5.64,5.22,3.97,2.84,3.98,1.88,7.98,2.73,4.88,3.48,0.98,4.47,5.97,2.37,3.48,2.48,2.26,3.98,1.77,1.97,3.24,17.97,1.96,3.98,3.98,3.62,4.98,4.97,0.98,1.98,1.88,5.97,4.63,2.24,1.98,1.97,3.97,3.66,2.48,7.94,1.97,0.97,7.97,0.97,8.37,2.97,4.97
2014/03/14,4.64,0.46,0.98,0.7,0.7,11.88,0.7,0.46,7.88,14.72,0.7,6.68,12.98,3.87,10.98,4.88,1.56,5.47,10.98,10.97,0.46,6.87,0.46,5.98,10.98,0.46,0.7,0.46,3.98,5.48,14.72,1.0,5.24,14.72,3.97,3.67,0.46,0.46,2.98,5.48,12.78,0.46,0.46,2.24,0.7,0.46,4.97,5.74,8.97,1.48,3.92,17.97,2.98,5.64,5.22,3.97,2.84,3.98,1.88,7.98,2.73,4.88,3.48,0.98,4.47,5.97,2.37,3.48,2.48,2.26,3.98,1.77,1.97,3.24,17.97,1.96,3.98,3.98,3.62,4.98,4.97,0.98,1.98,1.88,5.97,4.63,2.24,1.98,1.97,3.97,3.66,2.48,7.94,1.97,0.97,7.97,0.97,8.37,2.97,4.97
2014/03/15,4.64,0.46,0.98,0.7,0.7,11.88,0.7,0.46,7.88,14.72,0.7,6.68,12.98,3.87,10.98,4.88,1.56,5.47,10.98,10.97,0.46,6.87,0.46,5.98,10.98,0.46,0.7,0.46,3.98,5.48,14.72,1.0,5.24,14.72,3.97,3.67,0.46,0.46,2.98,5.48,12.78,0.46,0.46,2.24,0.7,0.46,4.97,5.74,8.97,1.48,3.92,17.97,2.98,5.64,5.22,3.97,2.84,3.98,1.88,7.98,2.73,4.88,3.48,0.98,4.47,5.97,2.37,3.48,2.48,2.26,3.98,1.77,1.97,3.24,17.97,1.96,3.98,3.98,3.62,4.98,4.97,0.98,1.98,1.88,5.97,4.63,2.24,1.98,1.97,3.97,3.66,2.48,7.94,1.97,0.97,7.97,0.97,8.37,2.97,4.97
2014/03/16,4.64,0.46,0.98,0.7,0.7,11.88,0.7,0.46,7.88,14.72,0.7,6.68,12.98,3.87,10.98,4.88,1.56,5.47,10.98,10.97,0.46,6.87,0.46,5.98,10.98,0.46,0.7,0.46,3.98,5.48,14.72,1.0,5.24,14.72,3.97,3.67,0.46,0.46,2.98,5.48,12.78,0.46,0.46,2.24,0.7,0.46,4.97,5.74,8.97,1.48,3.92,17.97,2.98,5.64,5.22,3.97,2.84,3.98,1.88,7.98,2.73,4.88,3.48,0.98,4.47,5.97,2.37,3.48,2.48,2.26,3.98,1.77,1.97,3.24,17.97,1.96,3.98,3.98,3.62,4.98,4.97,0.98,1.98,1.88,5.97,4.63,2.24,1.98,1.97,3.97,3.66,2.48,7.94,1.97,0.97,7.97,0.97,8.37,2.97,4.97
2014/03/17,4.64,0.46,0.98,0.7,0.7,11.88,0.7,0.46,7.88,14.72,0.7,6.68,12.98,3.87,10.98,4.88,1.56,5.47,10.98,10.97,0.46,6.87,0.46,5.98,10.98,0.46,0.7,0.46,3.98,5.48,14.72,1.0,5.24,14.72,3.97,3.67,0.46,0.46,2.98,5.48,12.78,0.46,0.46,2.24,0.7,0.46,4.97,5.74,8.97,1.48,3.92,17.97,2.98,5.64,5.22,3.97,2.84,3.98,1.88,7.98,2.73,4.88,3.48,0.98,4.47,5.97,2.37,3.48,2.48,2.26,3.98,1.77,1.97,3.24,17.97,1.96,3.98,3.98,3.62,4.98,4.97,0.98,1.98,1.88,5.97,4.63,2.24,1.98,1.97,3.97,3.66,2.48,7.94,1.97,0.97,7.97,0.97,8.37,2.97,4.97
2014/03/18,4.64,0.46,0.98,0.7,0.7,11.88,0.7,0.46,7.88,14.72,0.7,6.68,12.98,3.87,10.98,4.88,1.56,5.47,10.98,10.97,0.46,6.87,0.46,5.98,10.98,0.46,0.7,0.46,3.98,5.48,14.72,1.0,5.24,14.72,3.97,3.67,0.46,0.46,2.98,5.48,12.78,0.46,0.46,2.24,0.7,0.46,4.97,5.74,8.97,1.48,3.92,17.97,2.98,5.64,5.22,3.97,2.84,3.98,1.88,7.98,2.73,4.88,3.48,0.98,4.47,5.97,2.37,3.48,2.48,2.26,3.98,1.77,1.97,3.24,17.97,1.96,3.98,3.98,3.62,4.98,4.97,0.98,1.98,1.88,5.97,4.63,2.24,1.98,1.97,3.97,3.66,2.48,7.94,1.97,0.97,7.97,0.97,8.37,2.97,4.97
2014/03/19,4.64,0.46,0.98,0.7,0.7,11.88,0.7,0.46,7.88,14.72,0.7,6.68,12.98,3.87,10.98,4.88,1.56,5.47,10.98,10.97,0.46,6.87,0.46,5.98,10.98,0.46,0.7,0.46,3.98,5.48,14.72,1.0,5.24,14.72,3.97,3.67,0.46,0.46,2.98,5.48,12.78,0.46,0.46,2.24,0.7,0.46,4.97,5.74,8.97,1.48,3.92,17.97,2.98,5.64,5.22,3.97,2.84,3.98,1.88,7.98,2.73,4.88,3.48,0.98,4.47,5.97,2.37,3.48,2.48,2.26,3.98,1.77,1.97,3.24,17.97,1.96,3.98,3.98,3.62,4.98,4.97,0.98,1.98,1.88,5.97,4.63,2.24,1.98,1.97,3.97,3.66,2.48,7.94,1.97,0.97,7.97,0.97,8.37,2.97,4.97
2014/03/20,4.64,0.46,0.98,0.7,0.7,11.88,0.7,0.46,7.88,14.72,0.7,6.68,12.98,3.87,10.98,4.88,1.56,5.47,10.98,10.97,0.46,6.87,0.46,5.98,10.98,0.46,0.7,0.46,3.98,5.48,14.72,1.0,5.24,14.72,3.97,3.67,0.46,0.46,2.98,5.48,12.78,0.46,0.46,2.24,0.7,0.46,4.97,5.74,8.97,1.48,3.92,17.97,2.98,5.64,5.22,3.97,2.84,3.98,1.88,7.98,2.73,4.88,3.48,0.98,4.47,5.97,2.37,3.48,2.48,2.26,3.98,1.77,1.97,3.24,17.97,1.96,3.98,3.98,3.62,4.98,4.97,0.98,1.98,1.88,5.97,4.63,2.24,1.98,1.97,3.97,3.66,2.48,7.94,1.97,0.97,7.97,0.97,8.37,2.97,4.97
2014/03/21,4.64,0.46,0.98,0.7,0.7,11.88,0.7,0.46,7.88,14.72,0.7,6.68,12.98,3.87,10.98,4.88,1.56,5.47,10.98,10.97,0.46,6.87,0.46,5.98,10.98,0.46,0.7,0.46,3.98,5.48,14.72,1.0,5.24,14.72,3.97,3.67,0.46,0.46,2.98,5.48,12.78,0.46,0.46,2.24,0.7,0.46,4.97,5.74,8.97,1.48,3.92,17.97,2.98,5.64,5.22,3.97,2.84,3.98,1.88,7.98,2.73,4.88,3.48,0.98,4.47,5.97,2.37,3.48,2.48,2.26,3.98,1.77,1.97,3.24,17.97,1.96,3.98,3.98,3.62,4.98,4.97,0.98,1.98,1.88,5.97,4.63,2.24,1.98,1.97,3.97,3.66,2.48,7.94,1.97,0.97,7.97,0.97,8.37,2.97,4.97
2014/03/22,4.64,0.46,0.98,0.7,0.7,11.88,0.7,0.46,7.88,14.72,0.7,6.68,12.98,3.87,10.98,4.88,1.56,5.47,10.98,10.97,0.46,6.87,0.46,5.98,10.98,0.46,0.7,0.46,3.98,5.48,14.72,1.0,5.24,14.72,3.97,3.67,0.46,0.46,2.98,5.48,12.78,0.46,0.46,2.24,0.7,0.46,4.97,5.74,8.97,1.48,3.92,17.97,2.98,5.64,5.22,3.97,2.84,3.98,1.88,7.98,2.73,4.88,3.48,0.98,4.47,5.97,2.37,3.48,2.48,2.26,3.98,1.77,1.97,3.24,17.97,1.96,3.98,3.98,3.62,4.98,4.97,0.98,1.98,1.88,5.97,4.63,2.24,1.98,1.97,3.97,3.66,2.48,7.94,1.97,0.97,7.97,0.97,8.37,2.97,4.97
2014/03/23,4.64,0.46,0.98,0.7,0.7,11.88,0.7,0.46,7.88,14.72,0.7,6.68,12.98,3.87,10.98,4.88,1.56,5.47,10.98,10.97,0.46,6.87,0.46,5.98,10.98,0.46,0.7,0.46,3.98,5.48,14.72,1.0,5.24,14.72,3.97,3.67,0.46,0.46,2.98,5.48,12.78,0.46,0.46,2.24,0.7,0.46,4.97,5.74,8.97,1.48,3.92,17.97,2.98,5.64,5.22,3.97,2.84,3.98,1.88,7.98,2.73,4.88,3.48,0.98,4.47,5.97,2.37,3.48,2.48,2.26,3.98,1.77,1.97,3.24,17.97,1.96,3.98,3.98,3.62,4.98,4.97,0.98,1.98,1.88,5.97,4.63,2.24,1.98,1.97,3.97,3.66,2.48,7.94,1.97,0.97,7.97,0.97,8.37,2.97,4.97
2014/03/24,4.64,0.46,0.98,0.7,0.7,11.88,0.7,0.46,7.88,14.72,0.7,6.68,12.98,3.87,10.98,4.88,1.56,5.47,10.98,10.97,0.46,6.87,0.46,5.98,10.98,0.46,0.7,0.46,3.98,5.48,14.72,1.0,5.24,14.72,3.97,3.67,0.46,0.46,2.98,5.48,12.78,0.46,0.46,2.24,0.7,0.46,4.97,5.74,8.97,1.48,3.92,17.97,2.98,5.64,5.22,3.97,2.84,3.98,1.88,7.98,2.73,4.88,3.48,0.98,4.47,5.97,2.37,3.48,2.48,2.26,3.98,1.77,1.97,3.24,17.97,1.96,3.98,3.98,3.62,4.98,4.97,0.98,1.98,1.88,5.97,4.63,2.24,1.98,1.97,3.97,3.66,2.48,7.94,1.97,0.97,7.97,0.97,8.37,2.97,4.97
2014/03/25,4.64,0.46,0.98,0.7,0.7,11.88,0.7,0.46,7.88,14.72,0.7,6.68,12.98,3.87,10.98,4.88,1.56,5.47,10.98,10.97,0.46,6.87,0.46,5.98,10.98,0.46,0.7,0.46,3.98,5.48,14.72,1.0,5.24,14.72,3.97,3.67,0.46,0.46,2.98,5.48,12.78,0.46,0.46,2.24,0.7,0.46,4.97,5.74,8.97,1.48,3.92,17.97,2.98,5.64,5.22,3.97,2.84,3.98,1.88,7.98,2.73,4.88,3.48,0.98,4.47,5.97,2.37,3.48,2.48,2.26,3.98,1.77,1.97,3.24,17.97,1.96,3.98,3.98,3.62,4.98,4.97,0.98,1.98,1.88,5.97,4.63,2.24,1.98,1.97,3.97,3.66,2.48,7.94,1.97,0.97,7.97,0.97,8.37,2.97,4.97
2014/03/26,4.64,0.46,0.98,0.7,0.7,11.88,0.7,0.46,7.88,14.72,0.7,6.68,12.98,3.87,10.98,4.88,1.56,5.47,10.98,10.97,0.46,6.87,0.46,5.98,10.98,0.46,0.7,0.46,3.98,5.48,14.72,1.0,5.24,14.72,3.97,3.67,0.46,0.46,2.98,5.48,12.78,0.46,0.46,2.24,0.7,0.46,4.97,5.74,8.97,1.48,3.92,17.97,2.98,5.64,5.22,3.97,2.84,3.98,1.88,7.98,2.73,4.88,3.48,0.98,4.47,5.97,2.37,3.48,2.48,2.26,3.98,1.77,1.97,3.24,17.97,1.96,3.98,3.98,3.62,4.98,4.97,0.98,1.98,1.88,5.97,4.63,2.24,1.98,1.97,3.97,3.66,2.48,7.94,1.97,0.97,7.97,0.97,8.37,2.97,4.97
2014/03/27,4.64,0.46,0.98,0.7,0.7,11.88,0.7,0.46,7.88,14.72,0.7,6.68,12.98,3.87,10.98,4.88,1.56,5.47,10.98,10.97,0.46,6.87,0.46,5.98,10.98,0.46,0.7,0.46,3.98,5.48,14.72,1.0,5.24,14.72,3.97,3.67,0.46,0.46,2.98,5.48,12.78,0.46,0.46,2.24,0.7,0.46,4.97,5.74,8.97,1.48,3.92,17.97,2.98,5.64,5.22,3.97,2.84,3.98,1.88,7.98,2.73,4.88,3.48,0.98,4.47,5.97,2.37,3.48,2.48,2.26,3.98,1.77,1.97,3.24,17.97,1.96,3.98,3.98,3.62,4.98,4.97,0.98,1.98,1.88,5.97,4.63,2.24,1.98,1.97,3.97,3.66,2.48,7.94,1.97,0.97,7.97,0.97,8.37,2.97,4.97
2014/03/28,4.64,0.46,0.98,0.7,0.7,11.88,0.7,0.46,7.88,14.72,0.7,6.68,12.98,3.87,10.98,4.88,1.56,5.47,10.98,10.97,0.46,6.87,0.46,5.98,10.98,0.46,0.7,0.46,3.98,5.48,14.72,1.0,5.24,14.72,3.97,3.67,0.46,0.46,2.98,5.48,12.78,0.46,0.46,2.24,0.7,0.46,4.97,5.74,8.97,1.48,3.92,17.97,2.98,5.64,5.22,3.97,2.84,3.98,1.88,7.98,2.73,4.88,3.48,0.98,4.47,5.97,2.37,3.48,2.48,2.26,3.98,1.77,1.97,3.24,17.97,1.96,3.98,3.98,3.62,4.98,4.97,0.98,1.98,1.88,5.97,4.63,2.24,1.98,1.97,3.97,3.66,2.48,7.94,1.97,0.97,7.97,0.97,8.37,2.97,4.97
2014/03/29,4.64,0.46,0.98,0.7,0.7,11.88,0.7,0.46,7.88,14.72,0.7,6.68,12.98,3.87,10.98,4.88,1.56,5.47,10.98,10.97,0.46,6.87,0.46,5.98,10.98,0.46,0.7,0.46,3.98,5.48,14.72,1.0,5.24,14.72,3.97,3.67,0.46,0.46,2.98,5.48,12.78,0.46,0.46,2.24,0.7,0.46,4.97,5.74,8.97,1.48,3.92,17.97,2.98,5.64,5.22,3.97,2.84,3.98,1.88,7.98,2.73,4.88,3.48,0.98,4.47,5.97,2.37,3.48,2.48,2.26,3.98,1.77,1.97,3.24,17.97,1.96,3.98,3.98,3.62,4.98,4.97,0.98,1.98,1.88,5.97,4.63,2.24,1.98,1.97,3.97,3.66,2.48,7.94,1.97,0.97,7.97,0.97,8.37,2.97,4.97
2014/03/30,4.64,0.46,0.98,0.7,0.7,11.88,0.7,0.46,7.88,14.72,0.7,6.68,12.98,3.87,10.98,4.88,1.56,5.47,10.98,10.97,0.46,6.87,0.46,5.98,10.98,0.46,0.7,0.46,3.98,5.48,14.72,1.0,5.24,14.72,3.97,3.67,0.46,0.46,2.98,5.48,12.78,0.46,0.46,2.24,0.7,0.46,4.97,5.74,8.97,1.48,3.92,17.97,2.98,5.64,5.22,3.97,2.84,3.98,1.88,7.98,2.73,4.88,3.48,0.98,4.47,5.97,2.37,3.48,2.48,2.26,3.98,1.77,1.97,3.24,17.97,1.96,3.98,3.98,3.62,4.98,4.97,0.98,1.98,1.88,5.97,4.63,2.24,1.98,1.97,3.97,3.66,2.48,7.94,1.97,0.97,7.97,0.97,8.37,2.97,4.97
2014/03/31,4.64,0.46,0.98,0.7,0.7,11.88,0.7,0.46,7.88,14.72,0.7,6.68,12.98,3.87,10.98,4.88,1.56,5.47,10.98,10.97,0.46,6.87,0.46,5.98,10.98,0.46,0.7,0.46,3.98,5.48,14.72,1.0,5.24,14.72,3.97,3.67,0.46,0.46,2.98,5.48,12.78,0.46,0.46,2.24,0.7,0.46,4.97,5.74,8.97,1.48,3.92,17.97,2.98,5.64,5.22,3.97,2.84,3.98,1.88,7.98,2.73,4.88,3.48,0.98,4.47,5.97,2.37,3.48,2.48,2.26,3.98,1.77,1.97,3.24,17.97,1.96,3.98,3.98,3.62,4.98,4.97,0.98,1.98,1.88,5.97,4.63,2.24,1.98,1.97,3.97,3.66,2.48,7.94,1.97,0.97,7.97,0.97,8.37,2.97,4.97
2014/04/01,4.64,0.46,0.98,0.7,0.7,11.88,0.7,0.46,7.88,14.72,0.7,6.68,12.98,3.87,10.98,4.88,1.56,5.47,10.98,10.97,0.46,6.87,0.46,5.98,10.98,0.46,0.7,0.46,3.98,5.48,14.72,1.0,5.24,14.72,3.97,3.67,0.46,0.46,2.98,5.48,12.78,0.46,0.46,2.24,0.7,0.46,4.97,5.74,8.97,1.48,3.92,17.97,2.98,5.64,5.22,3.97,2.84,3.98,1.88,7.98,2.73,4.88,3.48,0.98,4.47,5.97,2.37,3.48,2.48,2.26,3.98,1.77,1.97,3.24,17.97,1.96,3.98,3.98,3.62,4.98,4.97,0.98,1.98,1.88,5.97,4.63,2.24,1.98,1.97,3.97,3.66,2.48,7.94,1.97,0.97,7.97,0.97,8.37,2.97,4.97
2014/04/02,4.64,0.46,0.98,0.7,0.7,11.88,0.7,0.46,7.88,14.72,0.7,6.68,12.98,3.87,10.98,4.88,1.56,5.47,10.98,10.97,0.46,6.87,0.46,5.98,10.98,0.46,0.7,0.46,3.98,5.48,14.72,1.0,5.24,14.72,3.97,3.67,0.46,0.46,2.98,5.48,12.78,0.46,0.46,2.24,0.7,0.46,4.97,5.74,8.97,1.48,3.92,17.97,2.98,5.64,5.22,3.97,2.84,3.98,1.88,7.98,2.73,4.88,3.48,0.98,4.47,5.97,2.37,3.48,2.48,2.26,3.98,1.77,1.97,3.24,17.97,1.96,3.98,3.98,3.62,4.98,4.97,0.98,1.98,1.88,5.97,4.63,2.24,1.98,1.97,3.97,3.66,2.48,7.94,1.97,0.97,7.97,0.97,8.37,2.97,4.97
2014/04/03,4.64,0.46,0.98,0.7,0.7,11.88,0.7,0.46,7.88,14.72,0.7,6.68,12.98,3.87,10.98,4.88,1.56,5.47,10.98,10.97,0.46,6.87,0.46,5.98,10.98,0.46,0.7,0.46,3.98,5.48,14.72,1.0,5.24,14.72,3.97,3.67,0.46,0.46,2.98,5.48,12.78,0.46,0.46,2.24,0.7,0.46,4.97,5.74,8.97,1.48,3.92,17.97,2.98,5.64,5.22,3.97,2.84,3.98,1.88,7.98,2.73,4.88,3.48,0.98,4.47,5.97,2.37,3.48,2.48,2.26,3.98,1.77,1.97,3.24,17.97,1.96,3.98,3.98,3.62,4.98,4.97,0.98,1.98,1.88,5.97,4.63,2.24,1.98,1.97,3.97,3.66,2.48,7.94,1.97,0.97,7.97,0.97,8.37,2.97,4.97
2014/04/04,4.64,0.46,0.98,0.7,0.7,11.88,0.7,0.46,7.88,14.72,0.7,6.68,12.98,3.87,10.98,4.88,1.56,5.47,10.98,10.97,0.46,6.87,0.46,5.98,10.98,0.46,0.7,0.46,3.98,5.48,14.72,1.0,5.24,14.72,3.97,3.67,0.46,0.46,2.98,5.48,12.78,0.46,0.46,2.24,0.7,0.46,4.97,5.74,8.97,1.48,3.92,17.97,2.98,5.64,5.22,3.97,2.84,3.98,1.88,7.98,2.73,4.88,3.48,0.98,4.47,5.97,2.37,3.48,2.48,2.26,3.98,1.77,1.97,3.24,17.97,1.96,3.98,3.98,3.62,4.98,4.97,0.98,1.98,1.88,5.97,4.63,2.24,1.98,1.97,3.97,3.66,2.48,7.94,1.97,0.97,7.97,0.97,8.37,2.97,4.97
2014/04/05,4.64,0.46,0.98,0.7,0.7,11.88,0.7,0.46,7.88,14.72,0.7,6.68,12.98,3.87,10.98,4.88,1.56,5.47,10.98,10.97,0.46,6.87,0.46,5.98,10.98,0.46,0.7,0.46,3.98,5.48,14.72,1.0,5.24,14.72,3.97,3.67,0.46,0.46,2.98,5.48,12.78,0.46,0.46,2.24,0.7,0.46,4.97,5.74,8.97,1.48,3.92,17.97,2.98,5.64,5.22,3.97,2.84,3.98,1.88,7.98,2.73,4.88,3.48,0.98,4.47,5.97,2.37,3.48,2.48,2.26,3.98,1.77,1.97,3.24,17.97,1.96,3.98,3.98,3.62,4.98,4.97,0.98,1.98,1.88,5.97,4.63,2.24,1.98,1.97,3.97,3.66,2.48,7.94,1.97,0.97,7.97,0.97,8.37,2.97,4.97
2014/04/06,4.64,0.46,0.98,0.7,0.7,11.88,0.7,0.46,7.88,14.72,0.7,6.68,12.98,3.87,10.98,4.88,1.56,5.47,10.98,10.97,0.46,6.87,0.46,5.98,10.98,0.46,0.7,0.46,3.98,5.48,14.72,1.0,5.24,14.72,3.97,3.67,0.46,0.46,2.98,5.48,12.78,0.46,0.46,2.24,0.7,0.46,4.97,5.74,8.97,1.48,3.92,17.97,2.98,5.64,5.22,3.97,2.84,3.98,1.88,7.98,2.73,4.88,3.48,0.98,4.47,5.97,2.37,3.48,2.48,2.26,3.98,1.77,1.97,3.24,17.97,1.96,3.98,3.98,3.62,4.98,4.97,0.98,1.98,1.88,5.97,4.63,2.24,1.98,1.97,3.97,3.66,2.48,7.94,1.97,0.97,7.97,0.97,8.37,2.97,4.97
2014/04/07,4.64,0.46,0.98,0.7,0.7,11.88,0.7,0.46,7.88,14.72,0.7,6.68,12.98,3.87,10.98,4.88,1.56,5.47,10.98,10.97,0.46,6.87,0.46,5.98,10.98,0.46,0.7,0.46,3.98,5.48,14.72,1.0,5.24,14.72,3.97,3.67,0.46,0.46,2.98,5.48,12.78,0.46,0.46,2.24,0.7,0.46,4.97,5.74,8.97,1.48,3.92,17.97,2.98,5.64,5.22,3.97,2.84,3.98,1.88,7.98,2.73,4.88,3.48,0.98,4.47,5.97,2.37,3.48,2.48,2.26,3.98,1.77,1.97,3.24,17.97,1.96,3.98,3.98,3.62,4.98,4.97,0.98,1.98,1.88,5.97,4.63,2.24,1.98,1.97,3.97,3.66,2.48,7.94,1.97,0.97,7.97,0.97,8.37,2.97,4.97
2014/04/08,4.64,0.46,0.98,0.7,0.7,11.88,0.7,0.46,7.88,14.72,0.7,6.68,12.98,3.87,10.98,4.88,1.56,5.47,10.98,10.97,0.46,6.87,0.46,5.98,10.98,0.46,0.7,0.46,3.98,5.48,14.72,1.0,5.24,14.72,3.97,3.67,0.46,0.46,2.98,5.48,12.78,0.46,0.46,2.24,0.7,0.46,4.97,5.74,8.97,1.48,3.92,17.97,2.98,5.64,5.22,3.97,2.84,3.98,1.88,7.98,2.73,4.88,3.48,0.98,4.47,5.97,2.37,3.48,2.48,2.26,3.98,1.77,1.97,3.24,17.97,1.96,3.98,3.98,3.62,4.98,4.97,0.98,1.98,1.88,5.97,4.63,2.24,1.98,1.97,3.97,3.66,2.48,7.94,1.97,0.97,7.97,0.97,8.37,2.97,4.97
2014/04/09,4.64,0.46,0.98,0.7,0.7,11.88,0.7,0.46,7.88,14.72,0.7,6.68,12.98,3.87,10.98,4.88,1.56,5.47,10.98,10.97,0.46,6.87,0.46,5.98,10.98,0.46,0.7,0.46,3.98,5.48,14.72,1.0,5.24,14.72,3.97,3.67,0.46,0.46,2.98,5.48,12.78,0.46,0.46,2.24,0.7,0.46,4.97,5.74,8.97,1.48,3.92,17.97,2.98,5.64,5.22,3.97,2.84,3.98,1.88,7.98,2.73,4.88,3.48,0.98,4.47,5.97,2.37,3.48,2.48,2.26,3.98,1.77,1.97,3.24,17.97,1.96,3.98,3.98,3.62,4.98,4.97,0.98,1.98,1.88,5.97,4.63,2.24,1.98,1.97,3.97,3.66,2.48,7.94,1.97,0.97,7.97,0.97,8.37,2.97,4.97
2014/04/10,4.64,0.46,0.98,0.7,0.7,11.88,0.7,0.46,7.88,14.72,0.7,6.68,12.98,3.87,10.98,4.88,1.56,5.47,10.98,10.97,0.46,6.87,0.46,5.98,10.98,0.46,0.7,0.46,3.98,5.48,14.72,1.0,5.24,14.72,3.97,3.67,0.46,0.46,2.98,5.48,12.78,0.46,0.46,2.24,0.7,0.46,4.97,5.74,8.97,1.48,3.92,17.97,2.98,5.64,5.22,3.97,2.84,3.98,1.88,7.98,2.73,4.88,3.48,0.98,4.47,5.97,2.37,3.48,2.48,2.26,3.98,1.77,1.97,3.24,17.97,1.96,3.98,3.98,3.62,4.98,4.97,0.98,1.98,1.88,5.97,4.63,2.24,1.98,1.97,3.97,3.66,2.48,7.94,1.97,0.97,7.97,0.97,8.37,2.97,4.97
2014/04/11,4.64,0.46,0.98,0.7,0.7,11.88,0.7,0.46,7.88,14.72,0.7,6.68,12.98,3.87,10.98,4.88,1.56,5.47,10.98,10.97,0.46,6.87,0.46,5.98,10.98,0.46,0.7,0.46,3.98,5.48,14.72,1.0,5.24,14.72,3.97,3.67,0.46,0.46,2.98,5.48,12.78,0.46,0.46,2.24,0.7,0.46,4.97,5.74,8.97,1.48,3.92,17.97,2.98,5.64,5.22,3.97,2.84,3.98,1.88,7.98,2.73,4.88,3.48,0.98,4.47,5.97,2.37,3.48,2.48,2.26,3.98,1.77,1.97,3.24,17.97,1.96,3.98,3.98,3.62,4.98,4.97,0.98,1.98,1.88,5.97,4.63,2.24,1.98,1.97,3.97,3.66,2.48,7.94,1.97,0.97,7.97,0.97,8.37,2.97,4.97
2014/04/12,4.64,0.46,0.98,0.7,0.7,11.88,0.7,0.46,7.88,14.72,0.7,6.68,12.98,3.87,10.98,4.88,1.56,5.47,10.98,10.97,0.46,6.87,0.46,5.98,10.98,0.46,0.7,0.46,3.98,5.48,14.72,1.0,5.24,14.72,3.97,3.67,0.46,0.46,2.98,5.48,12.78,0.46,0.46,2.24,0.7,0.46,4.97,5.74,8.97,1.48,3.92,17.97,2.98,5.64,5.22,3.97,2.84,3.98,1.88,7.98,2.73,4.88,3.48,0.98,4.47,5.97,2.37,3.48,2.48,2.26,3.98,1.77,1.97,3.24,17.97,1.96,3.98,3.98,3.62,4.98,4.97,0.98,1.98,1.88,5.97,4.63,2.24,1.98,1.97,3.97,3.66,2.48,7.94,1.97,0.97,7.97,0.97,8.37,2.97,4.97
2014/04/13,4.64,0.46,0.98,0.7,0.7,11.88,0.7,0.46,7.88,14.72,0.7,6.68,12.98,3.87,10.98,4.88,1.56,5.47,10.98,10.97,0.46,6.87,0.46,5.98,10.98,0.46,0.7,0.46,3.98,5.48,14.72,1.0,5.24,14.72,3.97,3.67,0.46,0.46,2.98,5.48,12.78,0.46,0.46,2.24,0.7,0.46,4.97,5.74,8.97,1.48,3.92,17.97,2.98,5.64,5.22,3.97,2.84,3.98,1.88,7.98,2.73,4.88,3.48,0.98,4.47,5.97,2.37,3.48,2.48,2.26,3.98,1.77,1.97,3.24,17.97,1.96,3.98,3.98,3.62,4.98,4.97,0.98,1.98,1.88,5.97,4.63,2.24,1.98,1.97,3.97,3.66,2.48,7.94,1.97,0.97,7.97,0.97,8.37,2.97,4.97
2014/04/14,4.64,0.46,0.98,0.7,0.7,11.88,0.7,0.46,7.88,14.72,0.7,6.68,12.98,3.87,10.98,4.88,1.56,5.47,10.98,10.97,0.46,6.87,0.46,5.98,10.98,0.46,0.7,0.46,3.98,5.48,14.72,1.0,5.24,14.72,3.97,3.67,0.46,0.46,2.98,5.48,12.78,0.46,0.46,2.24,0.7,0.46,4.97,5.74,8.97,1.48,3.92,17.97,2.98,5.64,5.22,3.97,2.84,3.98,1.88,7.98,2.73,4.88,3.48,0.98,4.47,5.97,2.37,3.48,2.48,2.26,3.98,1.77,1.97,3.24,17.97,1.96,3.98,3.98,3.62,4.98,4.97,0.98,1.98,1.88,5.97,4.63,2.24,1.98,1.97,3.97,3.66,2.48,7.94,1.97,0.97,7.97,0.97,8.37,2.97,4.97
2014/04/15,4.64,0.46,0.98,0.7,0.7,11.88,0.7,0.46,7.88,14.72,0.7,6.68,12.98,3.87,10.98,4.88,1.56,5.47,10.98,10.97,0.46,6.87,0.46,5.98,10.98,0.46,0.7,0.46,3.98,5.48,14.72,1.0,5.24,14.72,3.97,3.67,0.46,0.46,2.98,5.48,12.78,0.46,0.46,2.24,0.7,0.46,4.97,5.74,8.97,1.48,3.92,17.97,2.98,5.64,5.22,3.97,2.84,3.98,1.88,7.98,2.73,4.88,3.48,0.98,4.47,5.97,2.37,3.48,2.48,2.26,3.98,1.77,1.97,3.24,17.97,1.96,3.98,3.98,3.62,4.98,4.97,0.98,1.98,1.88,5.97,4.63,2.24,1.98,1.97,3.97,3.66,2.48,7.94,1.97,0.97,7.97,0.97,8.37,2.97,4.97
2014/04/16,4.64,0.46,0.98,0.7,0.7,11.88,0.7,0.46,7.88,14.72,0.7,6.68,12.98,3.87,10.98,4.88,1.56,5.47,10.98,10.97,0.46,6.87,0.46,5.98,10.98,0.46,0.7,0.46,3.98,5.48,14.72,1.0,5.24,14.72,3.97,3.67,0.46,0.46,2.98,5.48,12.78,0.46,0.46,2.24,0.7,0.46,4.97,5.74,8.97,1.48,3.92,17.97,2.98,5.64,5.22,3.97,2.84,3.98,1.88,7.98,2.73,4.88,3.48,0.98,4.47,5.97,2.37,3.48,2.48,2.26,3.98,1.77,1.97,3.24,17.97,1.96,3.98,3.98,3.62,4.98,4.97,0.98,1.98,1.88,5.97,4.63,2.24,1.98,1.97,3.97,3.66,2.48,7.94,1.97,0.97,7.97,0.97,8.37,2.97,4.97
2014/04/17,4.64,0.46,0.98,0.7,0.7,11.88,0.7,0.46,7.88,14.72,0.7,6.68,12.98,3.87,10.98,4.88,1.56,5.47,10.98,10.97,0.46,6.87,0.46,5.98,10.98,0.46,0.7,0.46,3.98,5.48,14.72,1.0,5.24,14.72,3.97,3.67,0.46,0.46,2.98,5.48,12.78,0.46,0.46,2.24,0.7,0.46,4.97,5.74,8.97,1.48,3.92,17.97,2.98,5.64,5.22,3.97,2.84,3.98,1.88,7.98,2.73,4.88,3.48,0.98,4.47,5.97,2.37,3.48,2.48,2.26,3.98,1.77,1.97,3.24,17.97,1.96,3.98,3.98,3.62,4.98,4.97,0.98,1.98,1.88,5.97,4.63,2.24,1.98,1.97,3.97,3.66,2.48,7.94,1.97,0.97,7.97,0.97,8.37,2.97,4.97
2014/04/18,4.64,0.46,0.98,0.7,0.7,11.88,0.7,0.46,7.88,14.72,0.7,6.68,12.98,3.87,10.98,4.88,1.56,5.47,10.98,10.97,0.46,6.87,0.46,5.98,10.98,0.46,0.7,0.46,3.98,5.48,14.72,1.0,5.24,14.72,3.97,3.67,0.46,0.46,2.98,5.48,12.78,0.46,0.46,2.24,0.7,0.46,4.97,5.74,8.97,1.48,3.92,17.97,2.98,5.64,5.22,3.97,2.84,3.98,1.88,7.98,2.73,4.88,3.48,0.98,4.47,5.97,2.37,3.48,2.48,2.26,3.98,1.77,1.97,3.24,17.97,1.96,3.98,3.98,3.62,4.98,4.97,0.98,1.98,1.88,5.97,4.63,2.24,1.98,1.97,3.97,3.66,2.48,7.94,1.97,0.97,7.97,0.97,8.37,2.97,4.97
2014/04/19,4.64,0.46,0.98,0.7,0.7,11.88,0.7,0.46,7.88,14.72,0.7,6.68,12.98,3.87,10.98,4.88,1.56,5.47,10.98,10.97,0.46,6.87,0.46,5.98,10.98,0.46,0.7,0.46,3.98,5.48,14.72,1.0,5.24,14.72,3.97,3.67,0.46,0.46,2.98,5.48,12.78,0.46,0.46,2.24,0.7,0.46,4.97,5.74,8.97,1.48,3.92,17.97,2.98,5.64,5.22,3.97,2.84,3.98,1.88,7.98,2.73,4.88,3.48,0.98,4.47,5.97,2.37,3.48,2.48,2.26,3.98,1.77,1.97,3.24,17.97,1.96,3.98,3.98,3.62,4.98,4.97,0.98,1.98,1.88,5.97,4.63,2.24,1.98,1.97,3.97,3.66,2.48,7.94,1.97,0.97,7.97,0.97,8.37,2.97,4.97
2014/04/20,4.64,0.46,0.98,0.7,0.7,11.88,0.7,0.46,7.88,14.72,0.7,6.68,12.98,3.87,10.98,4.88,1.56,5.47,10.98,10.97,0.46,6.87,0.46,5.98,10.98,0.46,0.7,0.46,3.98,5.48,14.72,1.0,5.24,14.72,3.97,3.67,0.46,0.46,2.98,5.48,12.78,0.46,0.46,2.24,0.7,0.46,4.97,5.74,8.97,1.48,3.92,17.97,2.98,5.64,5.22,3.97,2.84,3.98,1.88,7.98,2.73,4.88,3.48,0.98,4.47,5.97,2.37,3.48,2.48,2.26,3.98,1.77,1.97,3.24,17.97,1.96,3.98,3.98,3.62,4.98,4.97,0.98,1.98,1.88,5.97,4.63,2.24,1.98,1.97,3.97,3.66,2.48,7.94,1.97,0.97,7.97,0.97,8.37,2.97,4.97
2014/04/21,4.64,0.46,0.98,0.7,0.7,11.88,0.7,0.46,7.88,14.72,0.7,6.68,12.98,3.87,10.98,4.88,1.56,5.47,10.98,10.97,0.46,6.87,0.46,5.98,10.98,0.46,0.7,0.46,3.98,5.48,14.72,1.0,5.24,14.72,3.97,3.67,0.46,0.46,2.98,5.48,12.78,0.46,0.46,2.24,0.7,0.46,4.97,5.74,8.97,1.48,3.92,17.97,2.98,5.64,5.22,3.97,2.84,3.98,1.88,7.98,2.73,4.88,3.48,0.98,4.47,5.97,2.37,3.48,2.48,2.26,3.98,1.77,1.97,3.24,17.97,1.96,3.98,3.98,3.62,4.98,4.97,0.98,1.98,1.88,5.97,4.63,2.24,1.98,1.97,3.97,3.66,2.48,7.94,1.97,0.97,7.97,0.97,8.37,2.97,4.97
2014/04/22,4.64,0.46,0.98,0.7,0.7,11.88,0.7,0.46,7.88,14.72,0.7,6.68,12.98,3.87,10.98,4.88,1.56,5.47,10.98,10.97,0.46,6.87,0.46,5.98,10.98,0.46,0.7,0.46,3.98,5.48,14.72,1.0,5.24,14.72,3.97,3.67,0.46,0.46,2.98,5.48,12.78,0.46,0.46,2.24,0.7,0.46,4.97,5.74,8.97,1.48,3.92,17.97,2.98,5.64,5.22,3.97,2.84,3.98,1.88,7.98,2.73,4.88,3.48,0.98,4.47,5.97,2.37,3.48,2.48,2.26,3.98,1.77,1.97,3.24,17.97,1.96,3.98,3.98,3.62,4.98,4.97,0.98,1.98,1.88,5.97,4.63,2.24,1.98,1.97,3.97,3.66,2.48,7.94,1.97,0.97,7.97,0.97,8.37,2.97,4.97
2014/04/23,4.64,0.46,0.98,0.7,0.7,11.88,0.7,0.46,7.88,14.72,0.7,6.68,12.98,3.87,10.98,4.88,1.56,5.47,10.98,10.97,0.46,6.87,0.46,5.98,10.98,0.46,0.7,0.46,3.98,5.48,14.72,1.0,5.24,14.72,3.97,3.67,0.46,0.46,2.98,5.48,12.78,0.46,0.46,2.24,0.7,0.46,4.97,5.74,8.97,1.48,3.92,17.97,2.98,5.64,5.22,3.97,2.84,3.98,1.88,7.98,2.73,4.88,3.48,0.98,4.47,5.97,2.37,3.48,2.48,2.26,3.98,1.77,1.97,3.24,17.97,1.96,3.98,3.98,3.62,4.98,4.97,0.98,1.98,1.88,5.97,4.63,2.24,1.98,1.97,3.97,3.66,2.48,7.94,1.97,0.97,7.97,0.97,8.37,2.97,4.97
2014/04/24,4.64,0.46,0.98,0.7,0.7,11.88,0.7,0.46,7.88,14.72,0.7,6.68,12.98,3.87,10.98,4.88,1.56,5.47,10.98,10.97,0.46,6.87,0.46,5.98,10.98,0.46,0.7,0.46,3.98,5.48,14.72,1.0,5.24,14.72,3.97,3.67,0.46,0.46,2.98,5.48,12.78,0.46,0.46,2.24,0.7,0.46,4.97,5.74,8.97,1.48,3.92,17.97,2.98,5.64,5.22,3.97,2.84,3.98,1.88,7.98,2.73,4.88,3.48,0.98,4.47,5.97,2.37,3.48,2.48,2.26,3.98,1.77,1.97,3.24,17.97,1.96,3.98,3.98,3.62,4.98,4.97,0.98,1.98,1.88,5.97,4.63,2.24,1.98,1.97,3.97,3.66,2.48,7.94,1.97,0.97,7.97,0.97,8.37,2.97,4.97
2014/04/25,4.64,0.46,0.98,0.7,0.7,11.88,0.7,0.46,7.88,14.72,0.7,6.68,12.98,3.87,10.98,4.88,1.56,5.47,10.98,10.97,0.46,6.87,0.46,5.98,10.98,0.46,0.7,0.46,3.98,5.48,14.72,1.0,5.24,14.72,3.97,3.67,0.46,0.46,2.98,5.48,12.78,0.46,0.46,2.24,0.7,0.46,4.97,5.74,8.97,1.48,3.92,17.97,2.98,5.64,5.22,3.97,2.84,3.98,1.88,7.98,2.73,4.88,3.48,0.98,4.47,5.97,2.37,3.48,2.48,2.26,3.98,1.77,1.97,3.24,17.97,1.96,3.98,3.98,3.62,4.98,4.97,0.98,1.98,1.88,5.97,4.63,2.24,1.98,1.97,3.97,3.66,2.48,7.94,1.97,0.97,7.97,0.97,8.37,2.97,4.97
2014/04/26,4.64,0.46,0.98,0.7,0.7,11.88,0.7,0.46,7.88,14.72,0.7,6.68,12.98,3.87,10.98,4.88,1.56,5.47,10.98,10.97,0.46,6.87,0.46,5.98,10.98,0.46,0.7,0.46,3.98,5.48,14.72,1.0,5.24,14.72,3.97,3.67,0.46,0.46,2.98,5.48,12.78,0.46,0.46,2.24,0.7,0.46,4.97,5.74,8.97,1.48,3.92,17.97,2.98,5.64,5.22,3.97,2.84,3.98,1.88,7.98,2.73,4.88,3.48,0.98,4.47,5.97,2.37,3.48,2.48,2.26,3.98,1.77,1.97,3.24,17.97,1.96,3.98,3.98,3.62,4.98,4.97,0.98,1.98,1.88,5.97,4.63,2.24,1.98,1.97,3.97,3.66,2.48,7.94,1.97,0.97,7.97,0.97,8.37,2.97,4.97
2014/04/27,4.64,0.46,0.98,0.7,0.7,11.88,0.7,0.46,7.88,14.72,0.7,6.68,12.98,3.87,10.98,4.88,1.56,5.47,10.98,10.97,0.46,6.87,0.46,5.98,10.98,0.46,0.7,0.46,3.98,5.48,14.72,1.0,5.24,14.72,3.97,3.67,0.46,0.46,2.98,5.48,12.78,0.46,0.46,2.24,0.7,0.46,4.97,5.74,8.97,1.48,3.92,17.97,2.98,5.64,5.22,3.97,2.84,3.98,1.88,7.98,2.73,4.88,3.48,0.98,4.47,5.97,2.37,3.48,2.48,2.26,3.98,1.77,1.97,3.24,17.97,1.96,3.98,3.98,3.62,4.98,4.97,0.98,1.98,1.88,5.97,4.63,2.24,1.98,1.97,3.97,3.66,2.48,7.94,1.97,0.97,7.97,0.97,8.37,2.97,4.97
2014/04/28,4.64,0.46,0.98,0.7,0.7,11.88,0.7,0.46,7.88,14.72,0.7,6.68,12.98,3.87,10.98,4.88,1.56,5.47,10.98,10.97,0.46,6.87,0.46,5.98,10.98,0.46,0.7,0.46,3.98,5.48,14.72,1.0,5.24,14.72,3.97,3.67,0.46,0.46,2.98,5.48,12.78,0.46,0.46,2.24,0.7,0.46,4.97,5.74,8.97,1.48,3.92,17.97,2.98,5.64,5.22,3.97,2.84,3.98,1.88,7.98,2.73,4.88,3.48,0.98,4.47,5.97,2.37,3.48,2.48,2.26,3.98,1.77,1.97,3.24,17.97,1.96,3.98,3.98,3.62,4.98,4.97,0.98,1.98,1.88,5.97,4.63,2.24,1.98,1.97,3.97,3.66,2.48,7.94,1.97,0.97,7.97,0.97,8.37,2.97,4.97
2014/04/29,4.64,0.46,0.98,0.7,0.7,11.88,0.7,0.46,7.88,14.72,0.7,6.68,12.98,3.87,10.98,4.88,1.56,5.47,10.98,10.97,0.46,6.87,0.46,5.98,10.98,0.46,0.7,0.46,3.98,5.48,14.72,1.0,5.24,14.72,3.97,3.67,0.46,0.46,2.98,5.48,12.78,0.46,0.46,2.24,0.7,0.46,4.97,5.74,8.97,1.48,3.92,17.97,2.98,5.64,5.22,3.97,2.84,3.98,1.88,7.98,2.73,4.88,3.48,0.98,4.47,5.97,2.37,3.48,2.48,2.26,3.98,1.77,1.97,3.24,17.97,1.96,3.98,3.98,3.62,4.98,4.97,0.98,1.98,1.88,5.97,4.63,2.24,1.98,1.97,3.97,3.66,2.48,7.94,1.97,0.97,7.97,0.97,8.37,2.97,4.97
2014/04/30,4.64,0.46,0.98,0.7,0.7,11.88,0.7,0.46,7.88,14.72,0.7,6.68,12.98,3.87,10.98,4.88,1.56,5.47,10.98,10.97,0.46,6.87,0.46,5.98,10.98,0.46,0.7,0.46,3.98,5.48,14.72,1.0,5.24,14.72,3.97,3.67,0.46,0.46,2.98,5.48,12.78,0.46,0.46,2.24,0.7,0.46,4.97,5.74,8.97,1.48,3.92,17.97,2.98,5.64,5.22,3.97,2.84,3.98,1.88,7.98,2.73,4.88,3.48,0.98,4.47,5.97,2.37,3.48,2.48,2.26,3.98,1.77,1.97,3.24,17.97,1.96,3.98,3.98,3.62,4.98,4.97,0.98,1.98,1.88,5.97,4.63,2.24,1.98,1.97,3.97,3.66,2.48,7.94,1.97,0.97,7.97,0.97,8.37,2.97,4.97
2014/05/01,4.64,0.46,0.98,0.7,0.7,11.88,0.7,0.46,7.88,14.72,0.7,6.68,12.98,3.87,10.98,4.88,1.56,5.47,10.98,10.97,0.46,6.87,0.46,5.98,10.98,0.46,0.7,0.46,3.98,5.48,14.72,1.0,5.24,14.72,3.97,3.67,0.46,0.46,2.98,5.48,12.78,0.46,0.46,2.24,0.7,0.46,4.97,5.74,8.97,1.48,3.92,17.97,2.98,5.64,5.22,3.97,2.84,3.98,1.88,7.98,2.73,4.88,3.48,0.98,4.47,5.97,2.37,3.48,2.48,2.26,3.98,1.77,1.97,3.24,17.97,1.96,3.98,3.98,3.62,4.98,4.97,0.98,1.98,1.88,5.97,4.63,2.24,1.98,1.97,3.97,3.66,2.48,7.94,1.97,0.97,7.97,0.97,8.37,2.97,4.97
2014/05/02,4.64,0.46,0.98,0.7,0.7,11.88,0.7,0.46,7.88,14.72,0.7,6.68,12.98,3.87,10.98,4.88,1.56,5.47,10.98,10.97,0.46,6.87,0.46,5.98,10.98,0.46,0.7,0.46,3.98,5.48,14.72,1.0,5.24,14.72,3.97,3.67,0.46,0.46,2.98,5.48,12.78,0.46,0.46,2.24,0.7,0.46,4.97,5.74,8.97,1.48,3.92,17.97,2.98,5.64,5.22,3.97,2.84,3.98,1.88,7.98,2.73,4.88,3.48,0.98,4.47,5.97,2.37,3.48,2.48,2.26,3.98,1.77,1.97,3.24,17.97,1.96,3.98,3.98,3.62,4.98,4.97,0.98,1.98,1.88,5.97,4.63,2.24,1.98,1.97,3.97,3.66,2.48,7.94,1.97,0.97,7.97,0.97,8.37,2.97,4.97
2014/05/03,4.64,0.46,0.98,0.7,0.7,11.88,0.7,0.46,7.88,14.72,0.7,6.68,12.98,3.87,10.98,4.88,1.56,5.47,10.98,10.97,0.46,6.87,0.46,5.98,10.98,0.46,0.7,0.46,3.98,5.48,14.72,1.0,5.24,14.72,3.97,3.67,0.46,0.46,2.98,5.48,12.78,0.46,0.46,2.24,0.7,0.46,4.97,5.74,8.97,1.48,3.92,17.97,2.98,5.64,5.22,3.97,2.84,3.98,1.88,7.98,2.73,4.88,3.48,0.98,4.47,5.97,2.37,3.48,2.48,2.26,3.98,1.77,1.97,3.24,17.97,1.96,3.98,3.98,3.62,4.98,4.97,0.98,1.98,1.88,5.97,4.63,2.24,1.98,1.97,3.97,3.66,2.48,7.94,1.97,0.97,7.97,0.97,8.37,2.97,4.97
2014/05/04,4.64,0.46,0.98,0.7,0.7,11.88,0.7,0.46,7.88,14.72,0.7,6.68,12.98,3.87,10.98,4.88,1.56,5.47,10.98,10.97,0.46,6.87,0.46,5.98,10.98,0.46,0.7,0.46,3.98,5.48,14.72,1.0,5.24,14.72,3.97,3.67,0.46,0.46,2.98,5.48,12.78,0.46,0.46,2.24,0.7,0.46,4.97,5.74,8.97,1.48,3.92,17.97,2.98,5.64,5.22,3.97,2.84,3.98,1.88,7.98,2.73,4.88,3.48,0.98,4.47,5.97,2.37,3.48,2.48,2.26,3.98,1.77,1.97,3.24,17.97,1.96,3.98,3.98,3.62,4.98,4.97,0.98,1.98,1.88,5.97,4.63,2.24,1.98,1.97,3.97,3.66,2.48,7.94,1.97,0.97,7.97,0.97,8.37,2.97,4.97
2014/05/05,4.64,0.46,0.98,0.7,0.7,11.88,0.7,0.46,7.88,14.72,0.7,6.68,12.98,3.87,10.98,4.88,1.56,5.47,10.98,10.97,0.46,6.87,0.46,5.98,10.98,0.46,0.7,0.46,3.98,5.48,14.72,1.0,5.24,14.72,3.97,3.67,0.46,0.46,2.98,5.48,12.78,0.46,0.46,2.24,0.7,0.46,4.97,5.74,8.97,1.48,3.92,17.97,2.98,5.64,5.22,3.97,2.84,3.98,1.88,7.98,2.73,4.88,3.48,0.98,4.47,5.97,2.37,3.48,2.48,2.26,3.98,1.77,1.97,3.24,17.97,1.96,3.98,3.98,3.62,4.98,4.97,0.98,1.98,1.88,5.97,4.63,2.24,1.98,1.97,3.97,3.66,2.48,7.94,1.97,0.97,7.97,0.97,8.37,2.97,4.97
2014/05/06,4.64,0.46,0.98,0.7,0.7,11.88,0.7,0.46,7.88,14.72,0.7,6.68,12.98,3.87,10.98,4.88,1.56,5.47,10.98,10.97,0.46,6.87,0.46,5.98,10.98,0.46,0.7,0.46,3.98,5.48,14.72,1.0,5.24,14.72,3.97,3.67,0.46,0.46,2.98,5.48,12.78,0.46,0.46,2.24,0.7,0.46,4.97,5.74,8.97,1.48,3.92,17.97,2.98,5.64,5.22,3.97,2.84,3.98,1.88,7.98,2.73,4.88,3.48,0.98,4.47,5.97,2.37,3.48,2.48,2.26,3.98,1.77,1.97,3.24,17.97,1.96,3.98,3.98,3.62,4.98,4.97,0.98,1.98,1.88,5.97,4.63,2.24,1.98,1.97,3.97,3.66,2.48,7.94,1.97,0.97,7.97,0.97,8.37,2.97,4.97
2014/05/07,4.64,0.46,0.98,0.7,0.7,11.88,0.7,0.46,7.88,14.72,0.7,6.68,12.98,3.87,10.98,4.88,1.56,5.47,10.98,10.97,0.46,6.87,0.46,5.98,10.98,0.46,0.7,0.46,3.98,5.48,14.72,1.0,5.24,14.72,3.97,3.67,0.46,0.46,2.98,5.48,12.78,0.46,0.46,2.24,0.7,0.46,4.97,5.74,8.97,1.48,3.92,17.97,2.98,5.64,5.22,3.97,2.84,3.98,1.88,7.98,2.73,4.88,3.48,0.98,4.47,5.97,2.37,3.48,2.48,2.26,3.98,1.77,1.97,3.24,17.97,1.96,3.98,3.98,3.62,4.98,4.97,0.98,1.98,1.88,5.97,4.63,2.24,1.98,1.97,3.97,3.66,2.48,7.94,1.97,0.97,7.97,0.97,8.37,2.97,4.97
2014/05/08,4.64,0.46,0.98,0.7,0.7,11.88,0.7,0.46,7.88,14.72,0.7,6.68,12.98,3.87,10.98,4.88,1.56,5.47,10.98,10.97,0.46,6.87,0.46,5.98,10.98,0.46,0.7,0.46,3.98,5.48,14.72,1.0,5.24,14.72,3.97,3.67,0.46,0.46,2.98,5.48,12.78,0.46,0.46,2.24,0.7,0.46,4.97,5.74,8.97,1.48,3.92,17.97,2.98,5.64,5.22,3.97,2.84,3.98,1.88,7.98,2.73,4.88,3.48,0.98,4.47,5.97,2.37,3.48,2.48,2.26,3.98,1.77,1.97,3.24,17.97,1.96,3.98,3.98,3.62,4.98,4.97,0.98,1.98,1.88,5.97,4.63,2.24,1.98,1.97,3.97,3.66,2.48,7.94,1.97,0.97,7.97,0.97,8.37,2.97,4.97
2014/05/09,4.64,0.46,0.98,0.7,0.7,11.88,0.7,0.46,7.88,14.72,0.7,6.68,12.98,3.87,10.98,4.88,1.56,5.47,10.98,10.97,0.46,6.87,0.46,5.98,10.98,0.46,0.7,0.46,3.98,5.48,14.72,1.0,5.24,14.72,3.97,3.67,0.46,0.46,2.98,5.48,12.78,0.46,0.46,2.24,0.7,0.46,4.97,5.74,8.97,1.48,3.92,17.97,2.98,5.64,5.22,3.97,2.84,3.98,1.88,7.98,2.73,4.88,3.48,0.98,4.47,5.97,2.37,3.48,2.48,2.26,3.98,1.77,1.97,3.24,17.97,1.96,3.98,3.98,3.62,4.98,4.97,0.98,1.98,1.88,5.97,4.63,2.24,1.98,1.97,3.97,3.66,2.48,7.94,1.97,0.97,7.97,0.97,8.37,2.97,4.97
2014/05/10,4.64,0.46,0.98,0.7,0.7,11.88,0.7,0.46,7.88,14.72,0.7,6.68,12.98,3.87,10.98,4.88,1.56,5.47,10.98,10.97,0.46,6.87,0.46,5.98,10.98,0.46,0.7,0.46,3.98,5.48,14.72,1.0,5.24,14.72,3.97,3.67,0.46,0.46,2.98,5.48,12.78,0.46,0.46,2.24,0.7,0.46,4.97,5.74,8.97,1.48,3.92,17.97,2.98,5.64,5.22,3.97,2.84,3.98,1.88,7.98,2.73,4.88,3.48,0.98,4.47,5.97,2.37,3.48,2.48,2.26,3.98,1.77,1.97,3.24,17.97,1.96,3.98,3.98,3.62,4.98,4.97,0.98,1.98,1.88,5.97,4.63,2.24,1.98,1.97,3.97,3.66,2.48,7.94,1.97,0.97,7.97,0.97,8.37,2.97,4.97
2014/05/11,4.64,0.46,0.98,0.7,0.7,11.88,0.7,0.46,7.88,14.72,0.7,6.68,12.98,3.87,10.98,4.88,1.56,5.47,10.98,10.97,0.46,6.87,0.46,5.98,10.98,0.46,0.7,0.46,3.98,5.48,14.72,1.0,5.24,14.72,3.97,3.67,0.46,0.46,2.98,5.48,12.78,0.46,0.46,2.24,0.7,0.46,4.97,5.74,8.97,1.48,3.92,17.97,2.98,5.64,5.22,3.97,2.84,3.98,1.88,7.98,2.73,4.88,3.48,0.98,4.47,5.97,2.37,3.48,2.48,2.26,3.98,1.77,1.97,3.24,17.97,1.96,3.98,3.98,3.62,4.98,4.97,0.98,1.98,1.88,5.97,4.63,2.24,1.98,1.97,3.97,3.66,2.48,7.94,1.97,0.97,7.97,0.97,8.37,2.97,4.97
2014/05/12,4.64,0.46,0.98,0.7,0.7,11.88,0.7,0.46,7.88,14.72,0.7,6.68,12.98,3.87,10.98,4.88,1.56,5.47,10.98,10.97,0.46,6.87,0.46,5.98,10.98,0.46,0.7,0.46,3.98,5.48,14.72,1.0,5.24,14.72,3.97,3.67,0.46,0.46,2.98,5.48,12.78,0.46,0.46,2.24,0.7,0.46,4.97,5.74,8.97,1.48,3.92,17.97,2.98,5.64,5.22,3.97,2.84,3.98,1.88,7.98,2.73,4.88,3.48,0.98,4.47,5.97,2.37,3.48,2.48,2.26,3.98,1.77,1.97,3.24,17.97,1.96,3.98,3.98,3.62,4.98,4.97,0.98,1.98,1.88,5.97,4.63,2.24,1.98,1.97,3.97,3.66,2.48,7.94,1.97,0.97,7.97,0.97,8.37,2.97,4.97
2014/05/13,4.64,0.46,0.98,0.7,0.7,11.88,0.7,0.46,7.88,14.72,0.7,6.68,12.98,3.87,10.98,4.88,1.56,5.47,10.98,10.97,0.46,6.87,0.46,5.98,10.98,0.46,0.7,0.46,3.98,5.48,14.72,1.0,5.24,14.72,3.97,3.67,0.46,0.46,2.98,5.48,12.78,0.46,0.46,2.24,0.7,0.46,4.97,5.74,8.97,1.48,3.92,17.97,2.98,5.64,5.22,3.97,2.84,3.98,1.88,7.98,2.73,4.88,3.48,0.98,4.47,5.97,2.37,3.48,2.48,2.26,3.98,1.77,1.97,3.24,17.97,1.96,3.98,3.98,3.62,4.98,4.97,0.98,1.98,1.88,5.97,4.63,2.24,1.98,1.97,3.97,3.66,2.48,7.94,1.97,0.97,7.97,0.97,8.37,2.97,4.97
2014/05/14,4.64,0.46,0.98,0.7,0.7,11.88,0.7,0.46,7.88,14.72,0.7,6.68,12.98,3.87,10.98,4.88,1.56,5.47,10.98,10.97,0.46,6.87,0.46,5.98,10.98,0.46,0.7,0.46,3.98,5.48,14.72,1.0,5.24,14.72,3.97,3.67,0.46,0.46,2.98,5.48,12.78,0.46,0.46,2.24,0.7,0.46,4.97,5.74,8.97,1.48,3.92,17.97,2.98,5.64,5.22,3.97,2.84,3.98,1.88,7.98,2.73,4.88,3.48,0.98,4.47,5.97,2.37,3.48,2.48,2.26,3.98,1.77,1.97,3.24,17.97,1.96,3.98,3.98,3.62,4.98,4.97,0.98,1.98,1.88,5.97,4.63,2.24,1.98,1.97,3.97,3.66,2.48,7.94,1.97,0.97,7.97,0.97,8.37,2.97,4.97
2014/05/15,4.64,0.46,0.98,0.7,0.7,11.88,0.7,0.46,7.88,14.72,0.7,6.68,12.98,3.87,10.98,4.88,1.56,5.47,10.98,10.97,0.46,6.87,0.46,5.98,10.98,0.46,0.7,0.46,3.98,5.48,14.72,1.0,5.24,14.72,3.97,3.67,0.46,0.46,2.98,5.48,12.78,0.46,0.46,2.24,0.7,0.46,4.97,5.74,8.97,1.48,3.92,17.97,2.98,5.64,5.22,3.97,2.84,3.98,1.88,7.98,2.73,4.88,3.48,0.98,4.47,5.97,2.37,3.48,2.48,2.26,3.98,1.77,1.97,3.24,17.97,1.96,3.98,3.98,3.62,4.98,4.97,0.98,1.98,1.88,5.97,4.63,2.24,1.98,1.97,3.97,3.66,2.48,7.94,1.97,0.97,7.97,0.97,8.37,2.97,4.97
2014/05/16,4.64,0.46,0.98,0.7,0.7,11.88,0.7,0.46,7.88,14.72,0.7,6.68,12.98,3.87,10.98,4.88,1.56,5.47,10.98,10.97,0.46,6.87,0.46,5.98,10.98,0.46,0.7,0.46,3.98,5.48,14.72,1.0,5.24,14.72,3.97,3.67,0.46,0.46,2.98,5.48,12.78,0.46,0.46,2.24,0.7,0.46,4.97,5.74,8.97,1.48,3.92,17.97,2.98,5.64,5.22,3.97,2.84,3.98,1.88,7.98,2.73,4.88,3.48,0.98,4.47,5.97,2.37,3.48,2.48,2.26,3.98,1.77,1.97,3.24,17.97,1.96,3.98,3.98,3.62,4.98,4.97,0.98,1.98,1.88,5.97,4.63,2.24,1.98,1.97,3.97,3.66,2.48,7.94,1.97,0.97,7.97,0.97,8.37,2.97,4.97
2014/05/17,4.64,0.46,0.98,0.7,0.7,11.88,0.7,0.46,7.88,14.72,0.7,6.68,12.98,3.87,10.98,4.88,1.56,5.47,10.98,10.97,0.46,6.87,0.46,5.98,10.98,0.46,0.7,0.46,3.98,5.48,14.72,1.0,5.24,14.72,3.97,3.67,0.46,0.46,2.98,5.48,12.78,0.46,0.46,2.24,0.7,0.46,4.97,5.74,8.97,1.48,3.92,17.97,2.98,5.64,5.22,3.97,2.84,3.98,1.88,7.98,2.73,4.88,3.48,0.98,4.47,5.97,2.37,3.48,2.48,2.26,3.98,1.77,1.97,3.24,17.97,1.96,3.98,3.98,3.62,4.98,4.97,0.98,1.98,1.88,5.97,4.63,2.24,1.98,1.97,3.97,3.66,2.48,7.94,1.97,0.97,7.97,0.97,8.37,2.97,4.97
2014/05/18,4.64,0.46,0.98,0.7,0.7,11.88,0.7,0.46,7.88,14.72,0.7,6.68,12.98,3.87,10.98,4.88,1.56,5.47,10.98,10.97,0.46,6.87,0.46,5.98,10.98,0.46,0.7,0.46,3.98,5.48,14.72,1.0,5.24,14.72,3.97,3.67,0.46,0.46,2.98,5.48,12.78,0.46,0.46,2.24,0.7,0.46,4.97,5.74,8.97,1.48,3.92,17.97,2.98,5.64,5.22,3.97,2.84,3.98,1.88,7.98,2.73,4.88,3.48,0.98,4.47,5.97,2.37,3.48,2.48,2.26,3.98,1.77,1.97,3.24,17.97,1.96,3.98,3.98,3.62,4.98,4.97,0.98,1.98,1.88,5.97,4.63,2.24,1.98,1.97,3.97,3.66,2.48,7.94,1.97,0.97,7.97,0.97,8.37,2.97,4.97
2014/05/19,4.64,0.46,0.98,0.7,0.7,11.88,0.7,0.46,7.88,14.72,0.7,6.68,12.98,3.87,10.98,4.88,1.56,5.47,10.98,10.97,0.46,6.87,0.46,5.98,10.98,0.46,0.7,0.46,3.98,5.48,14.72,1.0,5.24,14.72,3.97,3.67,0.46,0.46,2.98,5.48,12.78,0.46,0.46,2.24,0.7,0.46,4.97,5.74,8.97,1.48,3.92,17.97,2.98,5.64,5.22,3.97,2.84,3.98,1.88,7.98,2.73,4.88,3.48,0.98,4.47,5.97,2.37,3.48,2.48,2.26,3.98,1.77,1.97,3.24,17.97,1.96,3.98,3.98,3.62,4.98,4.97,0.98,1.98,1.88,5.97,4.63,2.24,1.98,1.97,3.97,3.66,2.48,7.94,1.97,0.97,7.97,0.97,8.37,2.97,4.97
2014/05/20,4.64,0.46,0.98,0.7,0.7,11.88,0.7,0.46,7.88,14.72,0.7,6.68,12.98,3.87,10.98,4.88,1.56,5.47,10.98,10.97,0.46,6.87,0.46,5.98,10.98,0.46,0.7,0.46,3.98,5.48,14.72,1.0,5.24,14.72,3.97,3.67,0.46,0.46,2.98,5.48,12.78,0.46,0.46,2.24,0.7,0.46,4.97,5.74,8.97,1.48,3.92,17.97,2.98,5.64,5.22,3.97,2.84,3.98,1.88,7.98,2.73,4.88,3.48,0.98,4.47,5.97,2.37,3.48,2.48,2.26,3.98,1.77,1.97,3.24,17.97,1.96,3.98,3.98,3.62,4.98,4.97,0.98,1.98,1.88,5.97,4.63,2.24,1.98,1.97,3.97,3.66,2.48,7.94,1.97,0.97,7.97,0.97,8.37,2.97,4.97
2014/05/21,4.64,0.46,0.98,0.7,0.7,11.88,0.7,0.46,7.88,14.72,0.7,6.68,12.98,3.87,10.98,4.88,1.56,5.47,10.98,10.97,0.46,6.87,0.46,5.98,10.98,0.46,0.7,0.46,3.98,5.48,14.72,1.0,5.24,14.72,3.97,3.67,0.46,0.46,2.98,5.48,12.78,0.46,0.46,2.24,0.7,0.46,4.97,5.74,8.97,1.48,3.92,17.97,2.98,5.64,5.22,3.97,2.84,3.98,1.88,7.98,2.73,4.88,3.48,0.98,4.47,5.97,2.37,3.48,2.48,2.26,3.98,1.77,1.97,3.24,17.97,1.96,3.98,3.98,3.62,4.98,4.97,0.98,1.98,1.88,5.97,4.63,2.24,1.98,1.97,3.97,3.66,2.48,7.94,1.97,0.97,7.97,0.97,8.37,2.97,4.97
2014/05/22,4.64,0.46,0.98,0.7,0.7,11.88,0.7,0.46,7.88,14.72,0.7,6.68,12.98,3.87,10.98,4.88,1.56,5.47,10.98,10.97,0.46,6.87,0.46,5.98,10.98,0.46,0.7,0.46,3.98,5.48,14.72,1.0,5.24,14.72,3.97,3.67,0.46,0.46,2.98,5.48,12.78,0.46,0.46,2.24,0.7,0.46,4.97,5.74,8.97,1.48,3.92,17.97,2.98,5.64,5.22,3.97,2.84,3.98,1.88,7.98,2.73,4.88,3.48,0.98,4.47,5.97,2.37,3.48,2.48,2.26,3.98,1.77,1.97,3.24,17.97,1.96,3.98,3.98,3.62,4.98,4.97,0.98,1.98,1.88,5.97,4.63,2.24,1.98,1.97,3.97,3.66,2.48,7.94,1.97,0.97,7.97,0.97,8.37,2.97,4.97
2014/05/23,4.64,0.46,0.98,0.7,0.7,11.88,0.7,0.46,7.88,14.72,0.7,6.68,12.98,3.87,10.98,4.88,1.56,5.47,10.98,10.97,0.46,6.87,0.46,5.98,10.98,0.46,0.7,0.46,3.98,5.48,14.72,1.0,5.24,14.72,3.97,3.67,0.46,0.46,2.98,5.48,12.78,0.46,0.46,2.24,0.7,0.46,4.97,5.74,8.97,1.48,3.92,17.97,2.98,5.64,5.22,3.97,2.84,3.98,1.88,7.98,2.73,4.88,3.48,0.98,4.47,5.97,2.37,3.48,2.48,2.26,3.98,1.77,1.97,3.24,17.97,1.96,3.98,3.98,3.62,4.98,4.97,0.98,1.98,1.88,5.97,4.63,2.24,1.98,1.97,3.97,3.66,2.48,7.94,1.97,0.97,7.97,0.97,8.37,2.97,4.97
2014/05/24,4.64,0.46,0.98,0.7,0.7,11.88,0.7,0.46,7.88,14.72,0.7,6.68,12.98,3.87,10.98,4.88,1.56,5.47,10.98,10.97,0.46,6.87,0.46,5.98,10.98,0.46,0.7,0.46,3.98,5.48,14.72,1.0,5.24,14.72,3.97,3.67,0.46,0.46,2.98,5.48,12.78,0.46,0.46,2.24,0.7,0.46,4.97,5.74,8.97,1.48,3.92,17.97,2.98,5.64,5.22,3.97,2.84,3.98,1.88,7.98,2.73,4.88,3.48,0.98,4.47,5.97,2.37,3.48,2.48,2.26,3.98,1.77,1.97,3.24,17.97,1.96,3.98,3.98,3.62,4.98,4.97,0.98,1.98,1.88,5.97,4.63,2.24,1.98,1.97,3.97,3.66,2.48,7.94,1.97,0.97,7.97,0.97,8.37,2.97,4.97
2014/05/25,4.64,0.46,0.98,0.7,0.7,11.88,0.7,0.46,7.88,14.72,0.7,6.68,12.98,3.87,10.98,4.88,1.56,5.47,10.98,10.97,0.46,6.87,0.46,5.98,10.98,0.46,0.7,0.46,3.98,5.48,14.72,1.0,5.24,14.72,3.97,3.67,0.46,0.46,2.98,5.48,12.78,0.46,0.46,2.24,0.7,0.46,4.97,5.74,8.97,1.48,3.92,17.97,2.98,5.64,5.22,3.97,2.84,3.98,1.88,7.98,2.73,4.88,3.48,0.98,4.47,5.97,2.37,3.48,2.48,2.26,3.98,1.77,1.97,3.24,17.97,1.96,3.98,3.98,3.62,4.98,4.97,0.98,1.98,1.88,5.97,4.63,2.24,1.98,1.97,3.97,3.66,2.48,7.94,1.97,0.97,7.97,0.97,8.37,2.97,4.97
2014/05/26,4.64,0.46,0.98,0.7,0.7,11.88,0.7,0.46,7.88,14.72,0.7,6.68,12.98,3.87,10.98,4.88,1.56,5.47,10.98,10.97,0.46,6.87,0.46,5.98,10.98,0.46,0.7,0.46,3.98,5.48,14.72,1.0,5.24,14.72,3.97,3.67,0.46,0.46,2.98,5.48,12.78,0.46,0.46,2.24,0.7,0.46,4.97,5.74,8.97,1.48,3.92,17.97,2.98,5.64,5.22,3.97,2.84,3.98,1.88,7.98,2.73,4.88,3.48,0.98,4.47,5.97,2.37,3.48,2.48,2.26,3.98,1.77,1.97,3.24,17.97,1.96,3.98,3.98,3.62,4.98,4.97,0.98,1.98,1.88,5.97,4.63,2.24,1.98,1.97,3.97,3.66,2.48,7.94,1.97,0.97,7.97,0.97,8.37,2.97,4.97
2014/05/27,4.64,0.46,0.98,0.7,0.7,11.88,0.7,0.46,7.88,14.72,0.7,6.68,12.98,3.87,10.98,4.88,1.56,5.47,10.98,10.97,0.46,6.87,0.46,5.98,10.98,0.46,0.7,0.46,3.98,5.48,14.72,1.0,5.24,14.72,3.97,3.67,0.46,0.46,2.98,5.48,12.78,0.46,0.46,2.24,0.7,0.46,4.97,5.74,8.97,1.48,3.92,17.97,2.98,5.64,5.22,3.97,2.84,3.98,1.88,7.98,2.73,4.88,3.48,0.98,4.47,5.97,2.37,3.48,2.48,2.26,3.98,1.77,1.97,3.24,17.97,1.96,3.98,3.98,3.62,4.98,4.97,0.98,1.98,1.88,5.97,4.63,2.24,1.98,1.97,3.97,3.66,2.48,7.94,1.97,0.97,7.97,0.97,8.37,2.97,4.97
2014/05/28,4.64,0.46,0.98,0.7,0.7,11.88,0.7,0.46,7.88,14.72,0.7,6.68,12.98,3.87,10.98,4.88,1.56,5.47,10.98,10.97,0.46,6.87,0.46,5.98,10.98,0.46,0.7,0.46,3.98,5.48,14.72,1.0,5.24,14.72,3.97,3.67,0.46,0.46,2.98,5.48,12.78,0.46,0.46,2.24,0.7,0.46,4.97,5.74,8.97,1.48,3.92,17.97,2.98,5.64,5.22,3.97,2.84,3.98,1.88,7.98,2.73,4.88,3.48,0.98,4.47,5.97,2.37,3.48,2.48,2.26,3.98,1.77,1.97,3.24,17.97,1.96,3.98,3.98,3.62,4.98,4.97,0.98,1.98,1.88,5.97,4.63,2.24,1.98,1.97,3.97,3.66,2.48,7.94,1.97,0.97,7.97,0.97,8.37,2.97,4.97
2014/05/29,4.64,0.46,0.98,0.7,0.7,11.88,0.7,0.46,7.88,14.72,0.7,6.68,12.98,3.87,10.98,4.88,1.56,5.47,10.98,10.97,0.46,6.87,0.46,5.98,10.98,0.46,0.7,0.46,3.98,5.48,14.72,1.0,5.24,14.72,3.97,3.67,0.46,0.46,2.98,5.48,12.78,0.46,0.46,2.24,0.7,0.46,4.97,5.74,8.97,1.48,3.92,17.97,2.98,5.64,5.22,3.97,2.84,3.98,1.88,7.98,2.73,4.88,3.48,0.98,4.47,5.97,2.37,3.48,2.48,2.26,3.98,1.77,1.97,3.24,17.97,1.96,3.98,3.98,3.62,4.98,4.97,0.98,1.98,1.88,5.97,4.63,2.24,1.98,1.97,3.97,3.66,2.48,7.94,1.97,0.97,7.97,0.97,8.37,2.97,4.97
2014/05/30,4.64,0.46,0.98,0.7,0.7,11.88,0.7,0.46,7.88,14.72,0.7,6.68,12.98,3.87,10.98,4.88,1.56,5.47,10.98,10.97,0.46,6.87,0.46,5.98,10.98,0.46,0.7,0.46,3.98,5.48,14.72,1.0,5.24,14.72,3.97,3.67,0.46,0.46,2.98,5.48,12.78,0.46,0.46,2.24,0.7,0.46,4.97,5.74,8.97,1.48,3.92,17.97,2.98,5.64,5.22,3.97,2.84,3.98,1.88,7.98,2.73,4.88,3.48,0.98,4.47,5.97,2.37,3.48,2.48,2.26,3.98,1.77,1.97,3.24,17.97,1.96,3.98,3.98,3.62,4.98,4.97,0.98,1.98,1.88,5.97,4.63,2.24,1.98,1.97,3.97,3.66,2.48,7.94,1.97,0.97,7.97,0.97,8.37,2.97,4.97
2014/05/31,4.64,0.46,0.98,0.7,0.7,11.88,0.7,0.46,7.88,14.72,0.7,6.68,12.98,3.87,10.98,4.88,1.56,5.47,10.98,10.97,0.46,6.87,0.46,5.98,10.98,0.46,0.7,0.46,3.98,5.48,14.72,1.0,5.24,14.72,3.97,3.67,0.46,0.46,2.98,5.48,12.78,0.46,0.46,2.24,0.7,0.46,4.97,5.74,8.97,1.48,3.92,17.97,2.98,5.64,5.22,3.97,2.84,3.98,1.88,7.98,2.73,4.88,3.48,0.98,4.47,5.97,2.37,3.48,2.48,2.26,3.98,1.77,1.97,3.24,17.97,1.96,3.98,3.98,3.62,4.98,4.97,0.98,1.98,1.88,5.97,4.63,2.24,1.98,1.97,3.97,3.66,2.48,7.94,1.97,0.97,7.97,0.97,8.37,2.97,4.97
2014/06/01,4.64,0.46,0.98,0.7,0.7,11.88,0.7,0.46,7.88,14.72,0.7,6.68,12.98,3.87,10.98,4.88,1.56,5.47,10.98,10.97,0.46,6.87,0.46,5.98,10.98,0.46,0.7,0.46,3.98,5.48,14.72,1.0,5.24,14.72,3.97,3.67,0.46,0.46,2.98,5.48,12.78,0.46,0.46,2.24,0.7,0.46,4.97,5.74,8.97,1.48,3.92,17.97,2.98,5.64,5.22,3.97,2.84,3.98,1.88,7.98,2.73,4.88,3.48,0.98,4.47,5.97,2.37,3.48,2.48,2.26,3.98,1.77,1.97,3.24,17.97,1.96,3.98,3.98,3.62,4.98,4.97,0.98,1.98,1.88,5.97,4.63,2.24,1.98,1.97,3.97,3.66,2.48,7.94,1.97,0.97,7.97,0.97,8.37,2.97,4.97
2014/06/02,4.64,0.46,0.98,0.7,0.7,11.88,0.7,0.46,7.88,14.72,0.7,6.68,12.98,3.87,10.98,4.88,1.56,5.47,10.98,10.97,0.46,6.87,0.46,5.98,10.98,0.46,0.7,0.46,3.98,5.48,14.72,1.0,5.24,14.72,3.97,3.67,0.46,0.46,2.98,5.48,12.78,0.46,0.46,2.24,0.7,0.46,4.97,5.74,8.97,1.48,3.92,17.97,2.98,5.64,5.22,3.97,2.84,3.98,1.88,7.98,2.73,4.88,3.48,0.98,4.47,5.97,2.37,3.48,2.48,2.26,3.98,1.77,1.97,3.24,17.97,1.96,3.98,3.98,3.62,4.98,4.97,0.98,1.98,1.88,5.97,4.63,2.24,1.98,1.97,3.97,3.66,2.48,7.94,1.97,0.97,7.97,0.97,8.37,2.97,4.97
2014/06/03,4.64,0.46,0.98,0.7,0.7,11.88,0.7,0.46,7.88,14.72,0.7,6.68,12.98,3.87,10.98,4.88,1.56,5.47,10.98,10.97,0.46,6.87,0.46,5.98,10.98,0.46,0.7,0.46,3.98,5.48,14.72,1.0,5.24,14.72,3.97,3.67,0.46,0.46,2.98,5.48,12.78,0.46,0.46,2.24,0.7,0.46,4.97,5.74,8.97,1.48,3.92,17.97,2.98,5.64,5.22,3.97,2.84,3.98,1.88,7.98,2.73,4.88,3.48,0.98,4.47,5.97,2.37,3.48,2.48,2.26,3.98,1.77,1.97,3.24,17.97,1.96,3.98,3.98,3.62,4.98,4.97,0.98,1.98,1.88,5.97,4.63,2.24,1.98,1.97,3.97,3.66,2.48,7.94,1.97,0.97,7.97,0.97,8.37,2.97,4.97
2014/06/04,4.64,0.46,0.98,0.7,0.7,11.88,0.7,0.46,7.88,14.72,0.7,6.68,12.98,3.87,10.98,4.88,1.56,5.47,10.98,10.97,0.46,6.87,0.46,5.98,10.98,0.46,0.7,0.46,3.98,5.48,14.72,1.0,5.24,14.72,3.97,3.67,0.46,0.46,2.98,5.48,12.78,0.46,0.46,2.24,0.7,0.46,4.97,5.74,8.97,1.48,3.92,17.97,2.98,5.64,5.22,3.97,2.84,3.98,1.88,7.98,2.73,4.88,3.48,0.98,4.47,5.97,2.37,3.48,2.48,2.26,3.98,1.77,1.97,3.24,17.97,1.96,3.98,3.98,3.62,4.98,4.97,0.98,1.98,1.88,5.97,4.63,2.24,1.98,1.97,3.97,3.66,2.48,7.94,1.97,0.97,7.97,0.97,8.37,2.97,4.97
2014/06/05,4.64,0.46,0.98,0.7,0.7,11.88,0.7,0.46,7.88,14.72,0.7,6.68,12.98,3.87,10.98,4.88,1.56,5.47,10.98,10.97,0.46,6.87,0.46,5.98,10.98,0.46,0.7,0.46,3.98,5.48,14.72,1.0,5.24,14.72,3.97,3.67,0.46,0.46,2.98,5.48,12.78,0.46,0.46,2.24,0.7,0.46,4.97,5.74,8.97,1.48,3.92,17.97,2.98,5.64,5.22,3.97,2.84,3.98,1.88,7.98,2.73,4.88,3.48,0.98,4.47,5.97,2.37,3.48,2.48,2.26,3.98,1.77,1.97,3.24,17.97,1.96,3.98,3.98,3.62,4.98,4.97,0.98,1.98,1.88,5.97,4.63,2.24,1.98,1.97,3.97,3.66,2.48,7.94,1.97,0.97,7.97,0.97,8.37,2.97,4.97
2014/06/06,4.64,0.46,0.98,0.7,0.7,11.88,0.7,0.46,7.88,14.72,0.7,6.68,12.98,3.87,10.98,4.88,1.56,5.47,10.98,10.97,0.46,6.87,0.46,5.98,10.98,0.46,0.7,0.46,3.98,5.48,14.72,1.0,5.24,14.72,3.97,3.67,0.46,0.46,2.98,5.48,12.78,0.46,0.46,2.24,0.7,0.46,4.97,5.74,8.97,1.48,3.92,17.97,2.98,5.64,5.22,3.97,2.84,3.98,1.88,7.98,2.73,4.88,3.48,0.98,4.47,5.97,2.37,3.48,2.48,2.26,3.98,1.77,1.97,3.24,17.97,1.96,3.98,3.98,3.62,4.98,4.97,0.98,1.98,1.88,5.97,4.63,2.24,1.98,1.97,3.97,3.66,2.48,7.94,1.97,0.97,7.97,0.97,8.37,2.97,4.97
2014/06/07,4.64,0.46,0.98,0.7,0.7,11.88,0.7,0.46,7.88,14.72,0.7,6.68,12.98,3.87,10.98,4.88,1.56,5.47,10.98,10.97,0.46,6.87,0.46,5.98,10.98,0.46,0.7,0.46,3.98,5.48,14.72,1.0,5.24,14.72,3.97,3.67,0.46,0.46,2.98,5.48,12.78,0.46,0.46,2.24,0.7,0.46,4.97,5.74,8.97,1.48,3.92,17.97,2.98,5.64,5.22,3.97,2.84,3.98,1.88,7.98,2.73,4.88,3.48,0.98,4.47,5.97,2.37,3.48,2.48,2.26,3.98,1.77,1.97,3.24,17.97,1.96,3.98,3.98,3.62,4.98,4.97,0.98,1.98,1.88,5.97,4.63,2.24,1.98,1.97,3.97,3.66,2.48,7.94,1.97,0.97,7.97,0.97,8.37,2.97,4.97
2014/06/08,4.64,0.46,0.98,0.7,0.7,11.88,0.7,0.46,7.88,14.72,0.7,6.68,12.98,3.87,10.98,4.88,1.56,5.47,10.98,10.97,0.46,6.87,0.46,5.98,10.98,0.46,0.7,0.46,3.98,5.48,14.72,1.0,5.24,14.72,3.97,3.67,0.46,0.46,2.98,5.48,12.78,0.46,0.46,2.24,0.7,0.46,4.97,5.74,8.97,1.48,3.92,17.97,2.98,5.64,5.22,3.97,2.84,3.98,1.88,7.98,2.73,4.88,3.48,0.98,4.47,5.97,2.37,3.48,2.48,2.26,3.98,1.77,1.97,3.24,17.97,1.96,3.98,3.98,3.62,4.98,4.97,0.98,1.98,1.88,5.97,4.63,2.24,1.98,1.97,3.97,3.66,2.48,7.94,1.97,0.97,7.97,0.97,8.37,2.97,4.97
2014/06/09,4.64,0.46,0.98,0.7,0.7,11.88,0.7,0.46,7.88,14.72,0.7,6.68,12.98,3.87,10.98,4.88,1.56,5.47,10.98,10.97,0.46,6.87,0.46,5.98,10.98,0.46,0.7,0.46,3.98,5.48,14.72,1.0,5.24,14.72,3.97,3.67,0.46,0.46,2.98,5.48,12.78,0.46,0.46,2.24,0.7,0.46,4.97,5.74,8.97,1.48,3.92,17.97,2.98,5.64,5.22,3.97,2.84,3.98,1.88,7.98,2.73,4.88,3.48,0.98,4.47,5.97,2.37,3.48,2.48,2.26,3.98,1.77,1.97,3.24,17.97,1.96,3.98,3.98,3.62,4.98,4.97,0.98,1.98,1.88,5.97,4.63,2.24,1.98,1.97,3.97,3.66,2.48,7.94,1.97,0.97,7.97,0.97,8.37,2.97,4.97
2014/06/10,4.64,0.46,0.98,0.7,0.7,11.88,0.7,0.46,7.88,14.72,0.7,6.68,12.98,3.87,10.98,4.88,1.56,5.47,10.98,10.97,0.46,6.87,0.46,5.98,10.98,0.46,0.7,0.46,3.98,5.48,14.72,1.0,5.24,14.72,3.97,3.67,0.46,0.46,2.98,5.48,12.78,0.46,0.46,2.24,0.7,0.46,4.97,5.74,8.97,1.48,3.92,17.97,2.98,5.64,5.22,3.97,2.84,3.98,1.88,7.98,2.73,4.88,3.48,0.98,4.47,5.97,2.37,3.48,2.48,2.26,3.98,1.77,1.97,3.24,17.97,1.96,3.98,3.98,3.62,4.98,4.97,0.98,1.98,1.88,5.97,4.63,2.24,1.98,1.97,3.97,3.66,2.48,7.94,1.97,0.97,7.97,0.97,8.37,2.97,4.97
2014/06/11,4.64,0.46,0.98,0.7,0.7,11.88,0.7,0.46,7.88,14.72,0.7,6.68,12.98,3.87,10.98,4.88,1.56,5.47,10.98,10.97,0.46,6.87,0.46,5.98,10.98,0.46,0.7,0.46,3.98,5.48,14.72,1.0,5.24,14.72,3.97,3.67,0.46,0.46,2.98,5.48,12.78,0.46,0.46,2.24,0.7,0.46,4.97,5.74,8.97,1.48,3.92,17.97,2.98,5.64,5.22,3.97,2.84,3.98,1.88,7.98,2.73,4.88,3.48,0.98,4.47,5.97,2.37,3.48,2.48,2.26,3.98,1.77,1.97,3.24,17.97,1.96,3.98,3.98,3.62,4.98,4.97,0.98,1.98,1.88,5.97,4.63,2.24,1.98,1.97,3.97,3.66,2.48,7.94,1.97,0.97,7.97,0.97,8.37,2.97,4.97
2014/06/12,4.64,0.46,0.98,0.7,0.7,11.88,0.7,0.46,7.88,14.72,0.7,6.68,12.98,3.87,10.98,4.88,1.56,5.47,10.98,10.97,0.46,6.87,0.46,5.98,10.98,0.46,0.7,0.46,3.98,5.48,14.72,1.0,5.24,14.72,3.97,3.67,0.46,0.46,2.98,5.48,12.78,0.46,0.46,2.24,0.7,0.46,4.97,5.74,8.97,1.48,3.92,17.97,2.98,5.64,5.22,3.97,2.84,3.98,1.88,7.98,2.73,4.88,3.48,0.98,4.47,5.97,2.37,3.48,2.48,2.26,3.98,1.77,1.97,3.24,17.97,1.96,3.98,3.98,3.62,4.98,4.97,0.98,1.98,1.88,5.97,4.63,2.24,1.98,1.97,3.97,3.66,2.48,7.94,1.97,0.97,7.97,0.97,8.37,2.97,4.97
2014/06/13,4.64,0.46,0.98,0.7,0.7,11.88,0.7,0.46,7.88,14.72,0.7,6.68,12.98,3.87,10.98,4.88,1.56,5.47,10.98,10.97,0.46,6.87,0.46,5.98,10.98,0.46,0.7,0.46,3.98,5.48,14.72,1.0,5.24,14.72,3.97,3.67,0.46,0.46,2.98,5.48,12.78,0.46,0.46,2.24,0.7,0.46,4.97,5.74,8.97,1.48,3.92,17.97,2.98,5.64,5.22,3.97,2.84,3.98,1.88,7.98,2.73,4.88,3.48,0.98,4.47,5.97,2.37,3.48,2.48,2.26,3.98,1.77,1.97,3.24,17.97,1.96,3.98,3.98,3.62,4.98,4.97,0.98,1.98,1.88,5.97,4.63,2.24,1.98,1.97,3.97,3.66,2.48,7.94,1.97,0.97,7.97,0.97,8.37,2.97,4.97
2014/06/14,4.64,0.46,0.98,0.7,0.7,11.88,0.7,0.46,7.88,14.72,0.7,6.68,12.98,3.87,10.98,4.88,1.56,5.47,10.98,10.97,0.46,6.87,0.46,5.98,10.98,0.46,0.7,0.46,3.98,5.48,14.72,1.0,5.24,14.72,3.97,3.67,0.46,0.46,2.98,5.48,12.78,0.46,0.46,2.24,0.7,0.46,4.97,5.74,8.97,1.48,3.92,17.97,2.98,5.64,5.22,3.97,2.84,3.98,1.88,7.98,2.73,4.88,3.48,0.98,4.47,5.97,2.37,3.48,2.48,2.26,3.98,1.77,1.97,3.24,17.97,1.96,3.98,3.98,3.62,4.98,4.97,0.98,1.98,1.88,5.97,4.63,2.24,1.98,1.97,3.97,3.66,2.48,7.94,1.97,0.97,7.97,0.97,8.37,2.97,4.97
2014/06/15,4.64,0.46,0.98,0.7,0.7,11.88,0.7,0.46,7.88,14.72,0.7,6.68,12.98,3.87,10.98,4.88,1.56,5.47,10.98,10.97,0.46,6.87,0.46,5.98,10.98,0.46,0.7,0.46,3.98,5.48,14.72,1.0,5.24,14.72,3.97,3.67,0.46,0.46,2.98,5.48,12.78,0.46,0.46,2.24,0.7,0.46,4.97,5.74,8.97,1.48,3.92,17.97,2.98,5.64,5.22,3.97,2.84,3.98,1.88,7.98,2.73,4.88,3.48,0.98,4.47,5.97,2.37,3.48,2.48,2.26,3.98,1.77,1.97,3.24,17.97,1.96,3.98,3.98,3.62,4.98,4.97,0.98,1.98,1.88,5.97,4.63,2.24,1.98,1.97,3.97,3.66,2.48,7.94,1.97,0.97,7.97,0.97,8.37,2.97,4.97
2014/06/16,4.64,0.46,0.98,0.7,0.7,11.88,0.7,0.46,7.88,14.72,0.7,6.68,12.98,3.87,10.98,4.88,1.56,5.47,10.98,10.97,0.46,6.87,0.46,5.98,10.98,0.46,0.7,0.46,3.98,5.48,14.72,1.0,5.24,14.72,3.97,3.67,0.46,0.46,2.98,5.48,12.78,0.46,0.46,2.24,0.7,0.46,4.97,5.74,8.97,1.48,3.92,17.97,2.98,5.64,5.22,3.97,2.84,3.98,1.88,7.98,2.73,4.88,3.48,0.98,4.47,5.97,2.37,3.48,2.48,2.26,3.98,1.77,1.97,3.24,17.97,1.96,3.98,3.98,3.62,4.98,4.97,0.98,1.98,1.88,5.97,4.63,2.24,1.98,1.97,3.97,3.66,2.48,7.94,1.97,0.97,7.97,0.97,8.37,2.97,4.97
2014/06/17,4.64,0.46,0.98,0.7,0.7,11.88,0.7,0.46,7.88,14.72,0.7,6.68,12.98,3.87,10.98,4.88,1.56,5.47,10.98,10.97,0.46,6.87,0.46,5.98,10.98,0.46,0.7,0.46,3.98,5.48,14.72,1.0,5.24,14.72,3.97,3.67,0.46,0.46,2.98,5.48,12.78,0.46,0.46,2.24,0.7,0.46,4.97,5.74,8.97,1.48,3.92,17.97,2.98,5.64,5.22,3.97,2.84,3.98,1.88,7.98,2.73,4.88,3.48,0.98,4.47,5.97,2.37,3.48,2.48,2.26,3.98,1.77,1.97,3.24,17.97,1.96,3.98,3.98,3.62,4.98,4.97,0.98,1.98,1.88,5.97,4.63,2.24,1.98,1.97,3.97,3.66,2.48,7.94,1.97,0.97,7.97,0.97,8.37,2.97,4.97
2014/06/18,4.64,0.46,0.98,0.7,0.7,11.88,0.7,0.46,7.88,14.72,0.7,6.68,12.98,3.87,10.98,4.88,1.56,5.47,10.98,10.97,0.46,6.87,0.46,5.98,10.98,0.46,0.7,0.46,3.98,5.48,14.72,1.0,5.24,14.72,3.97,3.67,0.46,0.46,2.98,5.48,12.78,0.46,0.46,2.24,0.7,0.46,4.97,5.74,8.97,1.48,3.92,17.97,2.98,5.64,5.22,3.97,2.84,3.98,1.88,7.98,2.73,4.88,3.48,0.98,4.47,5.97,2.37,3.48,2.48,2.26,3.98,1.77,1.97,3.24,17.97,1.96,3.98,3.98,3.62,4.98,4.97,0.98,1.98,1.88,5.97,4.63,2.24,1.98,1.97,3.97,3.66,2.48,7.94,1.97,0.97,7.97,0.97,8.37,2.97,4.97
2014/06/19,4.64,0.46,0.98,0.7,0.7,11.88,0.7,0.46,7.88,14.72,0.7,6.68,12.98,3.87,10.98,4.88,1.56,5.47,10.98,10.97,0.46,6.87,0.46,5.98,10.98,0.46,0.7,0.46,3.98,5.48,14.72,1.0,5.24,14.72,3.97,3.67,0.46,0.46,2.98,5.48,12.78,0.46,0.46,2.24,0.7,0.46,4.97,5.74,8.97,1.48,3.92,17.97,2.98,5.64,5.22,3.97,2.84,3.98,1.88,7.98,2.73,4.88,3.48,0.98,4.47,5.97,2.37,3.48,2.48,2.26,3.98,1.77,1.97,3.24,17.97,1.96,3.98,3.98,3.62,4.98,4.97,0.98,1.98,1.88,5.97,4.63,2.24,1.98,1.97,3.97,3.66,2.48,7.94,1.97,0.97,7.97,0.97,8.37,2.97,4.97
2014/06/20,4.64,0.46,0.98,0.7,0.7,11.88,0.7,0.46,7.88,14.72,0.7,6.68,12.98,3.87,10.98,4.88,1.56,5.47,10.98,10.97,0.46,6.87,0.46,5.98,10.98,0.46,0.7,0.46,3.98,5.48,14.72,1.0,5.24,14.72,3.97,3.67,0.46,0.46,2.98,5.48,12.78,0.46,0.46,2.24,0.7,0.46,4.97,5.74,8.97,1.48,3.92,17.97,2.98,5.64,5.22,3.97,2.84,3.98,1.88,7.98,2.73,4.88,3.48,0.98,4.47,5.97,2.37,3.48,2.48,2.26,3.98,1.77,1.97,3.24,17.97,1.96,3.98,3.98,3.62,4.98,4.97,0.98,1.98,1.88,5.97,4.63,2.24,1.98,1.97,3.97,3.66,2.48,7.94,1.97,0.97,7.97,0.97,8.37,2.97,4.97
2014/06/21,4.64,0.46,0.98,0.7,0.7,11.88,0.7,0.46,7.88,14.72,0.7,6.68,12.98,3.87,10.98,4.88,1.56,5.47,10.98,10.97,0.46,6.87,0.46,5.98,10.98,0.46,0.7,0.46,3.98,5.48,14.72,1.0,5.24,14.72,3.97,3.67,0.46,0.46,2.98,5.48,12.78,0.46,0.46,2.24,0.7,0.46,4.97,5.74,8.97,1.48,3.92,17.97,2.98,5.64,5.22,3.97,2.84,3.98,1.88,7.98,2.73,4.88,3.48,0.98,4.47,5.97,2.37,3.48,2.48,2.26,3.98,1.77,1.97,3.24,17.97,1.96,3.98,3.98,3.62,4.98,4.97,0.98,1.98,1.88,5.97,4.63,2.24,1.98,1.97,3.97,3.66,2.48,7.94,1.97,0.97,7.97,0.97,8.37,2.97,4.97
2014/06/22,4.64,0.46,0.98,0.7,0.7,11.88,0.7,0.46,7.88,14.72,0.7,6.68,12.98,3.87,10.98,4.88,1.56,5.47,10.98,10.97,0.46,6.87,0.46,5.98,10.98,0.46,0.7,0.46,3.98,5.48,14.72,1.0,5.24,14.72,3.97,3.67,0.46,0.46,2.98,5.48,12.78,0.46,0.46,2.24,0.7,0.46,4.97,5.74,8.97,1.48,3.92,17.97,2.98,5.64,5.22,3.97,2.84,3.98,1.88,7.98,2.73,4.88,3.48,0.98,4.47,5.97,2.37,3.48,2.48,2.26,3.98,1.77,1.97,3.24,17.97,1.96,3.98,3.98,3.62,4.98,4.97,0.98,1.98,1.88,5.97,4.63,2.24,1.98,1.97,3.97,3.66,2.48,7.94,1.97,0.97,7.97,0.97,8.37,2.97,4.97
2014/06/23,4.64,0.46,0.98,0.7,0.7,11.88,0.7,0.46,7.88,14.72,0.7,6.68,12.98,3.87,10.98,4.88,1.56,5.47,10.98,10.97,0.46,6.87,0.46,5.98,10.98,0.46,0.7,0.46,3.98,5.48,14.72,1.0,5.24,14.72,3.97,3.67,0.46,0.46,2.98,5.48,12.78,0.46,0.46,2.24,0.7,0.46,4.97,5.74,8.97,1.48,3.92,17.97,2.98,5.64,5.22,3.97,2.84,3.98,1.88,7.98,2.73,4.88,3.48,0.98,4.47,5.97,2.37,3.48,2.48,2.26,3.98,1.77,1.97,3.24,17.97,1.96,3.98,3.98,3.62,4.98,4.97,0.98,1.98,1.88,5.97,4.63,2.24,1.98,1.97,3.97,3.66,2.48,7.94,1.97,0.97,7.97,0.97,8.37,2.97,4.97
2014/06/24,4.64,0.46,0.98,0.7,0.7,11.88,0.7,0.46,7.88,14.72,0.7,6.68,12.98,3.87,10.98,4.88,1.56,5.47,10.98,10.97,0.46,6.87,0.46,5.98,10.98,0.46,0.7,0.46,3.98,5.48,14.72,1.0,5.24,14.72,3.97,3.67,0.46,0.46,2.98,5.48,12.78,0.46,0.46,2.24,0.7,0.46,4.97,5.74,8.97,1.48,3.92,17.97,2.98,5.64,5.22,3.97,2.84,3.98,1.88,7.98,2.73,4.88,3.48,0.98,4.47,5.97,2.37,3.48,2.48,2.26,3.98,1.77,1.97,3.24,17.97,1.96,3.98,3.98,3.62,4.98,4.97,0.98,1.98,1.88,5.97,4.63,2.24,1.98,1.97,3.97,3.66,2.48,7.94,1.97,0.97,7.97,0.97,8.37,2.97,4.97
2014/06/25,4.64,0.46,0.98,0.7,0.7,11.88,0.7,0.46,7.88,14.72,0.7,6.68,12.98,3.87,10.98,4.88,1.56,5.47,10.98,10.97,0.46,6.87,0.46,5.98,10.98,0.46,0.7,0.46,3.98,5.48,14.72,1.0,5.24,14.72,3.97,3.67,0.46,0.46,2.98,5.48,12.78,0.46,0.46,2.24,0.7,0.46,4.97,5.74,8.97,1.48,3.92,17.97,2.98,5.64,5.22,3.97,2.84,3.98,1.88,7.98,2.73,4.88,3.48,0.98,4.47,5.97,2.37,3.48,2.48,2.26,3.98,1.77,1.97,3.24,17.97,1.96,3.98,3.98,3.62,4.98,4.97,0.98,1.98,1.88,5.97,4.63,2.24,1.98,1.97,3.97,3.66,2.48,7.94,1.97,0.97,7.97,0.97,8.37,2.97,4.97
2014/06/26,4.64,0.46,0.98,0.7,0.7,11.88,0.7,0.46,7.88,14.72,0.7,6.68,12.98,3.87,10.98,4.88,1.56,5.47,10.98,10.97,0.46,6.87,0.46,5.98,10.98,0.46,0.7,0.46,3.98,5.48,14.72,1.0,5.24,14.72,3.97,3.67,0.46,0.46,2.98,5.48,12.78,0.46,0.46,2.24,0.7,0.46,4.97,5.74,8.97,1.48,3.92,17.97,2.98,5.64,5.22,3.97,2.84,3.98,1.88,7.98,2.73,4.88,3.48,0.98,4.47,5.97,2.37,3.48,2.48,2.26,3.98,1.77,1.97,3.24,17.97,1.96,3.98,3.98,3.62,4.98,4.97,0.98,1.98,1.88,5.97,4.63,2.24,1.98,1.97,3.97,3.66,2.48,7.94,1.97,0.97,7.97,0.97,8.37,2.97,4.97
2014/06/27,4.64,0.46,0.98,0.7,0.7,11.88,0.7,0.46,7.88,14.72,0.7,6.68,12.98,3.87,10.98,4.88,1.56,5.47,10.98,10.97,0.46,6.87,0.46,5.98,10.98,0.46,0.7,0.46,3.98,5.48,14.72,1.0,5.24,14.72,3.97,3.67,0.46,0.46,2.98,5.48,12.78,0.46,0.46,2.24,0.7,0.46,4.97,5.74,8.97,1.48,3.92,17.97,2.98,5.64,5.22,3.97,2.84,3.98,1.88,7.98,2.73,4.88,3.48,0.98,4.47,5.97,2.37,3.48,2.48,2.26,3.98,1.77,1.97,3.24,17.97,1.96,3.98,3.98,3.62,4.98,4.97,0.98,1.98,1.88,5.97,4.63,2.24,1.98,1.97,3.97,3.66,2.48,7.94,1.97,0.97,7.97,0.97,8.37,2.97,4.97
2014/06/28,4.64,0.46,0.98,0.7,0.7,11.88,0.7,0.46,7.88,14.72,0.7,6.68,12.98,3.87,10.98,4.88,1.56,5.47,10.98,10.97,0.46,6.87,0.46,5.98,10.98,0.46,0.7,0.46,3.98,5.48,14.72,1.0,5.24,14.72,3.97,3.67,0.46,0.46,2.98,5.48,12.78,0.46,0.46,2.24,0.7,0.46,4.97,5.74,8.97,1.48,3.92,17.97,2.98,5.64,5.22,3.97,2.84,3.98,1.88,7.98,2.73,4.88,3.48,0.98,4.47,5.97,2.37,3.48,2.48,2.26,3.98,1.77,1.97,3.24,17.97,1.96,3.98,3.98,3.62,4.98,4.97,0.98,1.98,1.88,5.97,4.63,2.24,1.98,1.83,3.97,3.66,2.48,7.94,1.97,0.97,7.97,0.97,8.37,2.97,4.97
2014/06/29,4.64,0.46,0.98,0.7,0.7,11.88,0.7,0.46,7.88,14.72,0.7,6.68,12.98,3.87,10.98,4.88,1.56,5.47,10.98,10.97,0.46,6.87,0.46,5.98,10.98,0.46,0.7,0.46,3.98,5.48,14.72,1.0,5.24,14.72,3.97,3.67,0.46,0.46,2.98,5.48,12.78,0.46,0.46,2.24,0.7,0.46,4.97,5.74,8.97,1.48,3.92,17.97,2.98,5.64,5.22,3.97,2.84,3.98,1.88,7.98,2.73,4.88,3.48,0.98,4.47,5.97,2.37,3.48,2.48,2.26,3.98,1.77,1.97,3.24,17.97,1.96,3.98,3.98,3.62,4.98,4.97,0.98,1.98,1.88,5.97,4.63,2.24,1.98,1.83,3.97,3.66,2.48,7.94,1.97,0.97,7.97,0.97,8.37,2.97,4.97
2014/06/30,4.64,0.46,0.98,0.7,0.7,11.88,0.7,0.46,7.88,14.72,0.7,6.68,12.98,3.87,10.98,4.88,1.56,5.47,10.98,10.97,0.46,6.87,0.46,5.98,10.98,0.46,0.7,0.46,3.98,5.48,14.72,1.0,5.24,14.72,3.97,3.67,0.46,0.46,2.98,5.48,12.78,0.46,0.46,2.24,0.7,0.46,4.97,5.74,8.97,1.48,3.92,17.97,2.98,5.64,5.22,3.97,2.84,3.98,1.88,7.98,2.73,4.88,3.48,0.98,4.47,5.97,2.37,3.48,2.48,2.26,3.98,1.77,1.97,3.24,17.97,1.96,3.98,3.98,3.62,4.98,4.97,0.98,1.98,1.88,5.97,4.63,2.24,1.98,1.83,3.97,3.66,2.48,7.94,1.97,0.97,7.97,0.97,8.37,2.97,4.97
2014/07/01,4.64,0.46,0.98,0.7,0.7,11.88,0.7,0.46,7.88,14.72,0.7,6.68,12.98,3.87,10.98,4.88,1.56,5.47,10.98,10.97,0.46,6.87,0.46,5.98,10.98,0.46,0.7,0.46,3.98,5.48,14.72,1.0,5.24,14.72,3.97,3.67,0.46,0.46,2.98,5.48,12.78,0.46,0.46,2.24,0.7,0.46,4.97,5.74,8.97,1.48,3.92,17.97,2.98,5.64,5.22,3.97,2.84,3.98,1.88,7.98,2.73,4.88,3.48,0.98,4.47,5.97,2.37,3.48,2.48,2.26,3.98,1.77,1.97,3.24,17.97,1.96,3.98,3.98,3.62,4.98,4.97,0.98,1.98,1.88,5.97,4.63,2.24,1.98,1.83,3.97,3.66,2.48,7.94,1.97,0.97,7.97,0.97,8.37,2.97,4.97
2014/07/02,4.64,0.46,0.98,0.7,0.7,11.88,0.7,0.46,7.88,14.72,0.7,6.68,12.98,3.87,10.98,4.88,1.56,5.47,10.98,10.97,0.46,6.87,0.46,5.98,10.98,0.46,0.7,0.46,3.98,5.48,14.72,1.0,5.24,14.72,3.97,3.67,0.46,0.46,2.98,5.48,12.78,0.46,0.46,2.24,0.7,0.46,4.97,5.74,8.97,1.48,3.92,17.97,2.98,5.64,5.22,3.97,2.84,3.98,1.88,7.98,2.73,4.88,3.48,0.98,4.47,5.97,2.37,3.48,2.48,2.26,3.98,1.77,1.97,3.24,17.97,1.96,3.98,3.98,3.62,4.98,4.97,0.98,1.98,1.88,5.97,4.63,2.24,1.98,1.83,3.97,3.66,2.48,7.94,1.97,0.97,7.97,0.97,8.37,2.97,4.97
2014/07/03,4.64,0.46,0.98,0.7,0.7,11.88,0.7,0.46,7.88,14.72,0.7,6.68,12.98,3.87,10.98,4.88,1.56,5.47,10.98,10.97,0.46,6.87,0.46,5.98,10.98,0.46,0.7,0.46,3.98,5.48,14.72,1.0,5.24,14.72,3.97,3.67,0.46,0.46,2.98,5.48,12.78,0.46,0.46,2.24,0.7,0.46,4.97,5.74,8.97,1.48,3.92,17.97,2.98,5.64,5.22,3.97,2.84,3.98,1.88,7.98,2.73,4.88,3.48,0.98,4.47,5.97,2.37,3.48,2.48,2.26,3.98,1.77,1.97,3.24,17.97,1.96,3.98,3.98,3.62,4.98,4.97,0.98,1.98,1.88,5.97,4.63,2.24,1.98,1.83,3.97,3.66,2.48,7.94,1.97,0.97,7.97,0.97,8.37,2.97,4.97
2014/07/04,4.64,0.46,0.98,0.7,0.7,11.88,0.7,0.46,7.88,14.72,0.7,6.68,12.98,3.87,10.98,4.88,1.56,5.47,10.98,10.97,0.46,6.87,0.46,5.98,10.98,0.46,0.7,0.46,3.98,5.48,14.72,1.0,5.24,14.72,3.97,3.67,0.46,0.46,2.98,5.48,12.78,0.46,0.46,2.24,0.7,0.46,4.97,5.74,8.97,1.48,3.92,17.97,2.98,5.64,5.22,3.97,2.84,3.98,1.88,7.98,2.73,4.88,3.48,0.98,4.47,5.97,2.37,3.48,2.48,2.26,3.98,1.77,1.97,3.24,17.97,1.96,3.98,3.98,3.62,4.98,4.97,0.98,1.98,1.88,5.97,4.63,2.24,1.98,1.83,3.97,3.66,2.48,7.94,1.97,0.97,7.97,0.97,8.37,2.97,4.97
2014/07/05,4.64,0.46,0.98,0.7,0.7,11.88,0.7,0.46,7.88,14.72,0.7,6.68,12.98,3.87,10.98,4.88,1.56,5.47,10.98,10.97,0.46,6.87,0.46,5.98,10.98,0.46,0.7,0.46,3.98,5.48,14.72,1.0,5.24,14.72,3.97,3.67,0.46,0.46,2.98,5.48,12.78,0.46,0.46,2.24,0.7,0.46,4.97,5.74,8.97,1.48,3.92,17.97,2.98,5.64,5.22,3.93,2.84,3.98,1.88,7.98,2.73,4.88,3.48,0.98,4.47,5.97,2.37,3.48,2.48,2.26,3.98,1.77,1.97,3.24,17.97,1.96,3.98,3.98,3.62,4.98,4.97,0.98,1.98,1.88,5.97,4.63,2.24,1.98,1.83,3.93,3.66,2.48,7.94,1.97,0.97,7.97,0.97,8.37,2.97,4.97
2014/07/06,4.64,0.46,0.98,0.7,0.7,11.88,0.7,0.46,7.88,14.72,0.7,6.68,12.98,3.87,10.98,4.88,1.56,5.47,10.98,10.97,0.46,6.87,0.46,5.98,10.98,0.46,0.7,0.46,3.98,5.48,14.72,1.0,5.24,14.72,3.97,3.67,0.46,0.46,2.98,5.48,12.78,0.46,0.46,2.24,0.7,0.46,4.97,5.74,8.97,1.48,3.92,17.97,2.98,5.64,5.22,3.93,2.84,3.98,1.88,7.98,2.73,4.88,3.48,0.98,4.47,5.97,2.37,3.48,2.48,2.26,3.98,1.77,1.97,3.24,17.97,1.96,3.98,3.98,3.62,4.98,4.97,0.98,1.98,1.88,5.97,4.63,2.24,1.98,1.83,3.93,3.66,2.48,7.94,1.97,0.97,7.97,0.97,8.37,2.97,4.97
2014/07/07,4.64,0.46,0.98,0.7,0.7,11.88,0.7,0.46,7.88,14.72,0.7,6.68,12.98,3.87,10.98,4.88,1.56,5.47,10.98,10.97,0.46,6.87,0.46,5.98,10.98,0.46,0.7,0.46,3.98,5.48,14.72,1.0,5.24,14.72,3.97,3.67,0.46,0.46,2.98,5.48,12.78,0.46,0.46,2.24,0.7,0.46,4.97,5.74,8.97,1.48,3.92,17.97,2.98,5.64,5.22,3.93,2.84,3.98,1.88,7.98,2.73,4.88,3.48,0.98,4.47,5.97,2.37,3.48,2.48,2.26,3.98,1.77,1.97,3.24,17.97,1.96,3.98,3.98,3.62,4.98,4.97,0.98,1.98,1.88,5.97,4.63,2.24,1.98,1.83,3.93,3.66,2.48,7.94,1.97,0.97,7.97,0.97,8.37,2.97,4.97
2014/07/08,4.64,0.46,0.98,0.7,0.7,11.88,0.7,0.46,7.88,14.72,0.7,6.68,12.98,3.87,10.98,4.88,1.56,5.47,10.98,10.97,0.46,6.87,0.46,5.98,10.98,0.46,0.7,0.46,3.98,5.48,14.72,1.0,5.24,14.72,3.97,3.67,0.46,0.46,2.98,5.48,12.78,0.46,0.46,2.24,0.7,0.46,4.97,5.74,8.97,1.48,3.92,17.97,2.98,5.64,5.22,3.93,2.84,3.98,1.88,7.98,2.73,4.88,3.48,0.98,4.47,5.97,2.37,3.48,2.48,2.26,3.98,1.77,1.97,3.24,17.97,1.96,3.98,3.98,3.62,4.98,4.97,0.98,1.98,1.88,5.97,4.63,2.24,1.98,1.83,3.93,3.66,2.48,7.94,1.97,0.97,7.97,0.97,8.37,2.97,4.97
2014/07/09,4.64,0.46,0.98,0.7,0.7,11.88,0.7,0.46,7.88,14.72,0.7,6.68,12.98,3.87,10.98,4.88,1.56,5.47,10.98,10.97,0.46,6.87,0.46,5.98,10.98,0.46,0.7,0.46,3.98,5.48,14.72,1.0,5.24,14.72,3.97,3.67,0.46,0.46,2.98,5.48,12.78,0.46,0.46,2.24,0.7,0.46,4.97,5.74,8.97,1.48,3.92,17.97,2.98,5.64,5.22,3.93,2.84,3.98,1.88,7.98,2.73,4.88,3.48,0.98,4.47,5.97,2.37,3.48,2.48,2.26,3.98,1.77,1.97,3.24,17.97,1.96,3.98,3.98,3.62,4.98,4.97,0.98,1.98,1.88,5.97,4.63,2.24,1.98,1.83,3.93,3.66,2.48,7.94,1.97,0.97,7.97,0.97,8.37,2.97,4.97
2014/07/10,4.64,0.46,0.98,0.7,0.7,11.88,0.7,0.46,7.88,14.72,0.7,6.68,12.98,3.87,10.98,4.88,1.56,5.47,10.98,10.97,0.46,6.87,0.46,5.98,10.98,0.46,0.7,0.46,3.98,5.48,14.72,1.0,5.24,14.72,3.97,3.67,0.46,0.46,2.98,5.48,12.78,0.46,0.46,2.24,0.7,0.46,4.97,5.74,8.97,1.48,3.92,17.97,2.98,5.64,5.22,3.93,2.84,3.98,1.88,7.98,2.73,4.88,3.48,0.98,4.47,5.97,2.37,3.48,2.48,2.26,3.98,1.77,1.97,3.24,17.97,1.96,3.98,3.98,3.62,4.98,4.97,0.98,1.98,1.88,5.97,4.63,2.24,1.98,1.83,3.93,3.66,2.48,7.94,1.97,0.97,7.97,0.97,8.37,2.97,4.97
2014/07/11,4.64,0.46,0.98,0.7,0.7,11.88,0.7,0.46,7.88,14.72,0.7,6.68,12.98,3.87,10.98,4.88,1.56,5.47,10.98,10.97,0.46,6.87,0.46,5.98,10.98,0.46,0.7,0.46,3.98,5.48,14.72,1.0,5.24,14.72,3.97,3.67,0.46,0.46,2.98,5.48,12.78,0.46,0.46,2.24,0.7,0.46,4.97,5.74,8.97,1.48,3.92,17.97,2.98,5.64,5.22,3.93,2.84,3.98,1.88,7.98,2.73,4.88,3.48,0.98,4.47,5.97,2.37,3.48,2.48,2.26,3.98,1.77,1.97,3.24,17.97,1.96,3.98,3.98,3.62,4.98,4.97,0.98,1.98,1.88,5.97,4.63,2.24,1.98,1.83,3.93,3.66,2.48,7.94,1.97,0.97,7.97,0.97,8.37,2.97,4.97
2014/07/12,4.64,0.46,0.98,0.7,0.7,11.88,0.7,0.46,7.88,14.72,0.7,6.68,12.98,3.87,10.98,4.88,1.56,5.47,10.98,10.97,0.46,6.87,0.46,5.98,10.98,0.46,0.7,0.46,3.98,5.48,14.72,1.0,5.24,14.72,3.97,3.67,0.46,0.46,2.98,5.48,12.78,0.46,0.46,2.24,0.7,0.46,4.97,5.74,8.97,1.48,3.92,17.97,2.98,5.64,5.22,3.93,2.84,3.98,1.88,7.98,2.73,4.88,3.48,0.98,4.47,5.97,2.37,3.48,2.48,2.26,3.98,1.77,1.97,3.24,17.97,1.96,3.98,3.98,3.62,4.98,4.97,0.98,1.98,1.88,5.97,4.63,2.24,1.98,1.83,3.93,3.66,2.48,7.94,1.97,0.97,7.97,0.97,8.37,2.97,4.97
2014/07/13,4.64,0.46,0.98,0.7,0.7,11.88,0.7,0.46,7.88,14.72,0.7,6.68,12.98,3.87,10.98,4.88,1.56,5.47,10.98,10.97,0.46,6.87,0.46,5.98,10.98,0.46,0.7,0.46,3.98,5.48,14.72,1.0,5.24,14.72,3.97,3.67,0.46,0.46,2.98,5.48,12.78,0.46,0.46,2.24,0.7,0.46,4.97,5.74,8.97,1.48,3.92,17.97,2.98,5.64,5.22,3.93,2.84,3.98,1.88,7.98,2.73,4.88,3.48,0.98,4.47,5.97,2.37,3.48,2.48,2.26,3.98,1.77,1.97,3.24,17.97,1.96,3.98,3.98,3.62,4.98,4.97,0.98,1.98,1.88,5.97,4.63,2.24,1.98,1.83,3.93,3.66,2.48,7.94,1.97,0.97,7.97,0.97,8.37,2.97,4.97
2014/07/14,4.64,0.46,0.98,0.7,0.7,11.88,0.7,0.46,7.88,14.72,0.7,6.68,12.98,3.87,10.98,4.88,1.56,5.47,10.98,10.97,0.46,6.87,0.46,5.98,10.98,0.46,0.7,0.46,3.98,5.48,14.72,1.0,5.24,14.72,3.97,3.67,0.46,0.46,2.98,5.48,12.78,0.46,0.46,2.24,0.7,0.46,4.97,5.74,8.97,1.48,3.92,17.97,2.98,5.64,5.22,3.93,2.84,3.98,1.88,7.98,2.73,4.88,3.48,0.98,4.47,5.97,2.37,3.48,2.48,2.26,3.98,1.77,1.97,3.24,17.97,1.96,3.98,3.98,3.62,4.98,4.97,0.98,1.98,1.88,5.97,4.63,2.24,1.98,1.83,3.93,3.66,2.48,7.94,1.97,0.97,7.97,0.97,8.37,2.97,4.97
2014/07/15,4.64,0.46,0.98,0.7,0.7,11.88,0.7,0.46,7.88,14.72,0.7,6.68,12.98,3.87,10.98,4.88,1.56,5.47,10.98,10.97,0.46,6.87,0.46,5.98,10.98,0.46,0.7,0.46,3.98,5.48,14.72,1.0,5.24,14.72,3.97,3.67,0.46,0.46,2.98,5.48,12.78,0.46,0.46,2.24,0.7,0.46,4.97,5.74,8.97,1.48,3.92,17.97,2.98,5.64,5.22,3.93,2.84,3.98,1.88,7.98,2.73,4.88,3.48,0.98,4.47,5.97,2.37,3.48,2.48,2.26,3.98,1.77,1.97,3.24,17.97,1.96,3.98,3.98,3.62,4.98,4.97,0.98,1.98,1.88,5.97,4.63,2.24,1.98,1.83,3.93,3.66,2.48,7.94,1.97,0.97,7.97,0.97,8.37,2.97,4.97
2014/07/16,4.64,0.46,0.98,0.7,0.7,11.88,0.7,0.46,7.88,14.72,0.7,6.68,12.98,3.87,10.98,4.88,1.56,5.47,10.98,10.97,0.46,6.87,0.46,5.98,10.98,0.46,0.7,0.46,3.98,5.48,14.72,1.0,5.24,14.72,3.97,3.67,0.46,0.46,2.98,5.48,12.78,0.46,0.46,2.24,0.7,0.46,4.97,5.74,8.97,1.48,3.92,17.97,2.98,5.64,5.22,3.93,2.84,3.98,1.88,7.98,2.73,4.88,3.48,0.98,4.47,5.97,2.37,3.48,2.48,2.26,3.98,1.77,1.97,3.24,17.97,1.96,3.98,3.98,3.62,4.98,4.97,0.98,1.98,1.88,5.97,4.63,2.24,1.98,1.83,3.93,3.66,2.48,7.94,1.97,0.97,7.97,0.97,8.37,2.97,4.97
2014/07/17,4.64,0.46,0.98,0.7,0.7,11.88,0.7,0.46,7.88,14.72,0.7,6.68,12.98,3.87,10.98,4.88,1.56,5.47,10.98,10.97,0.46,6.87,0.46,5.98,10.98,0.46,0.7,0.46,3.98,5.48,14.72,1.0,5.24,14.72,3.97,3.67,0.46,0.46,2.98,5.48,12.78,0.46,0.46,2.24,0.7,0.46,4.97,5.74,8.97,1.48,3.92,17.97,2.98,5.64,5.22,3.93,2.84,3.98,1.88,7.98,2.73,4.88,3.48,0.98,4.47,5.97,2.37,3.48,2.48,2.26,3.98,1.77,1.97,3.24,17.97,1.96,3.98,3.98,3.62,4.98,4.97,0.98,1.98,1.88,5.97,4.63,2.24,1.98,1.83,3.93,3.66,2.48,7.94,1.97,0.97,7.97,0.97,8.37,2.97,4.97
2014/07/18,4.64,0.46,0.98,0.7,0.7,11.88,0.7,0.46,7.88,14.72,0.7,6.68,12.98,3.87,10.98,4.88,1.56,5.47,10.98,10.97,0.46,6.87,0.46,5.98,10.98,0.46,0.7,0.46,3.98,5.48,14.72,1.0,5.24,14.72,3.97,3.67,0.46,0.46,2.98,5.48,12.78,0.46,0.46,2.24,0.7,0.46,4.97,5.74,8.97,1.48,3.92,17.97,2.98,5.64,5.22,3.93,2.84,3.98,1.88,7.98,2.73,4.88,3.48,0.98,4.47,5.97,2.37,3.48,2.48,2.26,3.98,1.77,1.97,3.24,17.97,1.96,3.98,3.98,3.62,4.98,4.97,0.98,1.98,1.88,5.97,4.63,2.24,1.98,1.83,3.93,3.66,2.48,7.94,1.97,0.97,7.97,0.97,8.37,2.97,4.97
2014/07/19,4.64,0.46,0.98,0.7,0.7,11.88,0.7,0.46,7.88,14.72,0.7,6.68,12.98,3.87,10.98,4.88,1.56,5.47,10.98,10.97,0.46,6.87,0.46,5.98,10.98,0.46,0.7,0.46,3.98,5.48,14.72,1.0,5.24,14.72,3.97,3.67,0.46,0.46,2.98,5.48,12.78,0.46,0.46,2.24,0.7,0.46,4.97,5.74,8.97,1.48,3.92,17.97,2.98,5.64,5.22,3.93,2.84,3.98,1.88,7.98,2.73,4.88,3.48,0.98,4.47,5.97,2.37,3.48,2.48,2.26,3.98,1.77,1.97,3.24,17.97,1.96,3.98,3.98,3.62,4.98,4.97,0.98,1.98,1.88,5.97,4.63,2.24,1.94,1.83,3.93,3.66,2.48,7.94,1.97,0.97,7.97,0.97,8.37,2.97,4.97
2014/07/20,4.64,0.46,0.98,0.7,0.7,11.88,0.7,0.46,7.88,14.72,0.7,6.68,12.98,3.87,10.98,4.88,1.56,5.47,10.98,10.97,0.46,6.87,0.46,5.98,10.98,0.46,0.7,0.46,3.98,5.48,14.72,1.0,5.24,14.72,3.97,3.67,0.46,0.46,2.98,5.48,12.78,0.46,0.46,2.24,0.7,0.46,4.97,5.74,8.97,1.48,3.92,17.97,2.98,5.64,5.22,3.93,2.84,3.98,1.88,7.98,2.73,4.88,3.48,0.98,4.47,5.97,2.37,3.48,2.48,2.26,3.98,1.77,1.97,3.24,17.97,1.96,3.98,3.98,3.62,4.98,4.97,0.98,1.98,1.88,5.97,4.63,2.24,1.94,1.83,3.93,3.66,2.48,7.94,1.97,0.97,7.97,0.97,8.37,2.97,4.97
2014/07/21,4.64,0.46,0.98,0.7,0.7,11.88,0.7,0.46,7.88,14.72,0.7,6.68,12.98,3.87,10.98,4.88,1.56,5.47,10.98,10.97,0.46,6.87,0.46,5.98,10.98,0.46,0.7,0.46,3.98,5.48,14.72,1.0,5.24,14.72,3.97,3.67,0.46,0.46,2.98,5.48,12.78,0.46,0.46,2.24,0.7,0.46,4.97,5.74,8.97,1.48,3.92,17.97,2.98,5.64,5.22,3.93,2.84,3.98,1.88,7.98,2.73,4.88,3.48,0.98,4.47,5.97,2.37,3.48,2.48,2.26,3.98,1.77,1.97,3.24,17.97,1.96,3.98,3.98,3.62,4.98,4.97,0.98,1.98,1.88,5.97,4.63,2.24,1.94,1.83,3.93,3.66,2.48,7.94,1.97,0.97,7.97,0.97,8.37,2.97,4.97
2014/07/22,4.64,0.46,0.98,0.7,0.7,11.88,0.7,0.46,7.88,14.72,0.7,6.68,12.98,3.87,10.98,4.88,1.56,5.47,10.98,10.97,0.46,6.87,0.46,5.98,10.98,0.46,0.7,0.46,3.98,5.48,14.72,1.0,5.24,14.72,3.97,3.67,0.46,0.46,2.98,5.48,12.78,0.46,0.46,2.24,0.7,0.46,4.97,5.74,8.97,1.48,3.92,17.97,2.98,5.64,5.22,3.93,2.84,3.98,1.88,7.98,2.73,4.88,3.48,0.98,4.47,5.97,2.37,3.48,2.48,2.26,3.98,1.77,1.97,3.24,17.97,1.96,3.98,3.98,3.62,4.98,4.97,0.98,1.98,1.88,5.97,4.63,2.24,1.94,1.83,3.93,3.66,2.48,7.94,1.97,0.97,7.97,0.97,8.37,2.97,4.97
2014/07/23,4.64,0.46,0.98,0.7,0.7,11.88,0.7,0.46,7.88,14.72,0.7,6.68,12.98,3.87,10.98,4.88,1.56,5.47,10.98,10.97,0.46,6.87,0.46,5.98,10.98,0.46,0.7,0.46,3.98,5.48,14.72,1.0,5.24,14.72,3.97,3.67,0.46,0.46,2.98,5.48,12.78,0.46,0.46,2.24,0.7,0.46,4.97,5.74,8.97,1.48,3.92,17.97,2.98,5.64,5.22,3.93,2.84,3.98,1.88,7.98,2.73,4.88,3.48,0.98,4.47,5.97,2.37,3.48,2.48,2.26,3.98,1.77,1.97,3.24,17.97,1.96,3.98,3.98,3.62,4.98,4.97,0.98,1.98,1.88,5.97,4.63,2.24,1.94,1.83,3.93,3.66,2.48,7.94,1.97,0.97,7.97,0.97,8.37,2.97,4.97
2014/07/24,4.64,0.46,0.98,0.7,0.7,11.88,0.7,0.46,7.88,14.72,0.7,6.68,12.98,3.87,10.98,4.88,1.56,5.47,10.98,10.97,0.46,6.87,0.46,5.98,10.98,0.46,0.7,0.46,3.98,5.48,14.72,1.0,5.24,14.72,3.97,3.67,0.46,0.46,2.98,5.48,12.78,0.46,0.46,2.24,0.7,0.46,4.97,5.74,8.97,1.48,3.92,17.97,2.98,5.64,5.22,3.93,2.84,3.98,1.88,7.98,2.73,4.88,3.48,0.98,4.47,5.97,2.37,3.48,2.48,2.26,3.98,1.77,1.97,3.24,17.97,1.96,3.98,3.98,3.62,4.98,4.97,0.98,1.98,1.88,5.97,4.63,2.24,1.94,1.83,3.93,3.66,2.48,7.94,1.97,0.97,7.97,0.97,8.37,2.97,4.97
2014/07/25,4.64,0.46,0.98,0.7,0.7,11.88,0.7,0.46,7.88,14.72,0.7,6.68,12.98,3.87,10.98,4.88,1.56,5.47,10.98,10.97,0.46,6.87,0.46,5.98,10.98,0.46,0.7,0.46,3.98,5.48,14.72,1.0,5.24,14.72,3.97,3.67,0.46,0.46,2.98,5.48,12.78,0.46,0.46,2.24,0.7,0.46,4.97,5.74,8.97,1.48,3.92,17.97,2.98,5.64,5.22,3.93,2.84,3.98,1.88,7.98,2.73,4.88,3.48,0.98,4.47,5.97,2.37,3.48,2.48,2.26,3.98,1.77,1.97,3.24,17.97,1.96,3.98,3.98,3.62,4.98,4.97,0.98,1.98,1.88,5.97,4.63,2.24,1.94,1.83,3.93,3.66,2.48,7.94,1.97,0.97,7.97,0.97,8.37,2.97,4.97
2014/07/26,4.64,0.46,0.98,0.7,0.7,11.88,0.7,0.46,7.88,14.72,0.7,6.68,12.98,3.87,10.98,4.88,1.56,5.47,10.98,10.97,0.46,6.87,0.46,5.98,10.98,0.46,0.7,0.46,3.98,5.48,14.72,1.0,5.24,14.72,3.97,3.67,0.46,0.46,2.98,5.48,12.78,0.46,0.46,2.24,0.7,0.46,4.97,5.74,8.97,1.48,3.92,17.97,2.98,5.64,5.22,3.93,2.84,3.98,1.88,7.98,2.73,4.88,3.48,0.98,4.47,5.97,2.37,3.48,2.48,2.26,3.98,1.77,1.97,3.24,17.97,1.96,3.98,3.98,3.62,4.98,4.97,0.98,1.98,1.88,5.97,4.63,2.24,1.94,1.83,3.93,3.66,2.48,7.94,1.97,0.97,7.97,0.97,8.37,2.97,4.97
2014/07/27,4.64,0.46,0.98,0.7,0.7,11.88,0.7,0.46,7.88,14.72,0.7,6.68,12.98,3.87,10.98,4.88,1.56,5.47,10.98,10.97,0.46,6.87,0.46,5.98,10.98,0.46,0.7,0.46,3.98,5.48,14.72,1.0,5.24,14.72,3.97,3.67,0.46,0.46,2.98,5.48,12.78,0.46,0.46,2.24,0.7,0.46,4.97,5.74,8.97,1.48,3.92,17.97,2.98,5.64,5.22,3.93,2.84,3.98,1.88,7.98,2.73,4.88,3.48,0.98,4.47,5.97,2.37,3.48,2.48,2.26,3.98,1.77,1.97,3.24,17.97,1.96,3.98,3.98,3.62,4.98,4.97,0.98,1.98,1.88,5.97,4.63,2.24,1.94,1.83,3.93,3.66,2.48,7.94,1.97,0.97,7.97,0.97,8.37,2.97,4.97
2014/07/28,4.64,0.46,0.98,0.7,0.7,11.88,0.7,0.46,7.88,14.72,0.7,6.68,12.98,3.87,10.98,4.88,1.56,5.47,10.98,10.97,0.46,6.87,0.46,5.98,10.98,0.46,0.7,0.46,3.98,5.48,14.72,1.0,5.24,14.72,3.97,3.67,0.46,0.46,2.98,5.48,12.78,0.46,0.46,2.24,0.7,0.46,4.97,5.74,8.97,1.48,3.92,17.97,2.98,5.64,5.22,3.93,2.84,3.98,1.88,7.98,2.73,4.88,3.48,0.98,4.47,5.97,2.37,3.48,2.48,2.26,3.98,1.77,1.97,3.24,17.97,1.96,3.98,3.98,3.62,4.98,4.97,0.98,1.98,1.88,5.97,4.63,2.24,1.94,1.83,3.93,3.66,2.48,7.94,1.97,0.97,7.97,0.97,8.37,2.97,4.97
2014/07/29,4.64,0.46,0.98,0.7,0.7,11.88,0.7,0.46,7.88,14.72,0.7,6.68,12.98,3.87,10.98,4.88,1.56,5.47,10.98,10.97,0.46,6.87,0.46,5.98,10.98,0.46,0.7,0.46,3.98,5.48,14.72,1.0,5.24,14.72,3.97,3.67,0.46,0.46,2.98,5.48,12.78,0.46,0.46,2.24,0.7,0.46,4.97,5.74,8.97,1.48,3.92,17.97,2.98,5.64,5.22,3.93,2.84,3.98,1.88,7.98,2.73,4.88,3.48,0.98,4.47,5.97,2.37,3.48,2.48,2.26,3.98,1.77,1.97,3.24,17.97,1.96,3.98,3.98,3.62,4.98,4.97,0.98,1.98,1.88,5.97,4.63,2.24,1.94,1.83,3.93,3.66,2.48,7.94,1.97,0.97,7.97,0.97,8.37,2.97,4.97
2014/07/30,4.64,0.46,0.98,0.7,0.7,11.88,0.7,0.46,7.88,14.72,0.7,6.68,12.98,3.87,10.98,4.88,1.56,5.47,10.98,10.97,0.46,6.87,0.46,5.98,10.98,0.46,0.7,0.46,3.98,5.48,14.72,1.0,5.24,14.72,3.97,3.67,0.46,0.46,2.98,5.48,12.78,0.46,0.46,2.24,0.7,0.46,4.97,5.74,8.97,1.48,3.92,17.97,2.98,5.64,5.22,3.93,2.84,3.98,1.88,7.98,2.73,4.88,3.48,0.98,4.47,5.97,2.37,3.48,2.48,2.26,3.98,1.77,1.97,3.24,17.97,1.96,3.98,3.98,3.62,4.98,4.97,0.98,1.98,1.88,5.97,4.63,2.24,1.94,1.83,3.93,3.66,2.48,7.94,1.97,0.97,7.97,0.97,8.37,2.97,4.97
2014/07/31,4.64,0.46,0.98,0.7,0.7,11.88,0.7,0.46,7.88,14.72,0.7,6.68,12.98,3.87,10.98,4.88,1.56,5.47,10.98,10.97,0.46,6.87,0.46,5.98,10.98,0.46,0.7,0.46,3.98,5.48,14.72,1.0,5.24,14.72,3.97,3.67,0.46,0.46,2.98,5.48,12.78,0.46,0.46,2.24,0.7,0.46,4.97,5.74,8.97,1.48,3.92,17.97,2.98,5.64,5.22,3.93,2.84,3.98,1.88,7.98,2.73,4.88,3.48,0.98,4.47,5.97,2.37,3.48,2.48,2.26,3.98,1.77,1.97,3.24,17.97,1.96,3.98,3.98,3.62,4.98,4.97,0.98,1.98,1.88,5.97,4.63,2.24,1.94,1.83,3.93,3.66,2.48,7.94,1.97,0.97,7.97,0.97,8.37,2.97,4.97
2014/08/01,4.64,0.46,0.98,0.7,0.7,11.88,0.7,0.46,7.88,14.72,0.7,6.68,12.98,3.87,10.98,4.88,1.56,5.47,10.98,10.97,0.46,6.87,0.46,5.98,10.98,0.46,0.7,0.46,3.98,5.48,14.72,1.0,5.24,14.72,3.97,3.67,0.46,0.46,2.98,5.48,12.78,0.46,0.46,2.24,0.7,0.46,4.97,5.74,8.97,1.48,3.92,17.97,2.98,5.64,5.22,3.93,2.84,3.98,1.88,7.98,2.73,4.88,3.48,0.98,4.47,5.97,2.37,3.48,2.48,2.26,3.98,1.77,1.97,3.24,17.97,1.96,3.98,3.98,3.62,4.98,4.97,0.98,1.98,1.88,5.97,4.63,2.24,1.94,1.83,3.93,3.66,2.48,7.94,1.97,0.97,7.97,0.97,8.37,2.97,4.97
2014/08/02,4.64,0.46,0.98,0.7,0.7,11.88,0.7,0.46,7.88,14.72,0.7,6.68,12.98,3.87,10.98,4.88,1.56,5.47,10.98,10.97,0.46,6.87,0.46,5.98,10.98,0.46,0.7,0.46,3.98,5.48,14.72,1.0,5.24,14.72,3.97,3.67,0.46,0.46,2.98,5.48,12.78,0.46,0.46,2.24,0.7,0.46,4.97,5.74,8.97,1.48,3.92,17.97,2.98,5.64,5.22,3.93,2.84,3.98,1.88,7.98,2.73,4.88,3.48,0.98,4.47,5.97,2.37,3.48,2.48,2.26,3.98,1.77,1.97,3.24,17.97,1.96,3.98,3.98,3.62,4.98,4.97,0.98,1.98,1.88,5.97,4.63,2.24,1.94,1.83,3.93,3.66,2.48,7.94,1.97,0.97,7.97,0.97,8.37,2.97,4.97
2014/08/03,4.64,0.46,0.98,0.7,0.7,11.88,0.7,0.46,7.88,14.72,0.7,6.68,12.98,3.87,10.98,4.88,1.56,5.47,10.98,10.97,0.46,6.87,0.46,5.98,10.98,0.46,0.7,0.46,3.98,5.48,14.72,1.0,5.24,14.72,3.97,3.67,0.46,0.46,2.98,5.48,12.78,0.46,0.46,2.24,0.7,0.46,4.97,5.74,8.97,1.48,3.92,17.97,2.98,5.64,5.22,3.93,2.84,3.98,1.88,7.98,2.73,4.88,3.48,0.98,4.47,5.97,2.37,3.48,2.48,2.26,3.98,1.77,1.97,3.24,17.97,1.96,3.98,3.98,3.62,4.98,4.97,0.98,1.98,1.88,5.97,4.63,2.24,1.94,1.83,3.93,3.66,2.48,7.94,1.97,0.97,7.97,0.97,8.37,2.97,4.97
2014/08/04,4.64,0.46,0.98,0.7,0.7,11.88,0.7,0.46,7.88,14.72,0.7,6.68,12.98,3.87,10.98,4.88,1.56,5.47,10.98,10.97,0.46,6.87,0.46,5.98,10.98,0.46,0.7,0.46,3.98,5.48,14.72,1.0,5.24,14.72,3.97,3.67,0.46,0.46,2.98,5.48,12.78,0.46,0.46,2.24,0.7,0.46,4.97,5.74,8.97,1.48,3.92,17.97,2.98,5.64,5.22,3.93,2.84,3.98,1.88,7.98,2.73,4.88,3.48,0.98,4.47,5.97,2.37,3.48,2.48,2.26,3.98,1.77,1.97,3.24,17.97,1.96,3.98,3.98,3.62,4.98,4.97,0.98,1.98,1.88,5.97,4.63,2.24,1.94,1.83,3.93,3.66,2.48,7.94,1.97,0.97,7.97,0.97,8.37,2.97,4.97
2014/08/05,4.64,0.46,0.98,0.7,0.7,11.88,0.7,0.46,7.88,14.72,0.7,6.68,12.98,3.87,10.98,4.88,1.56,5.47,10.98,10.97,0.46,6.87,0.46,5.98,10.98,0.46,0.7,0.46,3.98,5.48,14.72,1.0,5.24,14.72,3.97,3.67,0.46,0.46,2.98,5.48,12.78,0.46,0.46,2.24,0.7,0.46,4.97,5.74,8.97,1.48,3.92,17.97,2.98,5.64,5.22,3.93,2.84,3.98,1.88,7.98,2.73,4.88,3.48,0.98,4.47,5.97,2.37,3.48,2.48,2.26,3.98,1.77,1.97,3.24,17.97,1.96,3.98,3.98,3.62,4.98,4.97,0.98,1.98,1.88,5.97,4.63,2.24,1.94,1.83,3.93,3.66,2.48,7.94,1.97,0.97,7.97,0.97,8.37,2.97,4.97
2014/08/06,4.64,0.46,0.98,0.7,0.7,11.88,0.7,0.46,7.88,14.72,0.7,6.68,12.98,3.87,10.98,4.88,1.56,5.47,10.98,10.97,0.46,6.87,0.46,5.98,10.98,0.46,0.7,0.46,3.98,5.48,14.72,1.0,5.24,14.72,3.97,3.67,0.46,0.46,2.98,5.48,12.78,0.46,0.46,2.24,0.7,0.46,4.97,5.74,8.97,1.48,3.92,17.97,2.98,5.64,5.22,3.93,2.84,3.98,1.88,7.98,2.73,4.88,3.48,0.98,4.47,5.97,2.37,3.48,2.48,2.26,3.98,1.77,1.97,3.24,17.97,1.96,3.98,3.98,3.62,4.98,4.97,0.98,1.98,1.88,5.97,4.63,2.24,1.94,1.83,3.93,3.66,2.48,7.94,1.97,0.97,7.97,0.97,8.37,2.97,4.97
2014/08/07,4.64,0.46,0.98,0.7,0.7,11.88,0.7,0.46,7.88,14.72,0.7,6.68,12.98,3.87,10.98,4.88,1.56,5.47,10.98,10.97,0.46,6.87,0.46,5.98,10.98,0.46,0.7,0.46,3.98,5.48,14.72,1.0,5.24,14.72,3.97,3.67,0.46,0.46,2.98,5.48,12.78,0.46,0.46,2.24,0.7,0.46,4.97,5.74,8.97,1.48,3.92,17.97,2.98,5.64,5.22,3.93,2.84,3.98,1.88,7.98,2.73,4.88,3.48,0.98,4.47,5.97,2.37,3.48,2.48,2.26,3.98,1.77,1.97,3.24,17.97,1.96,3.98,3.98,3.62,4.98,4.97,0.98,1.98,1.88,5.97,4.63,2.24,1.94,1.83,3.93,3.66,2.48,7.94,1.97,0.97,7.97,0.97,8.37,2.97,4.97
2014/08/08,4.64,0.46,0.98,0.7,0.7,11.88,0.7,0.46,7.88,14.72,0.7,6.68,12.98,3.87,10.98,4.88,1.56,5.47,10.98,10.97,0.46,6.87,0.46,5.98,10.98,0.46,0.7,0.46,3.98,5.48,14.72,1.0,5.24,14.72,3.97,3.67,0.46,0.46,2.98,5.48,12.78,0.46,0.46,2.24,0.7,0.46,4.97,5.74,8.97,1.48,3.92,17.97,2.98,5.64,5.22,3.93,2.84,3.98,1.88,7.98,2.73,4.88,3.48,0.98,4.47,5.97,2.37,3.48,2.48,2.26,3.98,1.77,1.97,3.24,17.97,1.96,3.98,3.98,3.62,4.98,4.97,0.98,1.98,1.88,5.97,4.63,2.24,1.94,1.83,3.93,3.66,2.48,7.94,1.97,0.97,7.97,0.97,8.37,2.97,4.97
2014/08/09,4.64,0.46,0.98,0.7,0.7,11.88,0.7,0.46,7.88,14.72,0.7,6.68,12.98,3.87,10.98,4.88,1.56,5.47,10.98,10.97,0.46,6.87,0.46,5.98,10.98,0.46,0.7,0.46,3.98,5.48,14.72,1.0,5.24,14.72,3.97,3.67,0.46,0.46,2.98,5.48,12.78,0.46,0.46,2.24,0.7,0.46,4.97,5.74,8.97,1.48,3.92,17.97,2.98,5.64,5.22,3.93,2.84,3.98,1.88,7.98,2.73,4.88,3.48,0.98,4.47,5.97,2.37,3.48,2.48,2.26,3.98,1.77,1.97,3.97,17.97,1.96,3.98,3.98,3.62,4.98,4.97,0.98,1.98,1.88,5.97,4.63,2.24,1.94,1.83,3.93,3.66,2.48,7.94,1.97,0.97,7.97,0.97,8.37,2.97,4.97
2014/08/10,4.64,0.46,0.98,0.7,0.7,11.88,0.7,0.46,7.88,14.72,0.7,6.68,12.98,3.87,10.98,4.88,1.56,5.47,10.98,10.97,0.46,6.87,0.46,5.98,10.98,0.46,0.7,0.46,3.98,5.48,14.72,1.0,5.24,14.72,3.97,3.67,0.46,0.46,2.98,5.48,12.78,0.46,0.46,2.24,0.7,0.46,4.97,5.74,8.97,1.48,3.92,17.97,2.98,5.64,5.22,3.93,2.84,3.98,1.88,7.98,2.73,4.88,3.48,0.98,4.47,5.97,2.37,3.48,2.48,2.26,3.98,1.77,1.97,3.97,17.97,1.96,3.98,3.98,3.62,4.98,4.97,0.98,1.98,1.88,5.97,4.63,2.24,1.94,1.83,3.93,3.66,2.48,7.94,1.97,0.97,7.97,0.97,8.37,2.97,4.97
2014/08/11,4.64,0.46,0.98,0.7,0.7,11.88,0.7,0.46,7.88,14.72,0.7,6.68,12.98,3.87,10.98,4.88,1.56,5.47,10.98,10.97,0.46,6.87,0.46,5.98,10.98,0.46,0.7,0.46,3.98,5.48,14.72,1.0,5.24,14.72,3.97,3.67,0.46,0.46,2.98,5.48,12.78,0.46,0.46,2.24,0.7,0.46,4.97,5.74,8.97,1.48,3.92,17.97,2.98,5.64,5.22,3.93,2.84,3.98,1.88,7.98,2.73,4.88,3.48,0.98,4.47,5.97,2.37,3.48,2.48,2.26,3.98,1.77,1.97,3.97,17.97,1.96,3.98,3.98,3.62,4.98,4.97,0.98,1.98,1.88,5.97,4.63,2.24,1.94,1.83,3.93,3.66,2.48,7.94,1.97,0.97,7.97,0.97,8.37,2.97,4.97
2014/08/12,4.64,0.46,0.98,0.7,0.7,11.88,0.7,0.46,7.88,14.72,0.7,6.68,12.98,3.87,10.98,4.88,1.56,5.47,10.98,10.97,0.46,6.87,0.46,5.98,10.98,0.46,0.7,0.46,3.98,5.48,14.72,1.0,5.24,14.72,3.97,3.67,0.46,0.46,2.98,5.48,12.78,0.46,0.46,2.24,0.7,0.46,4.97,5.74,8.97,1.48,3.92,17.97,2.98,5.64,5.22,3.93,2.84,3.98,1.88,7.98,2.73,4.88,3.48,0.98,4.47,5.97,2.37,3.48,2.48,2.26,3.98,1.77,1.97,3.97,17.97,1.96,3.98,3.98,3.62,4.98,4.97,0.98,1.98,1.88,5.97,4.63,2.24,1.94,1.83,3.93,3.66,2.48,7.94,1.97,0.97,7.97,0.97,8.37,2.97,4.97
2014/08/13,4.64,0.46,0.98,0.7,0.7,11.88,0.7,0.46,7.88,14.72,0.7,6.68,12.98,3.87,10.98,4.88,1.56,5.47,10.98,10.97,0.46,6.87,0.46,5.98,10.98,0.46,0.7,0.46,3.98,5.48,14.72,1.0,5.24,14.72,3.97,3.67,0.46,0.46,2.98,5.48,12.78,0.46,0.46,2.24,0.7,0.46,4.97,5.74,8.97,1.48,3.92,17.97,2.98,5.64,5.22,3.93,2.84,3.98,1.88,7.98,2.73,4.88,3.48,0.98,4.47,5.97,2.37,3.48,2.48,2.26,3.98,1.77,1.97,3.97,17.97,1.96,3.98,3.98,3.62,4.98,4.97,0.98,1.98,1.88,5.97,4.63,2.24,1.94,1.83,3.93,3.66,2.48,7.94,1.97,0.97,7.97,0.97,8.37,2.97,4.97
2014/08/14,4.64,0.46,0.98,0.7,0.7,11.88,0.7,0.46,7.88,14.72,0.7,6.68,12.98,3.87,10.98,4.88,1.56,5.47,10.98,10.97,0.46,6.87,0.46,5.98,10.98,0.46,0.7,0.46,3.98,5.48,14.72,1.0,5.24,14.72,3.97,3.67,0.46,0.46,2.98,5.48,12.78,0.46,0.46,2.24,0.7,0.46,4.97,5.74,8.97,1.48,3.92,17.97,2.98,5.64,5.22,3.93,2.84,3.98,1.88,7.98,2.73,4.88,3.48,0.98,4.47,5.97,2.37,3.48,2.48,2.26,3.98,1.77,1.97,3.97,17.97,1.96,3.98,3.98,3.62,4.98,4.97,0.98,1.98,1.88,5.97,4.63,2.24,1.94,1.83,3.93,3.66,2.48,7.94,1.97,0.97,7.97,0.97,8.37,2.97,4.97
2014/08/15,4.64,0.46,0.98,0.7,0.7,11.88,0.7,0.46,7.88,14.72,0.7,6.68,12.98,3.87,10.98,4.88,1.56,5.47,10.98,10.97,0.46,6.87,0.46,5.98,10.98,0.46,0.7,0.46,3.98,5.48,14.72,1.0,5.24,14.72,3.97,3.67,0.46,0.46,2.98,5.48,12.78,0.46,0.46,2.24,0.7,0.46,4.97,5.74,8.97,1.48,3.92,17.97,2.98,5.64,5.22,3.93,2.84,3.98,1.88,7.98,2.73,4.88,3.48,0.98,4.47,5.97,2.37,3.48,2.48,2.26,3.98,1.77,1.97,3.97,17.97,1.96,3.98,3.98,3.62,4.98,4.97,0.98,1.98,1.88,5.97,4.63,2.24,1.94,1.83,3.93,3.66,2.48,7.94,1.97,0.97,7.97,0.97,8.37,2.97,4.97
2014/08/16,4.64,0.46,0.98,0.7,0.7,11.88,0.7,0.46,7.88,14.72,0.7,6.68,12.98,3.87,10.98,4.88,1.56,5.47,10.98,10.97,0.46,6.87,0.46,5.98,10.98,0.46,0.7,0.46,3.98,5.48,14.72,1.0,5.24,14.72,3.97,3.67,0.46,0.46,2.98,5.48,12.78,0.46,0.46,2.24,0.7,0.46,4.97,5.74,8.97,1.48,3.92,17.97,2.98,5.64,5.22,3.93,2.84,3.98,1.88,7.98,2.73,4.88,3.48,0.98,4.47,5.97,2.37,3.48,2.48,2.26,3.98,1.77,1.97,3.97,17.97,1.96,3.98,3.98,3.62,4.98,4.97,0.98,1.98,1.88,5.97,4.63,2.24,1.94,1.83,3.93,3.66,2.48,7.94,1.97,0.97,7.97,0.97,8.37,2.97,4.97
2014/08/17,4.64,0.46,0.98,0.7,0.7,11.88,0.7,0.46,7.88,14.72,0.7,6.68,12.98,3.87,10.98,4.88,1.56,5.47,10.98,10.97,0.46,6.87,0.46,5.98,10.98,0.46,0.7,0.46,3.98,5.48,14.72,1.0,5.24,14.72,3.97,3.67,0.46,0.46,2.98,5.48,12.78,0.46,0.46,2.24,0.7,0.46,4.97,5.74,8.97,1.48,3.92,17.97,2.98,5.64,5.22,3.93,2.84,3.98,1.88,7.98,2.73,4.88,3.48,0.98,4.47,5.97,2.37,3.48,2.48,2.26,3.98,1.77,1.97,3.97,17.97,1.96,3.98,3.98,3.62,4.98,4.97,0.98,1.98,1.88,5.97,4.63,2.24,1.94,1.83,3.93,3.66,2.48,7.94,1.97,0.97,7.97,0.97,8.37,2.97,4.97
2014/08/18,4.64,0.46,0.98,0.7,0.7,11.88,0.7,0.46,7.88,14.72,0.7,6.68,12.98,3.87,10.98,4.88,1.56,5.47,10.98,10.97,0.46,6.87,0.46,5.98,10.98,0.46,0.7,0.46,3.98,5.48,14.72,1.0,5.24,14.72,3.97,3.67,0.46,0.46,2.98,5.48,12.78,0.46,0.46,2.24,0.7,0.46,4.97,5.74,8.97,1.48,3.92,17.97,2.98,5.64,5.22,3.93,2.84,3.98,1.88,7.98,2.73,4.88,3.48,0.98,4.47,5.97,2.37,3.48,2.48,2.26,3.98,1.77,1.97,3.97,17.97,1.96,3.98,3.98,3.62,4.98,4.97,0.98,1.98,1.88,5.97,4.63,2.24,1.94,1.83,3.93,3.66,2.48,7.94,1.97,0.97,7.97,0.97,8.37,2.97,4.97
2014/08/19,4.64,0.46,0.98,0.7,0.7,11.88,0.7,0.46,7.88,14.72,0.7,6.68,12.98,3.87,10.98,4.88,1.56,5.47,10.98,10.97,0.46,6.87,0.46,5.98,10.98,0.46,0.7,0.46,3.98,5.48,14.72,1.0,5.24,14.72,3.97,3.67,0.46,0.46,2.98,5.48,12.78,0.46,0.46,2.24,0.7,0.46,4.97,5.74,8.97,1.48,3.92,17.97,2.98,5.64,5.22,3.93,2.84,3.98,1.88,7.98,2.73,4.88,3.48,0.98,4.47,5.97,2.37,3.48,2.48,2.26,3.98,1.77,1.97,3.97,17.97,1.96,3.98,3.98,3.62,4.98,4.97,0.98,1.98,1.88,5.97,4.63,2.24,1.94,1.83,3.93,3.66,2.48,7.94,1.97,0.97,7.97,0.97,8.37,2.97,4.97
2014/08/20,4.64,0.46,0.98,0.7,0.7,11.88,0.7,0.46,7.88,14.72,0.7,6.68,12.98,3.87,10.98,4.88,1.56,5.47,10.98,10.97,0.46,6.87,0.46,5.98,10.98,0.46,0.7,0.46,3.98,5.48,14.72,1.0,5.24,14.72,3.97,3.67,0.46,0.46,2.98,5.48,12.78,0.46,0.46,2.24,0.7,0.46,4.97,5.74,8.97,1.48,3.92,17.97,2.98,5.64,5.22,3.93,2.84,3.98,1.88,7.98,2.73,4.88,3.48,0.98,4.47,5.97,2.37,3.48,2.48,2.26,3.98,1.77,1.97,3.97,17.97,1.96,3.98,3.98,3.62,4.98,4.97,0.98,1.98,1.88,5.97,4.63,2.24,1.94,1.83,3.93,3.66,2.48,7.94,1.97,0.97,7.97,0.97,8.37,2.97,4.97
2014/08/21,4.64,0.46,0.98,0.7,0.7,11.88,0.7,0.46,7.88,14.72,0.7,6.68,12.98,3.87,10.98,4.88,1.56,5.47,10.98,10.97,0.46,6.87,0.46,5.98,10.98,0.46,0.7,0.46,3.98,5.48,14.72,1.0,5.24,14.72,3.97,3.67,0.46,0.46,2.98,5.48,12.78,0.46,0.46,2.24,0.7,0.46,4.97,5.74,8.97,1.48,3.92,17.97,2.98,5.64,5.22,3.93,2.84,3.98,1.88,7.98,2.73,4.88,3.48,0.98,4.47,5.97,2.37,3.48,2.48,2.26,3.98,1.77,1.97,3.97,17.97,1.96,3.98,3.98,3.62,4.98,4.97,0.98,1.98,1.88,5.97,4.63,2.24,1.94,1.83,3.93,3.66,2.48,7.94,1.97,0.97,7.97,0.97,8.37,2.97,4.97
2014/08/22,4.64,0.46,0.98,0.7,0.7,11.88,0.7,0.46,7.88,14.72,0.7,6.68,12.98,3.87,10.98,4.88,1.56,5.47,10.98,10.97,0.46,6.87,0.46,5.98,10.98,0.46,0.7,0.46,3.98,5.48,14.72,1.0,5.24,14.72,3.97,3.67,0.46,0.46,2.98,5.48,12.78,0.46,0.46,2.24,0.7,0.46,4.97,5.74,8.97,1.48,3.92,17.97,2.98,5.64,5.22,3.93,2.84,3.98,1.88,7.98,2.73,4.88,3.48,0.98,4.47,5.97,2.37,3.48,2.48,2.26,3.98,1.77,1.97,3.97,17.97,1.96,3.98,3.98,3.62,4.98,4.97,0.98,1.98,1.88,5.97,4.63,2.24,1.94,1.83,3.93,3.66,2.48,7.94,1.97,0.97,7.97,0.97,8.37,2.97,4.97
2014/08/23,4.64,0.46,0.98,0.7,0.7,11.88,0.7,0.46,7.88,14.72,0.7,6.68,12.98,3.87,10.98,4.88,1.56,5.47,10.98,10.97,0.46,6.87,0.46,5.98,10.98,0.46,0.7,0.46,3.98,5.48,14.72,1.0,5.24,14.72,3.97,3.67,0.46,0.46,2.98,5.48,12.78,0.46,0.46,2.24,0.7,0.46,4.97,5.74,8.97,1.48,3.92,17.97,2.98,5.64,5.22,3.93,2.84,3.98,1.88,7.98,2.73,4.88,3.48,0.98,4.47,5.97,2.37,3.48,2.48,2.26,3.98,1.77,1.97,3.97,17.97,1.96,3.98,3.98,3.62,4.98,4.97,0.98,1.98,1.88,5.97,4.63,2.24,1.94,1.83,3.93,3.66,2.48,7.94,1.97,0.97,7.97,0.97,8.37,2.97,4.97
2014/08/24,4.64,0.46,0.98,0.7,0.7,11.88,0.7,0.46,7.88,14.72,0.7,6.68,12.98,3.87,10.98,4.88,1.56,5.47,10.98,10.97,0.46,6.87,0.46,5.98,10.98,0.46,0.7,0.46,3.98,5.48,14.72,1.0,5.24,14.72,3.97,3.67,0.46,0.46,2.98,5.48,12.78,0.46,0.46,2.24,0.7,0.46,4.97,5.74,8.97,1.48,3.92,17.97,2.98,5.64,5.22,3.93,2.84,3.98,1.88,7.98,2.73,4.88,3.48,0.98,4.47,5.97,2.37,3.48,2.48,2.26,3.98,1.77,1.97,3.97,17.97,1.96,3.98,3.98,3.62,4.98,4.97,0.98,1.98,1.88,5.97,4.63,2.24,1.94,1.83,3.93,3.66,2.48,7.94,1.97,0.97,7.97,0.97,8.37,2.97,4.97
2014/08/25,4.64,0.46,0.98,0.7,0.7,11.88,0.7,0.46,7.88,14.72,0.7,6.68,12.98,3.87,10.98,4.88,1.56,5.47,10.98,10.97,0.46,6.87,0.46,5.98,10.98,0.46,0.7,0.46,3.98,5.48,14.72,1.0,5.24,14.72,3.97,3.67,0.46,0.46,2.98,5.48,12.78,0.46,0.46,2.24,0.7,0.46,4.97,5.74,8.97,1.48,3.92,17.97,2.98,5.64,5.22,3.93,2.84,3.98,1.88,7.98,2.73,4.88,3.48,0.98,4.47,5.97,2.37,3.48,2.48,2.26,3.98,1.77,1.97,3.97,17.97,1.96,3.98,3.98,3.62,4.98,4.97,0.98,1.98,1.88,5.97,4.63,2.24,1.94,1.83,3.93,3.66,2.48,7.94,1.97,0.97,7.97,0.97,8.37,2.97,4.97
2014/08/26,4.64,0.46,0.98,0.7,0.7,11.88,0.7,0.46,7.88,14.72,0.7,6.68,12.98,3.87,10.98,4.88,1.56,5.47,10.98,10.97,0.46,6.87,0.46,5.98,10.98,0.46,0.7,0.46,3.98,5.48,14.72,1.0,5.24,14.72,3.97,3.67,0.46,0.46,2.98,5.48,12.78,0.46,0.46,2.24,0.7,0.46,4.97,5.74,8.97,1.48,3.92,17.97,2.98,5.64,5.22,3.93,2.84,3.98,1.88,7.98,2.73,4.88,3.48,0.98,4.47,5.97,2.37,3.48,2.48,2.26,3.98,1.77,1.97,3.97,17.97,1.96,3.98,3.98,3.62,4.98,4.97,0.98,1.98,1.88,5.97,4.63,2.24,1.94,1.83,3.93,3.66,2.48,7.94,1.97,0.97,7.97,0.97,8.37,2.97,4.97
2014/08/27,4.64,0.46,0.98,0.7,0.7,11.88,0.7,0.46,7.88,14.72,0.7,6.68,12.98,3.87,10.98,4.88,1.56,5.47,10.98,10.97,0.46,6.87,0.46,5.98,10.98,0.46,0.7,0.46,3.98,5.48,14.72,1.0,5.24,14.72,3.97,3.67,0.46,0.46,2.98,5.48,12.78,0.46,0.46,2.24,0.7,0.46,4.97,5.74,8.97,1.48,3.92,17.97,2.98,5.64,5.22,3.93,2.84,3.98,1.88,7.98,2.73,4.88,3.48,0.98,4.47,5.97,2.37,3.48,2.48,2.26,3.98,1.77,1.97,3.97,17.97,1.96,3.98,3.98,3.62,4.98,4.97,0.98,1.98,1.88,5.97,4.63,2.24,1.94,1.83,3.93,3.66,2.48,7.94,1.97,0.97,7.97,0.97,8.37,2.97,4.97
2014/08/28,4.64,0.46,0.98,0.7,0.7,11.88,0.7,0.46,7.88,14.72,0.7,6.68,12.98,3.87,10.98,4.88,1.56,5.47,10.98,10.97,0.46,6.87,0.46,5.98,10.98,0.46,0.7,0.46,3.98,5.48,14.72,1.0,5.24,14.72,3.97,3.67,0.46,0.46,2.98,5.48,12.78,0.46,0.46,2.24,0.7,0.46,4.97,5.74,8.97,1.48,3.92,17.97,2.98,5.64,5.22,3.93,2.84,3.98,1.88,7.98,2.73,4.88,3.48,0.98,4.47,5.97,2.37,3.48,2.48,2.26,3.98,1.77,1.97,3.97,17.97,1.96,3.98,3.98,3.62,4.98,4.97,0.98,1.98,1.88,5.97,4.63,2.24,1.94,1.83,3.93,3.66,2.48,7.94,1.97,0.97,7.97,0.97,8.37,2.97,4.97
2014/08/29,4.64,0.46,0.98,0.7,0.7,11.88,0.7,0.46,7.88,14.72,0.7,6.68,12.98,3.87,10.98,4.88,1.56,5.47,10.98,10.97,0.46,6.87,0.46,5.98,10.98,0.46,0.7,0.46,3.98,5.48,14.72,1.0,5.24,14.72,3.97,3.67,0.46,0.46,2.98,5.48,12.78,0.46,0.46,2.24,0.7,0.46,4.97,5.74,8.97,1.48,3.92,17.97,2.98,5.64,5.22,3.93,2.84,3.98,1.88,7.98,2.73,4.88,3.48,0.98,4.47,5.97,2.37,3.48,2.48,2.26,3.98,1.77,1.97,3.97,17.97,1.96,3.98,3.98,3.62,4.98,4.97,0.98,1.98,1.88,5.97,4.63,2.24,1.94,1.83,3.93,3.66,2.48,7.94,1.97,0.97,7.97,0.97,8.37,2.97,4.97
2014/08/30,4.64,0.46,0.98,0.7,0.7,11.88,0.7,0.46,7.88,14.72,0.7,6.68,12.98,3.87,10.98,4.88,1.56,5.47,10.98,10.97,0.46,6.87,0.46,5.98,10.98,0.46,0.7,0.46,3.98,5.48,14.72,1.0,5.24,14.72,3.97,3.67,0.46,0.46,2.98,5.48,12.78,0.46,0.46,2.24,0.7,0.46,4.97,5.74,8.97,1.48,3.92,17.97,2.98,5.64,5.22,3.93,2.84,3.98,1.88,7.98,2.73,4.88,3.48,0.98,4.47,5.97,2.37,3.48,2.48,2.26,3.98,1.77,1.97,3.97,17.97,1.96,3.98,3.98,3.62,4.98,4.97,0.98,1.98,1.88,5.97,4.63,2.24,1.94,1.83,3.93,3.66,2.48,7.94,1.97,0.97,7.97,0.97,8.37,2.97,4.97
2014/08/31,4.64,0.46,0.98,0.7,0.7,11.88,0.7,0.46,7.88,14.72,0.7,6.68,12.98,3.87,10.98,4.88,1.56,5.47,10.98,10.97,0.46,6.87,0.46,5.98,10.98,0.46,0.7,0.46,3.98,5.48,14.72,1.0,5.24,14.72,3.97,3.67,0.46,0.46,2.98,5.48,12.78,0.46,0.46,2.24,0.7,0.46,4.97,5.74,8.97,1.48,3.92,17.97,2.98,5.64,5.22,3.93,2.84,3.98,1.88,7.98,2.73,4.88,3.48,0.98,4.47,5.97,2.37,3.48,2.48,2.26,3.98,1.77,1.97,3.97,17.97,1.96,3.98,3.98,3.62,4.98,4.97,0.98,1.98,1.88,5.97,4.63,2.24,1.94,1.83,3.93,3.66,2.48,7.94,1.97,0.97,7.97,0.97,8.37,2.97,4.97
2014/09/01,4.64,0.46,0.98,0.7,0.7,11.88,0.7,0.46,7.88,14.72,0.7,6.68,12.98,3.87,10.98,4.88,1.56,5.47,10.98,10.97,0.46,6.87,0.46,5.98,10.98,0.46,0.7,0.46,3.98,5.48,14.72,1.0,5.24,14.72,3.97,3.67,0.46,0.46,2.98,5.48,12.78,0.46,0.46,2.24,0.7,0.46,4.97,5.74,8.97,1.48,3.92,17.97,2.98,5.64,5.22,3.93,2.84,3.98,1.88,7.98,2.73,4.88,3.48,0.98,4.47,5.97,2.37,3.48,2.48,2.26,3.98,1.77,1.97,3.97,17.97,1.96,3.98,3.98,3.62,4.98,4.97,0.98,1.98,1.88,5.97,4.63,2.24,1.94,1.83,3.93,3.66,2.48,7.94,1.97,0.97,7.97,0.97,8.37,2.97,4.97
2014/09/02,4.64,0.46,0.98,0.7,0.7,11.88,0.7,0.46,7.88,14.72,0.7,6.68,12.98,3.87,10.98,4.88,1.56,5.47,10.98,10.97,0.46,6.87,0.46,5.98,10.98,0.46,0.7,0.46,3.98,5.48,14.72,1.0,5.24,14.72,3.97,3.67,0.46,0.46,2.98,5.48,12.78,0.46,0.46,2.24,0.7,0.46,4.97,5.74,8.97,1.48,3.92,17.97,2.98,5.64,5.22,3.93,2.84,3.98,1.88,7.98,2.73,4.88,3.48,0.98,4.47,5.97,2.37,3.48,2.48,2.26,3.98,1.77,1.97,3.97,17.97,1.96,3.98,3.98,3.62,4.98,4.97,0.98,1.98,1.88,5.97,4.63,2.24,1.94,1.83,3.93,3.66,2.48,7.94,1.97,0.97,7.97,0.97,8.37,2.97,4.97
2014/09/03,4.64,0.46,0.98,0.7,0.7,11.88,0.7,0.46,7.88,14.72,0.7,6.68,12.98,3.87,10.98,4.88,1.56,5.47,10.98,10.97,0.46,6.87,0.46,5.98,10.98,0.46,0.7,0.46,3.98,5.48,14.72,1.0,5.24,14.72,3.97,3.67,0.46,0.46,2.98,5.48,12.78,0.46,0.46,2.24,0.7,0.46,4.97,5.74,8.97,1.48,3.92,17.97,2.98,5.64,5.22,3.93,2.84,3.98,1.88,7.98,2.73,4.88,3.48,0.98,4.47,5.97,2.37,3.48,2.48,2.26,3.98,1.77,1.97,3.97,17.97,1.96,3.98,3.98,3.62,4.98,4.97,0.98,1.98,1.88,5.97,4.63,2.24,1.94,1.83,3.93,3.66,2.48,7.94,1.97,0.97,7.97,0.97,8.37,2.97,4.97
2014/09/04,4.64,0.46,0.98,0.7,0.7,11.88,0.7,0.46,7.88,14.72,0.7,6.68,12.98,3.87,10.98,4.88,1.56,5.47,10.98,10.97,0.46,6.87,0.46,5.98,10.98,0.46,0.7,0.46,3.98,5.48,14.72,1.0,5.24,14.72,3.97,3.67,0.46,0.46,2.98,5.48,12.78,0.46,0.46,2.24,0.7,0.46,4.97,5.74,8.97,1.48,3.92,17.97,2.98,5.64,5.22,3.93,2.84,3.98,1.88,7.98,2.73,4.88,3.48,0.98,4.47,5.97,2.37,3.48,2.48,2.26,3.98,1.77,1.97,3.97,17.97,1.96,3.98,3.98,3.62,4.98,4.97,0.98,1.98,1.88,5.97,4.63,2.24,1.94,1.83,3.93,3.66,2.48,7.94,1.97,0.97,7.97,0.97,8.37,2.97,4.97
2014/09/05,4.64,0.46,0.98,0.7,0.7,11.88,0.7,0.46,7.88,14.72,0.7,6.68,12.98,3.87,10.98,4.88,1.56,5.47,10.98,10.97,0.46,6.87,0.46,5.98,10.98,0.46,0.7,0.46,3.98,5.48,14.72,1.0,5.24,14.72,3.97,3.67,0.46,0.46,2.98,5.48,12.78,0.46,0.46,2.24,0.7,0.46,4.97,5.74,8.97,1.48,3.92,17.97,2.98,5.64,5.22,3.93,2.84,3.98,1.88,7.98,2.73,4.88,3.48,0.98,4.47,5.97,2.37,3.48,2.48,2.26,3.98,1.77,1.97,3.97,17.97,1.96,3.98,3.98,3.62,4.98,4.97,0.98,1.98,1.88,5.97,4.63,2.24,1.94,1.83,3.93,3.66,2.48,7.94,1.97,0.97,7.97,0.97,8.37,2.97,4.97
2014/09/06,4.64,0.46,0.98,0.7,0.7,11.88,0.7,0.46,7.88,14.72,0.7,6.68,12.98,3.87,10.98,4.88,1.56,5.47,10.98,10.97,0.46,6.87,0.46,5.98,10.98,0.46,0.7,0.46,3.98,5.48,14.72,1.0,5.24,14.72,3.97,3.67,0.46,0.46,2.98,5.48,12.78,0.46,0.46,2.24,0.7,0.46,4.97,5.74,8.97,1.48,3.92,17.97,2.98,5.64,5.22,3.93,2.84,3.98,1.88,7.98,2.73,4.88,3.48,0.98,4.47,5.97,2.37,3.48,2.48,2.26,3.98,1.77,1.97,3.97,17.97,1.96,3.98,3.98,3.62,4.98,4.97,0.98,1.98,1.88,5.94,4.63,2.24,1.94,1.83,3.93,3.66,2.48,7.94,1.97,0.97,7.97,0.97,8.37,2.97,4.97
2014/09/07,4.64,0.46,0.98,0.7,0.7,11.88,0.7,0.46,7.88,14.72,0.7,6.68,12.98,3.87,10.98,4.88,1.56,5.47,10.98,10.97,0.46,6.87,0.46,5.98,10.98,0.46,0.7,0.46,3.98,5.48,14.72,1.0,5.24,14.72,3.97,3.67,0.46,0.46,2.98,5.48,12.78,0.46,0.46,2.24,0.7,0.46,4.97,5.74,8.97,1.48,3.92,17.97,2.98,5.64,5.22,3.93,2.84,3.98,1.88,7.98,2.73,4.88,3.48,0.98,4.47,5.97,2.37,3.48,2.48,2.26,3.98,1.77,1.97,3.97,17.97,1.96,3.98,3.98,3.62,4.98,4.97,0.98,1.98,1.88,5.94,4.63,2.24,1.94,1.83,3.93,3.66,2.48,7.94,1.97,0.97,7.97,0.97,8.37,2.97,4.97
2014/09/08,4.64,0.46,0.98,0.7,0.7,11.88,0.7,0.46,7.88,14.72,0.7,6.68,12.98,3.87,10.98,4.88,1.56,5.47,10.98,10.97,0.46,6.87,0.46,5.98,10.98,0.46,0.7,0.46,3.98,5.48,14.72,1.0,5.24,14.72,3.97,3.67,0.46,0.46,2.98,5.48,12.78,0.46,0.46,2.24,0.7,0.46,4.97,5.74,8.97,1.48,3.92,17.97,2.98,5.64,5.22,3.93,2.84,3.98,1.88,7.98,2.73,4.88,3.48,0.98,4.47,5.97,2.37,3.48,2.48,2.26,3.98,1.77,1.97,3.97,17.97,1.96,3.98,3.98,3.62,4.98,4.97,0.98,1.98,1.88,5.94,4.63,2.24,1.94,1.83,3.93,3.66,2.48,7.94,1.97,0.97,7.97,0.97,8.37,2.97,4.97
2014/09/09,4.64,0.46,0.98,0.7,0.7,11.88,0.7,0.46,7.88,14.72,0.7,6.68,12.98,3.87,10.98,4.88,1.56,5.47,10.98,10.97,0.46,6.87,0.46,5.98,10.98,0.46,0.7,0.46,3.98,5.48,14.72,1.0,5.24,14.72,3.97,3.67,0.46,0.46,2.98,5.48,12.78,0.46,0.46,2.24,0.7,0.46,4.97,5.74,8.97,1.48,3.92,17.97,2.98,5.64,5.22,3.93,2.84,3.98,1.88,7.98,2.73,4.88,3.48,0.98,4.47,5.97,2.37,3.48,2.48,2.26,3.98,1.77,1.97,3.97,17.97,1.96,3.98,3.98,3.62,4.98,4.97,0.98,1.98,1.88,5.94,4.63,2.24,1.94,1.83,3.93,3.66,2.48,7.94,1.97,0.97,7.97,0.97,8.37,2.97,4.97
2014/09/10,4.64,0.46,0.98,0.7,0.7,11.88,0.7,0.46,7.88,14.72,0.7,6.68,12.98,3.87,10.98,4.88,1.56,5.47,10.98,10.97,0.46,6.87,0.46,5.98,10.98,0.46,0.7,0.46,3.98,5.48,14.72,1.0,5.24,14.72,3.97,3.67,0.46,0.46,2.98,5.48,12.78,0.46,0.46,2.24,0.7,0.46,4.97,5.74,8.97,1.48,3.92,17.97,2.98,5.64,5.22,3.93,2.84,3.98,1.88,7.98,2.73,4.88,3.48,0.98,4.47,5.97,2.37,3.48,2.48,2.26,3.98,1.77,1.97,3.97,17.97,1.96,3.98,3.98,3.62,4.98,4.97,0.98,1.98,1.88,5.94,4.63,2.24,1.94,1.83,3.93,3.66,2.48,7.94,1.97,0.97,7.97,0.97,8.37,2.97,4.97
2014/09/11,4.64,0.46,0.98,0.7,0.7,11.88,0.7,0.46,7.88,14.72,0.7,6.68,12.98,3.87,10.98,4.88,1.56,5.47,10.98,10.97,0.46,6.87,0.46,5.98,10.98,0.46,0.7,0.46,3.98,5.48,14.72,1.0,5.24,14.72,3.97,3.67,0.46,0.46,2.98,5.48,12.78,0.46,0.46,2.24,0.7,0.46,4.97,5.74,8.97,1.48,3.92,17.97,2.98,5.64,5.22,3.93,2.84,3.98,1.88,7.98,2.73,4.88,3.48,0.98,4.47,5.97,2.37,3.48,2.48,2.26,3.98,1.77,1.97,3.97,17.97,1.96,3.98,3.98,3.62,4.98,4.97,0.98,1.98,1.88,5.94,4.63,2.24,1.94,1.83,3.93,3.66,2.48,7.94,1.97,0.97,7.97,0.97,8.37,2.97,4.97
2014/09/12,4.64,0.46,0.98,0.7,0.7,11.88,0.7,0.46,7.88,14.72,0.7,6.68,12.98,3.87,10.98,4.88,1.56,5.47,10.98,10.97,0.46,6.87,0.46,5.98,10.98,0.46,0.7,0.46,3.98,5.48,14.72,1.0,5.24,14.72,3.97,3.67,0.46,0.46,2.98,5.48,12.78,0.46,0.46,2.24,0.7,0.46,4.97,5.74,8.97,1.48,3.92,17.97,2.98,5.64,5.22,3.93,2.84,3.98,1.88,7.98,2.73,4.88,3.48,0.98,4.47,5.97,2.37,3.48,2.48,2.26,3.98,1.77,1.97,3.97,17.97,1.96,3.98,3.98,3.62,4.98,4.97,0.98,1.98,1.88,5.94,4.63,2.24,1.94,1.83,3.93,3.66,2.48,7.94,1.97,0.97,7.97,0.97,8.37,2.97,4.97
2014/09/13,4.64,0.46,0.98,0.7,0.7,11.88,0.7,0.46,7.88,14.72,0.7,6.68,12.98,3.87,10.98,4.88,1.56,5.47,10.98,10.97,0.46,6.87,0.46,5.98,10.98,0.46,0.7,0.46,3.98,5.48,14.72,1.0,5.24,14.72,3.97,3.67,0.46,0.46,2.98,5.48,12.78,0.46,0.46,2.24,0.7,0.46,4.97,5.74,8.97,1.48,3.92,17.97,2.98,5.64,5.22,3.93,2.84,3.98,1.88,7.98,2.73,4.88,3.48,0.98,4.47,5.97,2.37,3.48,2.48,2.26,3.98,1.77,1.97,3.97,17.97,1.96,3.98,3.98,3.62,4.98,4.97,0.98,1.98,1.88,5.94,4.63,2.24,1.94,1.83,3.93,3.66,2.48,7.94,1.97,0.97,7.97,0.97,8.37,2.97,4.97
2014/09/14,4.64,0.46,0.98,0.7,0.7,11.88,0.7,0.46,7.88,14.72,0.7,6.68,12.98,3.87,10.98,4.88,1.56,5.47,10.98,10.97,0.46,6.87,0.46,5.98,10.98,0.46,0.7,0.46,3.98,5.48,14.72,1.0,5.24,14.72,3.97,3.67,0.46,0.46,2.98,5.48,12.78,0.46,0.46,2.24,0.7,0.46,4.97,5.74,8.97,1.48,3.92,17.97,2.98,5.64,5.22,3.93,2.84,3.98,1.88,7.98,2.73,4.88,3.48,0.98,4.47,5.97,2.37,3.48,2.48,2.26,3.98,1.77,1.97,3.97,17.97,1.96,3.98,3.98,3.62,4.98,4.97,0.98,1.98,1.88,5.94,4.63,2.24,1.94,1.83,3.93,3.66,2.48,7.94,1.97,0.97,7.97,0.97,8.37,2.97,4.97
2014/09/15,4.64,0.46,0.98,0.7,0.7,11.88,0.7,0.46,7.88,14.72,0.7,6.68,12.98,3.87,10.98,4.88,1.56,5.47,10.98,10.97,0.46,6.87,0.46,5.98,10.98,0.46,0.7,0.46,3.98,5.48,14.72,1.0,5.24,14.72,3.97,3.67,0.46,0.46,2.98,5.48,12.78,0.46,0.46,2.24,0.7,0.46,4.97,5.74,8.97,1.48,3.92,17.97,2.98,5.64,5.22,3.93,2.84,3.98,1.88,7.98,2.73,4.88,3.48,0.98,4.47,5.97,2.37,3.48,2.48,2.26,3.98,1.77,1.97,3.97,17.97,1.96,3.98,3.98,3.62,4.98,4.97,0.98,1.98,1.88,5.94,4.63,2.24,1.94,1.83,3.93,3.66,2.48,7.94,1.97,0.97,7.97,0.97,8.37,2.97,4.97
2014/09/16,4.64,0.46,0.98,0.7,0.7,11.88,0.7,0.46,7.88,14.72,0.7,6.68,12.98,3.87,10.98,4.88,1.56,5.47,10.98,10.97,0.46,6.87,0.46,5.98,10.98,0.46,0.7,0.46,3.98,5.48,14.72,1.0,5.24,14.72,3.97,3.67,0.46,0.46,2.98,5.48,12.78,0.46,0.46,2.24,0.7,0.46,4.97,5.74,8.97,1.48,3.92,17.97,2.98,5.64,5.22,3.93,2.84,3.98,1.88,7.98,2.73,4.88,3.48,0.98,4.47,5.97,2.37,3.48,2.48,2.26,3.98,1.77,1.97,3.97,17.97,1.96,3.98,3.98,3.62,4.98,4.97,0.98,1.98,1.88,5.94,4.63,2.24,1.94,1.83,3.93,3.66,2.48,7.94,1.97,0.97,7.97,0.97,8.37,2.97,4.97
2014/09/17,4.64,0.46,0.98,0.7,0.7,11.88,0.7,0.46,7.88,14.72,0.7,6.68,12.98,3.87,10.98,4.88,1.56,5.47,10.98,10.97,0.46,6.87,0.46,5.98,10.98,0.46,0.7,0.46,3.98,5.48,14.72,1.0,5.24,14.72,3.97,3.67,0.46,0.46,2.98,5.48,12.78,0.46,0.46,2.24,0.7,0.46,4.97,5.74,8.97,1.48,3.92,17.97,2.98,5.64,5.22,3.93,2.84,3.98,1.88,7.98,2.73,4.88,3.48,0.98,4.47,5.97,2.37,3.48,2.48,2.26,3.98,1.77,1.97,3.97,17.97,1.96,3.98,3.98,3.62,4.98,4.97,0.98,1.98,1.88,5.94,4.63,2.24,1.94,1.83,3.93,3.66,2.48,7.94,1.97,0.97,7.97,0.97,8.37,2.97,4.97
2014/09/18,4.64,0.46,0.98,0.7,0.7,11.88,0.7,0.46,7.88,14.72,0.7,6.68,12.98,3.87,10.98,4.88,1.56,5.47,10.98,10.97,0.46,6.87,0.46,5.98,10.98,0.46,0.7,0.46,3.98,5.48,14.72,1.0,5.24,14.72,3.97,3.67,0.46,0.46,2.98,5.48,12.78,0.46,0.46,2.24,0.7,0.46,4.97,5.74,8.97,1.48,3.92,17.97,2.98,5.64,5.22,3.93,2.84,3.98,1.88,7.98,2.73,4.88,3.48,0.98,4.47,5.97,2.37,3.48,2.48,2.26,3.98,1.77,1.97,3.97,17.97,1.96,3.98,3.98,3.62,4.98,4.97,0.98,1.98,1.88,5.94,4.63,2.24,1.94,1.83,3.93,3.66,2.48,7.94,1.97,0.97,7.97,0.97,8.37,2.97,4.97
2014/09/19,4.64,0.46,0.98,0.7,0.7,11.88,0.7,0.46,7.88,14.72,0.7,6.68,12.98,3.87,10.98,4.88,1.56,5.47,10.98,10.97,0.46,6.87,0.46,5.98,10.98,0.46,0.7,0.46,3.98,5.48,14.72,1.0,5.24,14.72,3.97,3.67,0.46,0.46,2.98,5.48,12.78,0.46,0.46,2.24,0.7,0.46,4.97,5.74,8.97,1.48,3.92,17.97,2.98,5.64,5.22,3.93,2.84,3.98,1.88,7.98,2.73,4.88,3.48,0.98,4.47,5.97,2.37,3.48,2.48,2.26,3.98,1.77,1.97,3.97,17.97,1.96,3.98,3.98,3.62,4.98,4.97,0.98,1.98,1.88,5.94,4.63,2.24,1.94,1.83,3.93,3.66,2.48,7.94,1.97,0.97,7.97,0.97,8.37,2.97,4.97
2014/09/20,4.64,0.46,0.98,0.7,0.7,11.88,0.7,0.46,7.88,14.72,0.7,6.68,12.98,3.87,10.98,4.88,1.56,5.47,10.98,10.97,0.46,6.87,0.46,5.98,10.98,0.46,0.7,0.46,3.98,5.48,14.72,1.0,5.24,14.72,3.97,3.67,0.46,0.46,2.98,5.48,12.78,0.46,0.46,2.24,0.7,0.46,4.97,5.74,8.97,1.48,3.92,17.97,2.98,5.64,5.22,3.93,2.84,3.98,1.88,7.98,2.73,4.88,3.48,0.98,4.47,5.97,2.37,3.48,2.48,2.26,3.98,1.77,1.97,3.97,17.97,1.96,3.98,3.98,3.62,4.98,4.97,0.98,1.98,1.88,5.94,4.63,2.24,1.94,1.83,3.93,3.66,2.48,7.94,1.97,0.97,7.97,0.97,8.37,2.97,4.97
2014/09/21,4.64,0.46,0.98,0.7,0.7,11.88,0.7,0.46,7.88,14.72,0.7,6.68,12.98,3.87,10.98,4.88,1.56,5.47,10.98,10.97,0.46,6.87,0.46,5.98,10.98,0.46,0.7,0.46,3.98,5.48,14.72,1.0,5.24,14.72,3.97,3.67,0.46,0.46,2.98,5.48,12.78,0.46,0.46,2.24,0.7,0.46,4.97,5.74,8.97,1.48,3.92,17.97,2.98,5.64,5.22,3.93,2.84,3.98,1.88,7.98,2.73,4.88,3.48,0.98,4.47,5.97,2.37,3.48,2.48,2.26,3.98,1.77,1.97,3.97,17.97,1.96,3.98,3.98,3.62,4.98,4.97,0.98,1.98,1.88,5.94,4.63,2.24,1.94,1.83,3.93,3.66,2.48,7.94,1.97,0.97,7.97,0.97,8.37,2.97,4.97
2014/09/22,4.64,0.46,0.98,0.7,0.7,11.88,0.7,0.46,7.88,14.72,0.7,6.68,12.98,3.87,10.98,4.88,1.56,5.47,10.98,10.97,0.46,6.87,0.46,5.98,10.98,0.46,0.7,0.46,3.98,5.48,14.72,1.0,5.24,14.72,3.97,3.67,0.46,0.46,2.98,5.48,12.78,0.46,0.46,2.24,0.7,0.46,4.97,5.74,8.97,1.48,3.92,17.97,2.98,5.64,5.22,3.93,2.84,3.98,1.88,7.98,2.73,4.88,3.48,0.98,4.47,5.97,2.37,3.48,2.48,2.26,3.98,1.77,1.97,3.97,17.97,1.96,3.98,3.98,3.62,4.98,4.97,0.98,1.98,1.88,5.94,4.63,2.24,1.94,1.83,3.93,3.66,2.48,7.94,1.97,0.97,7.97,0.97,8.37,2.97,4.97
2014/09/23,4.64,0.46,0.98,0.7,0.7,11.88,0.7,0.46,7.88,14.72,0.7,6.68,12.98,3.87,10.98,4.88,1.56,5.47,10.98,10.97,0.46,6.87,0.46,5.98,10.98,0.46,0.7,0.46,3.98,5.48,14.72,1.0,5.24,14.72,3.97,3.67,0.46,0.46,2.98,5.48,12.78,0.46,0.46,2.24,0.7,0.46,4.97,5.74,8.97,1.48,3.92,17.97,2.98,5.64,5.22,3.93,2.84,3.98,1.88,7.98,2.73,4.88,3.48,0.98,4.47,5.97,2.37,3.48,2.48,2.26,3.98,1.77,1.97,3.97,17.97,1.96,3.98,3.98,3.62,4.98,4.97,0.98,1.98,1.88,5.94,4.63,2.24,1.94,1.83,3.93,3.66,2.48,7.94,1.97,0.97,7.97,0.97,8.37,2.97,4.97
2014/09/24,4.64,0.46,0.98,0.7,0.7,11.88,0.7,0.46,7.88,14.72,0.7,6.68,12.98,3.87,10.98,4.88,1.56,5.47,10.98,10.97,0.46,6.87,0.46,5.98,10.98,0.46,0.7,0.46,3.98,5.48,14.72,1.0,5.24,14.72,3.97,3.67,0.46,0.46,2.98,5.48,12.78,0.46,0.46,2.24,0.7,0.46,4.97,5.74,8.97,1.48,3.92,17.97,2.98,5.64,5.22,3.93,2.84,3.98,1.88,7.98,2.73,4.88,3.48,0.98,4.47,5.97,2.37,3.48,2.48,2.26,3.98,1.77,1.97,3.97,17.97,1.96,3.98,3.98,3.62,4.98,4.97,0.98,1.98,1.88,5.94,4.63,2.24,1.94,1.83,3.93,3.66,2.48,7.94,1.97,0.97,7.97,0.97,8.37,2.97,4.97
2014/09/25,4.64,0.46,0.98,0.7,0.7,11.88,0.7,0.46,7.88,14.72,0.7,6.68,12.98,3.87,10.98,4.88,1.56,5.47,10.98,10.97,0.46,6.87,0.46,5.98,10.98,0.46,0.7,0.46,3.98,5.48,14.72,1.0,5.24,14.72,3.97,3.67,0.46,0.46,2.98,5.48,12.78,0.46,0.46,2.24,0.7,0.46,4.97,5.74,8.97,1.48,3.92,17.97,2.98,5.64,5.22,3.93,2.84,3.98,1.88,7.98,2.73,4.88,3.48,0.98,4.47,5.97,2.37,3.48,2.48,2.26,3.98,1.77,1.97,3.97,17.97,1.96,3.98,3.98,3.62,4.98,4.97,0.98,1.98,1.88,5.94,4.63,2.24,1.94,1.83,3.93,3.66,2.48,7.94,1.97,0.97,7.97,0.97,8.37,2.97,4.97
2014/09/26,4.64,0.46,0.98,0.7,0.7,11.88,0.7,0.46,7.88,14.72,0.7,6.68,12.98,3.87,10.98,4.88,1.56,5.47,10.98,10.97,0.46,6.87,0.46,5.98,10.98,0.46,0.7,0.46,3.98,5.48,14.72,1.0,5.24,14.72,3.97,3.67,0.46,0.46,2.98,5.48,12.78,0.46,0.46,2.24,0.7,0.46,4.97,5.74,8.97,1.48,3.92,17.97,2.98,5.64,5.22,3.93,2.84,3.98,1.88,7.98,2.73,4.88,3.48,0.98,4.47,5.97,2.37,3.48,2.48,2.26,3.98,1.77,1.97,3.97,17.97,1.96,3.98,3.98,3.62,4.98,4.97,0.98,1.98,1.88,5.94,4.63,2.24,1.94,1.83,3.93,3.66,2.48,7.94,1.97,0.97,7.97,0.97,8.37,2.97,4.97
2014/09/27,4.64,0.46,0.98,0.7,0.7,11.88,0.7,0.46,7.88,14.72,0.7,6.68,12.98,3.87,10.98,4.88,1.56,5.47,10.98,10.97,0.46,6.87,0.46,5.98,10.98,0.46,0.7,0.46,3.98,5.48,14.72,1.0,5.24,14.72,3.97,3.67,0.46,0.46,2.98,5.48,12.78,0.46,0.46,2.24,0.7,0.46,4.97,5.74,8.97,1.48,3.92,17.97,2.98,5.64,5.22,3.93,2.84,3.98,1.88,7.98,2.73,4.88,3.48,0.98,4.47,5.97,2.37,3.48,2.48,2.26,3.98,1.77,1.97,3.97,17.97,1.96,3.98,3.98,3.62,4.98,4.97,0.98,1.98,1.88,5.94,4.63,2.24,1.94,1.83,3.93,3.66,2.48,7.94,1.97,0.97,7.97,0.97,8.37,2.97,4.97
2014/09/28,4.64,0.46,0.98,0.7,0.7,11.88,0.7,0.46,7.88,14.72,0.7,6.68,12.98,3.87,10.98,4.88,1.56,5.47,10.98,10.97,0.46,6.87,0.46,5.98,10.98,0.46,0.7,0.46,3.98,5.48,14.72,1.0,5.24,14.72,3.97,3.67,0.46,0.46,2.98,5.48,12.78,0.46,0.46,2.24,0.7,0.46,4.97,5.74,8.97,1.48,3.92,17.97,2.98,5.64,5.22,3.93,2.84,3.98,1.88,7.98,2.73,4.88,3.48,0.98,4.47,5.97,2.37,3.48,2.48,2.26,3.98,1.77,1.97,3.97,17.97,1.96,3.98,3.98,3.62,4.98,4.97,0.98,1.98,1.88,5.94,4.63,2.24,1.94,1.83,3.93,3.66,2.48,7.94,1.97,0.97,7.97,0.97,8.37,2.97,4.97
2014/09/29,4.64,0.46,0.98,0.7,0.7,11.88,0.7,0.46,7.88,14.72,0.7,6.68,12.98,3.87,10.98,4.88,1.56,5.47,10.98,10.97,0.46,6.87,0.46,5.98,10.98,0.46,0.7,0.46,3.98,5.48,14.72,1.0,5.24,14.72,3.97,3.67,0.46,0.46,2.98,5.48,12.78,0.46,0.46,2.24,0.7,0.46,4.97,5.74,8.97,1.48,3.92,17.97,2.98,5.64,5.22,3.93,2.84,3.98,1.88,7.98,2.73,4.88,3.48,0.98,4.47,5.97,2.37,3.48,2.48,2.26,3.98,1.77,1.97,3.97,17.97,1.96,3.98,3.98,3.62,4.98,4.97,0.98,1.98,1.88,5.94,4.63,2.24,1.94,1.83,3.93,3.66,2.48,7.94,1.97,0.97,7.97,0.97,8.37,2.97,4.97
2014/09/30,4.64,0.46,0.98,0.7,0.7,11.88,0.7,0.46,7.88,14.72,0.7,6.68,12.98,3.87,10.98,4.88,1.56,5.47,10.98,10.97,0.46,6.87,0.46,5.98,10.98,0.46,0.7,0.46,3.98,5.48,14.72,1.0,5.24,14.72,3.97,3.67,0.46,0.46,2.98,5.48,12.78,0.46,0.46,2.24,0.7,0.46,4.97,5.74,8.97,1.48,3.92,17.97,2.98,5.64,5.22,3.93,2.84,3.98,1.88,7.98,2.73,4.88,3.48,0.98,4.47,5.97,2.37,3.48,2.48,2.26,3.98,1.77,1.97,3.97,17.97,1.96,3.98,3.98,3.62,4.98,4.97,0.98,1.98,1.88,5.94,4.63,2.24,1.94,1.83,3.93,3.66,2.48,7.94,1.97,0.97,7.97,0.97,8.37,2.97,4.97
2014/10/01,4.64,0.46,0.98,0.7,0.7,11.88,0.7,0.46,7.88,14.72,0.7,6.68,12.98,3.87,10.98,4.88,1.56,5.47,10.98,10.97,0.46,6.87,0.46,5.98,10.98,0.46,0.7,0.46,3.98,5.48,14.72,1.0,5.24,14.72,3.97,3.67,0.46,0.46,2.98,5.48,12.78,0.46,0.46,2.24,0.7,0.46,4.97,5.74,8.97,1.48,3.92,17.97,2.98,5.64,5.22,3.93,2.84,3.98,1.88,7.98,2.73,4.88,3.48,0.98,4.47,5.97,2.37,3.48,2.48,2.26,3.98,1.77,1.97,3.97,17.97,1.96,3.98,3.98,3.62,4.98,4.97,0.98,1.98,1.88,5.94,4.63,2.24,1.94,1.83,3.93,3.66,2.48,7.94,1.97,0.97,7.97,0.97,8.37,2.97,4.97
2014/10/02,4.64,0.46,0.98,0.7,0.7,11.88,0.7,0.46,7.88,14.72,0.7,6.68,12.98,3.87,10.98,4.88,1.56,5.47,10.98,10.97,0.46,6.87,0.46,5.98,10.98,0.46,0.7,0.46,3.98,5.48,14.72,1.0,5.24,14.72,3.97,3.67,0.46,0.46,2.98,5.48,12.78,0.46,0.46,2.24,0.7,0.46,4.97,5.74,8.97,1.48,3.92,17.97,2.98,5.64,5.22,3.93,2.84,3.98,1.88,7.98,2.73,4.88,3.48,0.98,4.47,5.97,2.37,3.48,2.48,2.26,3.98,1.77,1.97,3.97,17.97,1.96,3.98,3.98,3.62,4.98,4.97,0.98,1.98,1.88,5.94,4.63,2.24,1.94,1.83,3.93,3.66,2.48,7.94,1.97,0.97,7.97,0.97,8.37,2.97,4.97
2014/10/03,4.64,0.46,0.98,0.7,0.7,11.88,0.7,0.46,7.88,14.72,0.7,6.68,12.98,3.87,10.98,4.88,1.56,5.47,10.98,10.97,0.46,6.87,0.46,5.98,10.98,0.46,0.7,0.46,3.98,5.48,14.72,1.0,5.24,14.72,3.97,3.67,0.46,0.46,2.98,5.48,12.78,0.46,0.46,2.24,0.7,0.46,4.97,5.74,8.97,1.48,3.92,17.97,2.98,5.64,5.22,3.93,2.84,3.98,1.88,7.98,2.73,4.88,3.48,0.98,4.47,5.97,2.37,3.48,2.48,2.26,3.98,1.77,1.97,3.97,17.97,1.96,3.98,3.98,3.62,4.98,4.97,0.98,1.98,1.88,5.94,4.63,2.24,1.94,1.83,3.93,3.66,2.48,7.94,1.97,0.97,7.97,0.97,8.37,2.97,4.97
2014/10/04,4.64,0.46,0.98,0.7,0.7,11.88,0.7,0.46,7.88,14.72,0.7,6.68,12.98,3.87,10.98,4.88,1.56,5.47,10.98,10.97,0.46,6.87,0.46,5.98,10.98,0.46,0.7,0.46,3.98,5.48,14.72,1.0,5.24,14.72,3.97,3.67,0.46,0.46,2.98,5.48,12.78,0.46,0.46,2.24,0.7,0.46,4.97,5.74,8.97,1.48,3.92,17.97,2.98,5.64,5.22,3.93,2.84,3.98,1.88,7.98,2.73,4.88,3.48,0.98,4.47,5.97,2.37,3.48,2.48,2.26,3.98,1.77,1.97,3.97,17.97,1.96,3.98,3.98,3.62,4.98,4.97,0.98,1.98,1.88,5.94,4.63,2.24,1.94,1.83,3.93,3.66,2.48,7.94,1.97,0.97,7.97,0.97,8.37,2.97,4.97
2014/10/05,4.64,0.46,0.98,0.7,0.7,11.88,0.7,0.46,7.88,14.72,0.7,6.68,12.98,3.87,10.98,4.88,1.56,5.47,10.98,10.97,0.46,6.87,0.46,5.98,10.98,0.46,0.7,0.46,3.98,5.48,14.72,1.0,5.24,14.72,3.97,3.67,0.46,0.46,2.98,5.48,12.78,0.46,0.46,2.24,0.7,0.46,4.97,5.74,8.97,1.48,3.92,17.97,2.98,5.64,5.22,3.93,2.84,3.98,1.88,7.98,2.73,4.88,3.48,0.98,4.47,5.97,2.37,3.48,2.48,2.26,3.98,1.77,1.97,3.97,17.97,1.96,3.98,3.98,3.62,4.98,4.97,0.98,1.98,1.88,5.94,4.63,2.24,1.94,1.83,3.93,3.66,2.48,7.94,1.97,0.97,7.97,0.97,8.37,2.97,4.97
2014/10/06,4.64,0.46,0.98,0.7,0.7,11.88,0.7,0.46,7.88,14.72,0.7,6.68,12.98,3.87,10.98,4.88,1.56,5.47,10.98,10.97,0.46,6.87,0.46,5.98,10.98,0.46,0.7,0.46,3.98,5.48,14.72,1.0,5.24,14.72,3.97,3.67,0.46,0.46,2.98,5.48,12.78,0.46,0.46,2.24,0.7,0.46,4.97,5.74,8.97,1.48,3.92,17.97,2.98,5.64,5.22,3.93,2.84,3.98,1.88,7.98,2.73,4.88,3.48,0.98,4.47,5.97,2.37,3.48,2.48,2.26,3.98,1.77,1.97,3.97,17.97,1.96,3.98,3.98,3.62,4.98,4.97,0.98,1.98,1.88,5.94,4.63,2.24,1.94,1.83,3.93,3.66,2.48,7.94,1.97,0.97,7.97,0.97,8.37,2.97,4.97
2014/10/07,4.64,0.46,0.98,0.7,0.7,11.88,0.7,0.46,7.88,14.72,0.7,6.68,12.98,3.87,10.98,4.88,1.56,5.47,10.98,10.97,0.46,6.87,0.46,5.98,10.98,0.46,0.7,0.46,3.98,5.48,14.72,1.0,5.24,14.72,3.97,3.67,0.46,0.46,2.98,5.48,12.78,0.46,0.46,2.24,0.7,0.46,4.97,5.74,8.97,1.48,3.92,17.97,2.98,5.64,5.22,3.93,2.84,3.98,1.88,7.98,2.73,4.88,3.48,0.98,4.47,5.97,2.37,3.48,2.48,2.26,3.98,1.77,1.97,3.97,17.97,1.96,3.98,3.98,3.62,4.98,4.97,0.98,1.98,1.88,5.94,4.63,2.24,1.94,1.83,3.93,3.66,2.48,7.94,1.97,0.97,7.97,0.97,8.37,2.97,4.97
2014/10/08,4.64,0.46,0.98,0.7,0.7,11.88,0.7,0.46,7.88,14.72,0.7,6.68,12.98,3.87,10.98,4.88,1.56,5.47,10.98,10.97,0.46,6.87,0.46,5.98,10.98,0.46,0.7,0.46,3.98,5.48,14.72,1.0,5.24,14.72,3.97,3.67,0.46,0.46,2.98,5.48,12.78,0.46,0.46,2.24,0.7,0.46,4.97,5.74,8.97,1.48,3.92,17.97,2.98,5.64,5.22,3.93,2.84,3.98,1.88,7.98,2.73,4.88,3.48,0.98,4.47,5.97,2.37,3.48,2.48,2.26,3.98,1.77,1.97,3.97,17.97,1.96,3.98,3.98,3.62,4.98,4.97,0.98,1.98,1.88,5.94,4.63,2.24,1.94,1.83,3.93,3.66,2.48,7.94,1.97,0.97,7.97,0.97,8.37,2.97,4.97
2014/10/09,4.64,0.46,0.98,0.7,0.7,11.88,0.7,0.46,7.88,14.72,0.7,6.68,12.98,3.87,10.98,4.88,1.56,5.47,10.98,10.97,0.46,6.87,0.46,5.98,10.98,0.46,0.7,0.46,3.98,5.48,14.72,1.0,5.24,14.72,3.97,3.67,0.46,0.46,2.98,5.48,12.78,0.46,0.46,2.24,0.7,0.46,4.97,5.74,8.97,1.48,3.92,17.97,2.98,5.64,5.22,3.93,2.84,3.98,1.88,7.98,2.73,4.88,3.48,0.98,4.47,5.97,2.37,3.48,2.48,2.26,3.98,1.77,1.97,3.97,17.97,1.96,3.98,3.98,3.62,4.98,4.97,0.98,1.98,1.88,5.94,4.63,2.24,1.94,1.83,3.93,3.66,2.48,7.94,1.97,0.97,7.97,0.97,8.37,2.97,4.97
2014/10/10,4.64,0.46,0.98,0.7,0.7,11.88,0.7,0.46,7.88,14.72,0.7,6.68,12.98,3.87,10.98,4.88,1.56,5.47,10.98,10.97,0.46,6.87,0.46,5.98,10.98,0.46,0.7,0.46,3.98,5.48,14.72,1.0,5.24,14.72,3.97,3.67,0.46,0.46,2.98,5.48,12.78,0.46,0.46,2.24,0.7,0.46,4.97,5.74,8.97,1.48,3.92,17.97,2.98,5.64,5.22,3.93,2.84,3.98,1.88,7.98,2.73,4.88,3.48,0.98,4.47,5.97,2.37,3.48,2.48,2.26,3.98,1.77,1.97,3.97,17.97,1.96,3.98,3.98,3.62,4.98,4.97,0.98,1.98,1.88,5.94,4.63,2.24,1.94,1.83,3.93,3.66,2.48,7.94,1.97,0.97,7.97,0.97,8.37,2.97,4.97
2014/10/11,4.64,0.46,0.98,0.7,0.7,11.88,0.7,0.46,7.88,14.72,0.7,6.68,12.98,3.87,10.98,4.88,1.56,5.47,10.98,10.97,0.46,6.87,0.46,5.98,10.98,0.46,0.7,0.46,3.98,5.48,14.72,1.0,5.24,14.72,3.97,3.67,0.46,0.46,2.98,5.48,12.78,0.46,0.46,2.24,0.7,0.46,4.97,5.74,8.97,1.48,3.92,17.97,2.98,5.64,5.22,3.93,2.84,3.98,1.88,7.98,2.73,4.88,3.48,0.98,4.47,5.97,2.37,3.48,2.48,2.26,3.98,1.77,1.97,3.97,17.97,1.96,3.98,3.98,3.62,4.98,4.97,0.98,1.98,1.88,5.94,4.63,2.24,1.94,1.83,3.93,3.66,2.48,7.94,1.97,0.97,7.97,0.97,8.37,2.97,4.97
2014/10/12,4.64,0.46,0.98,0.7,0.7,11.88,0.7,0.46,7.88,14.72,0.7,6.68,12.98,3.87,10.98,4.88,1.56,5.47,10.98,10.97,0.46,6.87,0.46,5.98,10.98,0.46,0.7,0.46,3.98,5.48,14.72,1.0,5.24,14.72,3.97,3.67,0.46,0.46,2.98,5.48,12.78,0.46,0.46,2.24,0.7,0.46,4.97,5.74,8.97,1.48,3.92,17.97,2.98,5.64,5.22,3.93,2.84,3.98,1.88,7.98,2.73,4.88,3.48,0.98,4.47,5.97,2.37,3.48,2.48,2.26,3.98,1.77,1.97,3.97,17.97,1.96,3.98,3.98,3.62,4.98,4.97,0.98,1.98,1.88,5.94,4.63,2.24,1.94,1.83,3.93,3.66,2.48,7.94,1.97,0.97,7.97,0.97,8.37,2.97,4.97
2014/10/13,4.64,0.46,0.98,0.7,0.7,11.88,0.7,0.46,7.88,14.72,0.7,6.68,12.98,3.87,10.98,4.88,1.56,5.47,10.98,10.97,0.46,6.87,0.46,5.98,10.98,0.46,0.7,0.46,3.98,5.48,14.72,1.0,5.24,14.72,3.97,3.67,0.46,0.46,2.98,5.48,12.78,0.46,0.46,2.24,0.7,0.46,4.97,5.74,8.97,1.48,3.92,17.97,2.98,5.64,5.22,3.93,2.84,3.98,1.88,7.98,2.73,4.88,3.48,0.98,4.47,5.97,2.37,3.48,2.48,2.26,3.98,1.77,1.97,3.97,17.97,1.96,3.98,3.98,3.62,4.98,4.97,0.98,1.98,1.88,5.94,4.63,2.24,1.94,1.83,3.93,3.66,2.48,7.94,1.97,0.97,7.97,0.97,8.37,2.97,4.97
2014/10/14,4.64,0.46,0.98,0.7,0.7,11.88,0.7,0.46,7.88,14.72,0.7,6.68,12.98,3.87,10.98,4.88,1.56,5.47,10.98,10.97,0.46,6.87,0.46,5.98,10.98,0.46,0.7,0.46,3.98,5.48,14.72,1.0,5.24,14.72,3.97,3.67,0.46,0.46,2.98,5.48,12.78,0.46,0.46,2.24,0.7,0.46,4.97,5.74,8.97,1.48,3.92,17.97,2.98,5.64,5.22,3.93,2.84,3.98,1.88,7.98,2.73,4.88,3.48,0.98,4.47,5.97,2.37,3.48,2.48,2.26,3.98,1.77,1.97,3.97,17.97,1.96,3.98,3.98,3.62,4.98,4.97,0.98,1.98,1.88,5.94,4.63,2.24,1.94,1.83,3.93,3.66,2.48,7.94,1.97,0.97,7.97,0.97,8.37,2.97,4.97
2014/10/15,4.64,0.46,0.98,0.7,0.7,11.88,0.7,0.46,7.88,14.72,0.7,6.68,12.98,3.87,10.98,4.88,1.56,5.47,10.98,10.97,0.46,6.87,0.46,5.98,10.98,0.46,0.7,0.46,3.98,5.48,14.72,1.0,5.24,14.72,3.97,3.67,0.46,0.46,2.98,5.48,12.78,0.46,0.46,2.24,0.7,0.46,4.97,5.74,8.97,1.48,3.92,17.97,2.98,5.64,5.22,3.93,2.84,3.98,1.88,7.98,2.73,4.88,3.48,0.98,4.47,5.97,2.37,3.48,2.48,2.26,3.98,1.77,1.97,3.97,17.97,1.96,3.98,3.98,3.62,4.98,4.97,0.98,1.98,1.88,5.94,4.63,2.24,1.94,1.83,3.93,3.66,2.48,7.94,1.97,0.97,7.97,0.97,8.37,2.97,4.97
2014/10/16,4.64,0.46,0.98,0.7,0.7,11.88,0.7,0.46,7.88,14.72,0.7,6.68,12.98,3.87,10.98,4.88,1.56,5.47,10.98,10.97,0.46,6.87,0.46,5.98,10.98,0.46,0.7,0.46,3.98,5.48,14.72,1.0,5.24,14.72,3.97,3.67,0.46,0.46,2.98,5.48,12.78,0.46,0.46,2.24,0.7,0.46,4.97,5.74,8.97,1.48,3.92,17.97,2.98,5.64,5.22,3.93,2.84,3.98,1.88,7.98,2.73,4.88,3.48,0.98,4.47,5.97,2.37,3.48,2.48,2.26,3.98,1.77,1.97,3.97,17.97,1.96,3.98,3.98,3.62,4.98,4.97,0.98,1.98,1.88,5.94,4.63,2.24,1.94,1.83,3.93,3.66,2.48,7.94,1.97,0.97,7.97,0.97,8.37,2.97,4.97
2014/10/17,4.64,0.46,0.98,0.7,0.7,11.88,0.7,0.46,7.88,14.72,0.7,6.68,12.98,3.87,10.98,4.88,1.56,5.47,10.98,10.97,0.46,6.87,0.46,5.98,10.98,0.46,0.7,0.46,3.98,5.48,14.72,1.0,5.24,14.72,3.97,3.67,0.46,0.46,2.98,5.48,12.78,0.46,0.46,2.24,0.7,0.46,4.97,5.74,8.97,1.48,3.92,17.97,2.98,5.64,5.22,3.93,2.84,3.98,1.88,7.98,2.73,4.88,3.48,0.98,4.47,5.97,2.37,3.48,2.48,2.26,3.98,1.77,1.97,3.97,17.97,1.96,3.98,3.98,3.62,4.98,4.97,0.98,1.98,1.88,5.94,4.63,2.24,1.94,1.83,3.93,3.66,2.48,7.94,1.97,0.97,7.97,0.97,8.37,2.97,4.97
2014/10/18,4.64,0.46,0.98,0.7,0.7,11.88,0.7,0.46,7.88,14.72,0.7,6.68,12.98,3.87,10.98,4.88,1.56,5.47,10.98,10.97,0.46,6.87,0.46,5.98,10.98,0.46,0.7,0.46,3.98,5.48,14.72,1.0,5.24,14.72,3.97,3.67,0.46,0.46,2.98,5.48,12.78,0.46,0.46,2.24,0.7,0.46,4.97,5.74,8.97,1.48,3.92,17.97,2.98,5.64,5.22,3.93,2.84,3.98,1.88,7.98,2.73,4.88,3.48,0.98,4.47,5.97,2.37,3.48,2.48,2.26,3.98,1.77,1.97,3.97,17.97,1.96,3.98,3.98,3.62,4.98,4.97,0.98,1.98,1.88,5.94,4.63,2.24,1.94,1.83,3.93,3.66,2.48,7.94,1.97,0.97,7.97,0.97,8.37,2.97,4.97
2014/10/19,4.64,0.46,0.98,0.7,0.7,11.88,0.7,0.46,7.88,14.72,0.7,6.68,12.98,3.87,10.98,4.88,1.56,5.47,10.98,10.97,0.46,6.87,0.46,5.98,10.98,0.46,0.7,0.46,3.98,5.48,14.72,1.0,5.24,14.72,3.97,3.67,0.46,0.46,2.98,5.48,12.78,0.46,0.46,2.24,0.7,0.46,4.97,5.74,8.97,1.48,3.92,17.97,2.98,5.64,5.22,3.93,2.84,3.98,1.88,7.98,2.73,4.88,3.48,0.98,4.47,5.97,2.37,3.48,2.48,2.26,3.98,1.77,1.97,3.97,17.97,1.96,3.98,3.98,3.62,4.98,4.97,0.98,1.98,1.88,5.94,4.63,2.24,1.94,1.83,3.93,3.66,2.48,7.94,1.97,0.97,7.97,0.97,8.37,2.97,4.97
2014/10/20,4.64,0.46,0.98,0.7,0.7,11.88,0.7,0.46,7.88,14.72,0.7,6.68,12.98,3.87,10.98,4.88,1.56,5.47,10.98,10.97,0.46,6.87,0.46,5.98,10.98,0.46,0.7,0.46,3.98,5.48,14.72,1.0,5.24,14.72,3.97,3.67,0.46,0.46,2.98,5.48,12.78,0.46,0.46,2.24,0.7,0.46,4.97,5.74,8.97,1.48,3.92,17.97,2.98,5.64,5.22,3.93,2.84,3.98,1.88,7.98,2.73,4.88,3.48,0.98,4.47,5.97,2.37,3.48,2.48,2.26,3.98,1.77,1.97,3.97,17.97,1.96,3.98,3.98,3.62,4.98,4.97,0.98,1.98,1.88,5.94,4.63,2.24,1.94,1.83,3.93,3.66,2.48,7.94,1.97,0.97,7.97,0.97,8.37,2.97,4.97
2014/10/21,4.64,0.46,0.98,0.7,0.7,11.88,0.7,0.46,7.88,14.72,0.7,6.68,12.98,3.87,10.98,4.88,1.56,5.47,10.98,10.97,0.46,6.87,0.46,5.98,10.98,0.46,0.7,0.46,3.98,5.48,14.72,1.0,5.24,14.72,3.97,3.67,0.46,0.46,2.98,5.48,12.78,0.46,0.46,2.24,0.7,0.46,4.97,5.74,8.97,1.48,3.92,17.97,2.98,5.64,5.22,3.93,2.84,3.98,1.88,7.98,2.73,4.88,3.48,0.98,4.47,5.97,2.37,3.48,2.48,2.26,3.98,1.77,1.97,3.97,17.97,1.96,3.98,3.98,3.62,4.98,4.97,0.98,1.98,1.88,5.94,4.63,2.24,1.94,1.83,3.93,3.66,2.48,7.94,1.97,0.97,7.97,0.97,8.37,2.97,4.97
2014/10/22,4.64,0.46,0.98,0.7,0.7,11.88,0.7,0.46,7.88,14.72,0.7,6.68,12.98,3.87,10.98,4.88,1.56,5.47,10.98,10.97,0.46,6.87,0.46,5.98,10.98,0.46,0.7,0.46,3.98,5.48,14.72,1.0,5.24,14.72,3.97,3.67,0.46,0.46,2.98,5.48,12.78,0.46,0.46,2.24,0.7,0.46,4.97,5.74,8.97,1.48,3.92,17.97,2.98,5.64,5.22,3.93,2.84,3.98,1.88,7.98,2.73,4.88,3.48,0.98,4.47,5.97,2.37,3.48,2.48,2.26,3.98,1.77,1.97,3.97,17.97,1.96,3.98,3.98,3.62,4.98,4.97,0.98,1.98,1.88,5.94,4.63,2.24,1.94,1.83,3.93,3.66,2.48,7.94,1.97,0.97,7.97,0.97,8.37,2.97,4.97
2014/10/23,4.64,0.46,0.98,0.7,0.7,11.88,0.7,0.46,7.88,14.72,0.7,6.68,12.98,3.87,10.98,4.88,1.56,5.47,10.98,10.97,0.46,6.87,0.46,5.98,10.98,0.46,0.7,0.46,3.98,5.48,14.72,1.0,5.24,14.72,3.97,3.67,0.46,0.46,2.98,5.48,12.78,0.46,0.46,2.24,0.7,0.46,4.97,5.74,8.97,1.48,3.92,17.97,2.98,5.64,5.22,3.93,2.84,3.98,1.88,7.98,2.73,4.88,3.48,0.98,4.47,5.97,2.37,3.48,2.48,2.26,3.98,1.77,1.97,3.97,17.97,1.96,3.98,3.98,3.62,4.98,4.97,0.98,1.98,1.88,5.94,4.63,2.24,1.94,1.83,3.93,3.66,2.48,7.94,1.97,0.97,7.97,0.97,8.37,2.97,4.97
2014/10/24,4.64,0.46,0.98,0.7,0.7,11.88,0.7,0.46,7.88,14.72,0.7,6.68,12.98,3.87,10.98,4.88,1.56,5.47,10.98,10.97,0.46,6.87,0.46,5.98,10.98,0.46,0.7,0.46,3.98,5.48,14.72,1.0,5.24,14.72,3.97,3.67,0.46,0.46,2.98,5.48,12.78,0.46,0.46,2.24,0.7,0.46,4.97,5.74,8.97,1.48,3.92,17.97,2.98,5.64,5.22,3.93,2.84,3.98,1.88,7.98,2.73,4.88,3.48,0.98,4.47,5.97,2.37,3.48,2.48,2.26,3.98,1.77,1.97,3.97,17.97,1.96,3.98,3.98,3.62,4.98,4.97,0.98,1.98,1.88,5.94,4.63,2.24,1.94,1.83,3.93,3.66,2.48,7.94,1.97,0.97,7.97,0.97,8.37,2.97,4.97
2014/10/25,4.64,0.46,0.98,0.7,0.7,11.88,0.7,0.46,7.88,14.72,0.7,6.68,12.98,3.87,10.98,4.88,1.56,5.47,10.98,10.97,0.46,6.87,0.46,5.98,10.98,0.46,0.7,0.46,3.98,5.48,14.72,1.0,5.24,14.72,3.97,3.67,0.46,0.46,2.98,5.48,12.78,0.46,0.46,2.24,0.7,0.46,4.97,5.74,8.97,1.48,3.92,17.97,2.98,5.64,5.22,3.93,2.84,3.98,1.88,7.98,2.73,4.88,3.48,0.98,4.47,5.97,2.37,3.48,2.48,2.26,3.98,1.77,1.97,3.97,17.97,1.96,3.98,3.98,3.62,4.98,4.97,0.98,1.98,1.88,5.94,4.63,2.24,1.94,1.83,3.93,3.66,2.48,7.94,1.97,0.97,7.97,0.97,8.37,2.97,4.97
2014/10/26,4.64,0.46,0.98,0.7,0.7,11.88,0.7,0.46,7.88,14.72,0.7,6.68,12.98,3.87,10.98,4.88,1.56,5.47,10.98,10.97,0.46,6.87,0.46,5.98,10.98,0.46,0.7,0.46,3.98,5.48,14.72,1.0,5.24,14.72,3.97,3.67,0.46,0.46,2.98,5.48,12.78,0.46,0.46,2.24,0.7,0.46,4.97,5.74,8.97,1.48,3.92,17.97,2.98,5.64,5.22,3.93,2.84,3.98,1.88,7.98,2.73,4.88,3.48,0.98,4.47,5.97,2.37,3.48,2.48,2.26,3.98,1.77,1.97,3.97,17.97,1.96,3.98,3.98,3.62,4.98,4.97,0.98,1.98,1.88,5.94,4.63,2.24,1.94,1.83,3.93,3.66,2.48,7.94,1.97,0.97,7.97,0.97,8.37,2.97,4.97
2014/10/27,4.64,0.46,0.98,0.7,0.7,11.88,0.7,0.46,7.88,14.72,0.7,6.68,12.98,3.87,10.98,4.88,1.56,5.47,10.98,10.97,0.46,6.87,0.46,5.98,10.98,0.46,0.7,0.46,3.98,5.48,14.72,1.0,5.24,14.72,3.97,3.67,0.46,0.46,2.98,5.48,12.78,0.46,0.46,2.24,0.7,0.46,4.97,5.74,8.97,1.48,3.92,17.97,2.98,5.64,5.22,3.93,2.84,3.98,1.88,7.98,2.73,4.88,3.48,0.98,4.47,5.97,2.37,3.48,2.48,2.26,3.98,1.77,1.97,3.97,17.97,1.96,3.98,3.98,3.62,4.98,4.97,0.98,1.98,1.88,5.94,4.63,2.24,1.94,1.83,3.93,3.66,2.48,7.94,1.97,0.97,7.97,0.97,8.37,2.97,4.97
2014/10/28,4.64,0.46,0.98,0.7,0.7,11.88,0.7,0.46,7.88,14.72,0.7,6.68,12.98,3.87,10.98,4.88,1.56,5.47,10.98,10.97,0.46,6.87,0.46,5.98,10.98,0.46,0.7,0.46,3.98,5.48,14.72,1.0,5.24,14.72,3.97,3.67,0.46,0.46,2.98,5.48,12.78,0.46,0.46,2.24,0.7,0.46,4.97,5.74,8.97,1.48,3.92,17.97,2.98,5.64,5.22,3.93,2.84,3.98,1.88,7.98,2.73,4.88,3.48,0.98,4.47,5.97,2.37,3.48,2.48,2.26,3.98,1.77,1.97,3.97,17.97,1.96,3.98,3.98,3.62,4.98,4.97,0.98,1.98,1.88,5.94,4.63,2.24,1.94,1.83,3.93,3.66,2.48,7.94,1.97,0.97,7.97,0.97,8.37,2.97,4.97
2014/10/29,4.64,0.46,0.98,0.7,0.7,11.88,0.7,0.46,7.88,14.72,0.7,6.68,12.98,3.87,10.98,4.88,1.56,5.47,10.98,10.97,0.46,6.87,0.46,5.98,10.98,0.46,0.7,0.46,3.98,5.48,14.72,1.0,5.24,14.72,3.97,3.67,0.46,0.46,2.98,5.48,12.78,0.46,0.46,2.24,0.7,0.46,4.97,5.74,8.97,1.48,3.92,17.97,2.98,5.64,5.22,3.93,2.84,3.98,1.88,7.98,2.73,4.88,3.48,0.98,4.47,5.97,2.37,3.48,2.48,2.26,3.98,1.77,1.97,3.97,17.97,1.96,3.98,3.98,3.62,4.98,4.97,0.98,1.98,1.88,5.94,4.63,2.24,1.94,1.83,3.93,3.66,2.48,7.94,1.97,0.97,7.97,0.97,8.37,2.97,4.97
2014/10/30,4.64,0.46,0.98,0.7,0.7,11.88,0.7,0.46,7.88,14.72,0.7,6.68,12.98,3.87,10.98,4.88,1.56,5.47,10.98,10.97,0.46,6.87,0.46,5.98,10.98,0.46,0.7,0.46,3.98,5.48,14.72,1.0,5.24,14.72,3.97,3.67,0.46,0.46,2.98,5.48,12.78,0.46,0.46,2.24,0.7,0.46,4.97,5.74,8.97,1.48,3.92,17.97,2.98,5.64,5.22,3.93,2.84,3.98,1.88,7.98,2.73,4.88,3.48,0.98,4.47,5.97,2.37,3.48,2.48,2.26,3.98,1.77,1.97,3.97,17.97,1.96,3.98,3.98,3.62,4.98,4.97,0.98,1.98,1.88,5.94,4.63,2.24,1.94,1.83,3.93,3.66,2.48,7.94,1.97,0.97,7.97,0.97,8.37,2.97,4.97
2014/10/31,4.64,0.46,0.98,0.7,0.7,11.88,0.7,0.46,7.88,14.72,0.7,6.68,12.98,3.87,10.98,4.88,1.56,5.47,10.98,10.97,0.46,6.87,0.46,5.98,10.98,0.46,0.7,0.46,3.98,5.48,14.72,1.0,5.24,14.72,3.97,3.67,0.46,0.46,2.98,5.48,12.78,0.46,0.46,2.24,0.7,0.46,4.97,5.74,8.97,1.48,3.92,17.97,2.98,5.64,5.22,3.93,2.84,3.98,1.88,7.98,2.73,4.88,3.48,0.98,4.47,5.97,2.37,3.48,2.48,2.26,3.98,1.77,1.97,3.97,17.97,1.96,3.98,3.98,3.62,4.98,4.97,0.98,1.98,1.88,5.94,4.63,2.24,1.94,1.83,3.93,3.66,2.48,7.94,1.97,0.97,7.97,0.97,8.37,2.97,4.97
2014/11/01,4.64,0.46,0.98,0.7,0.7,11.88,0.7,0.46,7.88,14.72,0.7,6.68,12.98,3.87,10.98,4.88,1.56,5.47,10.98,10.97,0.46,6.87,0.46,5.98,10.98,0.46,0.7,0.46,3.98,5.48,14.72,1.0,5.24,14.72,3.97,3.67,0.46,0.46,2.98,5.48,12.78,0.46,0.46,2.24,0.7,0.46,4.97,5.74,8.97,1.48,3.92,17.97,2.98,5.64,5.22,3.93,2.84,3.98,1.88,7.98,2.73,4.88,3.48,0.98,4.47,5.97,2.37,3.48,2.48,2.26,3.98,1.77,1.97,3.97,17.97,1.96,3.98,3.98,3.62,4.98,4.97,0.98,1.98,1.88,5.94,4.63,2.24,1.94,1.83,3.93,3.88,2.48,7.94,1.97,0.97,7.97,0.97,8.37,2.97,4.97
2014/11/02,4.64,0.46,0.98,0.7,0.7,11.88,0.7,0.46,7.88,14.72,0.7,6.68,12.98,3.87,10.98,4.88,1.56,5.47,10.98,10.97,0.46,6.87,0.46,5.98,10.98,0.46,0.7,0.46,3.98,5.48,14.72,1.0,5.24,14.72,3.97,3.67,0.46,0.46,2.98,5.48,12.78,0.46,0.46,2.24,0.7,0.46,4.97,5.74,8.97,1.48,3.92,17.97,2.98,5.64,5.22,3.93,2.84,3.98,1.88,7.98,2.73,4.88,3.48,0.98,4.47,5.97,2.37,3.48,2.48,2.26,3.98,1.77,1.97,3.97,17.97,1.96,3.98,3.98,3.62,4.98,4.97,0.98,1.98,1.88,5.94,4.63,2.24,1.94,1.83,3.93,3.88,2.48,7.94,1.97,0.97,7.97,0.97,8.37,2.97,4.97
2014/11/03,4.64,0.46,0.98,0.7,0.7,11.88,0.7,0.46,7.88,14.72,0.7,6.68,12.98,3.87,10.98,4.88,1.56,5.47,10.98,10.97,0.46,6.87,0.46,5.98,10.98,0.46,0.7,0.46,3.98,5.48,14.72,1.0,5.24,14.72,3.97,3.67,0.46,0.46,2.98,5.48,12.78,0.46,0.46,2.24,0.7,0.46,4.97,5.74,8.97,1.48,3.92,17.97,2.98,5.64,5.22,3.93,2.84,3.98,1.88,7.98,2.73,4.88,3.48,0.98,4.47,5.97,2.37,3.48,2.48,2.26,3.98,1.77,1.97,3.97,17.97,1.96,3.98,3.98,3.62,4.98,4.97,0.98,1.98,1.88,5.94,4.63,2.24,1.94,1.83,3.93,3.88,2.48,7.94,1.97,0.97,7.97,0.97,8.37,2.97,4.97
2014/11/04,4.64,0.46,0.98,0.7,0.7,11.88,0.7,0.46,7.88,14.72,0.7,6.68,12.98,3.87,10.98,4.88,1.56,5.47,10.98,10.97,0.46,6.87,0.46,5.98,10.98,0.46,0.7,0.46,3.98,5.48,14.72,1.0,5.24,14.72,3.97,3.67,0.46,0.46,2.98,5.48,12.78,0.46,0.46,2.24,0.7,0.46,4.97,5.74,8.97,1.48,3.92,17.97,2.98,5.64,5.22,3.93,2.84,3.98,1.88,7.98,2.73,4.88,3.48,0.98,4.47,5.97,2.37,3.48,2.48,2.26,3.98,1.77,1.97,3.97,17.97,1.96,3.98,3.98,3.62,4.98,4.97,0.98,1.98,1.88,5.94,4.63,2.24,1.94,1.83,3.93,3.88,2.48,7.94,1.97,0.97,7.97,0.97,8.37,2.97,4.97
2014/11/05,4.64,0.46,0.98,0.7,0.7,11.88,0.7,0.46,7.88,14.72,0.7,6.68,12.98,3.87,10.98,4.88,1.56,5.47,10.98,10.97,0.46,6.87,0.46,5.98,10.98,0.46,0.7,0.46,3.98,5.48,14.72,1.0,5.24,14.72,3.97,3.67,0.46,0.46,2.98,5.48,12.78,0.46,0.46,2.24,0.7,0.46,4.97,5.74,8.97,1.48,3.92,17.97,2.98,5.64,5.22,3.93,2.84,3.98,1.88,7.98,2.73,4.88,3.48,0.98,4.47,5.97,2.37,3.48,2.48,2.26,3.98,1.77,1.97,3.97,17.97,1.96,3.98,3.98,3.62,4.98,4.97,0.98,1.98,1.88,5.94,4.63,2.24,1.94,1.83,3.93,3.88,2.48,7.94,1.97,0.97,7.97,0.97,8.37,2.97,4.97
2014/11/06,4.64,0.46,0.98,0.7,0.7,11.88,0.7,0.46,7.88,14.72,0.7,6.68,12.98,3.87,10.98,4.88,1.56,5.47,10.98,10.97,0.46,6.87,0.46,5.98,10.98,0.46,0.7,0.46,3.98,5.48,14.72,1.0,5.24,14.72,3.97,3.67,0.46,0.46,2.98,5.48,12.78,0.46,0.46,2.24,0.7,0.46,4.97,5.74,8.97,1.48,3.92,17.97,2.98,5.64,5.22,3.93,2.84,3.98,1.88,7.98,2.73,4.88,3.48,0.98,4.47,5.97,2.37,3.48,2.48,2.26,3.98,1.77,1.97,3.97,17.97,1.96,3.98,3.98,3.62,4.98,4.97,0.98,1.98,1.88,5.94,4.63,2.24,1.94,1.83,3.93,3.88,2.48,7.94,1.97,0.97,7.97,0.97,8.37,2.97,4.97
2014/11/07,4.64,0.46,0.98,0.7,0.7,11.88,0.7,0.46,7.88,14.72,0.7,6.68,12.98,3.87,10.98,4.88,1.56,5.47,10.98,10.97,0.46,6.87,0.46,5.98,10.98,0.46,0.7,0.46,3.98,5.48,14.72,1.0,5.24,14.72,3.97,3.67,0.46,0.46,2.98,5.48,12.78,0.46,0.46,2.24,0.7,0.46,4.97,5.74,8.97,1.48,3.92,17.97,2.98,5.64,5.22,3.93,2.84,3.98,1.88,7.98,2.73,4.88,3.48,0.98,4.47,5.97,2.37,3.48,2.48,2.26,3.98,1.77,1.97,3.97,17.97,1.96,3.98,3.98,3.62,4.98,4.97,0.98,1.98,1.88,5.94,4.63,2.24,1.94,1.83,3.93,3.88,2.48,7.94,1.97,0.97,7.97,0.97,8.37,2.97,4.97
2014/11/08,4.64,0.46,0.98,0.7,0.7,11.88,0.7,0.46,7.88,14.72,0.7,6.68,12.98,3.87,10.98,4.88,1.56,5.47,10.98,10.97,0.46,6.87,0.46,5.98,10.98,0.46,0.7,0.46,3.98,5.48,14.72,1.0,5.24,14.72,3.97,3.67,0.46,0.46,2.98,5.48,12.78,0.46,0.46,2.24,0.7,0.46,4.97,5.74,8.97,1.48,3.92,17.97,2.98,5.64,5.22,4.23,2.84,3.98,1.88,7.98,2.73,4.88,3.48,0.98,4.47,5.97,2.37,3.48,2.48,2.26,3.98,1.77,1.97,3.97,17.97,1.96,3.98,3.98,3.62,4.98,4.97,0.98,1.98,1.88,5.94,4.63,2.24,1.94,1.83,4.23,3.88,2.48,7.94,1.97,0.97,7.97,0.97,8.37,2.97,4.97
2014/11/09,4.64,0.46,0.98,0.7,0.7,11.88,0.7,0.46,7.88,14.72,0.7,6.68,12.98,3.87,10.98,4.88,1.56,5.47,10.98,10.97,0.46,6.87,0.46,5.98,10.98,0.46,0.7,0.46,3.98,5.48,14.72,1.0,5.24,14.72,3.97,3.67,0.46,0.46,2.98,5.48,12.78,0.46,0.46,2.24,0.7,0.46,4.97,5.74,8.97,1.48,3.92,17.97,2.98,5.64,5.22,4.23,2.84,3.98,1.88,7.98,2.73,4.88,3.48,0.98,4.47,5.97,2.37,3.48,2.48,2.26,3.98,1.77,1.97,3.97,17.97,1.96,3.98,3.98,3.62,4.98,4.97,0.98,1.98,1.88,5.94,4.63,2.24,1.94,1.83,4.23,3.88,2.48,7.94,1.97,0.97,7.97,0.97,8.37,2.97,4.97
2014/11/10,4.64,0.46,0.98,0.7,0.7,11.88,0.7,0.46,7.88,14.72,0.7,6.68,12.98,3.87,10.98,4.88,1.56,5.47,10.98,10.97,0.46,6.87,0.46,5.98,10.98,0.46,0.7,0.46,3.98,5.48,14.72,1.0,5.24,14.72,3.97,3.67,0.46,0.46,2.98,5.48,12.78,0.46,0.46,2.24,0.7,0.46,4.97,5.74,8.97,1.48,3.92,17.97,2.98,5.64,5.22,4.23,2.84,3.98,1.88,7.98,2.73,4.88,3.48,0.98,4.47,5.97,2.37,3.48,2.48,2.26,3.98,1.77,1.97,3.97,17.97,1.96,3.98,3.98,3.62,4.98,4.97,0.98,1.98,1.88,5.94,4.63,2.24,1.94,1.83,4.23,3.88,2.48,7.94,1.97,0.97,7.97,0.97,8.37,2.97,4.97
2014/11/11,4.64,0.46,0.98,0.7,0.7,11.88,0.7,0.46,7.88,14.72,0.7,6.68,12.98,3.87,10.98,4.88,1.56,5.47,10.98,10.97,0.46,6.87,0.46,5.98,10.98,0.46,0.7,0.46,3.98,5.48,14.72,1.0,5.24,14.72,3.97,3.67,0.46,0.46,2.98,5.48,12.78,0.46,0.46,2.24,0.7,0.46,4.97,5.74,8.97,1.48,3.92,17.97,2.98,5.64,5.22,4.23,2.84,3.98,1.88,7.98,2.73,4.88,3.48,0.98,4.47,5.97,2.37,3.48,2.48,2.26,3.98,1.77,1.97,3.97,17.97,1.96,3.98,3.98,3.62,4.98,4.97,0.98,1.98,1.88,5.94,4.63,2.24,1.94,1.83,4.23,3.88,2.48,7.94,1.97,0.97,7.97,0.97,8.37,2.97,4.97
2014/11/12,4.64,0.46,0.98,0.7,0.7,11.88,0.7,0.46,7.88,14.72,0.7,6.68,12.98,3.87,10.98,4.88,1.56,5.47,10.98,10.97,0.46,6.87,0.46,5.98,10.98,0.46,0.7,0.46,3.98,5.48,14.72,1.0,5.24,14.72,3.97,3.67,0.46,0.46,2.98,5.48,12.78,0.46,0.46,2.24,0.7,0.46,4.97,5.74,8.97,1.48,3.92,17.97,2.98,5.64,5.22,4.23,2.84,3.98,1.88,7.98,2.73,4.88,3.48,0.98,4.47,5.97,2.37,3.48,2.48,2.26,3.98,1.77,1.97,3.97,17.97,1.96,3.98,3.98,3.62,4.98,4.97,0.98,1.98,1.88,5.94,4.63,2.24,1.94,1.83,4.23,3.88,2.48,7.94,1.97,0.97,7.97,0.97,8.37,2.97,4.97
2014/11/13,4.64,0.46,0.98,0.7,0.7,11.88,0.7,0.46,7.88,14.72,0.7,6.68,12.98,3.87,10.98,4.88,1.56,5.47,10.98,10.97,0.46,6.87,0.46,5.98,10.98,0.46,0.7,0.46,3.98,5.48,14.72,1.0,5.24,14.72,3.97,3.67,0.46,0.46,2.98,5.48,12.78,0.46,0.46,2.24,0.7,0.46,4.97,5.74,8.97,1.48,3.92,17.97,2.98,5.64,5.22,4.23,2.84,3.98,1.88,7.98,2.73,4.88,3.48,0.98,4.47,5.97,2.37,3.48,2.48,2.26,3.98,1.77,1.97,3.97,17.97,1.96,3.98,3.98,3.62,4.98,4.97,0.98,1.98,1.88,5.94,4.63,2.24,1.94,1.83,4.23,3.88,2.48,7.94,1.97,0.97,7.97,0.97,8.37,2.97,4.97
2014/11/14,4.64,0.46,0.98,0.7,0.7,11.88,0.7,0.46,7.88,14.72,0.7,6.68,12.98,3.87,10.98,4.88,1.56,5.47,10.98,10.97,0.46,6.87,0.46,5.98,10.98,0.46,0.7,0.46,3.98,5.48,14.72,1.0,5.24,14.72,3.97,3.67,0.46,0.46,2.98,5.48,12.78,0.46,0.46,2.24,0.7,0.46,4.97,5.74,8.97,1.48,3.92,17.97,2.98,5.64,5.22,4.23,2.84,3.98,1.88,7.98,2.73,4.88,3.48,0.98,4.47,5.97,2.37,3.48,2.48,2.26,3.98,1.77,1.97,3.97,17.97,1.96,3.98,3.98,3.62,4.98,4.97,0.98,1.98,1.88,5.94,4.63,2.24,1.94,1.83,4.23,3.88,2.48,7.94,1.97,0.97,7.97,0.97,8.37,2.97,4.97
2014/11/15,4.64,0.46,0.98,0.7,0.7,11.88,0.7,0.46,7.88,14.72,0.7,6.68,12.98,3.87,10.98,4.88,1.56,5.47,10.98,10.97,0.46,6.87,0.46,5.98,10.98,0.46,0.7,0.46,3.98,5.48,14.72,1.0,5.24,14.72,3.97,3.67,0.46,0.46,2.98,5.48,12.78,0.46,0.46,2.24,0.7,0.46,4.97,5.74,8.97,1.48,3.92,17.97,2.98,5.64,5.22,4.23,2.84,3.98,1.88,7.98,2.73,4.88,3.48,0.98,4.47,5.97,2.37,3.48,2.48,2.26,3.98,1.77,1.97,3.97,17.97,1.96,3.98,3.98,3.62,4.98,4.97,0.98,1.98,1.88,5.94,4.63,2.24,1.94,1.83,4.23,3.88,2.48,7.94,1.97,0.97,7.97,0.97,8.37,2.97,4.97
2014/11/16,4.64,0.46,0.98,0.7,0.7,11.88,0.7,0.46,7.88,14.72,0.7,6.68,12.98,3.87,10.98,4.88,1.56,5.47,10.98,10.97,0.46,6.87,0.46,5.98,10.98,0.46,0.7,0.46,3.98,5.48,14.72,1.0,5.24,14.72,3.97,3.67,0.46,0.46,2.98,5.48,12.78,0.46,0.46,2.24,0.7,0.46,4.97,5.74,8.97,1.48,3.92,17.97,2.98,5.64,5.22,4.23,2.84,3.98,1.88,7.98,2.73,4.88,3.48,0.98,4.47,5.97,2.37,3.48,2.48,2.26,3.98,1.77,1.97,3.97,17.97,1.96,3.98,3.98,3.62,4.98,4.97,0.98,1.98,1.88,5.94,4.63,2.24,1.94,1.83,4.23,3.88,2.48,7.94,1.97,0.97,7.97,0.97,8.37,2.97,4.97
2014/11/17,4.64,0.46,0.98,0.7,0.7,11.88,0.7,0.46,7.88,14.72,0.7,6.68,12.98,3.87,10.98,4.88,1.56,5.47,10.98,10.97,0.46,6.87,0.46,5.98,10.98,0.46,0.7,0.46,3.98,5.48,14.72,1.0,5.24,14.72,3.97,3.67,0.46,0.46,2.98,5.48,12.78,0.46,0.46,2.24,0.7,0.46,4.97,5.74,8.97,1.48,3.92,17.97,2.98,5.64,5.22,4.23,2.84,3.98,1.88,7.98,2.73,4.88,3.48,0.98,4.47,5.97,2.37,3.48,2.48,2.26,3.98,1.77,1.97,3.97,17.97,1.96,3.98,3.98,3.62,4.98,4.97,0.98,1.98,1.88,5.94,4.63,2.24,1.94,1.83,4.23,3.88,2.48,7.94,1.97,0.97,7.97,0.97,8.37,2.97,4.97
2014/11/18,4.64,0.46,0.98,0.7,0.7,11.88,0.7,0.46,7.88,14.72,0.7,6.68,12.98,3.87,10.98,4.88,1.56,5.47,10.98,10.97,0.46,6.87,0.46,5.98,10.98,0.46,0.7,0.46,3.98,5.48,14.72,1.0,5.24,14.72,3.97,3.67,0.46,0.46,2.98,5.48,12.78,0.46,0.46,2.24,0.7,0.46,4.97,5.74,8.97,1.48,3.92,17.97,2.98,5.64,5.22,4.23,2.84,3.98,1.88,7.98,2.73,4.88,3.48,0.98,4.47,5.97,2.37,3.48,2.48,2.26,3.98,1.77,1.97,3.97,17.97,1.96,3.98,3.98,3.62,4.98,4.97,0.98,1.98,1.88,5.94,4.63,2.24,1.94,1.83,4.23,3.88,2.48,7.94,1.97,0.97,7.97,0.97,8.37,2.97,4.97
2014/11/19,4.64,0.46,0.98,0.7,0.7,11.88,0.7,0.46,7.88,14.72,0.7,6.68,12.98,3.87,10.98,4.88,1.56,5.47,10.98,10.97,0.46,6.87,0.46,5.98,10.98,0.46,0.7,0.46,3.98,5.48,14.72,1.0,5.24,14.72,3.97,3.67,0.46,0.46,2.98,5.48,12.78,0.46,0.46,2.24,0.7,0.46,4.97,5.74,8.97,1.48,3.92,17.97,2.98,5.64,5.22,4.23,2.84,3.98,1.88,7.98,2.73,4.88,3.48,0.98,4.47,5.97,2.37,3.48,2.48,2.26,3.98,1.77,1.97,3.97,17.97,1.96,3.98,3.98,3.62,4.98,4.97,0.98,1.98,1.88,5.94,4.63,2.24,1.94,1.83,4.23,3.88,2.48,7.94,1.97,0.97,7.97,0.97,8.37,2.97,4.97
2014/11/20,4.64,0.46,0.98,0.7,0.7,11.88,0.7,0.46,7.88,14.72,0.7,6.68,12.98,3.87,10.98,4.88,1.56,5.47,10.98,10.97,0.46,6.87,0.46,5.98,10.98,0.46,0.7,0.46,3.98,5.48,14.72,1.0,5.24,14.72,3.97,3.67,0.46,0.46,2.98,5.48,12.78,0.46,0.46,2.24,0.7,0.46,4.97,5.74,8.97,1.48,3.92,17.97,2.98,5.64,5.22,4.23,2.84,3.98,1.88,7.98,2.73,4.88,3.48,0.98,4.47,5.97,2.37,3.48,2.48,2.26,3.98,1.77,1.97,3.97,17.97,1.96,3.98,3.98,3.62,4.98,4.97,0.98,1.98,1.88,5.94,4.63,2.24,1.94,1.83,4.23,3.88,2.48,7.94,1.97,0.97,7.97,0.97,8.37,2.97,4.97
2014/11/21,4.64,0.46,0.98,0.7,0.7,11.88,0.7,0.46,7.88,14.72,0.7,6.68,12.98,3.87,10.98,4.88,1.56,5.47,10.98,10.97,0.46,6.87,0.46,5.98,10.98,0.46,0.7,0.46,3.98,5.48,14.72,1.0,5.24,14.72,3.97,3.67,0.46,0.46,2.98,5.48,12.78,0.46,0.46,2.24,0.7,0.46,4.97,5.74,8.97,1.48,3.92,17.97,2.98,5.64,5.22,4.23,2.84,3.98,1.88,7.98,2.73,4.88,3.48,0.98,4.47,5.97,2.37,3.48,2.48,2.26,3.98,1.77,1.97,3.97,17.97,1.96,3.98,3.98,3.62,4.98,4.97,0.98,1.98,1.88,5.94,4.63,2.24,1.94,1.83,4.23,3.88,2.48,7.94,1.97,0.97,7.97,0.97,8.37,2.97,4.97
2014/11/22,4.64,0.46,0.98,0.7,0.7,11.88,0.7,0.46,7.88,14.72,0.7,6.68,12.98,3.87,10.98,4.88,1.56,5.47,10.98,10.97,0.46,6.87,0.46,5.98,10.98,0.46,0.7,0.46,3.98,5.48,14.72,1.0,5.24,14.72,3.97,3.67,0.46,0.46,2.98,5.48,12.78,0.46,0.46,2.24,0.7,0.46,4.97,5.74,8.97,1.48,3.92,17.97,2.98,5.64,5.22,4.23,2.84,3.98,1.88,7.98,2.73,4.88,3.48,0.98,4.47,5.97,2.37,3.48,2.48,2.26,3.98,1.77,1.97,3.97,17.97,1.96,3.98,3.98,3.62,4.98,4.97,0.98,1.98,1.88,5.94,4.63,2.24,1.94,1.83,4.23,3.88,2.48,7.94,1.97,0.97,7.97,0.97,8.37,2.97,4.97
2014/11/23,4.64,0.46,0.98,0.7,0.7,11.88,0.7,0.46,7.88,14.72,0.7,6.68,12.98,3.87,10.98,4.88,1.56,5.47,10.98,10.97,0.46,6.87,0.46,5.98,10.98,0.46,0.7,0.46,3.98,5.48,14.72,1.0,5.24,14.72,3.97,3.67,0.46,0.46,2.98,5.48,12.78,0.46,0.46,2.24,0.7,0.46,4.97,5.74,8.97,1.48,3.92,17.97,2.98,5.64,5.22,4.23,2.84,3.98,1.88,7.98,2.73,4.88,3.48,0.98,4.47,5.97,2.37,3.48,2.48,2.26,3.98,1.77,1.97,3.97,17.97,1.96,3.98,3.98,3.62,4.98,4.97,0.98,1.98,1.88,5.94,4.63,2.24,1.94,1.83,4.23,3.88,2.48,7.94,1.97,0.97,7.97,0.97,8.37,2.97,4.97
2014/11/24,4.64,0.46,0.98,0.7,0.7,11.88,0.7,0.46,7.88,14.72,0.7,6.68,12.98,3.87,10.98,4.88,1.56,5.47,10.98,10.97,0.46,6.87,0.46,5.98,10.98,0.46,0.7,0.46,3.98,5.48,14.72,1.0,5.24,14.72,3.97,3.67,0.46,0.46,2.98,5.48,12.78,0.46,0.46,2.24,0.7,0.46,4.97,5.74,8.97,1.48,3.92,17.97,2.98,5.64,5.22,4.23,2.84,3.98,1.88,7.98,2.73,4.88,3.48,0.98,4.47,5.97,2.37,3.48,2.48,2.26,3.98,1.77,1.97,3.97,17.97,1.96,3.98,3.98,3.62,4.98,4.97,0.98,1.98,1.88,5.94,4.63,2.24,1.94,1.83,4.23,3.88,2.48,7.94,1.97,0.97,7.97,0.97,8.37,2.97,4.97
2014/11/25,4.64,0.46,0.98,0.7,0.7,11.88,0.7,0.46,7.88,14.72,0.7,6.68,12.98,3.87,10.98,4.88,1.56,5.47,10.98,10.97,0.46,6.87,0.46,5.98,10.98,0.46,0.7,0.46,3.98,5.48,14.72,1.0,5.24,14.72,3.97,3.67,0.46,0.46,2.98,5.48,12.78,0.46,0.46,2.24,0.7,0.46,4.97,5.74,8.97,1.48,3.92,17.97,2.98,5.64,5.22,4.23,2.84,3.98,1.88,7.98,2.73,4.88,3.48,0.98,4.47,5.97,2.37,3.48,2.48,2.26,3.98,1.77,1.97,3.97,17.97,1.96,3.98,3.98,3.62,4.98,4.97,0.98,1.98,1.88,5.94,4.63,2.24,1.94,1.83,4.23,3.88,2.48,7.94,1.97,0.97,7.97,0.97,8.37,2.97,4.97
2014/11/26,4.64,0.46,0.98,0.7,0.7,11.88,0.7,0.46,7.88,14.72,0.7,6.68,12.98,3.87,10.98,4.88,1.56,5.47,10.98,10.97,0.46,6.87,0.46,5.98,10.98,0.46,0.7,0.46,3.98,5.48,14.72,1.0,5.24,14.72,3.97,3.67,0.46,0.46,2.98,5.48,12.78,0.46,0.46,2.24,0.7,0.46,4.97,5.74,8.97,1.48,3.92,17.97,2.98,5.64,5.22,4.23,2.84,3.98,1.88,7.98,2.73,4.88,3.48,0.98,4.47,5.97,2.37,3.48,2.48,2.26,3.98,1.77,1.97,3.97,17.97,1.96,3.98,3.98,3.62,4.98,4.97,0.98,1.98,1.88,5.94,4.63,2.24,1.94,1.83,4.23,3.88,2.48,7.94,1.97,0.97,7.97,0.97,8.37,2.97,4.97
2014/11/27,4.64,0.46,0.98,0.7,0.7,11.88,0.7,0.46,7.88,14.72,0.7,6.68,12.98,3.87,10.98,4.88,1.56,5.47,10.98,10.97,0.46,6.87,0.46,5.98,10.98,0.46,0.7,0.46,3.98,5.48,14.72,1.0,5.24,14.72,3.97,3.67,0.46,0.46,2.98,5.48,12.78,0.46,0.46,2.24,0.7,0.46,4.97,5.74,8.97,1.48,3.92,17.97,2.98,5.64,5.22,4.23,2.84,3.98,1.88,7.98,2.73,4.88,3.48,0.98,4.47,5.97,2.37,3.48,2.48,2.26,3.98,1.77,1.97,3.97,17.97,1.96,3.98,3.98,3.62,4.98,4.97,0.98,1.98,1.88,5.94,4.63,2.24,1.94,1.83,4.23,3.88,2.48,7.94,1.97,0.97,7.97,0.97,8.37,2.97,4.97
2014/11/28,4.64,0.46,0.98,0.7,0.7,11.88,0.7,0.46,7.88,14.72,0.7,6.68,12.98,3.87,10.98,4.88,1.56,5.47,10.98,10.97,0.46,6.87,0.46,5.98,10.98,0.46,0.7,0.46,3.98,5.48,14.72,1.0,5.24,14.72,3.97,3.67,0.46,0.46,2.98,5.48,12.78,0.46,0.46,2.24,0.7,0.46,4.97,5.74,8.97,1.48,3.92,17.97,2.98,5.64,5.22,4.23,2.84,3.98,1.88,7.98,2.73,4.88,3.48,0.98,4.47,5.97,2.37,3.48,2.48,2.26,3.98,1.77,1.97,3.97,17.97,1.96,3.98,3.98,3.62,4.98,4.97,0.98,1.98,1.88,5.94,4.63,2.24,1.94,1.83,4.23,3.88,2.48,7.94,1.97,0.97,7.97,0.97,8.37,2.97,4.97
2014/11/29,4.64,0.46,0.98,0.7,0.7,11.88,0.7,0.46,7.88,14.72,0.7,6.68,12.98,3.87,10.98,4.88,1.56,5.47,10.98,10.97,0.46,6.87,0.46,5.98,10.98,0.46,0.7,0.46,3.98,5.48,14.72,1.0,5.24,14.72,3.97,3.67,0.46,0.46,2.98,5.48,12.78,0.46,0.46,2.24,0.7,0.46,4.97,5.74,8.97,1.48,3.92,17.97,2.98,5.64,5.22,4.23,2.84,3.98,1.88,7.98,2.73,4.88,3.48,0.98,4.47,5.97,2.37,3.48,2.48,2.26,3.98,1.77,1.97,3.97,17.97,1.96,3.98,3.98,3.62,4.98,4.97,0.98,1.98,1.88,5.94,4.63,2.24,1.94,1.83,4.23,3.88,2.48,7.94,1.97,0.97,7.97,0.97,8.37,2.97,4.97
2014/11/30,4.64,0.46,0.98,0.7,0.7,11.88,0.7,0.46,7.88,14.72,0.7,6.68,12.98,3.87,10.98,4.88,1.56,5.47,10.98,10.97,0.46,6.87,0.46,5.98,10.98,0.46,0.7,0.46,3.98,5.48,14.72,1.0,5.24,14.72,3.97,3.67,0.46,0.46,2.98,5.48,12.78,0.46,0.46,2.24,0.7,0.46,4.97,5.74,8.97,1.48,3.92,17.97,2.98,5.64,5.22,4.23,2.84,3.98,1.88,7.98,2.73,4.88,3.48,0.98,4.47,5.97,2.37,3.48,2.48,2.26,3.98,1.77,1.97,3.97,17.97,1.96,3.98,3.98,3.62,4.98,4.97,0.98,1.98,1.88,5.94,4.63,2.24,1.94,1.83,4.23,3.88,2.48,7.94,1.97,0.97,7.97,0.97,8.37,2.97,4.97
2014/12/01,4.64,0.46,0.98,0.7,0.7,11.88,0.7,0.46,7.88,14.72,0.7,6.68,12.98,3.87,10.98,4.88,1.56,5.47,10.98,10.97,0.46,6.87,0.46,5.98,10.98,0.46,0.7,0.46,3.98,5.48,14.72,1.0,5.24,14.72,3.97,3.67,0.46,0.46,2.98,5.48,12.78,0.46,0.46,2.24,0.7,0.46,4.97,5.74,8.97,1.48,3.92,17.97,2.98,5.64,5.22,4.23,2.84,3.98,1.88,7.98,2.73,4.88,3.48,0.98,4.47,5.97,2.37,3.48,2.48,2.26,3.98,1.77,1.97,3.97,17.97,1.96,3.98,3.98,3.62,4.98,4.97,0.98,1.98,1.88,5.94,4.63,2.24,1.94,1.83,4.23,3.88,2.48,7.94,1.97,0.97,7.97,0.97,8.37,2.97,4.97
2014/12/02,4.64,0.46,0.98,0.7,0.7,11.88,0.7,0.46,7.88,14.72,0.7,6.68,12.98,3.87,10.98,4.88,1.56,5.47,10.98,10.97,0.46,6.87,0.46,5.98,10.98,0.46,0.7,0.46,3.98,5.48,14.72,1.0,5.24,14.72,3.97,3.67,0.46,0.46,2.98,5.48,12.78,0.46,0.46,2.24,0.7,0.46,4.97,5.74,8.97,1.48,3.92,17.97,2.98,5.64,5.22,4.23,2.84,3.98,1.88,7.98,2.73,4.88,3.48,0.98,4.47,5.97,2.37,3.48,2.48,2.26,3.98,1.77,1.97,3.97,17.97,1.96,3.98,3.98,3.62,4.98,4.97,0.98,1.98,1.88,5.94,4.63,2.24,1.94,1.83,4.23,3.88,2.48,7.94,1.97,0.97,7.97,0.97,8.37,2.97,4.97
2014/12/03,4.64,0.46,0.98,0.7,0.7,11.88,0.7,0.46,7.88,14.72,0.7,6.68,12.98,3.87,10.98,4.88,1.56,5.47,10.98,10.97,0.46,6.87,0.46,5.98,10.98,0.46,0.7,0.46,3.98,5.48,14.72,1.0,5.24,14.72,3.97,3.67,0.46,0.46,2.98,5.48,12.78,0.46,0.46,2.24,0.7,0.46,4.97,5.74,8.97,1.48,3.92,17.97,2.98,5.64,5.22,4.23,2.84,3.98,1.88,7.98,2.73,4.88,3.48,0.98,4.47,5.97,2.37,3.48,2.48,2.26,3.98,1.77,1.97,3.97,17.97,1.96,3.98,3.98,3.62,4.98,4.97,0.98,1.98,1.88,5.94,4.63,2.24,1.94,1.83,4.23,3.88,2.48,7.94,1.97,0.97,7.97,0.97,8.37,2.97,4.97
2014/12/04,4.64,0.46,0.98,0.7,0.7,11.88,0.7,0.46,7.88,14.72,0.7,6.68,12.98,3.87,10.98,4.88,1.56,5.47,10.98,10.97,0.46,6.87,0.46,5.98,10.98,0.46,0.7,0.46,3.98,5.48,14.72,1.0,5.24,14.72,3.97,3.67,0.46,0.46,2.98,5.48,12.78,0.46,0.46,2.24,0.7,0.46,4.97,5.74,8.97,1.48,3.92,17.97,2.98,5.64,5.22,4.23,2.84,3.98,1.88,7.98,2.73,4.88,3.48,0.98,4.47,5.97,2.37,3.48,2.48,2.26,3.98,1.77,1.97,3.97,17.97,1.96,3.98,3.98,3.62,4.98,4.97,0.98,1.98,1.88,5.94,4.63,2.24,1.94,1.83,4.23,3.88,2.48,7.94,1.97,0.97,7.97,0.97,8.37,2.97,4.97
2014/12/05,4.64,0.46,0.98,0.7,0.7,11.88,0.7,0.46,7.88,14.72,0.7,6.68,12.98,3.87,10.98,4.88,1.56,5.47,10.98,10.97,0.46,6.87,0.46,5.98,10.98,0.46,0.7,0.46,3.98,5.48,14.72,1.0,5.24,14.72,3.97,3.67,0.46,0.46,2.98,5.48,12.78,0.46,0.46,2.24,0.7,0.46,4.97,5.74,8.97,1.48,3.92,17.97,2.98,5.64,5.22,4.23,2.84,3.98,1.88,7.98,2.73,4.88,3.48,0.98,4.47,5.97,2.37,3.48,2.48,2.26,3.98,1.77,1.97,3.97,17.97,1.96,3.98,3.98,3.62,4.98,4.97,0.98,1.98,1.88,5.94,4.63,2.24,1.94,1.83,4.23,3.88,2.48,7.94,1.97,0.97,7.97,0.97,8.37,2.97,4.97
2014/12/06,4.64,0.46,0.98,0.7,0.7,11.88,0.7,0.46,7.88,14.72,0.7,6.68,12.98,3.87,10.98,4.88,1.56,5.47,10.98,10.97,0.46,6.87,0.46,5.98,10.98,0.46,0.7,0.46,3.98,5.48,14.72,1.0,5.24,14.72,3.97,3.67,0.46,0.46,2.98,5.48,12.78,0.46,0.46,2.24,0.7,0.46,4.97,5.74,8.97,1.48,3.92,17.97,2.98,5.64,5.22,4.23,2.84,3.98,1.88,7.98,2.73,4.88,3.48,0.98,4.47,5.97,2.37,3.48,2.48,2.26,3.98,1.77,1.97,3.97,17.97,1.96,3.98,3.98,3.62,4.98,4.97,0.98,1.98,1.88,5.94,4.63,2.24,1.94,1.83,4.23,3.88,2.48,7.94,1.97,0.97,7.97,0.97,8.37,2.97,4.97
2014/12/07,4.64,0.46,0.98,0.7,0.7,11.88,0.7,0.46,7.88,14.72,0.7,6.68,12.98,3.87,10.98,4.88,1.56,5.47,10.98,10.97,0.46,6.87,0.46,5.98,10.98,0.46,0.7,0.46,3.98,5.48,14.72,1.0,5.24,14.72,3.97,3.67,0.46,0.46,2.98,5.48,12.78,0.46,0.46,2.24,0.7,0.46,4.97,5.74,8.97,1.48,3.92,17.97,2.98,5.64,5.22,4.23,2.84,3.98,1.88,7.98,2.73,4.88,3.48,0.98,4.47,5.97,2.37,3.48,2.48,2.26,3.98,1.77,1.97,3.97,17.97,1.96,3.98,3.98,3.62,4.98,4.97,0.98,1.98,1.88,5.94,4.63,2.24,1.94,1.83,4.23,3.88,2.48,7.94,1.97,0.97,7.97,0.97,8.37,2.97,4.97
2014/12/08,4.64,0.46,0.98,0.7,0.7,11.88,0.7,0.46,7.88,14.72,0.7,6.68,12.98,3.87,10.98,4.88,1.56,5.47,10.98,10.97,0.46,6.87,0.46,5.98,10.98,0.46,0.7,0.46,3.98,5.48,14.72,1.0,5.24,14.72,3.97,3.67,0.46,0.46,2.98,5.48,12.78,0.46,0.46,2.24,0.7,0.46,4.97,5.74,8.97,1.48,3.92,17.97,2.98,5.64,5.22,4.23,2.84,3.98,1.88,7.98,2.73,4.88,3.48,0.98,4.47,5.97,2.37,3.48,2.48,2.26,3.98,1.77,1.97,3.97,17.97,1.96,3.98,3.98,3.62,4.98,4.97,0.98,1.98,1.88,5.94,4.63,2.24,1.94,1.83,4.23,3.88,2.48,7.94,1.97,0.97,7.97,0.97,8.37,2.97,4.97
2014/12/09,4.64,0.46,0.98,0.7,0.7,11.88,0.7,0.46,7.88,14.72,0.7,6.68,12.98,3.87,10.98,4.88,1.56,5.47,10.98,10.97,0.46,6.87,0.46,5.98,10.98,0.46,0.7,0.46,3.98,5.48,14.72,1.0,5.24,14.72,3.97,3.67,0.46,0.46,2.98,5.48,12.78,0.46,0.46,2.24,0.7,0.46,4.97,5.74,8.97,1.48,3.92,17.97,2.98,5.64,5.22,4.23,2.84,3.98,1.88,7.98,2.73,4.88,3.48,0.98,4.47,5.97,2.37,3.48,2.48,2.26,3.98,1.77,1.97,3.97,17.97,1.96,3.98,3.98,3.62,4.98,4.97,0.98,1.98,1.88,5.94,4.63,2.24,1.94,1.83,4.23,3.88,2.48,7.94,1.97,0.97,7.97,0.97,8.37,2.97,4.97
2014/12/10,4.64,0.46,0.98,0.7,0.7,11.88,0.7,0.46,7.88,14.72,0.7,6.68,12.98,3.87,10.98,4.88,1.56,5.47,10.98,10.97,0.46,6.87,0.46,5.98,10.98,0.46,0.7,0.46,3.98,5.48,14.72,1.0,5.24,14.72,3.97,3.67,0.46,0.46,2.98,5.48,12.78,0.46,0.46,2.24,0.7,0.46,4.97,5.74,8.97,1.48,3.92,17.97,2.98,5.64,5.22,4.23,2.84,3.98,1.88,7.98,2.73,4.88,3.48,0.98,4.47,5.97,2.37,3.48,2.48,2.26,3.98,1.77,1.97,3.97,17.97,1.96,3.98,3.98,3.62,4.98,4.97,0.98,1.98,1.88,5.94,4.63,2.24,1.94,1.83,4.23,3.88,2.48,7.94,1.97,0.97,7.97,0.97,8.37,2.97,4.97
2014/12/11,4.64,0.46,0.98,0.7,0.7,11.88,0.7,0.46,7.88,14.72,0.7,6.68,12.98,3.87,10.98,4.88,1.56,5.47,10.98,10.97,0.46,6.87,0.46,5.98,10.98,0.46,0.7,0.46,3.98,5.48,14.72,1.0,5.24,14.72,3.97,3.67,0.46,0.46,2.98,5.48,12.78,0.46,0.46,2.24,0.7,0.46,4.97,5.74,8.97,1.48,3.92,17.97,2.98,5.64,5.22,4.23,2.84,3.98,1.88,7.98,2.73,4.88,3.48,0.98,4.47,5.97,2.37,3.48,2.48,2.26,3.98,1.77,1.97,3.97,17.97,1.96,3.98,3.98,3.62,4.98,4.97,0.98,1.98,1.88,5.94,4.63,2.24,1.94,1.83,4.23,3.88,2.48,7.94,1.97,0.97,7.97,0.97,8.37,2.97,4.97
2014/12/12,4.64,0.46,0.98,0.7,0.7,11.88,0.7,0.46,7.88,14.72,0.7,6.68,12.98,3.87,10.98,4.88,1.56,5.47,10.98,10.97,0.46,6.87,0.46,5.98,10.98,0.46,0.7,0.46,3.98,5.48,14.72,1.0,5.24,14.72,3.97,3.67,0.46,0.46,2.98,5.48,12.78,0.46,0.46,2.24,0.7,0.46,4.97,5.74,8.97,1.48,3.92,17.97,2.98,5.64,5.22,4.23,2.84,3.98,1.88,7.98,2.73,4.88,3.48,0.98,4.47,5.97,2.37,3.48,2.48,2.26,3.98,1.77,1.97,3.97,17.97,1.96,3.98,3.98,3.62,4.98,4.97,0.98,1.98,1.88,5.94,4.63,2.24,1.94,1.83,4.23,3.88,2.48,7.94,1.97,0.97,7.97,0.97,8.37,2.97,4.97
2014/12/13,4.64,0.46,0.98,0.7,0.7,11.88,0.7,0.46,7.88,14.72,0.7,6.68,12.98,3.87,10.98,4.88,1.56,5.47,10.98,10.97,0.46,6.87,0.46,5.98,10.98,0.46,0.7,0.46,3.98,5.48,14.72,1.0,5.24,14.72,3.97,3.67,0.46,0.46,2.98,5.48,12.78,0.46,0.46,2.24,0.7,0.46,4.97,5.74,8.97,1.48,3.92,17.97,2.98,5.64,5.22,4.23,2.84,3.98,1.88,7.98,2.73,4.88,3.48,0.98,4.47,5.97,2.37,3.48,2.48,2.26,3.98,1.77,1.97,3.97,17.97,1.96,3.98,3.98,3.62,4.98,4.97,0.98,1.98,1.88,5.94,4.63,2.24,1.94,1.83,4.23,3.88,2.48,7.94,1.97,0.97,7.97,0.97,8.37,2.97,4.97
2014/12/14,4.64,0.46,0.98,0.7,0.7,11.88,0.7,0.46,7.88,14.72,0.7,6.68,12.98,3.87,10.98,4.88,1.56,5.47,10.98,10.97,0.46,6.87,0.46,5.98,10.98,0.46,0.7,0.46,3.98,5.48,14.72,1.0,5.24,14.72,3.97,3.67,0.46,0.46,2.98,5.48,12.78,0.46,0.46,2.24,0.7,0.46,4.97,5.74,8.97,1.48,3.92,17.97,2.98,5.64,5.22,4.23,2.84,3.98,1.88,7.98,2.73,4.88,3.48,0.98,4.47,5.97,2.37,3.48,2.48,2.26,3.98,1.77,1.97,3.97,17.97,1.96,3.98,3.98,3.62,4.98,4.97,0.98,1.98,1.88,5.94,4.63,2.24,1.94,1.83,4.23,3.88,2.48,7.94,1.97,0.97,7.97,0.97,8.37,2.97,4.97
2014/12/15,4.64,0.46,0.98,0.7,0.7,11.88,0.7,0.46,7.88,14.72,0.7,6.68,12.98,3.87,10.98,4.88,1.56,5.47,10.98,10.97,0.46,6.87,0.46,5.98,10.98,0.46,0.7,0.46,3.98,5.48,14.72,1.0,5.24,14.72,3.97,3.67,0.46,0.46,2.98,5.48,12.78,0.46,0.46,2.24,0.7,0.46,4.97,5.74,8.97,1.48,3.92,17.97,2.98,5.64,5.22,4.23,2.84,3.98,1.88,7.98,2.73,4.88,3.48,0.98,4.47,5.97,2.37,3.48,2.48,2.26,3.98,1.77,1.97,3.97,17.97,1.96,3.98,3.98,3.62,4.98,4.97,0.98,1.98,1.88,5.94,4.63,2.24,1.94,1.83,4.23,3.88,2.48,7.94,1.97,0.97,7.97,0.97,8.37,2.97,4.97
2014/12/16,4.64,0.46,0.98,0.7,0.7,11.88,0.7,0.46,7.88,14.72,0.7,6.68,12.98,3.87,10.98,4.88,1.56,5.47,10.98,10.97,0.46,6.87,0.46,5.98,10.98,0.46,0.7,0.46,3.98,5.48,14.72,1.0,5.24,14.72,3.97,3.67,0.46,0.46,2.98,5.48,12.78,0.46,0.46,2.24,0.7,0.46,4.97,5.74,8.97,1.48,3.92,17.97,2.98,5.64,5.22,4.23,2.84,3.98,1.88,7.98,2.73,4.88,3.48,0.98,4.47,5.97,2.37,3.48,2.48,2.26,3.98,1.77,1.97,3.97,17.97,1.96,3.98,3.98,3.62,4.98,4.97,0.98,1.98,1.88,5.94,4.63,2.24,1.94,1.83,4.23,3.88,2.48,7.94,1.97,0.97,7.97,0.97,8.37,2.97,4.97
2014/12/17,4.64,0.46,0.98,0.7,0.7,11.88,0.7,0.46,7.88,14.72,0.7,6.68,12.98,3.87,10.98,4.88,1.56,5.47,10.98,10.97,0.46,6.87,0.46,5.98,10.98,0.46,0.7,0.46,3.98,5.48,14.72,1.0,5.24,14.72,3.97,3.67,0.46,0.46,2.98,5.48,12.78,0.46,0.46,2.24,0.7,0.46,4.97,5.74,8.97,1.48,3.92,17.97,2.98,5.64,5.22,4.23,2.84,3.98,1.88,7.98,2.73,4.88,3.48,0.98,4.47,5.97,2.37,3.48,2.48,2.26,3.98,1.77,1.97,3.97,17.97,1.96,3.98,3.98,3.62,4.98,4.97,0.98,1.98,1.88,5.94,4.63,2.24,1.94,1.83,4.23,3.88,2.48,7.94,1.97,0.97,7.97,0.97,8.37,2.97,4.97
2014/12/18,4.64,0.46,0.98,0.7,0.7,11.88,0.7,0.46,7.88,14.72,0.7,6.68,12.98,3.87,10.98,4.88,1.56,5.47,10.98,10.97,0.46,6.87,0.46,5.98,10.98,0.46,0.7,0.46,3.98,5.48,14.72,1.0,5.24,14.72,3.97,3.67,0.46,0.46,2.98,5.48,12.78,0.46,0.46,2.24,0.7,0.46,4.97,5.74,8.97,1.48,3.92,17.97,2.98,5.64,5.22,4.23,2.84,3.98,1.88,7.98,2.73,4.88,3.48,0.98,4.47,5.97,2.37,3.48,2.48,2.26,3.98,1.77,1.97,3.97,17.97,1.96,3.98,3.98,3.62,4.98,4.97,0.98,1.98,1.88,5.94,4.63,2.24,1.94,1.83,4.23,3.88,2.48,7.94,1.97,0.97,7.97,0.97,8.37,2.97,4.97
2014/12/19,4.64,0.46,0.98,0.7,0.7,11.88,0.7,0.46,7.88,14.72,0.7,6.68,12.98,3.87,10.98,4.88,1.56,5.47,10.98,10.97,0.46,6.87,0.46,5.98,10.98,0.46,0.7,0.46,3.98,5.48,14.72,1.0,5.24,14.72,3.97,3.67,0.46,0.46,2.98,5.48,12.78,0.46,0.46,2.24,0.7,0.46,4.97,5.74,8.97,1.48,3.92,17.97,2.98,5.64,5.22,4.23,2.84,3.98,1.88,7.98,2.73,4.88,3.48,0.98,4.47,5.97,2.37,3.48,2.48,2.26,3.98,1.77,1.97,3.97,17.97,1.96,3.98,3.98,3.62,4.98,4.97,0.98,1.98,1.88,5.94,4.63,2.24,1.94,1.83,4.23,3.88,2.48,7.94,1.97,0.97,7.97,0.97,8.37,2.97,4.97
2014/12/20,4.64,0.46,0.98,0.7,0.7,11.88,0.7,0.46,7.88,14.72,0.7,6.68,12.98,3.87,10.98,4.88,1.56,5.47,10.98,10.97,0.46,6.87,0.46,5.98,10.98,0.46,0.7,0.46,3.98,5.48,14.72,1.0,5.24,14.72,3.97,3.67,0.46,0.46,2.98,5.48,12.78,0.46,0.46,2.24,0.7,0.46,4.97,5.74,8.97,1.48,3.92,17.97,2.98,5.64,5.22,4.23,2.84,3.98,1.88,7.98,2.73,4.88,3.48,0.98,4.47,5.97,2.37,3.48,2.48,2.26,3.98,1.77,1.97,3.97,17.97,1.96,3.98,3.98,3.62,4.98,4.97,0.97,1.98,1.88,5.94,4.63,2.24,1.94,1.83,4.23,3.88,2.48,7.94,1.97,0.97,7.97,0.97,8.37,2.97,4.97
2014/12/21,4.64,0.46,0.98,0.7,0.7,11.88,0.7,0.46,7.88,14.72,0.7,6.68,12.98,3.87,10.98,4.88,1.56,5.47,10.98,10.97,0.46,6.87,0.46,5.98,10.98,0.46,0.7,0.46,3.98,5.48,14.72,1.0,5.24,14.72,3.97,3.67,0.46,0.46,2.98,5.48,12.78,0.46,0.46,2.24,0.7,0.46,4.97,5.74,8.97,1.48,3.92,17.97,2.98,5.64,5.22,4.23,2.84,3.98,1.88,7.98,2.73,4.88,3.48,0.98,4.47,5.97,2.37,3.48,2.48,2.26,3.98,1.77,1.97,3.97,17.97,1.96,3.98,3.98,3.62,4.98,4.97,0.97,1.98,1.88,5.94,4.63,2.24,1.94,1.83,4.23,3.88,2.48,7.94,1.97,0.97,7.97,0.97,8.37,2.97,4.97
2014/12/22,4.64,0.46,0.98,0.7,0.7,11.88,0.7,0.46,7.88,14.72,0.7,6.68,12.98,3.87,10.98,4.88,1.56,5.47,10.98,10.97,0.46,6.87,0.46,5.98,10.98,0.46,0.7,0.46,3.98,5.48,14.72,1.0,5.24,14.72,3.97,3.67,0.46,0.46,2.98,5.48,12.78,0.46,0.46,2.24,0.7,0.46,4.97,5.74,8.97,1.48,3.92,17.97,2.98,5.64,5.22,4.23,2.84,3.98,1.88,7.98,2.73,4.88,3.48,0.98,4.47,5.97,2.37,3.48,2.48,2.26,3.98,1.77,1.97,3.97,17.97,1.96,3.98,3.98,3.62,4.98,4.97,0.97,1.98,1.88,5.94,4.63,2.24,1.94,1.83,4.23,3.88,2.48,7.94,1.97,0.97,7.97,0.97,8.37,2.97,4.97
2014/12/23,4.64,0.46,0.98,0.7,0.7,11.88,0.7,0.46,7.88,14.72,0.7,6.68,12.98,3.87,10.98,4.88,1.56,5.47,10.98,10.97,0.46,6.87,0.46,5.98,10.98,0.46,0.7,0.46,3.98,5.48,14.72,1.0,5.24,14.72,3.97,3.67,0.46,0.46,2.98,5.48,12.78,0.46,0.46,2.24,0.7,0.46,4.97,5.74,8.97,1.48,3.92,17.97,2.98,5.64,5.22,4.23,2.84,3.98,1.88,7.98,2.73,4.88,3.48,0.98,4.47,5.97,2.37,3.48,2.48,2.26,3.98,1.77,1.97,3.97,17.97,1.96,3.98,3.98,3.62,4.98,4.97,0.97,1.98,1.88,5.94,4.63,2.24,1.94,1.83,4.23,3.88,2.48,7.94,1.97,0.97,7.97,0.97,8.37,2.97,4.97
2014/12/24,4.64,0.46,0.98,0.7,0.7,11.88,0.7,0.46,7.88,14.72,0.7,6.68,12.98,3.87,10.98,4.88,1.56,5.47,10.98,10.97,0.46,6.87,0.46,5.98,10.98,0.46,0.7,0.46,3.98,5.48,14.72,1.0,5.24,14.72,3.97,3.67,0.46,0.46,2.98,5.48,12.78,0.46,0.46,2.24,0.7,0.46,4.97,5.74,8.97,1.48,3.92,17.97,2.98,5.64,5.22,4.23,2.84,3.98,1.88,7.98,2.73,4.88,3.48,0.98,4.47,5.97,2.37,3.48,2.48,2.26,3.98,1.77,1.97,3.97,17.97,1.96,3.98,3.98,3.62,4.98,4.97,0.97,1.98,1.88,5.94,4.63,2.24,1.94,1.83,4.23,3.88,2.48,7.94,1.97,0.97,7.97,0.97,8.37,2.97,4.97
2014/12/25,4.64,0.46,0.98,0.7,0.7,11.88,0.7,0.46,7.88,14.72,0.7,6.68,12.98,3.87,10.98,4.88,1.56,5.47,10.98,10.97,0.46,6.87,0.46,5.98,10.98,0.46,0.7,0.46,3.98,5.48,14.72,1.0,5.24,14.72,3.97,3.67,0.46,0.46,2.98,5.48,12.78,0.46,0.46,2.24,0.7,0.46,4.97,5.74,8.97,1.48,3.92,17.97,2.98,5.64,5.22,4.23,2.84,3.98,1.88,7.98,2.73,4.88,3.48,0.98,4.47,5.97,2.37,3.48,2.48,2.26,3.98,1.77,1.97,3.97,17.97,1.96,3.98,3.98,3.62,4.98,4.97,0.97,1.98,1.88,5.94,4.63,2.24,1.94,1.83,4.23,3.88,2.48,7.94,1.97,0.97,7.97,0.97,8.37,2.97,4.97
2014/12/26,4.64,0.46,0.98,0.7,0.7,11.88,0.7,0.46,7.88,14.72,0.7,6.68,12.98,3.87,10.98,4.88,1.56,5.47,10.98,10.97,0.46,6.87,0.46,5.98,10.98,0.46,0.7,0.46,3.98,5.48,14.72,1.0,5.24,14.72,3.97,3.67,0.46,0.46,2.98,5.48,12.78,0.46,0.46,2.24,0.7,0.46,4.97,5.74,8.97,1.48,3.92,17.97,2.98,5.64,5.22,4.23,2.84,3.98,1.88,7.98,2.73,4.88,3.48,0.98,4.47,5.97,2.37,3.48,2.48,2.26,3.98,1.77,1.97,3.97,17.97,1.96,3.98,3.98,3.62,4.98,4.97,0.97,1.98,1.88,5.94,4.63,2.24,1.94,1.83,4.23,3.88,2.48,7.94,1.97,0.97,7.97,0.97,8.37,2.97,4.97
2014/12/27,4.64,0.46,0.98,0.7,0.7,11.88,0.7,0.46,7.88,14.72,0.7,6.68,12.98,3.87,10.98,4.88,1.56,5.47,10.98,10.97,0.46,6.87,0.46,5.98,10.98,0.46,0.7,0.46,3.98,5.48,14.72,1.0,5.24,14.72,3.97,3.67,0.46,0.46,2.98,5.48,12.78,0.46,0.46,2.24,0.7,0.46,4.97,5.74,8.97,1.48,3.92,17.97,2.98,5.64,5.22,4.23,2.84,3.98,1.88,7.98,2.73,4.88,3.48,0.97,4.47,5.97,2.37,3.48,2.48,2.26,3.98,1.77,1.97,3.97,17.97,1.96,3.98,3.98,3.62,4.98,4.97,0.97,1.98,1.88,5.94,4.63,2.24,1.94,1.83,4.23,3.88,2.48,7.94,1.97,0.97,7.97,0.97,8.37,2.97,4.97
2014/12/28,4.64,0.46,0.98,0.7,0.7,11.88,0.7,0.46,7.88,14.72,0.7,6.68,12.98,3.87,10.98,4.88,1.56,5.47,10.98,10.97,0.46,6.87,0.46,5.98,10.98,0.46,0.7,0.46,3.98,5.48,14.72,1.0,5.24,14.72,3.97,3.67,0.46,0.46,2.98,5.48,12.78,0.46,0.46,2.24,0.7,0.46,4.97,5.74,8.97,1.48,3.92,17.97,2.98,5.64,5.22,4.23,2.84,3.98,1.88,7.98,2.73,4.88,3.48,0.97,4.47,5.97,2.37,3.48,2.48,2.26,3.98,1.77,1.97,3.97,17.97,1.96,3.98,3.98,3.62,4.98,4.97,0.97,1.98,1.88,5.94,4.63,2.24,1.94,1.83,4.23,3.88,2.48,7.94,1.97,0.97,7.97,0.97,8.37,2.97,4.97
2014/12/29,4.64,0.46,0.98,0.7,0.7,11.88,0.7,0.46,7.88,14.72,0.7,6.68,12.98,3.87,10.98,4.88,1.56,5.47,10.98,10.97,0.46,6.87,0.46,5.98,10.98,0.46,0.7,0.46,3.98,5.48,14.72,1.0,5.24,14.72,3.97,3.67,0.46,0.46,2.98,5.48,12.78,0.46,0.46,2.24,0.7,0.46,4.97,5.74,8.97,1.48,3.92,17.97,2.98,5.64,5.22,4.23,2.84,3.98,1.88,7.98,2.73,4.88,3.48,0.97,4.47,5.97,2.37,3.48,2.48,2.26,3.98,1.77,1.97,3.97,17.97,1.96,3.98,3.98,3.62,4.98,4.97,0.97,1.98,1.88,5.94,4.63,2.24,1.94,1.83,4.23,3.88,2.48,7.94,1.97,0.97,7.97,0.97,8.37,2.97,4.97
2014/12/30,4.64,0.46,0.98,0.7,0.7,11.88,0.7,0.46,7.88,14.72,0.7,6.68,12.98,3.87,10.98,4.88,1.56,5.47,10.98,10.97,0.46,6.87,0.46,5.98,10.98,0.46,0.7,0.46,3.98,5.48,14.72,1.0,5.24,14.72,3.97,3.67,0.46,0.46,2.98,5.48,12.78,0.46,0.46,2.24,0.7,0.46,4.97,5.74,8.97,1.48,3.92,17.97,2.98,5.64,5.22,4.23,2.84,3.98,1.88,7.98,2.73,4.88,3.48,0.97,4.47,5.97,2.37,3.48,2.48,2.26,3.98,1.77,1.97,3.97,17.97,1.96,3.98,3.98,3.62,4.98,4.97,0.97,1.98,1.88,5.94,4.63,2.24,1.94,1.83,4.23,3.88,2.48,7.94,1.97,0.97,7.97,0.97,8.37,2.97,4.97
2014/12/31,4.64,0.46,0.98,0.7,0.7,11.88,0.7,0.46,7.88,14.72,0.7,6.68,12.98,3.87,10.98,4.88,1.56,5.47,10.98,10.97,0.46,6.87,0.46,5.98,10.98,0.46,0.7,0.46,3.98,5.48,14.72,1.0,5.24,14.72,3.97,3.67,0.46,0.46,2.98,5.48,12.78,0.46,0.46,2.24,0.7,0.46,4.97,5.74,8.97,1.48,3.92,17.97,2.98,5.64,5.22,4.23,2.84,3.98,1.88,7.98,2.73,4.88,3.48,0.97,4.47,5.97,2.37,3.48,2.48,2.26,3.98,1.77,1.97,3.97,17.97,1.96,3.98,3.98,3.62,4.98,4.97,0.97,1.98,1.88,5.94,4.63,2.24,1.94,1.83,4.23,3.88,2.48,7.94,1.97,0.97,7.97,0.97,8.37,2.97,4.97
2015/01/01,4.64,0.46,0.98,0.7,0.7,11.88,0.7,0.46,7.88,14.72,0.7,6.68,12.98,3.87,10.98,4.88,1.56,5.47,10.98,10.97,0.46,6.87,0.46,5.98,10.98,0.46,0.7,0.46,3.98,5.48,14.72,1.0,5.24,14.72,3.97,3.67,0.46,0.46,2.98,5.48,12.78,0.46,0.46,2.24,0.7,0.46,4.97,5.74,8.97,1.48,3.92,17.97,2.98,5.64,5.22,4.23,2.84,3.98,1.88,7.98,2.73,4.88,3.48,0.97,4.47,5.97,2.37,3.48,2.48,2.26,3.98,1.77,1.97,3.97,17.97,1.96,3.98,3.98,3.62,4.98,4.97,0.97,1.98,1.88,5.94,4.63,2.24,1.94,1.83,4.23,3.88,2.48,7.94,1.97,0.97,7.97,0.97,8.37,2.97,4.97
2015/01/02,4.64,0.46,0.98,0.7,0.7,11.88,0.7,0.46,7.88,14.72,0.7,6.68,12.98,3.87,10.98,4.88,1.56,5.47,10.98,10.97,0.46,6.87,0.46,5.98,10.98,0.46,0.7,0.46,3.98,5.48,14.72,1.0,5.24,14.72,3.97,3.67,0.46,0.46,2.98,5.48,12.78,0.46,0.46,2.24,0.7,0.46,4.97,5.74,8.97,1.48,3.92,17.97,2.98,5.64,5.22,4.23,2.84,3.98,1.88,7.98,2.73,4.88,3.48,0.97,4.47,5.97,2.37,3.48,2.48,2.26,3.98,1.77,1.97,3.97,17.97,1.96,3.98,3.98,3.62,4.98,4.97,0.97,1.98,1.88,5.94,4.63,2.24,1.94,1.83,4.23,3.88,2.48,7.94,1.97,0.97,7.97,0.97,8.37,2.97,4.97
2015/01/03,4.64,0.46,0.98,0.7,0.7,11.88,0.7,0.46,7.88,14.72,0.7,6.68,12.98,3.87,10.98,4.88,1.56,5.47,10.98,10.97,0.46,6.87,0.46,5.98,10.98,0.46,0.7,0.46,3.98,5.48,14.72,1.0,5.24,14.72,3.97,3.67,0.46,0.46,2.98,5.48,12.78,0.46,0.46,2.24,0.7,0.46,4.97,5.74,8.97,1.48,3.92,17.97,2.98,5.64,5.22,4.23,2.84,3.98,1.88,7.98,2.73,4.88,3.48,0.97,4.47,5.97,2.37,3.48,2.48,2.26,3.98,1.77,1.97,3.97,17.97,1.96,3.98,3.98,3.62,4.98,4.97,0.97,1.98,1.88,5.94,4.63,2.24,1.94,1.83,4.23,3.88,2.48,7.94,1.97,0.97,7.97,0.97,8.37,2.97,4.97
2015/01/04,4.64,0.46,0.98,0.7,0.7,11.88,0.7,0.46,7.88,14.72,0.7,6.68,12.98,3.87,10.98,4.88,1.56,5.47,10.98,10.97,0.46,6.87,0.46,5.98,10.98,0.46,0.7,0.46,3.98,5.48,14.72,1.0,5.24,14.72,3.97,3.67,0.46,0.46,2.98,5.48,12.78,0.46,0.46,2.24,0.7,0.46,4.97,5.74,8.97,1.48,3.92,17.97,2.98,5.64,5.22,4.23,2.84,3.98,1.88,7.98,2.73,4.88,3.48,0.97,4.47,5.97,2.37,3.48,2.48,2.26,3.98,1.77,1.97,3.97,17.97,1.96,3.98,3.98,3.62,4.98,4.97,0.97,1.98,1.88,5.94,4.63,2.24,1.94,1.83,4.23,3.88,2.48,7.94,1.97,0.97,7.97,0.97,8.37,2.97,4.97
2015/01/05,4.64,0.46,0.98,0.7,0.7,11.88,0.7,0.46,7.88,14.72,0.7,6.68,12.98,3.87,10.98,4.88,1.56,5.47,10.98,10.97,0.46,6.87,0.46,5.98,10.98,0.46,0.7,0.46,3.98,5.48,14.72,1.0,5.24,14.72,3.97,3.67,0.46,0.46,2.98,5.48,12.78,0.46,0.46,2.24,0.7,0.46,4.97,5.74,8.97,1.48,3.92,17.97,2.98,5.64,5.22,4.23,2.84,3.98,1.88,7.98,2.73,4.88,3.48,0.97,4.47,5.97,2.37,3.48,2.48,2.26,3.98,1.77,1.97,3.97,17.97,1.96,3.98,3.98,3.62,4.98,4.97,0.97,1.98,1.88,5.94,4.63,2.24,1.94,1.83,4.23,3.88,2.48,7.94,1.97,0.97,7.97,0.97,8.37,2.97,4.97
2015/01/06,4.64,0.46,0.98,0.7,0.7,11.88,0.7,0.46,7.88,14.72,0.7,6.68,12.98,3.87,10.98,4.88,1.56,5.47,10.98,10.97,0.46,6.87,0.46,5.98,10.98,0.46,0.7,0.46,3.98,5.48,14.72,1.0,5.24,14.72,3.97,3.67,0.46,0.46,2.98,5.48,12.78,0.46,0.46,2.24,0.7,0.46,4.97,5.74,8.97,1.48,3.92,17.97,2.98,5.64,5.22,4.23,2.84,3.98,1.88,7.98,2.73,4.88,3.48,0.97,4.47,5.97,2.37,3.48,2.48,2.26,3.98,1.77,1.97,3.97,17.97,1.96,3.98,3.98,3.62,4.98,4.97,0.97,1.98,1.88,5.94,4.63,2.24,1.94,1.83,4.23,3.88,2.48,7.94,1.97,0.97,7.97,0.97,8.37,2.97,4.97
2015/01/07,4.64,0.46,0.98,0.7,0.7,11.88,0.7,0.46,7.88,14.72,0.7,6.68,12.98,3.87,10.98,4.88,1.56,5.47,10.98,10.97,0.46,6.87,0.46,5.98,10.98,0.46,0.7,0.46,3.98,5.48,14.72,1.0,5.24,14.72,3.97,3.67,0.46,0.46,2.98,5.48,12.78,0.46,0.46,2.24,0.7,0.46,4.97,5.74,8.97,1.48,3.92,17.97,2.98,5.64,5.22,4.23,2.84,3.98,1.88,7.98,2.73,4.88,3.48,0.97,4.47,5.97,2.37,3.48,2.48,2.26,3.98,1.77,1.97,3.97,17.97,1.96,3.98,3.98,3.62,4.98,4.97,0.97,1.98,1.88,5.94,4.63,2.24,1.94,1.83,4.23,3.88,2.48,7.94,1.97,0.97,7.97,0.97,8.37,2.97,4.97
2015/01/08,4.64,0.46,0.98,0.7,0.7,11.88,0.7,0.46,7.88,14.72,0.7,6.68,12.98,3.87,10.98,4.88,1.56,5.47,10.98,10.97,0.46,6.87,0.46,5.98,10.98,0.46,0.7,0.46,3.98,5.48,14.72,1.0,5.24,14.72,3.97,3.67,0.46,0.46,2.98,5.48,12.78,0.46,0.46,2.24,0.7,0.46,4.97,5.74,8.97,1.48,3.92,17.97,2.98,5.64,5.22,4.23,2.84,3.98,1.88,7.98,2.73,4.88,3.48,0.97,4.47,5.97,2.37,3.48,2.48,2.26,3.98,1.77,1.97,3.97,17.97,1.96,3.98,3.98,3.62,4.98,4.97,0.97,1.98,1.88,5.94,4.63,2.24,1.94,1.83,4.23,3.88,2.48,7.94,1.97,0.97,7.97,0.97,8.37,2.97,4.97
2015/01/09,4.64,0.46,0.98,0.7,0.7,11.88,0.7,0.46,7.88,14.72,0.7,6.68,12.98,3.87,10.98,4.88,1.56,5.47,10.98,10.97,0.46,6.87,0.46,5.98,10.98,0.46,0.7,0.46,3.98,5.48,14.72,1.0,5.24,14.72,3.97,3.67,0.46,0.46,2.98,5.48,12.78,0.46,0.46,2.24,0.7,0.46,4.97,5.74,8.97,1.48,3.92,17.97,2.98,5.64,5.22,4.23,2.84,3.98,1.88,7.98,2.73,4.88,3.48,0.97,4.47,5.97,2.37,3.48,2.48,2.26,3.98,1.77,1.97,3.97,17.97,1.96,3.98,3.98,3.62,4.98,4.97,0.97,1.98,1.88,5.94,4.63,2.24,1.94,1.83,4.23,3.88,2.48,7.94,1.97,0.97,7.97,0.97,8.37,2.97,4.97
2015/01/10,4.64,0.46,0.98,0.7,0.7,11.88,0.7,0.46,7.88,14.72,0.7,6.68,12.98,3.87,10.98,4.88,1.56,5.47,10.98,10.97,0.46,6.87,0.46,5.98,10.98,0.46,0.7,0.46,3.98,5.48,14.72,1.0,5.24,14.72,3.97,3.67,0.46,0.46,2.98,5.48,12.78,0.46,0.46,2.24,0.7,0.46,4.97,5.74,8.97,1.48,3.92,17.97,2.98,5.64,5.22,4.23,2.84,3.98,1.88,7.98,2.73,4.88,3.48,0.97,4.47,5.97,2.37,3.48,2.48,2.26,3.98,1.77,1.97,3.97,17.97,1.96,3.98,3.98,3.62,4.98,4.97,0.97,1.98,1.88,5.94,4.63,2.24,1.94,1.83,4.23,3.88,2.48,7.94,1.97,0.97,7.97,0.97,8.37,2.97,4.97
2015/01/11,4.64,0.46,0.98,0.7,0.7,11.88,0.7,0.46,7.88,14.72,0.7,6.68,12.98,3.87,10.98,4.88,1.56,5.47,10.98,10.97,0.46,6.87,0.46,5.98,10.98,0.46,0.7,0.46,3.98,5.48,14.72,1.0,5.24,14.72,3.97,3.67,0.46,0.46,2.98,5.48,12.78,0.46,0.46,2.24,0.7,0.46,4.97,5.74,8.97,1.48,3.92,17.97,2.98,5.64,5.22,4.23,2.84,3.98,1.88,7.98,2.73,4.88,3.48,0.97,4.47,5.97,2.37,3.48,2.48,2.26,3.98,1.77,1.97,3.97,17.97,1.96,3.98,3.98,3.62,4.98,4.97,0.97,1.98,1.88,5.94,4.63,2.24,1.94,1.83,4.23,3.88,2.48,7.94,1.97,0.97,7.97,0.97,8.37,2.97,4.97
2015/01/12,4.64,0.46,0.98,0.7,0.7,11.88,0.7,0.46,7.88,14.72,0.7,6.68,12.98,3.87,10.98,4.88,1.56,5.47,10.98,10.97,0.46,6.87,0.46,5.98,10.98,0.46,0.7,0.46,3.98,5.48,14.72,1.0,5.24,14.72,3.97,3.67,0.46,0.46,2.98,5.48,12.78,0.46,0.46,2.24,0.7,0.46,4.97,5.74,8.97,1.48,3.92,17.97,2.98,5.64,5.22,4.23,2.84,3.98,1.88,7.98,2.73,4.88,3.48,0.97,4.47,5.97,2.37,3.48,2.48,2.26,3.98,1.77,1.97,3.97,17.97,1.96,3.98,3.98,3.62,4.98,4.97,0.97,1.98,1.88,5.94,4.63,2.24,1.94,1.83,4.23,3.88,2.48,7.94,1.97,0.97,7.97,0.97,8.37,2.97,4.97
2015/01/13,4.64,0.46,0.98,0.7,0.7,11.88,0.7,0.46,7.88,14.72,0.7,6.68,12.98,3.87,10.98,4.88,1.56,5.47,10.98,10.97,0.46,6.87,0.46,5.98,10.98,0.46,0.7,0.46,3.98,5.48,14.72,1.0,5.24,14.72,3.97,3.67,0.46,0.46,2.98,5.48,12.78,0.46,0.46,2.24,0.7,0.46,4.97,5.74,8.97,1.48,3.92,17.97,2.98,5.64,5.22,4.23,2.84,3.98,1.88,7.98,2.73,4.88,3.48,0.97,4.47,5.97,2.37,3.48,2.48,2.26,3.98,1.77,1.97,3.97,17.97,1.96,3.98,3.98,3.62,4.98,4.97,0.97,1.98,1.88,5.94,4.63,2.24,1.94,1.83,4.23,3.88,2.48,7.94,1.97,0.97,7.97,0.97,8.37,2.97,4.97
2015/01/14,4.64,0.46,0.98,0.7,0.7,11.88,0.7,0.46,7.88,14.72,0.7,6.68,12.98,3.87,10.98,4.88,1.56,5.47,10.98,10.97,0.46,6.87,0.46,5.98,10.98,0.46,0.7,0.46,3.98,5.48,14.72,1.0,5.24,14.72,3.97,3.67,0.46,0.46,2.98,5.48,12.78,0.46,0.46,2.24,0.7,0.46,4.97,5.74,8.97,1.48,3.92,17.97,2.98,5.64,5.22,4.23,2.84,3.98,1.88,7.98,2.73,4.88,3.48,0.97,4.47,5.97,2.37,3.48,2.48,2.26,3.98,1.77,1.97,3.97,17.97,1.96,3.98,3.98,3.62,4.98,4.97,0.97,1.98,1.88,5.94,4.63,2.24,1.94,1.83,4.23,3.88,2.48,7.94,1.97,0.97,7.97,0.97,8.37,2.97,4.97
2015/01/15,4.64,0.46,0.98,0.7,0.7,11.88,0.7,0.46,7.88,14.72,0.7,6.68,12.98,3.87,10.98,4.88,1.56,5.47,10.98,10.97,0.46,6.87,0.46,5.98,10.98,0.46,0.7,0.46,3.98,5.48,14.72,1.0,5.24,14.72,3.97,3.67,0.46,0.46,2.98,5.48,12.78,0.46,0.46,2.24,0.7,0.46,4.97,5.74,8.97,1.48,3.92,17.97,2.98,5.64,5.22,4.23,2.84,3.98,1.88,7.98,2.73,4.88,3.48,0.97,4.47,5.97,2.37,3.48,2.48,2.26,3.98,1.77,1.97,3.97,17.97,1.96,3.98,3.98,3.62,4.98,4.97,0.97,1.98,1.88,5.94,4.63,2.24,1.94,1.83,4.23,3.88,2.48,7.94,1.97,0.97,7.97,0.97,8.37,2.97,4.97
2015/01/16,4.64,0.46,0.98,0.7,0.7,11.88,0.7,0.46,7.88,14.72,0.7,6.68,12.98,3.87,10.98,4.88,1.56,5.47,10.98,10.97,0.46,6.87,0.46,5.98,10.98,0.46,0.7,0.46,3.98,5.48,14.72,1.0,5.24,14.72,3.97,3.67,0.46,0.46,2.98,5.48,12.78,0.46,0.46,2.24,0.7,0.46,4.97,5.74,8.97,1.48,3.92,17.97,2.98,5.64,5.22,4.23,2.84,3.98,1.88,7.98,2.73,4.88,3.48,0.97,4.47,5.97,2.37,3.48,2.48,2.26,3.98,1.77,1.97,3.97,17.97,1.96,3.98,3.98,3.62,4.98,4.97,0.97,1.98,1.88,5.94,4.63,2.24,1.94,1.83,4.23,3.88,2.48,7.94,1.97,0.97,7.97,0.97,8.37,2.97,4.97
2015/01/17,4.64,0.46,0.98,0.7,0.7,11.88,0.7,0.46,7.88,14.72,0.7,6.68,12.98,3.87,10.98,4.88,1.56,5.47,10.98,10.97,0.46,6.87,0.46,5.98,10.98,0.46,0.7,0.46,3.98,5.48,14.72,1.0,5.24,14.72,3.97,3.67,0.46,0.46,2.98,5.48,12.78,0.46,0.46,2.24,0.7,0.46,4.97,5.74,8.97,1.48,3.92,17.97,2.98,5.64,5.22,4.23,2.84,3.98,1.88,7.98,2.73,4.88,3.48,0.97,4.47,5.97,2.37,3.48,2.48,2.26,3.98,1.77,1.97,3.97,17.97,1.96,3.98,3.98,3.62,4.98,4.97,0.97,1.98,1.88,5.94,4.63,2.24,1.94,1.83,4.23,3.88,2.48,7.94,1.97,0.97,7.97,0.97,8.37,2.97,4.97
2015/01/18,4.64,0.46,0.98,0.7,0.7,11.88,0.7,0.46,7.88,14.72,0.7,6.68,12.98,3.87,10.98,4.88,1.56,5.47,10.98,10.97,0.46,6.87,0.46,5.98,10.98,0.46,0.7,0.46,3.98,5.48,14.72,1.0,5.24,14.72,3.97,3.67,0.46,0.46,2.98,5.48,12.78,0.46,0.46,2.24,0.7,0.46,4.97,5.74,8.97,1.48,3.92,17.97,2.98,5.64,5.22,4.23,2.84,3.98,1.88,7.98,2.73,4.88,3.48,0.97,4.47,5.97,2.37,3.48,2.48,2.26,3.98,1.77,1.97,3.97,17.97,1.96,3.98,3.98,3.62,4.98,4.97,0.97,1.98,1.88,5.94,4.63,2.24,1.94,1.83,4.23,3.88,2.48,7.94,1.97,0.97,7.97,0.97,8.37,2.97,4.97
2015/01/19,4.64,0.46,0.98,0.7,0.7,11.88,0.7,0.46,7.88,14.72,0.7,6.68,12.98,3.87,10.98,4.88,1.56,5.47,10.98,10.97,0.46,6.87,0.46,5.98,10.98,0.46,0.7,0.46,3.98,5.48,14.72,1.0,5.24,14.72,3.97,3.67,0.46,0.46,2.98,5.48,12.78,0.46,0.46,2.24,0.7,0.46,4.97,5.74,8.97,1.48,3.92,17.97,2.98,5.64,5.22,4.23,2.84,3.98,1.88,7.98,2.73,4.88,3.48,0.97,4.47,5.97,2.37,3.48,2.48,2.26,3.98,1.77,1.97,3.97,17.97,1.96,3.98,3.98,3.62,4.98,4.97,0.97,1.98,1.88,5.94,4.63,2.24,1.94,1.83,4.23,3.88,2.48,7.94,1.97,0.97,7.97,0.97,8.37,2.97,4.97
2015/01/20,4.64,0.46,0.98,0.7,0.7,11.88,0.7,0.46,7.88,14.72,0.7,6.68,12.98,3.87,10.98,4.88,1.56,5.47,10.98,10.97,0.46,6.87,0.46,5.98,10.98,0.46,0.7,0.46,3.98,5.48,14.72,1.0,5.24,14.72,3.97,3.67,0.46,0.46,2.98,5.48,12.78,0.46,0.46,2.24,0.7,0.46,4.97,5.74,8.97,1.48,3.92,17.97,2.98,5.64,5.22,4.23,2.84,3.98,1.88,7.98,2.73,4.88,3.48,0.97,4.47,5.97,2.37,3.48,2.48,2.26,3.98,1.77,1.97,3.97,17.97,1.96,3.98,3.98,3.62,4.98,4.97,0.97,1.98,1.88,5.94,4.63,2.24,1.94,1.83,4.23,3.88,2.48,7.94,1.97,0.97,7.97,0.97,8.37,2.97,4.97
2015/01/21,4.64,0.46,0.98,0.7,0.7,11.88,0.7,0.46,7.88,14.72,0.7,6.68,12.98,3.87,10.98,4.88,1.56,5.47,10.98,10.97,0.46,6.87,0.46,5.98,10.98,0.46,0.7,0.46,3.98,5.48,14.72,1.0,5.24,14.72,3.97,3.67,0.46,0.46,2.98,5.48,12.78,0.46,0.46,2.24,0.7,0.46,4.97,5.74,8.97,1.48,3.92,17.97,2.98,5.64,5.22,4.23,2.84,3.98,1.88,7.98,2.73,4.88,3.48,0.97,4.47,5.97,2.37,3.48,2.48,2.26,3.98,1.77,1.97,3.97,17.97,1.96,3.98,3.98,3.62,4.98,4.97,0.97,1.98,1.88,5.94,4.63,2.24,1.94,1.83,4.23,3.88,2.48,7.94,1.97,0.97,7.97,0.97,8.37,2.97,4.97
2015/01/22,4.64,0.46,0.98,0.7,0.7,11.88,0.7,0.46,7.88,14.72,0.7,6.68,12.98,3.87,10.98,4.88,1.56,5.47,10.98,10.97,0.46,6.87,0.46,5.98,10.98,0.46,0.7,0.46,3.98,5.48,14.72,1.0,5.24,14.72,3.97,3.67,0.46,0.46,2.98,5.48,12.78,0.46,0.46,2.24,0.7,0.46,4.97,5.74,8.97,1.48,3.92,17.97,2.98,5.64,5.22,4.23,2.84,3.98,1.88,7.98,2.73,4.88,3.48,0.97,4.47,5.97,2.37,3.48,2.48,2.26,3.98,1.77,1.97,3.97,17.97,1.96,3.98,3.98,3.62,4.98,4.97,0.97,1.98,1.88,5.94,4.63,2.24,1.94,1.83,4.23,3.88,2.48,7.94,1.97,0.97,7.97,0.97,8.37,2.97,4.97
2015/01/23,4.64,0.46,0.98,0.7,0.7,11.88,0.7,0.46,7.88,14.72,0.7,6.68,12.98,3.87,10.98,4.88,1.56,5.47,10.98,10.97,0.46,6.87,0.46,5.98,10.98,0.46,0.7,0.46,3.98,5.48,14.72,1.0,5.24,14.72,3.97,3.67,0.46,0.46,2.98,5.48,12.78,0.46,0.46,2.24,0.7,0.46,4.97,5.74,8.97,1.48,3.92,17.97,2.98,5.64,5.22,4.23,2.84,3.98,1.88,7.98,2.73,4.88,3.48,0.97,4.47,5.97,2.37,3.48,2.48,2.26,3.98,1.77,1.97,3.97,17.97,1.96,3.98,3.98,3.62,4.98,4.97,0.97,1.98,1.88,5.94,4.63,2.24,1.94,1.83,4.23,3.88,2.48,7.94,1.97,0.97,7.97,0.97,8.37,2.97,4.97
2015/01/24,4.64,0.46,0.98,0.7,0.7,11.88,0.7,0.46,7.88,14.72,0.7,6.68,12.98,3.87,10.98,4.88,1.56,5.47,10.98,10.97,0.46,6.87,0.46,5.98,10.98,0.46,0.7,0.46,3.98,5.48,14.72,1.0,5.24,14.72,3.97,3.67,0.46,0.46,2.98,5.48,12.78,0.46,0.46,2.24,0.7,0.46,4.97,5.74,8.97,1.48,3.92,17.97,2.98,5.64,5.22,4.23,2.84,3.98,1.88,7.98,2.73,4.88,3.48,0.97,4.47,5.97,2.37,3.48,2.48,2.26,3.98,1.77,1.97,3.97,17.97,1.96,3.98,3.98,3.62,4.98,4.97,0.97,1.98,1.88,5.94,4.63,2.24,1.94,1.83,4.23,3.88,2.48,7.94,1.97,0.97,7.97,0.97,8.37,2.97,4.97
2015/01/25,4.64,0.46,0.98,0.7,0.7,11.88,0.7,0.46,7.88,14.72,0.7,6.68,12.98,3.87,10.98,4.88,1.56,5.47,10.98,10.97,0.46,6.87,0.46,5.98,10.98,0.46,0.7,0.46,3.98,5.48,14.72,1.0,5.24,14.72,3.97,3.67,0.46,0.46,2.98,5.48,12.78,0.46,0.46,2.24,0.7,0.46,4.97,5.74,8.97,1.48,3.92,17.97,2.98,5.64,5.22,4.23,2.84,3.98,1.88,7.98,2.73,4.88,3.48,0.97,4.47,5.97,2.37,3.48,2.48,2.26,3.98,1.77,1.97,3.97,17.97,1.96,3.98,3.98,3.62,4.98,4.97,0.97,1.98,1.88,5.94,4.63,2.24,1.94,1.83,4.23,3.88,2.48,7.94,1.97,0.97,7.97,0.97,8.37,2.97,4.97
2015/01/26,4.64,0.46,0.98,0.7,0.7,11.88,0.7,0.46,7.88,14.72,0.7,6.68,12.98,3.87,10.98,4.88,1.56,5.47,10.98,10.97,0.46,6.87,0.46,5.98,10.98,0.46,0.7,0.46,3.98,5.48,14.72,1.0,5.24,14.72,3.97,3.67,0.46,0.46,2.98,5.48,12.78,0.46,0.46,2.24,0.7,0.46,4.97,5.74,8.97,1.48,3.92,17.97,2.98,5.64,5.22,4.23,2.84,3.98,1.88,7.98,2.73,4.88,3.48,0.97,4.47,5.97,2.37,3.48,2.48,2.26,3.98,1.77,1.97,3.97,17.97,1.96,3.98,3.98,3.62,4.98,4.97,0.97,1.98,1.88,5.94,4.63,2.24,1.94,1.83,4.23,3.88,2.48,7.94,1.97,0.97,7.97,0.97,8.37,2.97,4.97
2015/01/27,4.64,0.46,0.98,0.7,0.7,11.88,0.7,0.46,7.88,14.72,0.7,6.68,12.98,3.87,10.98,4.88,1.56,5.47,10.98,10.97,0.46,6.87,0.46,5.98,10.98,0.46,0.7,0.46,3.98,5.48,14.72,1.0,5.24,14.72,3.97,3.67,0.46,0.46,2.98,5.48,12.78,0.46,0.46,2.24,0.7,0.46,4.97,5.74,8.97,1.48,3.92,17.97,2.98,5.64,5.22,4.23,2.84,3.98,1.88,7.98,2.73,4.88,3.48,0.97,4.47,5.97,2.37,3.48,2.48,2.26,3.98,1.77,1.97,3.97,17.97,1.96,3.98,3.98,3.62,4.98,4.97,0.97,1.98,1.88,5.94,4.63,2.24,1.94,1.83,4.23,3.88,2.48,7.94,1.97,0.97,7.97,0.97,8.37,2.97,4.97
2015/01/28,4.64,0.46,0.98,0.7,0.7,11.88,0.7,0.46,7.88,14.72,0.7,6.68,12.98,3.87,10.98,4.88,1.56,5.47,10.98,10.97,0.46,6.87,0.46,5.98,10.98,0.46,0.7,0.46,3.98,5.48,14.72,1.0,5.24,14.72,3.97,3.67,0.46,0.46,2.98,5.48,12.78,0.46,0.46,2.24,0.7,0.46,4.97,5.74,8.97,1.48,3.92,17.97,2.98,5.64,5.22,4.23,2.84,3.98,1.88,7.98,2.73,4.88,3.48,0.97,4.47,5.97,2.37,3.48,2.48,2.26,3.98,1.77,1.97,3.97,17.97,1.96,3.98,3.98,3.62,4.98,4.97,0.97,1.98,1.88,5.94,4.63,2.24,1.94,1.83,4.23,3.88,2.48,7.94,1.97,0.97,7.97,0.97,8.37,2.97,4.97
2015/01/29,4.64,0.46,0.98,0.7,0.7,11.88,0.7,0.46,7.88,14.72,0.7,6.68,12.98,3.87,10.98,4.88,1.56,5.47,10.98,10.97,0.46,6.87,0.46,5.98,10.98,0.46,0.7,0.46,3.98,5.48,14.72,1.0,5.24,14.72,3.97,3.67,0.46,0.46,2.98,5.48,12.78,0.46,0.46,2.24,0.7,0.46,4.97,5.74,8.97,1.48,3.92,17.97,2.98,5.64,5.22,4.23,2.84,3.98,1.88,7.98,2.73,4.88,3.48,0.97,4.47,5.97,2.37,3.48,2.48,2.26,3.98,1.77,1.97,3.97,17.97,1.96,3.98,3.98,3.62,4.98,4.97,0.97,1.98,1.88,5.94,4.63,2.24,1.94,1.83,4.23,3.88,2.48,7.94,1.97,0.97,7.97,0.97,8.37,2.97,4.97
2015/01/30,4.64,0.46,0.98,0.7,0.7,11.88,0.7,0.46,7.88,14.72,0.7,6.68,12.98,3.87,10.98,4.88,1.56,5.47,10.98,10.97,0.46,6.87,0.46,5.98,10.98,0.46,0.7,0.46,3.98,5.48,14.72,1.0,5.24,14.72,3.97,3.67,0.46,0.46,2.98,5.48,12.78,0.46,0.46,2.24,0.7,0.46,4.97,5.74,8.97,1.48,3.92,17.97,2.98,5.64,5.22,4.23,2.84,3.98,1.88,7.98,2.73,4.88,3.48,0.97,4.47,5.97,2.37,3.48,2.48,2.26,3.98,1.77,1.97,3.97,17.97,1.96,3.98,3.98,3.62,4.98,4.97,0.97,1.98,1.88,5.94,4.63,2.24,1.94,1.83,4.23,3.88,2.48,7.94,1.97,0.97,7.97,0.97,8.37,2.97,4.97
2015/01/31,4.64,0.46,0.98,0.7,0.7,11.88,0.7,0.46,7.88,14.72,0.7,6.68,12.98,3.87,10.98,4.88,1.56,5.47,10.98,10.97,0.46,6.87,0.46,5.98,10.98,0.46,0.7,0.46,3.98,5.48,14.72,1.0,5.24,14.72,3.97,3.67,0.46,0.46,2.98,5.48,12.78,0.46,0.46,2.24,0.7,0.46,4.97,5.74,8.97,1.48,3.92,17.97,2.98,5.64,5.22,4.23,2.84,3.98,1.88,7.98,2.73,4.88,3.48,0.97,4.47,5.97,2.37,3.48,2.48,2.26,3.98,1.77,1.97,3.97,17.97,1.96,3.98,3.98,3.62,4.98,4.97,0.97,1.98,1.88,5.94,4.63,2.24,1.94,1.83,4.23,3.88,2.48,7.94,1.97,0.97,7.97,0.97,8.37,2.97,4.97
2015/02/01,4.64,0.46,0.98,0.7,0.7,11.88,0.7,0.46,7.88,14.72,0.7,6.68,12.98,3.87,10.98,4.88,1.56,5.47,10.98,10.97,0.46,6.87,0.46,5.98,10.98,0.46,0.7,0.46,3.98,5.48,14.72,1.0,5.24,14.72,3.97,3.67,0.46,0.46,2.98,5.48,12.78,0.46,0.46,2.24,0.7,0.46,4.97,5.74,8.97,1.48,3.92,17.97,2.98,5.64,5.22,4.23,2.84,3.98,1.88,7.98,2.73,4.88,3.48,0.97,4.47,5.97,2.37,3.48,2.48,2.26,3.98,1.77,1.97,3.97,17.97,1.96,3.98,3.98,3.62,4.98,4.97,0.97,1.98,1.88,5.94,4.63,2.24,1.94,1.83,4.23,3.88,2.48,7.94,1.97,0.97,7.97,0.97,8.37,2.97,4.97
2015/02/02,4.64,0.46,0.98,0.7,0.7,11.88,0.7,0.46,7.88,14.72,0.7,6.68,12.98,3.87,10.98,4.88,1.56,5.47,10.98,10.97,0.46,6.87,0.46,5.98,10.98,0.46,0.7,0.46,3.98,5.48,14.72,1.0,5.24,14.72,3.97,3.67,0.46,0.46,2.98,5.48,12.78,0.46,0.46,2.24,0.7,0.46,4.97,5.74,8.97,1.48,3.92,17.97,2.98,5.64,5.22,4.23,2.84,3.98,1.88,7.98,2.73,4.88,3.48,0.97,4.47,5.97,2.37,3.48,2.48,2.26,3.98,1.77,1.97,3.97,17.97,1.96,3.98,3.98,3.62,4.98,4.97,0.97,1.98,1.88,5.94,4.63,2.24,1.94,1.83,4.23,3.88,2.48,7.94,1.97,0.97,7.97,0.97,8.37,2.97,4.97
2015/02/03,4.64,0.46,0.98,0.7,0.7,11.88,0.7,0.46,7.88,14.72,0.7,6.68,12.98,3.87,10.98,4.88,1.56,5.47,10.98,10.97,0.46,6.87,0.46,5.98,10.98,0.46,0.7,0.46,3.98,5.48,14.72,1.0,5.24,14.72,3.97,3.67,0.46,0.46,2.98,5.48,12.78,0.46,0.46,2.24,0.7,0.46,4.97,5.74,8.97,1.48,3.92,17.97,2.98,5.64,5.22,4.23,2.84,3.98,1.88,7.98,2.73,4.88,3.48,0.97,4.47,5.97,2.37,3.48,2.48,2.26,3.98,1.77,1.97,3.97,17.97,1.96,3.98,3.98,3.62,4.98,4.97,0.97,1.98,1.88,5.94,4.63,2.24,1.94,1.83,4.23,3.88,2.48,7.94,1.97,0.97,7.97,0.97,8.37,2.97,4.97
2015/02/04,4.64,0.46,0.98,0.7,0.7,11.88,0.7,0.46,7.88,14.72,0.7,6.68,12.98,3.87,10.98,4.88,1.56,5.47,10.98,10.97,0.46,6.87,0.46,5.98,10.98,0.46,0.7,0.46,3.98,5.48,14.72,1.0,5.24,14.72,3.97,3.67,0.46,0.46,2.98,5.48,12.78,0.46,0.46,2.24,0.7,0.46,4.97,5.74,8.97,1.48,3.92,17.97,2.98,5.64,5.22,4.23,2.84,3.98,1.88,7.98,2.73,4.88,3.48,0.97,4.47,5.97,2.37,3.48,2.48,2.26,3.98,1.77,1.97,3.97,17.97,1.96,3.98,3.98,3.62,4.98,4.97,0.97,1.98,1.88,5.94,4.63,2.24,1.94,1.83,4.23,3.88,2.48,7.94,1.97,0.97,7.97,0.97,8.37,2.97,4.97
2015/02/05,4.64,0.46,0.98,0.7,0.7,11.88,0.7,0.46,7.88,14.72,0.7,6.68,12.98,3.87,10.98,4.88,1.56,5.47,10.98,10.97,0.46,6.87,0.46,5.98,10.98,0.46,0.7,0.46,3.98,5.48,14.72,1.0,5.24,14.72,3.97,3.67,0.46,0.46,2.98,5.48,12.78,0.46,0.46,2.24,0.7,0.46,4.97,5.74,8.97,1.48,3.92,17.97,2.98,5.64,5.22,4.23,2.84,3.98,1.88,7.98,2.73,4.88,3.48,0.97,4.47,5.97,2.37,3.48,2.48,2.26,3.98,1.77,1.97,3.97,17.97,1.96,3.98,3.98,3.62,4.98,4.97,0.97,1.98,1.88,5.94,4.63,2.24,1.94,1.83,4.23,3.88,2.48,7.94,1.97,0.97,7.97,0.97,8.37,2.97,4.97
2015/02/06,4.64,0.46,0.98,0.7,0.7,11.88,0.7,0.46,7.88,14.72,0.7,6.68,12.98,3.87,10.98,4.88,1.56,5.47,10.98,10.97,0.46,6.87,0.46,5.98,10.98,0.46,0.7,0.46,3.98,5.48,14.72,1.0,5.24,14.72,3.97,3.67,0.46,0.46,2.98,5.48,12.78,0.46,0.46,2.24,0.7,0.46,4.97,5.74,8.97,1.48,3.92,17.97,2.98,5.64,5.22,4.23,2.84,3.98,1.88,7.98,2.73,4.88,3.48,0.97,4.47,5.97,2.37,3.48,2.48,2.26,3.98,1.77,1.97,3.97,17.97,1.96,3.98,3.98,3.62,4.98,4.97,0.97,1.98,1.88,5.94,4.63,2.24,1.94,1.83,4.23,3.88,2.48,7.94,1.97,0.97,7.97,0.97,8.37,2.97,4.97
2015/02/07,4.64,0.46,0.98,0.7,0.7,11.88,0.7,0.46,7.88,14.72,0.7,6.68,12.98,3.87,10.98,4.88,1.56,5.47,10.98,10.97,0.46,6.87,0.46,5.98,10.98,0.46,0.7,0.46,3.98,5.48,14.72,1.0,5.24,14.72,3.97,3.67,0.46,0.46,2.98,5.48,12.78,0.46,0.46,2.12,0.7,0.46,4.97,5.74,8.97,1.48,3.92,17.97,2.98,5.64,5.22,4.23,2.84,3.98,1.88,7.98,2.73,4.88,3.48,0.97,4.47,5.97,2.37,3.48,2.48,2.26,3.98,1.77,1.97,3.97,17.97,1.96,3.98,3.98,3.62,4.98,4.97,0.97,1.98,1.88,5.94,4.63,2.24,1.94,1.83,4.23,3.88,2.48,7.94,1.97,0.97,7.97,0.97,8.37,2.97,4.97
2015/02/08,4.64,0.46,0.98,0.7,0.7,11.88,0.7,0.46,7.88,14.72,0.7,6.68,12.98,3.87,10.98,4.88,1.56,5.47,10.98,10.97,0.46,6.87,0.46,5.98,10.98,0.46,0.7,0.46,3.98,5.48,14.72,1.0,5.24,14.72,3.97,3.67,0.46,0.46,2.98,5.48,12.78,0.46,0.46,2.12,0.7,0.46,4.97,5.74,8.97,1.48,3.92,17.97,2.98,5.64,5.22,4.23,2.84,3.98,1.88,7.98,2.73,4.88,3.48,0.97,4.47,5.97,2.37,3.48,2.48,2.26,3.98,1.77,1.97,3.97,17.97,1.96,3.98,3.98,3.62,4.98,4.97,0.97,1.98,1.88,5.94,4.63,2.24,1.94,1.83,4.23,3.88,2.48,7.94,1.97,0.97,7.97,0.97,8.37,2.97,4.97
2015/02/09,4.64,0.46,0.98,0.7,0.7,11.88,0.7,0.46,7.88,14.72,0.7,6.68,12.98,3.87,10.98,4.88,1.56,5.47,10.98,10.97,0.46,6.87,0.46,5.98,10.98,0.46,0.7,0.46,3.98,5.48,14.72,1.0,5.24,14.72,3.97,3.67,0.46,0.46,2.98,5.48,12.78,0.46,0.46,2.12,0.7,0.46,4.97,5.74,8.97,1.48,3.92,17.97,2.98,5.64,5.22,4.23,2.84,3.98,1.88,7.98,2.73,4.88,3.48,0.97,4.47,5.97,2.37,3.48,2.48,2.26,3.98,1.77,1.97,3.97,17.97,1.96,3.98,3.98,3.62,4.98,4.97,0.97,1.98,1.88,5.94,4.63,2.24,1.94,1.83,4.23,3.88,2.48,7.94,1.97,0.97,7.97,0.97,8.37,2.97,4.97
2015/02/10,4.64,0.46,0.98,0.7,0.7,11.88,0.7,0.46,7.88,14.72,0.7,6.68,12.98,3.87,10.98,4.88,1.56,5.47,10.98,10.97,0.46,6.87,0.46,5.98,10.98,0.46,0.7,0.46,3.98,5.48,14.72,1.0,5.24,14.72,3.97,3.67,0.46,0.46,2.98,5.48,12.78,0.46,0.46,2.12,0.7,0.46,4.97,5.74,8.97,1.48,3.92,17.97,2.98,5.64,5.22,4.23,2.84,3.98,1.88,7.98,2.73,4.88,3.48,0.97,4.47,5.97,2.37,3.48,2.48,2.26,3.98,1.77,1.97,3.97,17.97,1.96,3.98,3.98,3.62,4.98,4.97,0.97,1.98,1.88,5.94,4.63,2.24,1.94,1.83,4.23,3.88,2.48,7.94,1.97,0.97,7.97,0.97,8.37,2.97,4.97
2015/02/11,4.64,0.46,0.98,0.7,0.7,11.88,0.7,0.46,7.88,14.72,0.7,6.68,12.98,3.87,10.98,4.88,1.56,5.47,10.98,10.97,0.46,6.87,0.46,5.98,10.98,0.46,0.7,0.46,3.98,5.48,14.72,1.0,5.24,14.72,3.97,3.67,0.46,0.46,2.98,5.48,12.78,0.46,0.46,2.12,0.7,0.46,4.97,5.74,8.97,1.48,3.92,17.97,2.98,5.64,5.22,4.23,2.84,3.98,1.88,7.98,2.73,4.88,3.48,0.97,4.47,5.97,2.37,3.48,2.48,2.26,3.98,1.77,1.97,3.97,17.97,1.96,3.98,3.98,3.62,4.98,4.97,0.97,1.98,1.88,5.94,4.63,2.24,1.94,1.83,4.23,3.88,2.48,7.94,1.97,0.97,7.97,0.97,8.37,2.97,4.97
2015/02/12,4.64,0.46,0.98,0.7,0.7,11.88,0.7,0.46,7.88,14.72,0.7,6.68,12.98,3.87,10.98,4.88,1.56,5.47,10.98,10.97,0.46,6.87,0.46,5.98,10.98,0.46,0.7,0.46,3.98,5.48,14.72,1.0,5.24,14.72,3.97,3.67,0.46,0.46,2.98,5.48,12.78,0.46,0.46,2.12,0.7,0.46,4.97,5.74,8.97,1.48,3.92,17.97,2.98,5.64,5.22,4.23,2.84,3.98,1.88,7.98,2.73,4.88,3.48,0.97,4.47,5.97,2.37,3.48,2.48,2.26,3.98,1.77,1.97,3.97,17.97,1.96,3.98,3.98,3.62,4.98,4.97,0.97,1.98,1.88,5.94,4.63,2.24,1.94,1.83,4.23,3.88,2.48,7.94,1.97,0.97,7.97,0.97,8.37,2.97,4.97
2015/02/13,4.64,0.46,0.98,0.7,0.7,11.88,0.7,0.46,7.88,14.72,0.7,6.68,12.98,3.87,10.98,4.88,1.56,5.47,10.98,10.97,0.46,6.87,0.46,5.98,10.98,0.46,0.7,0.46,3.98,5.48,14.72,1.0,5.24,14.72,3.97,3.67,0.46,0.46,2.98,5.48,12.78,0.46,0.46,2.12,0.7,0.46,4.97,5.74,8.97,1.48,3.92,17.97,2.98,5.64,5.22,4.23,2.84,3.98,1.88,7.98,2.73,4.88,3.48,0.97,4.47,5.97,2.37,3.48,2.48,2.26,3.98,1.77,1.97,3.97,17.97,1.96,3.98,3.98,3.62,4.98,4.97,0.97,1.98,1.88,5.94,4.63,2.24,1.94,1.83,4.23,3.88,2.48,7.94,1.97,0.97,7.97,0.97,8.37,2.97,4.97
2015/02/14,4.64,0.46,0.98,0.7,0.7,11.88,0.7,0.46,7.88,14.72,0.7,6.68,12.98,3.87,10.98,4.88,1.56,5.47,10.98,10.97,0.46,6.87,0.46,5.98,10.98,0.46,0.7,0.46,3.98,5.48,14.72,1.0,5.24,14.72,3.97,3.67,0.46,0.46,2.98,5.48,12.78,0.46,0.46,2.12,0.7,0.46,4.97,5.74,8.97,1.48,3.92,17.97,2.98,5.97,5.22,4.23,2.84,3.98,1.88,7.98,2.73,4.88,3.48,0.97,4.47,5.97,2.37,3.48,2.48,2.26,3.98,1.77,1.97,3.97,17.97,1.96,3.98,3.98,3.62,4.98,4.97,0.97,1.98,1.88,5.94,4.63,2.24,1.94,1.83,4.23,3.88,2.48,7.94,1.97,0.97,7.97,0.97,8.37,2.97,4.97
2015/02/15,4.64,0.46,0.98,0.7,0.7,11.88,0.7,0.46,7.88,14.72,0.7,6.68,12.98,3.87,10.98,4.88,1.56,5.47,10.98,10.97,0.46,6.87,0.46,5.98,10.98,0.46,0.7,0.46,3.98,5.48,14.72,1.0,5.24,14.72,3.97,3.67,0.46,0.46,2.98,5.48,12.78,0.46,0.46,2.12,0.7,0.46,4.97,5.74,8.97,1.48,3.92,17.97,2.98,5.97,5.22,4.23,2.84,3.98,1.88,7.98,2.73,4.88,3.48,0.97,4.47,5.97,2.37,3.48,2.48,2.26,3.98,1.77,1.97,3.97,17.97,1.96,3.98,3.98,3.62,4.98,4.97,0.97,1.98,1.88,5.94,4.63,2.24,1.94,1.83,4.23,3.88,2.48,7.94,1.97,0.97,7.97,0.97,8.37,2.97,4.97
2015/02/16,4.64,0.46,0.98,0.7,0.7,11.88,0.7,0.46,7.88,14.72,0.7,6.68,12.98,3.87,10.98,4.88,1.56,5.47,10.98,10.97,0.46,6.87,0.46,5.98,10.98,0.46,0.7,0.46,3.98,5.48,14.72,1.0,5.24,14.72,3.97,3.67,0.46,0.46,2.98,5.48,12.78,0.46,0.46,2.12,0.7,0.46,4.97,5.74,8.97,1.48,3.92,17.97,2.98,5.97,5.22,4.23,2.84,3.98,1.88,7.98,2.73,4.88,3.48,0.97,4.47,5.97,2.37,3.48,2.48,2.26,3.98,1.77,1.97,3.97,17.97,1.96,3.98,3.98,3.62,4.98,4.97,0.97,1.98,1.88,5.94,4.63,2.24,1.94,1.83,4.23,3.88,2.48,7.94,1.97,0.97,7.97,0.97,8.37,2.97,4.97
2015/02/17,4.64,0.46,0.98,0.7,0.7,11.88,0.7,0.46,7.88,14.72,0.7,6.68,12.98,3.87,10.98,4.88,1.56,5.47,10.98,10.97,0.46,6.87,0.46,5.98,10.98,0.46,0.7,0.46,3.98,5.48,14.72,1.0,5.24,14.72,3.97,3.67,0.46,0.46,2.98,5.48,12.78,0.46,0.46,2.12,0.7,0.46,4.97,5.74,8.97,1.48,3.92,17.97,2.98,5.97,5.22,4.23,2.84,3.98,1.88,7.98,2.73,4.88,3.48,0.97,4.47,5.97,2.37,3.48,2.48,2.26,3.98,1.77,1.97,3.97,17.97,1.96,3.98,3.98,3.62,4.98,4.97,0.97,1.98,1.88,5.94,4.63,2.24,1.94,1.83,4.23,3.88,2.48,7.94,1.97,0.97,7.97,0.97,8.37,2.97,4.97
2015/02/18,4.64,0.46,0.98,0.7,0.7,11.88,0.7,0.46,7.88,14.72,0.7,6.68,12.98,3.87,10.98,4.88,1.56,5.47,10.98,10.97,0.46,6.87,0.46,5.98,10.98,0.46,0.7,0.46,3.98,5.48,14.72,1.0,5.24,14.72,3.97,3.67,0.46,0.46,2.98,5.48,12.78,0.46,0.46,2.12,0.7,0.46,4.97,5.74,8.97,1.48,3.92,17.97,2.98,5.97,5.22,4.23,2.84,3.98,1.88,7.98,2.73,4.88,3.48,0.97,4.47,5.97,2.37,3.48,2.48,2.26,3.98,1.77,1.97,3.97,17.97,1.96,3.98,3.98,3.62,4.98,4.97,0.97,1.98,1.88,5.94,4.63,2.24,1.94,1.83,4.23,3.88,2.48,7.94,1.97,0.97,7.97,0.97,8.37,2.97,4.97
2015/02/19,4.64,0.46,0.98,0.7,0.7,11.88,0.7,0.46,7.88,14.72,0.7,6.68,12.98,3.87,10.98,4.88,1.56,5.47,10.98,10.97,0.46,6.87,0.46,5.98,10.98,0.46,0.7,0.46,3.98,5.48,14.72,1.0,5.24,14.72,3.97,3.67,0.46,0.46,2.98,5.48,12.78,0.46,0.46,2.12,0.7,0.46,4.97,5.74,8.97,1.48,3.92,17.97,2.98,5.97,5.22,4.23,2.84,3.98,1.88,7.98,2.73,4.88,3.48,0.97,4.47,5.97,2.37,3.48,2.48,2.26,3.98,1.77,1.97,3.97,17.97,1.96,3.98,3.98,3.62,4.98,4.97,0.97,1.98,1.88,5.94,4.63,2.24,1.94,1.83,4.23,3.88,2.48,7.94,1.97,0.97,7.97,0.97,8.37,2.97,4.97
2015/02/20,4.64,0.46,0.98,0.7,0.7,11.88,0.7,0.46,7.88,14.72,0.7,6.68,12.98,3.87,10.98,4.88,1.56,5.47,10.98,10.97,0.46,6.87,0.46,5.98,10.98,0.46,0.7,0.46,3.98,5.48,14.72,1.0,5.24,14.72,3.97,3.67,0.46,0.46,2.98,5.48,12.78,0.46,0.46,2.12,0.7,0.46,4.97,5.74,8.97,1.48,3.92,17.97,2.98,5.97,5.22,4.23,2.84,3.98,1.88,7.98,2.73,4.88,3.48,0.97,4.47,5.97,2.37,3.48,2.48,2.26,3.98,1.77,1.97,3.97,17.97,1.96,3.98,3.98,3.62,4.98,4.97,0.97,1.98,1.88,5.94,4.63,2.24,1.94,1.83,4.23,3.88,2.48,7.94,1.97,0.97,7.97,0.97,8.37,2.97,4.97
2015/02/21,4.64,0.46,0.98,0.7,0.7,11.88,0.7,0.46,7.88,14.72,0.7,6.68,12.98,3.87,10.98,4.88,1.56,5.47,10.98,10.97,0.46,6.87,0.46,5.98,10.98,0.46,0.7,0.46,3.98,5.48,14.72,1.0,5.24,14.72,3.97,3.67,0.46,0.46,2.98,5.48,12.78,0.46,0.46,2.12,0.7,0.46,4.97,5.74,8.97,1.48,3.92,17.97,2.98,5.97,5.22,4.23,2.84,3.98,1.88,7.98,2.73,4.88,3.48,0.97,4.47,5.97,2.37,3.48,2.48,2.26,3.98,1.77,1.97,3.97,17.97,1.96,3.98,3.98,3.62,4.98,4.97,0.97,1.98,1.88,5.94,4.63,2.24,1.94,1.83,4.23,3.88,2.48,7.94,1.97,0.97,7.97,0.97,8.37,2.97,4.97
2015/02/22,4.64,0.46,0.98,0.7,0.7,11.88,0.7,0.46,7.88,14.72,0.7,6.68,12.98,3.87,10.98,4.88,1.56,5.47,10.98,10.97,0.46,6.87,0.46,5.98,10.98,0.46,0.7,0.46,3.98,5.48,14.72,1.0,5.24,14.72,3.97,3.67,0.46,0.46,2.98,5.48,12.78,0.46,0.46,2.12,0.7,0.46,4.97,5.74,8.97,1.48,3.92,17.97,2.98,5.97,5.22,4.23,2.84,3.98,1.88,7.98,2.73,4.88,3.48,0.97,4.47,5.97,2.37,3.48,2.48,2.26,3.98,1.77,1.97,3.97,17.97,1.96,3.98,3.98,3.62,4.98,4.97,0.97,1.98,1.88,5.94,4.63,2.24,1.94,1.83,4.23,3.88,2.48,7.94,1.97,0.97,7.97,0.97,8.37,2.97,4.97
2015/02/23,4.64,0.46,0.98,0.7,0.7,11.88,0.7,0.46,7.88,14.72,0.7,6.68,12.98,3.87,10.98,4.88,1.56,5.47,10.98,10.97,0.46,6.87,0.46,5.98,10.98,0.46,0.7,0.46,3.98,5.48,14.72,1.0,5.24,14.72,3.97,3.67,0.46,0.46,2.98,5.48,12.78,0.46,0.46,2.12,0.7,0.46,4.97,5.74,8.97,1.48,3.92,17.97,2.98,5.97,5.22,4.23,2.84,3.98,1.88,7.98,2.73,4.88,3.48,0.97,4.47,5.97,2.37,3.48,2.48,2.26,3.98,1.77,1.97,3.97,17.97,1.96,3.98,3.98,3.62,4.98,4.97,0.97,1.98,1.88,5.94,4.63,2.24,1.94,1.83,4.23,3.88,2.48,7.94,1.97,0.97,7.97,0.97,8.37,2.97,4.97
2015/02/24,4.64,0.46,0.98,0.7,0.7,11.88,0.7,0.46,7.88,14.72,0.7,6.68,12.98,3.87,10.98,4.88,1.56,5.47,10.98,10.97,0.46,6.87,0.46,5.98,10.98,0.46,0.7,0.46,3.98,5.48,14.72,1.0,5.24,14.72,3.97,3.67,0.46,0.46,2.98,5.48,12.78,0.46,0.46,2.12,0.7,0.46,4.97,5.74,8.97,1.48,3.92,17.97,2.98,5.97,5.22,4.23,2.84,3.98,1.88,7.98,2.73,4.88,3.48,0.97,4.47,5.97,2.37,3.48,2.48,2.26,3.98,1.77,1.97,3.97,17.97,1.96,3.98,3.98,3.62,4.98,4.97,0.97,1.98,1.88,5.94,4.63,2.24,1.94,1.83,4.23,3.88,2.48,7.94,1.97,0.97,7.97,0.97,8.37,2.97,4.97
2015/02/25,4.64,0.46,0.98,0.7,0.7,11.88,0.7,0.46,7.88,14.72,0.7,6.68,12.98,3.87,10.98,4.88,1.56,5.47,10.98,10.97,0.46,6.87,0.46,5.98,10.98,0.46,0.7,0.46,3.98,5.48,14.72,1.0,5.24,14.72,3.97,3.67,0.46,0.46,2.98,5.48,12.78,0.46,0.46,2.12,0.7,0.46,4.97,5.74,8.97,1.48,3.92,17.97,2.98,5.97,5.22,4.23,2.84,3.98,1.88,7.98,2.73,4.88,3.48,0.97,4.47,5.97,2.37,3.48,2.48,2.26,3.98,1.77,1.97,3.97,17.97,1.96,3.98,3.98,3.62,4.98,4.97,0.97,1.98,1.88,5.94,4.63,2.24,1.94,1.83,4.23,3.88,2.48,7.94,1.97,0.97,7.97,0.97,8.37,2.97,4.97
2015/02/26,4.64,0.46,0.98,0.7,0.7,11.88,0.7,0.46,7.88,14.72,0.7,6.68,12.98,3.87,10.98,4.88,1.56,5.47,10.98,10.97,0.46,6.87,0.46,5.98,10.98,0.46,0.7,0.46,3.98,5.48,14.72,1.0,5.24,14.72,3.97,3.67,0.46,0.46,2.98,5.48,12.78,0.46,0.46,2.12,0.7,0.46,4.97,5.74,8.97,1.48,3.92,17.97,2.98,5.97,5.22,4.23,2.84,3.98,1.88,7.98,2.73,4.88,3.48,0.97,4.47,5.97,2.37,3.48,2.48,2.26,3.98,1.77,1.97,3.97,17.97,1.96,3.98,3.98,3.62,4.98,4.97,0.97,1.98,1.88,5.94,4.63,2.24,1.94,1.83,4.23,3.88,2.48,7.94,1.97,0.97,7.97,0.97,8.37,2.97,4.97
2015/02/27,4.64,0.46,0.98,0.7,0.7,11.88,0.7,0.46,7.88,14.72,0.7,6.68,12.98,3.87,10.98,4.88,1.56,5.47,10.98,10.97,0.46,6.87,0.46,5.98,10.98,0.46,0.7,0.46,3.98,5.48,14.72,1.0,5.24,14.72,3.97,3.67,0.46,0.46,2.98,5.48,12.78,0.46,0.46,2.12,0.7,0.46,4.97,5.74,8.97,1.48,3.92,17.97,2.98,5.97,5.22,4.23,2.84,3.98,1.88,7.98,2.73,4.88,3.48,0.97,4.47,5.97,2.37,3.48,2.48,2.26,3.98,1.77,1.97,3.97,17.97,1.96,3.98,3.98,3.62,4.98,4.97,0.97,1.98,1.88,5.94,4.63,2.24,1.94,1.83,4.23,3.88,2.48,7.94,1.97,0.97,7.97,0.97,8.37,2.97,4.97
2015/02/28,4.64,0.46,0.98,0.7,0.7,11.88,0.7,0.46,7.88,14.72,0.7,6.68,12.98,3.87,10.98,4.88,1.56,5.47,10.98,10.97,0.46,6.87,0.46,5.98,10.98,0.46,0.7,0.46,3.98,5.48,14.72,1.0,5.24,14.72,3.97,3.67,0.46,0.46,2.98,5.48,12.78,0.46,0.46,2.12,0.7,0.46,4.97,5.74,8.97,1.48,3.92,17.97,2.98,5.97,5.22,4.23,2.84,3.98,1.88,7.98,2.73,4.88,3.48,0.97,4.47,5.97,2.37,3.48,2.48,2.26,3.98,1.77,1.97,3.97,17.97,1.96,3.98,3.98,3.62,4.98,4.97,0.97,1.98,1.88,5.94,4.63,2.24,1.94,1.83,4.23,3.88,2.48,7.94,1.97,0.97,7.97,0.97,8.37,2.97,4.97
2015/03/01,4.64,0.46,0.98,0.7,0.7,11.88,0.7,0.46,7.88,14.72,0.7,6.68,12.98,3.87,10.98,4.88,1.56,5.47,10.98,10.97,0.46,6.87,0.46,5.98,10.98,0.46,0.7,0.46,3.98,5.48,14.72,1.0,5.24,14.72,3.97,3.67,0.46,0.46,2.98,5.48,12.78,0.46,0.46,2.12,0.7,0.46,4.97,5.74,8.97,1.48,3.92,17.97,2.98,5.97,5.22,4.23,2.84,3.98,1.88,7.98,2.73,4.88,3.48,0.97,4.47,5.97,2.37,3.48,2.48,2.26,3.98,1.77,1.97,3.97,17.97,1.96,3.98,3.98,3.62,4.98,4.97,0.97,1.98,1.88,5.94,4.63,2.24,1.94,1.83,4.23,3.88,2.48,7.94,1.97,0.97,7.97,0.97,8.37,2.97,4.97
2015/03/02,4.64,0.46,0.98,0.7,0.7,11.88,0.7,0.46,7.88,14.72,0.7,6.68,12.98,3.87,10.98,4.88,1.56,5.47,10.98,10.97,0.46,6.87,0.46,5.98,10.98,0.46,0.7,0.46,3.98,5.48,14.72,1.0,5.24,14.72,3.97,3.67,0.46,0.46,2.98,5.48,12.78,0.46,0.46,2.12,0.7,0.46,4.97,5.74,8.97,1.48,3.92,17.97,2.98,5.97,5.22,4.23,2.84,3.98,1.88,7.98,2.73,4.88,3.48,0.97,4.47,5.97,2.37,3.48,2.48,2.26,3.98,1.77,1.97,3.97,17.97,1.96,3.98,3.98,3.62,4.98,4.97,0.97,1.98,1.88,5.94,4.63,2.24,1.94,1.83,4.23,3.88,2.48,7.94,1.97,0.97,7.97,0.97,8.37,2.97,4.97
2015/03/03,4.64,0.46,0.98,0.7,0.7,11.88,0.7,0.46,7.88,14.72,0.7,6.68,12.98,3.87,10.98,4.88,1.56,5.47,10.98,10.97,0.46,6.87,0.46,5.98,10.98,0.46,0.7,0.46,3.98,5.48,14.72,1.0,5.24,14.72,3.97,3.67,0.46,0.46,2.98,5.48,12.78,0.46,0.46,2.12,0.7,0.46,4.97,5.74,8.97,1.48,3.92,17.97,2.98,5.97,5.22,4.23,2.84,3.98,1.88,7.98,2.73,4.88,3.48,0.97,4.47,5.97,2.37,3.48,2.48,2.26,3.98,1.77,1.97,3.97,17.97,1.96,3.98,3.98,3.62,4.98,4.97,0.97,1.98,1.88,5.94,4.63,2.24,1.94,1.83,4.23,3.88,2.48,7.94,1.97,0.97,7.97,0.97,8.37,2.97,4.97
2015/03/04,4.64,0.46,0.98,0.7,0.7,11.88,0.7,0.46,7.88,14.72,0.7,6.68,12.98,3.87,10.98,4.88,1.56,5.47,10.98,10.97,0.46,6.87,0.46,5.98,10.98,0.46,0.7,0.46,3.98,5.48,14.72,1.0,5.24,14.72,3.97,3.67,0.46,0.46,2.98,5.48,12.78,0.46,0.46,2.12,0.7,0.46,4.97,5.74,8.97,1.48,3.92,17.97,2.98,5.97,5.22,4.23,2.84,3.98,1.88,7.98,2.73,4.88,3.48,0.97,4.47,5.97,2.37,3.48,2.48,2.26,3.98,1.77,1.97,3.97,17.97,1.96,3.98,3.98,3.62,4.98,4.97,0.97,1.98,1.88,5.94,4.63,2.24,1.94,1.83,4.23,3.88,2.48,7.94,1.97,0.97,7.97,0.97,8.37,2.97,4.97
2015/03/05,4.64,0.46,0.98,0.7,0.7,11.88,0.7,0.46,7.88,14.72,0.7,6.68,12.98,3.87,10.98,4.88,1.56,5.47,10.98,10.97,0.46,6.87,0.46,5.98,10.98,0.46,0.7,0.46,3.98,5.48,14.72,1.0,5.24,14.72,3.97,3.67,0.46,0.46,2.98,5.48,12.78,0.46,0.46,2.12,0.7,0.46,4.97,5.74,8.97,1.48,3.92,17.97,2.98,5.97,5.22,4.23,2.84,3.98,1.88,7.98,2.73,4.88,3.48,0.97,4.47,5.97,2.37,3.48,2.48,2.26,3.98,1.77,1.97,3.97,17.97,1.96,3.98,3.98,3.62,4.98,4.97,0.97,1.98,1.88,5.94,4.63,2.24,1.94,1.83,4.23,3.88,2.48,7.94,1.97,0.97,7.97,0.97,8.37,2.97,4.97
2015/03/06,4.64,0.46,0.98,0.7,0.7,11.88,0.7,0.46,7.88,14.72,0.7,6.68,12.98,3.87,10.98,4.88,1.56,5.47,10.98,10.97,0.46,6.87,0.46,5.98,10.98,0.46,0.7,0.46,3.98,5.48,14.72,1.0,5.24,14.72,3.97,3.67,0.46,0.46,2.98,5.48,12.78,0.46,0.46,2.12,0.7,0.46,4.97,5.74,8.97,1.48,3.92,17.97,2.98,5.97,5.22,4.23,2.84,3.98,1.88,7.98,2.73,4.88,3.48,0.97,4.47,5.97,2.37,3.48,2.48,2.26,3.98,1.77,1.97,3.97,17.97,1.96,3.98,3.98,3.62,4.98,4.97,0.97,1.98,1.88,5.94,4.63,2.24,1.94,1.83,4.23,3.88,2.48,7.94,1.97,0.97,7.97,0.97,8.37,2.97,4.97
2015/03/07,4.64,0.46,0.98,0.7,0.7,11.88,0.7,0.46,7.88,14.72,0.7,6.68,12.98,3.87,10.98,4.88,1.56,5.47,10.98,10.97,0.46,6.87,0.46,5.98,10.98,0.46,0.7,0.46,3.98,5.48,14.72,1.0,5.24,14.72,3.97,3.67,0.46,0.46,2.98,5.48,12.78,0.46,0.46,2.12,0.7,0.46,4.97,5.74,8.97,1.48,3.92,17.97,2.98,5.97,5.22,4.23,2.84,3.98,1.88,7.98,2.73,4.88,3.48,0.97,4.47,5.97,2.37,3.48,2.48,2.26,3.98,1.77,1.97,3.97,17.97,1.96,3.98,3.98,3.62,4.98,4.97,0.97,1.98,1.88,5.94,4.63,2.24,1.94,1.83,4.23,3.88,2.48,7.94,1.97,0.97,7.97,0.97,8.37,2.97,4.97
2015/03/08,4.64,0.46,0.98,0.7,0.7,11.88,0.7,0.46,7.88,14.72,0.7,6.68,12.98,3.87,10.98,4.88,1.56,5.47,10.98,10.97,0.46,6.87,0.46,5.98,10.98,0.46,0.7,0.46,3.98,5.48,14.72,1.0,5.24,14.72,3.97,3.67,0.46,0.46,2.98,5.48,12.78,0.46,0.46,2.12,0.7,0.46,4.97,5.74,8.97,1.48,3.92,17.97,2.98,5.97,5.22,4.23,2.84,3.98,1.88,7.98,2.73,4.88,3.48,0.97,4.47,5.97,2.37,3.48,2.48,2.26,3.98,1.77,1.97,3.97,17.97,1.96,3.98,3.98,3.62,4.98,4.97,0.97,1.98,1.88,5.94,4.63,2.24,1.94,1.83,4.23,3.88,2.48,7.94,1.97,0.97,7.97,0.97,8.37,2.97,4.97
2015/03/09,4.64,0.46,0.98,0.7,0.7,11.88,0.7,0.46,7.88,14.72,0.7,6.68,12.98,3.87,10.98,4.88,1.56,5.47,10.98,10.97,0.46,6.87,0.46,5.98,10.98,0.46,0.7,0.46,3.98,5.48,14.72,1.0,5.24,14.72,3.97,3.67,0.46,0.46,2.98,5.48,12.78,0.46,0.46,2.12,0.7,0.46,4.97,5.74,8.97,1.48,3.92,17.97,2.98,5.97,5.22,4.23,2.84,3.98,1.88,7.98,2.73,4.88,3.48,0.97,4.47,5.97,2.37,3.48,2.48,2.26,3.98,1.77,1.97,3.97,17.97,1.96,3.98,3.98,3.62,4.98,4.97,0.97,1.98,1.88,5.94,4.63,2.24,1.94,1.83,4.23,3.88,2.48,7.94,1.97,0.97,7.97,0.97,8.37,2.97,4.97
2015/03/10,4.64,0.46,0.98,0.7,0.7,11.88,0.7,0.46,7.88,14.72,0.7,6.68,12.98,3.87,10.98,4.88,1.56,5.47,10.98,10.97,0.46,6.87,0.46,5.98,10.98,0.46,0.7,0.46,3.98,5.48,14.72,1.0,5.24,14.72,3.97,3.67,0.46,0.46,2.98,5.48,12.78,0.46,0.46,2.12,0.7,0.46,4.97,5.74,8.97,1.48,3.92,17.97,2.98,5.97,5.22,4.23,2.84,3.98,1.88,7.98,2.73,4.88,3.48,0.97,4.47,5.97,2.37,3.48,2.48,2.26,3.98,1.77,1.97,3.97,17.97,1.96,3.98,3.98,3.62,4.98,4.97,0.97,1.98,1.88,5.94,4.63,2.24,1.94,1.83,4.23,3.88,2.48,7.94,1.97,0.97,7.97,0.97,8.37,2.97,4.97
2015/03/11,4.64,0.46,0.98,0.7,0.7,11.88,0.7,0.46,7.88,14.72,0.7,6.68,12.98,3.87,10.98,4.88,1.56,5.47,10.98,10.97,0.46,6.87,0.46,5.98,10.98,0.46,0.7,0.46,3.98,5.48,14.72,1.0,5.24,14.72,3.97,3.67,0.46,0.46,2.98,5.48,12.78,0.46,0.46,2.12,0.7,0.46,4.97,5.74,8.97,1.48,3.92,17.97,2.98,5.97,5.22,4.23,2.84,3.98,1.88,7.98,2.73,4.88,3.48,0.97,4.47,5.97,2.37,3.48,2.48,2.26,3.98,1.77,1.97,3.97,17.97,1.96,3.98,3.98,3.62,4.98,4.97,0.97,1.98,1.88,5.94,4.63,2.24,1.94,1.83,4.23,3.88,2.48,7.94,1.97,0.97,7.97,0.97,8.37,2.97,4.97
2015/03/12,4.64,0.46,0.98,0.7,0.7,11.88,0.7,0.46,7.88,14.72,0.7,6.68,12.98,3.87,10.98,4.88,1.56,5.47,10.98,10.97,0.46,6.87,0.46,5.98,10.98,0.46,0.7,0.46,3.98,5.48,14.72,1.0,5.24,14.72,3.97,3.67,0.46,0.46,2.98,5.48,12.78,0.46,0.46,2.12,0.7,0.46,4.97,5.74,8.97,1.48,3.92,17.97,2.98,5.97,5.22,4.23,2.84,3.98,1.88,7.98,2.73,4.88,3.48,0.97,4.47,5.97,2.37,3.48,2.48,2.26,3.98,1.77,1.97,3.97,17.97,1.96,3.98,3.98,3.62,4.98,4.97,0.97,1.98,1.88,5.94,4.63,2.24,1.94,1.83,4.23,3.88,2.48,7.94,1.97,0.97,7.97,0.97,8.37,2.97,4.97
2015/03/13,4.64,0.46,0.98,0.7,0.7,11.88,0.7,0.46,7.88,14.72,0.7,6.68,12.98,3.87,10.98,4.88,1.56,5.47,10.98,10.97,0.46,6.87,0.46,5.98,10.98,0.46,0.7,0.46,3.98,5.48,14.72,1.0,5.24,14.72,3.97,3.67,0.46,0.46,2.98,5.48,12.78,0.46,0.46,2.12,0.7,0.46,4.97,5.74,8.97,1.48,3.92,17.97,2.98,5.97,5.22,4.23,2.84,3.98,1.88,7.98,2.73,4.88,3.48,0.97,4.47,5.97,2.37,3.48,2.48,2.26,3.98,1.77,1.97,3.97,17.97,1.96,3.98,3.98,3.62,4.98,4.97,0.97,1.98,1.88,5.94,4.63,2.24,1.94,1.83,4.23,3.88,2.48,7.94,1.97,0.97,7.97,0.97,8.37,2.97,4.97
2015/03/14,4.64,0.46,0.98,0.7,0.7,11.88,0.7,0.46,7.88,14.72,0.7,6.68,12.98,3.87,10.98,4.88,1.56,5.47,10.98,10.97,0.46,6.87,0.46,5.98,10.98,0.46,0.7,0.46,3.98,5.48,14.72,1.0,5.24,14.72,3.97,3.67,0.46,0.46,2.98,5.48,12.78,0.46,0.46,2.12,0.7,0.46,4.97,5.74,8.97,1.48,3.92,17.97,2.98,5.97,5.22,4.23,2.84,3.98,1.88,7.98,2.73,4.88,3.48,0.97,4.47,5.97,2.37,3.48,2.48,2.26,3.98,1.77,1.97,3.97,17.97,1.96,3.98,3.98,3.62,4.98,4.97,0.97,1.98,1.88,5.94,4.63,2.24,1.94,1.83,4.23,3.88,2.48,7.94,1.97,0.97,7.97,0.97,8.37,2.97,4.97
2015/03/15,4.64,0.46,0.98,0.7,0.7,11.88,0.7,0.46,7.88,14.72,0.7,6.68,12.98,3.87,10.98,4.88,1.56,5.47,10.98,10.97,0.46,6.87,0.46,5.98,10.98,0.46,0.7,0.46,3.98,5.48,14.72,1.0,5.24,14.72,3.97,3.67,0.46,0.46,2.98,5.48,12.78,0.46,0.46,2.12,0.7,0.46,4.97,5.74,8.97,1.48,3.92,17.97,2.98,5.97,5.22,4.23,2.84,3.98,1.88,7.98,2.73,4.88,3.48,0.97,4.47,5.97,2.37,3.48,2.48,2.26,3.98,1.77,1.97,3.97,17.97,1.96,3.98,3.98,3.62,4.98,4.97,0.97,1.98,1.88,5.94,4.63,2.24,1.94,1.83,4.23,3.88,2.48,7.94,1.97,0.97,7.97,0.97,8.37,2.97,4.97
2015/03/16,4.64,0.46,0.98,0.7,0.7,11.88,0.7,0.46,7.88,14.72,0.7,6.68,12.98,3.87,10.98,4.88,1.56,5.47,10.98,10.97,0.46,6.87,0.46,5.98,10.98,0.46,0.7,0.46,3.98,5.48,14.72,1.0,5.24,14.72,3.97,3.67,0.46,0.46,2.98,5.48,12.78,0.46,0.46,2.12,0.7,0.46,4.97,5.74,8.97,1.48,3.92,17.97,2.98,5.97,5.22,4.23,2.84,3.98,1.88,7.98,2.73,4.88,3.48,0.97,4.47,5.97,2.37,3.48,2.48,2.26,3.98,1.77,1.97,3.97,17.97,1.96,3.98,3.98,3.62,4.98,4.97,0.97,1.98,1.88,5.94,4.63,2.24,1.94,1.83,4.23,3.88,2.48,7.94,1.97,0.97,7.97,0.97,8.37,2.97,4.97
2015/03/17,4.64,0.46,0.98,0.7,0.7,11.88,0.7,0.46,7.88,14.72,0.7,6.68,12.98,3.87,10.98,4.88,1.56,5.47,10.98,10.97,0.46,6.87,0.46,5.98,10.98,0.46,0.7,0.46,3.98,5.48,14.72,1.0,5.24,14.72,3.97,3.67,0.46,0.46,2.98,5.48,12.78,0.46,0.46,2.12,0.7,0.46,4.97,5.74,8.97,1.48,3.92,17.97,2.98,5.97,5.22,4.23,2.84,3.98,1.88,7.98,2.73,4.88,3.48,0.97,4.47,5.97,2.37,3.48,2.48,2.26,3.98,1.77,1.97,3.97,17.97,1.96,3.98,3.98,3.62,4.98,4.97,0.97,1.98,1.88,5.94,4.63,2.24,1.94,1.83,4.23,3.88,2.48,7.94,1.97,0.97,7.97,0.97,8.37,2.97,4.97
2015/03/18,4.64,0.46,0.98,0.7,0.7,11.88,0.7,0.46,7.88,14.72,0.7,6.68,12.98,3.87,10.98,4.88,1.56,5.47,10.98,10.97,0.46,6.87,0.46,5.98,10.98,0.46,0.7,0.46,3.98,5.48,14.72,1.0,5.24,14.72,3.97,3.67,0.46,0.46,2.98,5.48,12.78,0.46,0.46,2.12,0.7,0.46,4.97,5.74,8.97,1.48,3.92,17.97,2.98,5.97,5.22,4.23,2.84,3.98,1.88,7.98,2.73,4.88,3.48,0.97,4.47,5.97,2.37,3.48,2.48,2.26,3.98,1.77,1.97,3.97,17.97,1.96,3.98,3.98,3.62,4.98,4.97,0.97,1.98,1.88,5.94,4.63,2.24,1.94,1.83,4.23,3.88,2.48,7.94,1.97,0.97,7.97,0.97,8.37,2.97,4.97
2015/03/19,4.64,0.46,0.98,0.7,0.7,11.88,0.7,0.46,7.88,14.72,0.7,6.68,12.98,3.87,10.98,4.88,1.56,5.47,10.98,10.97,0.46,6.87,0.46,5.98,10.98,0.46,0.7,0.46,3.98,5.48,14.72,1.0,5.24,14.72,3.97,3.67,0.46,0.46,2.98,5.48,12.78,0.46,0.46,2.12,0.7,0.46,4.97,5.74,8.97,1.48,3.92,17.97,2.98,5.97,5.22,4.23,2.84,3.98,1.88,7.98,2.73,4.88,3.48,0.97,4.47,5.97,2.37,3.48,2.48,2.26,3.98,1.77,1.97,3.97,17.97,1.96,3.98,3.98,3.62,4.98,4.97,0.97,1.98,1.88,5.94,4.63,2.24,1.94,1.83,4.23,3.88,2.48,7.94,1.97,0.97,7.97,0.97,8.37,2.97,4.97
2015/03/20,4.64,0.46,0.98,0.7,0.7,11.88,0.7,0.46,7.88,14.72,0.7,6.68,12.98,3.87,10.98,4.88,1.56,5.47,10.98,10.97,0.46,6.87,0.46,5.98,10.98,0.46,0.7,0.46,3.98,5.48,14.72,1.0,5.24,14.72,3.97,3.67,0.46,0.46,2.98,5.48,12.78,0.46,0.46,2.12,0.7,0.46,4.97,5.74,8.97,1.48,3.92,17.97,2.98,5.97,5.22,4.23,2.84,3.98,1.88,7.98,2.73,4.88,3.48,0.97,4.47,5.97,2.37,3.48,2.48,2.26,3.98,1.77,1.97,3.97,17.97,1.96,3.98,3.98,3.62,4.98,4.97,0.97,1.98,1.88,5.94,4.63,2.24,1.94,1.83,4.23,3.88,2.48,7.94,1.97,0.97,7.97,0.97,8.37,2.97,4.97
2015/03/21,4.64,0.46,0.98,0.7,0.7,11.88,0.7,0.46,7.88,14.72,0.7,6.68,12.98,3.87,10.98,4.88,1.56,5.47,10.98,10.97,0.46,6.87,0.46,5.98,10.98,0.46,0.7,0.46,3.98,5.48,14.72,1.0,5.24,14.72,3.97,3.67,0.46,0.46,2.98,5.48,12.78,0.46,0.46,2.12,0.7,0.46,4.97,5.74,8.97,1.48,3.92,17.97,2.98,5.97,5.22,4.23,2.84,3.97,1.88,7.98,2.73,4.88,3.48,0.97,4.47,5.97,2.37,3.48,2.48,2.26,3.98,1.77,1.97,3.97,17.97,1.96,3.98,3.98,3.62,4.98,4.97,0.97,1.98,1.88,5.94,4.63,2.24,1.94,1.83,4.23,3.88,2.48,7.94,1.97,0.97,7.97,0.97,8.37,2.97,4.97
2015/03/22,4.64,0.46,0.98,0.7,0.7,11.88,0.7,0.46,7.88,14.72,0.7,6.68,12.98,3.87,10.98,4.88,1.56,5.47,10.98,10.97,0.46,6.87,0.46,5.98,10.98,0.46,0.7,0.46,3.98,5.48,14.72,1.0,5.24,14.72,3.97,3.67,0.46,0.46,2.98,5.48,12.78,0.46,0.46,2.12,0.7,0.46,4.97,5.74,8.97,1.48,3.92,17.97,2.98,5.97,5.22,4.23,2.84,3.97,1.88,7.98,2.73,4.88,3.48,0.97,4.47,5.97,2.37,3.48,2.48,2.26,3.98,1.77,1.97,3.97,17.97,1.96,3.98,3.98,3.62,4.98,4.97,0.97,1.98,1.88,5.94,4.63,2.24,1.94,1.83,4.23,3.88,2.48,7.94,1.97,0.97,7.97,0.97,8.37,2.97,4.97
2015/03/23,4.64,0.46,0.98,0.7,0.7,11.88,0.7,0.46,7.88,14.72,0.7,6.68,12.98,3.87,10.98,4.88,1.56,5.47,10.98,10.97,0.46,6.87,0.46,5.98,10.98,0.46,0.7,0.46,3.98,5.48,14.72,1.0,5.24,14.72,3.97,3.67,0.46,0.46,2.98,5.48,12.78,0.46,0.46,2.12,0.7,0.46,4.97,5.74,8.97,1.48,3.92,17.97,2.98,5.97,5.22,4.23,2.84,3.97,1.88,7.98,2.73,4.88,3.48,0.97,4.47,5.97,2.37,3.48,2.48,2.26,3.98,1.77,1.97,3.97,17.97,1.96,3.98,3.98,3.62,4.98,4.97,0.97,1.98,1.88,5.94,4.63,2.24,1.94,1.83,4.23,3.88,2.48,7.94,1.97,0.97,7.97,0.97,8.37,2.97,4.97
2015/03/24,4.64,0.46,0.98,0.7,0.7,11.88,0.7,0.46,7.88,14.72,0.7,6.68,12.98,3.87,10.98,4.88,1.56,5.47,10.98,10.97,0.46,6.87,0.46,5.98,10.98,0.46,0.7,0.46,3.98,5.48,14.72,1.0,5.24,14.72,3.97,3.67,0.46,0.46,2.98,5.48,12.78,0.46,0.46,2.12,0.7,0.46,4.97,5.74,8.97,1.48,3.92,17.97,2.98,5.97,5.22,4.23,2.84,3.97,1.88,7.98,2.73,4.88,3.48,0.97,4.47,5.97,2.37,3.48,2.48,2.26,3.98,1.77,1.97,3.97,17.97,1.96,3.98,3.98,3.62,4.98,4.97,0.97,1.98,1.88,5.94,4.63,2.24,1.94,1.83,4.23,3.88,2.48,7.94,1.97,0.97,7.97,0.97,8.37,2.97,4.97
2015/03/25,4.64,0.46,0.98,0.7,0.7,11.88,0.7,0.46,7.88,14.72,0.7,6.68,12.98,3.87,10.98,4.88,1.56,5.47,10.98,10.97,0.46,6.87,0.46,5.98,10.98,0.46,0.7,0.46,3.98,5.48,14.72,1.0,5.24,14.72,3.97,3.67,0.46,0.46,2.98,5.48,12.78,0.46,0.46,2.12,0.7,0.46,4.97,5.74,8.97,1.48,3.92,17.97,2.98,5.97,5.22,4.23,2.84,3.97,1.88,7.98,2.73,4.88,3.48,0.97,4.47,5.97,2.37,3.48,2.48,2.26,3.98,1.77,1.97,3.97,17.97,1.96,3.98,3.98,3.62,4.98,4.97,0.97,1.98,1.88,5.94,4.63,2.24,1.94,1.83,4.23,3.88,2.48,7.94,1.97,0.97,7.97,0.97,8.37,2.97,4.97
2015/03/26,4.64,0.46,0.98,0.7,0.7,11.88,0.7,0.46,7.88,14.72,0.7,6.68,12.98,3.87,10.98,4.88,1.56,5.47,10.98,10.97,0.46,6.87,0.46,5.98,10.98,0.46,0.7,0.46,3.98,5.48,14.72,1.0,5.24,14.72,3.97,3.67,0.46,0.46,2.98,5.48,12.78,0.46,0.46,2.12,0.7,0.46,4.97,5.74,8.97,1.48,3.92,17.97,2.98,5.97,5.22,4.23,2.84,3.97,1.88,7.98,2.73,4.88,3.48,0.97,4.47,5.97,2.37,3.48,2.48,2.26,3.98,1.77,1.97,3.97,17.97,1.96,3.98,3.98,3.62,4.98,4.97,0.97,1.98,1.88,5.94,4.63,2.24,1.94,1.83,4.23,3.88,2.48,7.94,1.97,0.97,7.97,0.97,8.37,2.97,4.97
2015/03/27,4.64,0.46,0.98,0.7,0.7,11.88,0.7,0.46,7.88,14.72,0.7,6.68,12.98,3.87,10.98,4.88,1.56,5.47,10.98,10.97,0.46,6.87,0.46,5.98,10.98,0.46,0.7,0.46,3.98,5.48,14.72,1.0,5.24,14.72,3.97,3.67,0.46,0.46,2.98,5.48,12.78,0.46,0.46,2.12,0.7,0.46,4.97,5.74,8.97,1.48,3.92,17.97,2.98,5.97,5.22,4.23,2.84,3.97,1.88,7.98,2.73,4.88,3.48,0.97,4.47,5.97,2.37,3.48,2.48,2.26,3.98,1.77,1.97,3.97,17.97,1.96,3.98,3.98,3.62,4.98,4.97,0.97,1.98,1.88,5.94,4.63,2.24,1.94,1.83,4.23,3.88,2.48,7.94,1.97,0.97,7.97,0.97,8.37,2.97,4.97
2015/03/28,4.64,0.46,0.98,0.7,0.7,11.88,0.7,0.46,7.88,14.72,0.7,6.68,12.98,3.87,10.98,4.88,1.56,5.47,10.98,10.97,0.46,6.87,0.46,5.98,10.98,0.46,0.7,0.46,3.98,5.48,14.72,1.0,5.24,14.72,3.97,3.67,0.46,0.46,2.98,5.48,12.78,0.46,0.46,2.12,0.7,0.46,4.97,5.74,8.97,1.48,3.92,17.97,2.98,5.97,5.22,4.23,2.84,3.97,1.88,7.98,2.73,4.88,3.48,0.97,4.47,5.97,2.37,3.48,2.48,2.26,3.98,1.77,1.97,3.97,17.97,1.96,3.98,3.98,3.62,4.98,4.97,0.97,1.98,1.88,5.94,4.63,2.24,1.94,1.83,4.23,3.88,2.48,7.94,1.97,0.97,7.97,0.97,8.37,2.97,4.97
2015/03/29,4.64,0.46,0.98,0.7,0.7,11.88,0.7,0.46,7.88,14.72,0.7,6.68,12.98,3.87,10.98,4.88,1.56,5.47,10.98,10.97,0.46,6.87,0.46,5.98,10.98,0.46,0.7,0.46,3.98,5.48,14.72,1.0,5.24,14.72,3.97,3.67,0.46,0.46,2.98,5.48,12.78,0.46,0.46,2.12,0.7,0.46,4.97,5.74,8.97,1.48,3.92,17.97,2.98,5.97,5.22,4.23,2.84,3.97,1.88,7.98,2.73,4.88,3.48,0.97,4.47,5.97,2.37,3.48,2.48,2.26,3.98,1.77,1.97,3.97,17.97,1.96,3.98,3.98,3.62,4.98,4.97,0.97,1.98,1.88,5.94,4.63,2.24,1.94,1.83,4.23,3.88,2.48,7.94,1.97,0.97,7.97,0.97,8.37,2.97,4.97
2015/03/30,4.64,0.46,0.98,0.7,0.7,11.88,0.7,0.46,7.88,14.72,0.7,6.68,12.98,3.87,10.98,4.88,1.56,5.47,10.98,10.97,0.46,6.87,0.46,5.98,10.98,0.46,0.7,0.46,3.98,5.48,14.72,1.0,5.24,14.72,3.97,3.67,0.46,0.46,2.98,5.48,12.78,0.46,0.46,2.12,0.7,0.46,4.97,5.74,8.97,1.48,3.92,17.97,2.98,5.97,5.22,4.23,2.84,3.97,1.88,7.98,2.73,4.88,3.48,0.97,4.47,5.97,2.37,3.48,2.48,2.26,3.98,1.77,1.97,3.97,17.97,1.96,3.98,3.98,3.62,4.98,4.97,0.97,1.98,1.88,5.94,4.63,2.24,1.94,1.83,4.23,3.88,2.48,7.94,1.97,0.97,7.97,0.97,8.37,2.97,4.97
2015/03/31,4.64,0.46,0.98,0.7,0.7,11.88,0.7,0.46,7.88,14.72,0.7,6.68,12.98,3.87,10.98,4.88,1.56,5.47,10.98,10.97,0.46,6.87,0.46,5.98,10.98,0.46,0.7,0.46,3.98,5.48,14.72,1.0,5.24,14.72,3.97,3.67,0.46,0.46,2.98,5.48,12.78,0.46,0.46,2.12,0.7,0.46,4.97,5.74,8.97,1.48,3.92,17.97,2.98,5.97,5.22,4.23,2.84,3.97,1.88,7.98,2.73,4.88,3.48,0.97,4.47,5.97,2.37,3.48,2.48,2.26,3.98,1.77,1.97,3.97,17.97,1.96,3.98,3.98,3.62,4.98,4.97,0.97,1.98,1.88,5.94,4.63,2.24,1.94,1.83,4.23,3.88,2.48,7.94,1.97,0.97,7.97,0.97,8.37,2.97,4.97
2015/04/01,4.64,0.46,0.98,0.7,0.7,11.88,0.7,0.46,7.88,14.72,0.7,6.68,12.98,3.87,10.98,4.88,1.56,5.47,10.98,10.97,0.46,6.87,0.46,5.98,10.98,0.46,0.7,0.46,3.98,5.48,14.72,1.0,5.24,14.72,3.97,3.67,0.46,0.46,2.98,5.48,12.78,0.46,0.46,2.12,0.7,0.46,4.97,5.74,8.97,1.48,3.92,17.97,2.98,5.97,5.22,4.23,2.84,3.97,1.88,7.98,2.73,4.88,3.48,0.97,4.47,5.97,2.37,3.48,2.48,2.26,3.98,1.77,1.97,3.97,17.97,1.96,3.98,3.98,3.62,4.98,4.97,0.97,1.98,1.88,5.94,4.63,2.24,1.94,1.83,4.23,3.88,2.48,7.94,1.97,0.97,7.97,0.97,8.37,2.97,4.97
2015/04/02,4.64,0.46,0.98,0.7,0.7,11.88,0.7,0.46,7.88,14.72,0.7,6.68,12.98,3.87,10.98,4.88,1.56,5.47,10.98,10.97,0.46,6.87,0.46,5.98,10.98,0.46,0.7,0.46,3.98,5.48,14.72,1.0,5.24,14.72,3.97,3.67,0.46,0.46,2.98,5.48,12.78,0.46,0.46,2.12,0.7,0.46,4.97,5.74,8.97,1.48,3.92,17.97,2.98,5.97,5.22,4.23,2.84,3.97,1.88,7.98,2.73,4.88,3.48,0.97,4.47,5.97,2.37,3.48,2.48,2.26,3.98,1.77,1.97,3.97,17.97,1.96,3.98,3.98,3.62,4.98,4.97,0.97,1.98,1.88,5.94,4.63,2.24,1.94,1.83,4.23,3.88,2.48,7.94,1.97,0.97,7.97,0.97,8.37,2.97,4.97
2015/04/03,4.64,0.46,0.98,0.7,0.7,11.88,0.7,0.46,7.88,14.72,0.7,6.68,12.98,3.87,10.98,4.88,1.56,5.47,10.98,10.97,0.46,6.87,0.46,5.98,10.98,0.46,0.7,0.46,3.98,5.48,14.72,1.0,5.24,14.72,3.97,3.67,0.46,0.46,2.98,5.48,12.78,0.46,0.46,2.12,0.7,0.46,4.97,5.74,8.97,1.48,3.92,17.97,2.98,5.97,5.22,4.23,2.84,3.97,1.88,7.98,2.73,4.88,3.48,0.97,4.47,5.97,2.37,3.48,2.48,2.26,3.98,1.77,1.97,3.97,17.97,1.96,3.98,3.98,3.62,4.98,4.97,0.97,1.98,1.88,5.94,4.63,2.24,1.94,1.83,4.23,3.88,2.48,7.94,1.97,0.97,7.97,0.97,8.37,2.97,4.97
2015/04/04,4.64,0.46,0.98,0.7,0.7,11.88,0.7,0.46,7.88,14.72,0.7,6.68,12.98,3.87,10.98,4.88,1.56,5.47,10.98,10.97,0.46,6.87,0.46,5.98,10.98,0.46,0.7,0.46,3.98,5.48,14.72,1.0,5.24,14.72,3.97,3.67,0.46,0.46,2.98,5.48,12.78,0.46,0.46,2.12,0.7,0.46,4.97,5.74,8.97,1.48,3.92,17.97,2.98,5.97,5.22,4.23,2.84,3.97,1.88,7.98,2.73,4.88,3.48,0.97,4.47,5.97,2.37,3.48,2.48,2.26,3.98,1.77,1.97,3.97,17.97,1.96,3.98,3.98,3.62,4.98,4.97,0.97,1.98,1.88,5.94,4.63,2.24,1.94,1.83,4.23,3.88,2.48,7.94,1.97,0.97,7.97,0.97,8.37,2.97,4.97
2015/04/05,4.64,0.46,0.98,0.7,0.7,11.88,0.7,0.46,7.88,14.72,0.7,6.68,12.98,3.87,10.98,4.88,1.56,5.47,10.98,10.97,0.46,6.87,0.46,5.98,10.98,0.46,0.7,0.46,3.98,5.48,14.72,1.0,5.24,14.72,3.97,3.67,0.46,0.46,2.98,5.48,12.78,0.46,0.46,2.12,0.7,0.46,4.97,5.74,8.97,1.48,3.92,17.97,2.98,5.97,5.22,4.23,2.84,3.97,1.88,7.98,2.73,4.88,3.48,0.97,4.47,5.97,2.37,3.48,2.48,2.26,3.98,1.77,1.97,3.97,17.97,1.96,3.98,3.98,3.62,4.98,4.97,0.97,1.98,1.88,5.94,4.63,2.24,1.94,1.83,4.23,3.88,2.48,7.94,1.97,0.97,7.97,0.97,8.37,2.97,4.97
2015/04/06,4.64,0.46,0.98,0.7,0.7,11.88,0.7,0.46,7.88,14.72,0.7,6.68,12.98,3.87,10.98,4.88,1.56,5.47,10.98,10.97,0.46,6.87,0.46,5.98,10.98,0.46,0.7,0.46,3.98,5.48,14.72,1.0,5.24,14.72,3.97,3.67,0.46,0.46,2.98,5.48,12.78,0.46,0.46,2.12,0.7,0.46,4.97,5.74,8.97,1.48,3.92,17.97,2.98,5.97,5.22,4.23,2.84,3.97,1.88,7.98,2.73,4.88,3.48,0.97,4.47,5.97,2.37,3.48,2.48,2.26,3.98,1.77,1.97,3.97,17.97,1.96,3.98,3.98,3.62,4.98,4.97,0.97,1.98,1.88,5.94,4.63,2.24,1.94,1.83,4.23,3.88,2.48,7.94,1.97,0.97,7.97,0.97,8.37,2.97,4.97
2015/04/07,4.64,0.46,0.98,0.7,0.7,11.88,0.7,0.46,7.88,14.72,0.7,6.68,12.98,3.87,10.98,4.88,1.56,5.47,10.98,10.97,0.46,6.87,0.46,5.98,10.98,0.46,0.7,0.46,3.98,5.48,14.72,1.0,5.24,14.72,3.97,3.67,0.46,0.46,2.98,5.48,12.78,0.46,0.46,2.12,0.7,0.46,4.97,5.74,8.97,1.48,3.92,17.97,2.98,5.97,5.22,4.23,2.84,3.97,1.88,7.98,2.73,4.88,3.48,0.97,4.47,5.97,2.37,3.48,2.48,2.26,3.98,1.77,1.97,3.97,17.97,1.96,3.98,3.98,3.62,4.98,4.97,0.97,1.98,1.88,5.94,4.63,2.24,1.94,1.83,4.23,3.88,2.48,7.94,1.97,0.97,7.97,0.97,8.37,2.97,4.97
2015/04/08,4.64,0.46,0.98,0.7,0.7,11.88,0.7,0.46,7.88,14.72,0.7,6.68,12.98,3.87,10.98,4.88,1.56,5.47,10.98,10.97,0.46,6.87,0.46,5.98,10.98,0.46,0.7,0.46,3.98,5.48,14.72,1.0,5.24,14.72,3.97,3.67,0.46,0.46,2.98,5.48,12.78,0.46,0.46,2.12,0.7,0.46,4.97,5.74,8.97,1.48,3.92,17.97,2.98,5.97,5.22,4.23,2.84,3.97,1.88,7.98,2.73,4.88,3.48,0.97,4.47,5.97,2.37,3.48,2.48,2.26,3.98,1.77,1.97,3.97,17.97,1.96,3.98,3.98,3.62,4.98,4.97,0.97,1.98,1.88,5.94,4.63,2.24,1.94,1.83,4.23,3.88,2.48,7.94,1.97,0.97,7.97,0.97,8.37,2.97,4.97
2015/04/09,4.64,0.46,0.98,0.7,0.7,11.88,0.7,0.46,7.88,14.72,0.7,6.68,12.98,3.87,10.98,4.88,1.56,5.47,10.98,10.97,0.46,6.87,0.46,5.98,10.98,0.46,0.7,0.46,3.98,5.48,14.72,1.0,5.24,14.72,3.97,3.67,0.46,0.46,2.98,5.48,12.78,0.46,0.46,2.12,0.7,0.46,4.97,5.74,8.97,1.48,3.92,17.97,2.98,5.97,5.22,4.23,2.84,3.97,1.88,7.98,2.73,4.88,3.48,0.97,4.47,5.97,2.37,3.48,2.48,2.26,3.98,1.77,1.97,3.97,17.97,1.96,3.98,3.98,3.62,4.98,4.97,0.97,1.98,1.88,5.94,4.63,2.24,1.94,1.83,4.23,3.88,2.48,7.94,1.97,0.97,7.97,0.97,8.37,2.97,4.97
2015/04/10,4.64,0.46,0.98,0.7,0.7,11.88,0.7,0.46,7.88,14.72,0.7,6.68,12.98,3.87,10.98,4.88,1.56,5.47,10.98,10.97,0.46,6.87,0.46,5.98,10.98,0.46,0.7,0.46,3.98,5.48,14.72,1.0,5.24,14.72,3.97,3.67,0.46,0.46,2.98,5.48,12.78,0.46,0.46,2.12,0.7,0.46,4.97,5.74,8.97,1.48,3.92,17.97,2.98,5.97,5.22,4.23,2.84,3.97,1.88,7.98,2.73,4.88,3.48,0.97,4.47,5.97,2.37,3.48,2.48,2.26,3.98,1.77,1.97,3.97,17.97,1.96,3.98,3.98,3.62,4.98,4.97,0.97,1.98,1.88,5.94,4.63,2.24,1.94,1.83,4.23,3.88,2.48,7.94,1.97,0.97,7.97,0.97,8.37,2.97,4.97
2015/04/11,4.64,0.48,0.98,0.7,0.7,11.88,0.7,0.46,7.88,14.72,0.7,6.68,12.98,3.87,10.98,4.88,1.56,5.47,10.98,10.97,0.46,6.87,0.46,5.98,10.98,0.46,0.7,0.46,3.98,5.48,14.72,1.0,5.24,14.72,3.97,3.67,0.46,0.48,2.98,5.48,12.78,0.48,0.46,2.12,0.7,0.46,4.97,5.74,8.97,1.48,3.92,17.97,2.98,5.97,5.22,4.23,2.84,3.97,1.88,7.98,2.73,4.88,3.48,0.97,4.47,5.97,2.37,3.48,2.48,2.26,3.98,1.77,1.97,3.97,17.97,1.96,3.98,3.98,3.62,4.98,4.97,0.97,1.98,1.88,5.94,4.66,2.24,1.94,1.83,4.23,3.88,2.48,7.94,1.97,0.97,7.97,0.97,8.37,2.97,4.97
2015/04/12,4.64,0.48,0.98,0.7,0.7,11.88,0.7,0.46,7.88,14.72,0.7,6.68,12.98,3.87,10.98,4.88,1.56,5.47,10.98,10.97,0.46,6.87,0.46,5.98,10.98,0.46,0.7,0.46,3.98,5.48,14.72,1.0,5.24,14.72,3.97,3.67,0.46,0.48,2.98,5.48,12.78,0.48,0.46,2.12,0.7,0.46,4.97,5.74,8.97,1.48,3.92,17.97,2.98,5.97,5.22,4.23,2.84,3.97,1.88,7.98,2.73,4.88,3.48,0.97,4.47,5.97,2.37,3.48,2.48,2.26,3.98,1.77,1.97,3.97,17.97,1.96,3.98,3.98,3.62,4.98,4.97,0.97,1.98,1.88,5.94,4.66,2.24,1.94,1.83,4.23,3.88,2.48,7.94,1.97,0.97,7.97,0.97,8.37,2.97,4.97
2015/04/13,4.64,0.48,0.98,0.7,0.7,11.88,0.7,0.46,7.88,14.72,0.7,6.68,12.98,3.87,10.98,4.88,1.56,5.47,10.98,10.97,0.46,6.87,0.46,5.98,10.98,0.46,0.7,0.46,3.98,5.48,14.72,1.0,5.24,14.72,3.97,3.67,0.46,0.48,2.98,5.48,12.78,0.48,0.46,2.12,0.7,0.46,4.97,5.74,8.97,1.48,3.92,17.97,2.98,5.97,5.22,4.23,2.84,3.97,1.88,7.98,2.73,4.88,3.48,0.97,4.47,5.97,2.37,3.48,2.48,2.26,3.98,1.77,1.97,3.97,17.97,1.96,3.98,3.98,3.62,4.98,4.97,0.97,1.98,1.88,5.94,4.66,2.24,1.94,1.83,4.23,3.88,2.48,7.94,1.97,0.97,7.97,0.97,8.37,2.97,4.97
2015/04/14,4.64,0.48,0.98,0.7,0.7,11.88,0.7,0.46,7.88,14.72,0.7,6.68,12.98,3.87,10.98,4.88,1.56,5.47,10.98,10.97,0.46,6.87,0.46,5.98,10.98,0.46,0.7,0.46,3.98,5.48,14.72,1.0,5.24,14.72,3.97,3.67,0.46,0.48,2.98,5.48,12.78,0.48,0.46,2.12,0.7,0.46,4.97,5.74,8.97,1.48,3.92,17.97,2.98,5.97,5.22,4.23,2.84,3.97,1.88,7.98,2.73,4.88,3.48,0.97,4.47,5.97,2.37,3.48,2.48,2.26,3.98,1.77,1.97,3.97,17.97,1.96,3.98,3.98,3.62,4.98,4.97,0.97,1.98,1.88,5.94,4.66,2.24,1.94,1.83,4.23,3.88,2.48,7.94,1.97,0.97,7.97,0.97,8.37,2.97,4.97
2015/04/15,4.64,0.48,0.98,0.7,0.7,11.88,0.7,0.46,7.88,14.72,0.7,6.68,12.98,3.87,10.98,4.88,1.56,5.47,10.98,10.97,0.46,6.87,0.46,5.98,10.98,0.46,0.7,0.46,3.98,5.48,14.72,1.0,5.24,14.72,3.97,3.67,0.46,0.48,2.98,5.48,12.78,0.48,0.46,2.12,0.7,0.46,4.97,5.74,8.97,1.48,3.92,17.97,2.98,5.97,5.22,4.23,2.84,3.97,1.88,7.98,2.73,4.88,3.48,0.97,4.47,5.97,2.37,3.48,2.48,2.26,3.98,1.77,1.97,3.97,17.97,1.96,3.98,3.98,3.62,4.98,4.97,0.97,1.98,1.88,5.94,4.66,2.24,1.94,1.83,4.23,3.88,2.48,7.94,1.97,0.97,7.97,0.97,8.37,2.97,4.97
2015/04/16,4.64,0.48,0.98,0.7,0.7,11.88,0.7,0.46,7.88,14.72,0.7,6.68,12.98,3.87,10.98,4.88,1.56,5.47,10.98,10.97,0.46,6.87,0.46,5.98,10.98,0.46,0.7,0.46,3.98,5.48,14.72,1.0,5.24,14.72,3.97,3.67,0.46,0.48,2.98,5.48,12.78,0.48,0.46,2.12,0.7,0.46,4.97,5.74,8.97,1.48,3.92,17.97,2.98,5.97,5.22,4.23,2.84,3.97,1.88,7.98,2.73,4.88,3.48,0.97,4.47,5.97,2.37,3.48,2.48,2.26,3.98,1.77,1.97,3.97,17.97,1.96,3.98,3.98,3.62,4.98,4.97,0.97,1.98,1.88,5.94,4.66,2.24,1.94,1.83,4.23,3.88,2.48,7.94,1.97,0.97,7.97,0.97,8.37,2.97,4.97
2015/04/17,4.64,0.48,0.98,0.7,0.7,11.88,0.7,0.46,7.88,14.72,0.7,6.68,12.98,3.87,10.98,4.88,1.56,5.47,10.98,10.97,0.46,6.87,0.46,5.98,10.98,0.46,0.7,0.46,3.98,5.48,14.72,1.0,5.24,14.72,3.97,3.67,0.46,0.48,2.98,5.48,12.78,0.48,0.46,2.12,0.7,0.46,4.97,5.74,8.97,1.48,3.92,17.97,2.98,5.97,5.22,4.23,2.84,3.97,1.88,7.98,2.73,4.88,3.48,0.97,4.47,5.97,2.37,3.48,2.48,2.26,3.98,1.77,1.97,3.97,17.97,1.96,3.98,3.98,3.62,4.98,4.97,0.97,1.98,1.88,5.94,4.66,2.24,1.94,1.83,4.23,3.88,2.48,7.94,1.97,0.97,7.97,0.97,8.37,2.97,4.97
2015/04/18,4.64,0.48,0.98,0.7,0.7,11.88,0.7,0.48,7.88,14.72,0.7,6.68,12.98,3.87,11.28,4.88,1.56,5.47,11.28,10.97,0.48,6.87,0.48,5.98,10.98,0.48,0.7,0.48,3.98,5.76,14.72,1.0,5.24,14.72,3.97,3.67,0.48,0.48,2.98,5.76,12.78,0.48,0.48,2.24,0.7,0.48,4.97,5.74,8.97,1.48,3.92,17.97,2.98,5.97,5.22,4.23,2.84,3.97,1.88,7.98,2.73,4.88,3.48,0.97,4.47,5.97,2.37,3.48,2.48,2.26,3.98,1.77,1.97,3.97,17.97,1.96,3.98,3.98,3.62,4.98,4.97,0.97,1.98,1.88,5.94,4.66,2.24,1.94,1.83,4.23,3.88,2.48,7.94,1.97,0.97,7.97,0.97,8.37,2.97,4.97
2015/04/19,4.64,0.48,0.98,0.7,0.7,11.88,0.7,0.48,7.88,14.72,0.7,6.68,12.98,3.87,11.28,4.88,1.56,5.47,11.28,10.97,0.48,6.87,0.48,5.98,10.98,0.48,0.7,0.48,3.98,5.76,14.72,1.0,5.24,14.72,3.97,3.67,0.48,0.48,2.98,5.76,12.78,0.48,0.48,2.24,0.7,0.48,4.97,5.74,8.97,1.48,3.92,17.97,2.98,5.97,5.22,4.23,2.84,3.97,1.88,7.98,2.73,4.88,3.48,0.97,4.47,5.97,2.37,3.48,2.48,2.26,3.98,1.77,1.97,3.97,17.97,1.96,3.98,3.98,3.62,4.98,4.97,0.97,1.98,1.88,5.94,4.66,2.24,1.94,1.83,4.23,3.88,2.48,7.94,1.97,0.97,7.97,0.97,8.37,2.97,4.97
2015/04/20,4.64,0.48,0.98,0.7,0.7,11.88,0.7,0.48,7.88,14.72,0.7,6.68,12.98,3.87,11.28,4.88,1.56,5.47,11.28,10.97,0.48,6.87,0.48,5.98,10.98,0.48,0.7,0.48,3.98,5.76,14.72,1.0,5.24,14.72,3.97,3.67,0.48,0.48,2.98,5.76,12.78,0.48,0.48,2.24,0.7,0.48,4.97,5.74,8.97,1.48,3.92,17.97,2.98,5.97,5.22,4.23,2.84,3.97,1.88,7.98,2.73,4.88,3.48,0.97,4.47,5.97,2.37,3.48,2.48,2.26,3.98,1.77,1.97,3.97,17.97,1.96,3.98,3.98,3.62,4.98,4.97,0.97,1.98,1.88,5.94,4.66,2.24,1.94,1.83,4.23,3.88,2.48,7.94,1.97,0.97,7.97,0.97,8.37,2.97,4.97
2015/04/21,4.64,0.48,0.98,0.7,0.7,11.88,0.7,0.48,7.88,14.72,0.7,6.68,12.98,3.87,11.28,4.88,1.56,5.47,11.28,10.97,0.48,6.87,0.48,5.98,10.98,0.48,0.7,0.48,3.98,5.76,14.72,1.0,5.24,14.72,3.97,3.67,0.48,0.48,2.98,5.76,12.78,0.48,0.48,2.24,0.7,0.48,4.97,5.74,8.97,1.48,3.92,17.97,2.98,5.97,5.22,4.23,2.84,3.97,1.88,7.98,2.73,4.88,3.48,0.97,4.47,5.97,2.37,3.48,2.48,2.26,3.98,1.77,1.97,3.97,17.97,1.96,3.98,3.98,3.62,4.98,4.97,0.97,1.98,1.88,5.94,4.66,2.24,1.94,1.83,4.23,3.88,2.48,7.94,1.97,0.97,7.97,0.97,8.37,2.97,4.97
2015/04/22,4.64,0.48,0.98,0.7,0.7,11.88,0.7,0.48,7.88,14.72,0.7,6.68,12.98,3.87,11.28,4.88,1.56,5.47,11.28,10.97,0.48,6.87,0.48,5.98,10.98,0.48,0.7,0.48,3.98,5.76,14.72,1.0,5.24,14.72,3.97,3.67,0.48,0.48,2.98,5.76,12.78,0.48,0.48,2.24,0.7,0.48,4.97,5.74,8.97,1.48,3.92,17.97,2.98,5.97,5.22,4.23,2.84,3.97,1.88,7.98,2.73,4.88,3.48,0.97,4.47,5.97,2.37,3.48,2.48,2.26,3.98,1.77,1.97,3.97,17.97,1.96,3.98,3.98,3.62,4.98,4.97,0.97,1.98,1.88,5.94,4.66,2.24,1.94,1.83,4.23,3.88,2.48,7.94,1.97,0.97,7.97,0.97,8.37,2.97,4.97
2015/04/23,4.64,0.48,0.98,0.7,0.7,11.88,0.7,0.48,7.88,14.72,0.7,6.68,12.98,3.87,11.28,4.88,1.56,5.47,11.28,10.97,0.48,6.87,0.48,5.98,10.98,0.48,0.7,0.48,3.98,5.76,14.72,1.0,5.24,14.72,3.97,3.67,0.48,0.48,2.98,5.76,12.78,0.48,0.48,2.24,0.7,0.48,4.97,5.74,8.97,1.48,3.92,17.97,2.98,5.97,5.22,4.23,2.84,3.97,1.88,7.98,2.73,4.88,3.48,0.97,4.47,5.97,2.37,3.48,2.48,2.26,3.98,1.77,1.97,3.97,17.97,1.96,3.98,3.98,3.62,4.98,4.97,0.97,1.98,1.88,5.94,4.66,2.24,1.94,1.83,4.23,3.88,2.48,7.94,1.97,0.97,7.97,0.97,8.37,2.97,4.97
2015/04/24,4.64,0.48,0.98,0.7,0.7,11.88,0.7,0.48,7.88,14.72,0.7,6.68,12.98,3.87,11.28,4.88,1.56,5.47,11.28,10.97,0.48,6.87,0.48,5.98,10.98,0.48,0.7,0.48,3.98,5.76,14.72,1.0,5.24,14.72,3.97,3.67,0.48,0.48,2.98,5.76,12.78,0.48,0.48,2.24,0.7,0.48,4.97,5.74,8.97,1.48,3.92,17.97,2.98,5.97,5.22,4.23,2.84,3.97,1.88,7.98,2.73,4.88,3.48,0.97,4.47,5.97,2.37,3.48,2.48,2.26,3.98,1.77,1.97,3.97,17.97,1.96,3.98,3.98,3.62,4.98,4.97,0.97,1.98,1.88,5.94,4.66,2.24,1.94,1.83,4.23,3.88,2.48,7.94,1.97,0.97,7.97,0.97,8.37,2.97,4.97
2015/04/25,4.64,0.48,0.98,0.7,0.7,11.88,0.7,0.48,7.88,14.72,0.7,6.68,12.98,3.87,11.28,4.88,1.56,5.47,11.28,10.97,0.48,6.87,0.48,5.98,10.98,0.48,0.7,0.48,3.98,5.76,14.72,1.0,5.24,14.72,3.97,3.67,0.48,0.48,2.98,5.76,12.78,0.48,0.48,2.24,0.7,0.48,4.97,5.74,8.97,1.48,3.92,17.97,2.98,5.97,5.22,4.23,2.84,3.97,1.88,7.98,2.73,4.88,3.48,0.97,4.47,5.97,2.37,3.48,2.48,2.26,3.98,1.77,1.97,3.97,17.97,1.96,3.98,3.98,3.62,4.98,4.97,0.97,1.98,1.88,5.94,4.66,2.24,1.94,1.83,4.23,3.88,2.48,7.94,1.97,0.97,7.97,0.97,8.37,2.97,4.97
2015/04/26,4.64,0.48,0.98,0.7,0.7,11.88,0.7,0.48,7.88,14.72,0.7,6.68,12.98,3.87,11.28,4.88,1.56,5.47,11.28,10.97,0.48,6.87,0.48,5.98,10.98,0.48,0.7,0.48,3.98,5.76,14.72,1.0,5.24,14.72,3.97,3.67,0.48,0.48,2.98,5.76,12.78,0.48,0.48,2.24,0.7,0.48,4.97,5.74,8.97,1.48,3.92,17.97,2.98,5.97,5.22,4.23,2.84,3.97,1.88,7.98,2.73,4.88,3.48,0.97,4.47,5.97,2.37,3.48,2.48,2.26,3.98,1.77,1.97,3.97,17.97,1.96,3.98,3.98,3.62,4.98,4.97,0.97,1.98,1.88,5.94,4.66,2.24,1.94,1.83,4.23,3.88,2.48,7.94,1.97,0.97,7.97,0.97,8.37,2.97,4.97
2015/04/27,4.64,0.48,0.98,0.7,0.7,11.88,0.7,0.48,7.88,14.72,0.7,6.68,12.98,3.87,11.28,4.88,1.56,5.47,11.28,10.97,0.48,6.87,0.48,5.98,10.98,0.48,0.7,0.48,3.98,5.76,14.72,1.0,5.24,14.72,3.97,3.67,0.48,0.48,2.98,5.76,12.78,0.48,0.48,2.24,0.7,0.48,4.97,5.74,8.97,1.48,3.92,17.97,2.98,5.97,5.22,4.23,2.84,3.97,1.88,7.98,2.73,4.88,3.48,0.97,4.47,5.97,2.37,3.48,2.48,2.26,3.98,1.77,1.97,3.97,17.97,1.96,3.98,3.98,3.62,4.98,4.97,0.97,1.98,1.88,5.94,4.66,2.24,1.94,1.83,4.23,3.88,2.48,7.94,1.97,0.97,7.97,0.97,8.37,2.97,4.97
2015/04/28,4.64,0.48,0.98,0.7,0.7,11.88,0.7,0.48,7.88,14.72,0.7,6.68,12.98,3.87,11.28,4.88,1.56,5.47,11.28,10.97,0.48,6.87,0.48,5.98,10.98,0.48,0.7,0.48,3.98,5.76,14.72,1.0,5.24,14.72,3.97,3.67,0.48,0.48,2.98,5.76,12.78,0.48,0.48,2.24,0.7,0.48,4.97,5.74,8.97,1.48,3.92,17.97,2.98,5.97,5.22,4.23,2.84,3.97,1.88,7.98,2.73,4.88,3.48,0.97,4.47,5.97,2.37,3.48,2.48,2.26,3.98,1.77,1.97,3.97,17.97,1.96,3.98,3.98,3.62,4.98,4.97,0.97,1.98,1.88,5.94,4.66,2.24,1.94,1.83,4.23,3.88,2.48,7.94,1.97,0.97,7.97,0.97,8.37,2.97,4.97
2015/04/29,4.64,0.48,0.98,0.7,0.7,11.88,0.7,0.48,7.88,14.72,0.7,6.68,12.98,3.87,11.28,4.88,1.56,5.47,11.28,10.97,0.48,6.87,0.48,5.98,10.98,0.48,0.7,0.48,3.98,5.76,14.72,1.0,5.24,14.72,3.97,3.67,0.48,0.48,2.98,5.76,12.78,0.48,0.48,2.24,0.7,0.48,4.97,5.74,8.97,1.48,3.92,17.97,2.98,5.97,5.22,4.23,2.84,3.97,1.88,7.98,2.73,4.88,3.48,0.97,4.47,5.97,2.37,3.48,2.48,2.26,3.98,1.77,1.97,3.97,17.97,1.96,3.98,3.98,3.62,4.98,4.97,0.97,1.98,1.88,5.94,4.66,2.24,1.94,1.83,4.23,3.88,2.48,7.94,1.97,0.97,7.97,0.97,8.37,2.97,4.97
2015/04/30,4.64,0.48,0.98,0.7,0.7,11.88,0.7,0.48,7.88,14.72,0.7,6.68,12.98,3.87,11.28,4.88,1.56,5.47,11.28,10.97,0.48,6.87,0.48,5.98,10.98,0.48,0.7,0.48,3.98,5.76,14.72,1.0,5.24,14.72,3.97,3.67,0.48,0.48,2.98,5.76,12.78,0.48,0.48,2.24,0.7,0.48,4.97,5.74,8.97,1.48,3.92,17.97,2.98,5.97,5.22,4.23,2.84,3.97,1.88,7.98,2.73,4.88,3.48,0.97,4.47,5.97,2.37,3.48,2.48,2.26,3.98,1.77,1.97,3.97,17.97,1.96,3.98,3.98,3.62,4.98,4.97,0.97,1.98,1.88,5.94,4.66,2.24,1.94,1.83,4.23,3.88,2.48,7.94,1.97,0.97,7.97,0.97,8.37,2.97,4.97
2015/05/01,4.64,0.48,0.98,0.7,0.7,11.88,0.7,0.48,7.88,14.72,0.7,6.68,12.98,3.87,11.28,4.88,1.56,5.47,11.28,10.97,0.48,6.87,0.48,5.98,10.98,0.48,0.7,0.48,3.98,5.76,14.72,1.0,5.24,14.72,3.97,3.67,0.48,0.48,2.98,5.76,12.78,0.48,0.48,2.24,0.7,0.48,4.97,5.74,8.97,1.48,3.92,17.97,2.98,5.97,5.22,4.23,2.84,3.97,1.88,7.98,2.73,4.88,3.48,0.97,4.47,5.97,2.37,3.48,2.48,2.26,3.98,1.77,1.97,3.97,17.97,1.96,3.98,3.98,3.62,4.98,4.97,0.97,1.98,1.88,5.94,4.66,2.24,1.94,1.83,4.23,3.88,2.48,7.94,1.97,0.97,7.97,0.97,8.37,2.97,4.97
2015/05/02,4.64,0.48,0.98,0.7,0.7,11.88,0.7,0.48,7.88,14.72,0.7,6.68,12.98,3.87,11.28,4.88,1.56,5.47,11.28,10.97,0.48,6.87,0.48,5.98,10.98,0.48,0.7,0.48,3.98,5.76,14.72,1.0,5.24,14.72,3.97,3.67,0.48,0.48,2.98,5.76,12.78,0.48,0.48,2.24,0.7,0.48,4.97,5.74,8.97,1.48,3.92,17.97,2.98,5.97,5.22,4.23,2.84,3.97,1.88,7.98,2.73,4.88,3.48,0.97,4.47,5.97,2.37,3.48,2.48,2.26,3.98,1.77,1.97,3.97,17.97,1.96,3.98,3.98,3.62,4.98,4.97,0.97,1.98,1.88,5.94,4.66,2.24,1.94,1.83,4.23,3.88,2.48,7.94,1.97,0.97,7.97,0.97,8.37,2.97,4.97
2015/05/03,4.64,0.48,0.98,0.7,0.7,11.88,0.7,0.48,7.88,14.72,0.7,6.68,12.98,3.87,11.28,4.88,1.56,5.47,11.28,10.97,0.48,6.87,0.48,5.98,10.98,0.48,0.7,0.48,3.98,5.76,14.72,1.0,5.24,14.72,3.97,3.67,0.48,0.48,2.98,5.76,12.78,0.48,0.48,2.24,0.7,0.48,4.97,5.74,8.97,1.48,3.92,17.97,2.98,5.97,5.22,4.23,2.84,3.97,1.88,7.98,2.73,4.88,3.48,0.97,4.47,5.97,2.37,3.48,2.48,2.26,3.98,1.77,1.97,3.97,17.97,1.96,3.98,3.98,3.62,4.98,4.97,0.97,1.98,1.88,5.94,4.66,2.24,1.94,1.83,4.23,3.88,2.48,7.94,1.97,0.97,7.97,0.97,8.37,2.97,4.97
2015/05/04,4.64,0.48,0.98,0.7,0.7,11.88,0.7,0.48,7.88,14.72,0.7,6.68,12.98,3.87,11.28,4.88,1.56,5.47,11.28,10.97,0.48,6.87,0.48,5.98,10.98,0.48,0.7,0.48,3.98,5.76,14.72,1.0,5.24,14.72,3.97,3.67,0.48,0.48,2.98,5.76,12.78,0.48,0.48,2.24,0.7,0.48,4.97,5.74,8.97,1.48,3.92,17.97,2.98,5.97,5.22,4.23,2.84,3.97,1.88,7.98,2.73,4.88,3.48,0.97,4.47,5.97,2.37,3.48,2.48,2.26,3.98,1.77,1.97,3.97,17.97,1.96,3.98,3.98,3.62,4.98,4.97,0.97,1.98,1.88,5.94,4.66,2.24,1.94,1.83,4.23,3.88,2.48,7.94,1.97,0.97,7.97,0.97,8.37,2.97,4.97
2015/05/05,4.64,0.48,0.98,0.7,0.7,11.88,0.7,0.48,7.88,14.72,0.7,6.68,12.98,3.87,11.28,4.88,1.56,5.47,11.28,10.97,0.48,6.87,0.48,5.98,10.98,0.48,0.7,0.48,3.98,5.76,14.72,1.0,5.24,14.72,3.97,3.67,0.48,0.48,2.98,5.76,12.78,0.48,0.48,2.24,0.7,0.48,4.97,5.74,8.97,1.48,3.92,17.97,2.98,5.97,5.22,4.23,2.84,3.97,1.88,7.98,2.73,4.88,3.48,0.97,4.47,5.97,2.37,3.48,2.48,2.26,3.98,1.77,1.97,3.97,17.97,1.96,3.98,3.98,3.62,4.98,4.97,0.97,1.98,1.88,5.94,4.66,2.24,1.94,1.83,4.23,3.88,2.48,7.94,1.97,0.97,7.97,0.97,8.37,2.97,4.97
2015/05/06,4.64,0.48,0.98,0.7,0.7,11.88,0.7,0.48,7.88,14.72,0.7,6.68,12.98,3.87,11.28,4.88,1.56,5.47,11.28,10.97,0.48,6.87,0.48,5.98,10.98,0.48,0.7,0.48,3.98,5.76,14.72,1.0,5.24,14.72,3.97,3.67,0.48,0.48,2.98,5.76,12.78,0.48,0.48,2.24,0.7,0.48,4.97,5.74,8.97,1.48,3.92,17.97,2.98,5.97,5.22,4.23,2.84,3.97,1.88,7.98,2.73,4.88,3.48,0.97,4.47,5.97,2.37,3.48,2.48,2.26,3.98,1.77,1.97,3.97,17.97,1.96,3.98,3.98,3.62,4.98,4.97,0.97,1.98,1.88,5.94,4.66,2.24,1.94,1.83,4.23,3.88,2.48,7.94,1.97,0.97,7.97,0.97,8.37,2.97,4.97
2015/05/07,4.64,0.48,0.98,0.7,0.7,11.88,0.7,0.48,7.88,14.72,0.7,6.68,12.98,3.87,11.28,4.88,1.56,5.47,11.28,10.97,0.48,6.87,0.48,5.98,10.98,0.48,0.7,0.48,3.98,5.76,14.72,1.0,5.24,14.72,3.97,3.67,0.48,0.48,2.98,5.76,12.78,0.48,0.48,2.24,0.7,0.48,4.97,5.74,8.97,1.48,3.92,17.97,2.98,5.97,5.22,4.23,2.84,3.97,1.88,7.98,2.73,4.88,3.48,0.97,4.47,5.97,2.37,3.48,2.48,2.26,3.98,1.77,1.97,3.97,17.97,1.96,3.98,3.98,3.62,4.98,4.97,0.97,1.98,1.88,5.94,4.66,2.24,1.94,1.83,4.23,3.88,2.48,7.94,1.97,0.97,7.97,0.97,8.37,2.97,4.97
2015/05/08,4.64,0.48,0.98,0.7,0.7,11.88,0.7,0.48,7.88,14.72,0.7,6.68,12.98,3.87,11.28,4.88,1.56,5.47,11.28,10.97,0.48,6.87,0.48,5.98,10.98,0.48,0.7,0.48,3.98,5.76,14.72,1.0,5.24,14.72,3.97,3.67,0.48,0.48,2.98,5.76,12.78,0.48,0.48,2.24,0.7,0.48,4.97,5.74,8.97,1.48,3.92,17.97,2.98,5.97,5.22,4.23,2.84,3.97,1.88,7.98,2.73,4.88,3.48,0.97,4.47,5.97,2.37,3.48,2.48,2.26,3.98,1.77,1.97,3.97,17.97,1.96,3.98,3.98,3.62,4.98,4.97,0.97,1.98,1.88,5.94,4.66,2.24,1.94,1.83,4.23,3.88,2.48,7.94,1.97,0.97,7.97,0.97,8.37,2.97,4.97
2015/05/09,4.64,0.48,0.98,0.7,0.7,11.88,0.7,0.48,7.88,14.72,0.7,6.68,12.98,3.87,11.28,4.88,1.56,5.47,11.28,10.97,0.48,6.87,0.48,5.98,10.98,0.48,0.7,0.48,3.98,5.76,14.72,1.0,5.24,14.72,3.97,3.67,0.48,0.48,2.98,5.76,12.78,0.48,0.48,2.24,0.7,0.48,4.97,5.74,8.97,1.48,3.92,17.97,2.98,5.97,5.22,4.23,2.84,3.97,1.88,7.98,2.73,4.88,3.48,0.97,4.47,5.97,2.37,3.48,2.48,2.26,3.98,1.77,1.97,3.97,17.97,1.96,3.98,3.98,3.62,4.98,4.97,0.97,1.98,1.88,5.94,4.66,2.24,1.94,1.83,4.23,3.88,2.48,7.94,1.97,0.97,7.97,0.97,8.37,2.97,4.97
2015/05/10,4.64,0.48,0.98,0.7,0.7,11.88,0.7,0.48,7.88,14.72,0.7,6.68,12.98,3.87,11.28,4.88,1.56,5.47,11.28,10.97,0.48,6.87,0.48,5.98,10.98,0.48,0.7,0.48,3.98,5.76,14.72,1.0,5.24,14.72,3.97,3.67,0.48,0.48,2.98,5.76,12.78,0.48,0.48,2.24,0.7,0.48,4.97,5.74,8.97,1.48,3.92,17.97,2.98,5.97,5.22,4.23,2.84,3.97,1.88,7.98,2.73,4.88,3.48,0.97,4.47,5.97,2.37,3.48,2.48,2.26,3.98,1.77,1.97,3.97,17.97,1.96,3.98,3.98,3.62,4.98,4.97,0.97,1.98,1.88,5.94,4.66,2.24,1.94,1.83,4.23,3.88,2.48,7.94,1.97,0.97,7.97,0.97,8.37,2.97,4.97
2015/05/11,4.64,0.48,0.98,0.7,0.7,11.88,0.7,0.48,7.88,14.72,0.7,6.68,12.98,3.87,11.28,4.88,1.56,5.47,11.28,10.97,0.48,6.87,0.48,5.98,10.98,0.48,0.7,0.48,3.98,5.76,14.72,1.0,5.24,14.72,3.97,3.67,0.48,0.48,2.98,5.76,12.78,0.48,0.48,2.24,0.7,0.48,4.97,5.74,8.97,1.48,3.92,17.97,2.98,5.97,5.22,4.23,2.84,3.97,1.88,7.98,2.73,4.88,3.48,0.97,4.47,5.97,2.37,3.48,2.48,2.26,3.98,1.77,1.97,3.97,17.97,1.96,3.98,3.98,3.62,4.98,4.97,0.97,1.98,1.88,5.94,4.66,2.24,1.94,1.83,4.23,3.88,2.48,7.94,1.97,0.97,7.97,0.97,8.37,2.97,4.97
2015/05/12,4.64,0.48,0.98,0.7,0.7,11.88,0.7,0.48,7.88,14.72,0.7,6.68,12.98,3.87,11.28,4.88,1.56,5.47,11.28,10.97,0.48,6.87,0.48,5.98,10.98,0.48,0.7,0.48,3.98,5.76,14.72,1.0,5.24,14.72,3.97,3.67,0.48,0.48,2.98,5.76,12.78,0.48,0.48,2.24,0.7,0.48,4.97,5.74,8.97,1.48,3.92,17.97,2.98,5.97,5.22,4.23,2.84,3.97,1.88,7.98,2.73,4.88,3.48,0.97,4.47,5.97,2.37,3.48,2.48,2.26,3.98,1.77,1.97,3.97,17.97,1.96,3.98,3.98,3.62,4.98,4.97,0.97,1.98,1.88,5.94,4.66,2.24,1.94,1.83,4.23,3.88,2.48,7.94,1.97,0.97,7.97,0.97,8.37,2.97,4.97
2015/05/13,4.64,0.48,0.98,0.7,0.7,11.88,0.7,0.48,7.88,14.72,0.7,6.68,12.98,3.87,11.28,4.88,1.56,5.47,11.28,10.97,0.48,6.87,0.48,5.98,10.98,0.48,0.7,0.48,3.98,5.76,14.72,1.0,5.24,14.72,3.97,3.67,0.48,0.48,2.98,5.76,12.78,0.48,0.48,2.24,0.7,0.48,4.97,5.74,8.97,1.48,3.92,17.97,2.98,5.97,5.22,4.23,2.84,3.97,1.88,7.98,2.73,4.88,3.48,0.97,4.47,5.97,2.37,3.48,2.48,2.26,3.98,1.77,1.97,3.97,17.97,1.96,3.98,3.98,3.62,4.98,4.97,0.97,1.98,1.88,5.94,4.66,2.24,1.94,1.83,4.23,3.88,2.48,7.94,1.97,0.97,7.97,0.97,8.37,2.97,4.97
2015/05/14,4.64,0.48,0.98,0.7,0.7,11.88,0.7,0.48,7.88,14.72,0.7,6.68,12.98,3.87,11.28,4.88,1.56,5.47,11.28,10.97,0.48,6.87,0.48,5.98,10.98,0.48,0.7,0.48,3.98,5.76,14.72,1.0,5.24,14.72,3.97,3.67,0.48,0.48,2.98,5.76,12.78,0.48,0.48,2.24,0.7,0.48,4.97,5.74,8.97,1.48,3.92,17.97,2.98,5.97,5.22,4.23,2.84,3.97,1.88,7.98,2.73,4.88,3.48,0.97,4.47,5.97,2.37,3.48,2.48,2.26,3.98,1.77,1.97,3.97,17.97,1.96,3.98,3.98,3.62,4.98,4.97,0.97,1.98,1.88,5.94,4.66,2.24,1.94,1.83,4.23,3.88,2.48,7.94,1.97,0.97,7.97,0.97,8.37,2.97,4.97
2015/05/15,4.64,0.48,0.98,0.7,0.7,11.88,0.7,0.48,7.88,14.72,0.7,6.68,12.98,3.87,11.28,4.88,1.56,5.47,11.28,10.97,0.48,6.87,0.48,5.98,10.98,0.48,0.7,0.48,3.98,5.76,14.72,1.0,5.24,14.72,3.97,3.67,0.48,0.48,2.98,5.76,12.78,0.48,0.48,2.24,0.7,0.48,4.97,5.74,8.97,1.48,3.92,17.97,2.98,5.97,5.22,4.23,2.84,3.97,1.88,7.98,2.73,4.88,3.48,0.97,4.47,5.97,2.37,3.48,2.48,2.26,3.98,1.77,1.97,3.97,17.97,1.96,3.98,3.98,3.62,4.98,4.97,0.97,1.98,1.88,5.94,4.66,2.24,1.94,1.83,4.23,3.88,2.48,7.94,1.97,0.97,7.97,0.97,8.37,2.97,4.97
2015/05/16,4.64,0.48,0.98,0.7,0.7,11.88,0.7,0.48,7.88,14.72,0.7,6.68,12.98,3.87,11.28,4.88,1.56,5.47,11.28,10.97,0.48,6.87,0.48,5.98,10.98,0.48,0.7,0.48,3.98,5.76,14.72,1.0,5.24,14.72,3.97,3.67,0.48,0.48,2.98,5.76,12.78,0.48,0.48,2.24,0.7,0.48,4.97,5.74,8.97,1.48,3.92,17.97,2.98,5.97,5.22,4.23,2.84,3.97,1.88,7.98,2.73,4.88,3.48,0.97,4.47,5.97,2.37,3.48,2.48,2.26,3.98,1.77,1.97,3.97,17.97,1.96,3.98,3.98,3.62,4.98,4.97,0.97,1.98,1.88,5.94,4.66,2.24,1.94,1.83,4.23,3.88,2.48,7.94,1.97,0.97,7.97,0.97,8.37,2.97,4.97
2015/05/17,4.64,0.48,0.98,0.7,0.7,11.88,0.7,0.48,7.88,14.72,0.7,6.68,12.98,3.87,11.28,4.88,1.56,5.47,11.28,10.97,0.48,6.87,0.48,5.98,10.98,0.48,0.7,0.48,3.98,5.76,14.72,1.0,5.24,14.72,3.97,3.67,0.48,0.48,2.98,5.76,12.78,0.48,0.48,2.24,0.7,0.48,4.97,5.74,8.97,1.48,3.92,17.97,2.98,5.97,5.22,4.23,2.84,3.97,1.88,7.98,2.73,4.88,3.48,0.97,4.47,5.97,2.37,3.48,2.48,2.26,3.98,1.77,1.97,3.97,17.97,1.96,3.98,3.98,3.62,4.98,4.97,0.97,1.98,1.88,5.94,4.66,2.24,1.94,1.83,4.23,3.88,2.48,7.94,1.97,0.97,7.97,0.97,8.37,2.97,4.97
2015/05/18,4.64,0.48,0.98,0.7,0.7,11.88,0.7,0.48,7.88,14.72,0.7,6.68,12.98,3.87,11.28,4.88,1.56,5.47,11.28,10.97,0.48,6.87,0.48,5.98,10.98,0.48,0.7,0.48,3.98,5.76,14.72,1.0,5.24,14.72,3.97,3.67,0.48,0.48,2.98,5.76,12.78,0.48,0.48,2.24,0.7,0.48,4.97,5.74,8.97,1.48,3.92,17.97,2.98,5.97,5.22,4.23,2.84,3.97,1.88,7.98,2.73,4.88,3.48,0.97,4.47,5.97,2.37,3.48,2.48,2.26,3.98,1.77,1.97,3.97,17.97,1.96,3.98,3.98,3.62,4.98,4.97,0.97,1.98,1.88,5.94,4.66,2.24,1.94,1.83,4.23,3.88,2.48,7.94,1.97,0.97,7.97,0.97,8.37,2.97,4.97
2015/05/19,4.64,0.48,0.98,0.7,0.7,11.88,0.7,0.48,7.88,14.72,0.7,6.68,12.98,3.87,11.28,4.88,1.56,5.47,11.28,10.97,0.48,6.87,0.48,5.98,10.98,0.48,0.7,0.48,3.98,5.76,14.72,1.0,5.24,14.72,3.97,3.67,0.48,0.48,2.98,5.76,12.78,0.48,0.48,2.24,0.7,0.48,4.97,5.74,8.97,1.48,3.92,17.97,2.98,5.97,5.22,4.23,2.84,3.97,1.88,7.98,2.73,4.88,3.48,0.97,4.47,5.97,2.37,3.48,2.48,2.26,3.98,1.77,1.97,3.97,17.97,1.96,3.98,3.98,3.62,4.98,4.97,0.97,1.98,1.88,5.94,4.66,2.24,1.94,1.83,4.23,3.88,2.48,7.94,1.97,0.97,7.97,0.97,8.37,2.97,4.97
2015/05/20,4.64,0.48,0.98,0.7,0.7,11.88,0.7,0.48,7.88,14.72,0.7,6.68,12.98,3.87,11.28,4.88,1.56,5.47,11.28,10.97,0.48,6.87,0.48,5.98,10.98,0.48,0.7,0.48,3.98,5.76,14.72,1.0,5.24,14.72,3.97,3.67,0.48,0.48,2.98,5.76,12.78,0.48,0.48,2.24,0.7,0.48,4.97,5.74,8.97,1.48,3.92,17.97,2.98,5.97,5.22,4.23,2.84,3.97,1.88,7.98,2.73,4.88,3.48,0.97,4.47,5.97,2.37,3.48,2.48,2.26,3.98,1.77,1.97,3.97,17.97,1.96,3.98,3.98,3.62,4.98,4.97,0.97,1.98,1.88,5.94,4.66,2.24,1.94,1.83,4.23,3.88,2.48,7.94,1.97,0.97,7.97,0.97,8.37,2.97,4.97
2015/05/21,4.64,0.48,0.98,0.7,0.7,11.88,0.7,0.48,7.88,14.72,0.7,6.68,12.98,3.87,11.28,4.88,1.56,5.47,11.28,10.97,0.48,6.87,0.48,5.98,10.98,0.48,0.7,0.48,3.98,5.76,14.72,1.0,5.24,14.72,3.97,3.67,0.48,0.48,2.98,5.76,12.78,0.48,0.48,2.24,0.7,0.48,4.97,5.74,8.97,1.48,3.92,17.97,2.98,5.97,5.22,4.23,2.84,3.97,1.88,7.98,2.73,4.88,3.48,0.97,4.47,5.97,2.37,3.48,2.48,2.26,3.98,1.77,1.97,3.97,17.97,1.96,3.98,3.98,3.62,4.98,4.97,0.97,1.98,1.88,5.94,4.66,2.24,1.94,1.83,4.23,3.88,2.48,7.94,1.97,0.97,7.97,0.97,8.37,2.97,4.97
2015/05/22,4.64,0.48,0.98,0.7,0.7,11.88,0.7,0.48,7.88,14.72,0.7,6.68,12.98,3.87,11.28,4.88,1.56,5.47,11.28,10.97,0.48,6.87,0.48,5.98,10.98,0.48,0.7,0.48,3.98,5.76,14.72,1.0,5.24,14.72,3.97,3.67,0.48,0.48,2.98,5.76,12.78,0.48,0.48,2.24,0.7,0.48,4.97,5.74,8.97,1.48,3.92,17.97,2.98,5.97,5.22,4.23,2.84,3.97,1.88,7.98,2.73,4.88,3.48,0.97,4.47,5.97,2.37,3.48,2.48,2.26,3.98,1.77,1.97,3.97,17.97,1.96,3.98,3.98,3.62,4.98,4.97,0.97,1.98,1.88,5.94,4.66,2.24,1.94,1.83,4.23,3.88,2.48,7.94,1.97,0.97,7.97,0.97,8.37,2.97,4.97
2015/05/23,4.64,0.48,0.98,0.7,0.7,11.88,0.7,0.48,7.88,14.72,0.7,6.68,12.98,3.87,11.28,4.88,1.56,5.47,11.28,10.97,0.48,6.87,0.48,5.98,10.98,0.48,0.7,0.48,3.98,5.76,14.72,1.0,5.24,14.72,3.97,3.67,0.48,0.48,2.98,5.76,12.78,0.48,0.48,2.24,0.7,0.48,4.97,5.74,8.97,1.48,3.92,17.97,2.98,5.97,5.22,4.23,2.84,3.97,1.88,7.98,2.73,4.88,3.48,0.97,4.47,5.97,2.37,3.48,2.48,2.26,3.98,1.77,1.97,3.97,17.97,1.96,3.98,3.98,3.62,4.98,4.97,0.97,1.98,1.88,5.94,4.66,2.24,1.94,1.83,4.23,3.88,2.48,7.94,1.97,0.97,7.97,0.97,8.37,2.97,4.97
2015/05/24,4.64,0.48,0.98,0.7,0.7,11.88,0.7,0.48,7.88,14.72,0.7,6.68,12.98,3.87,11.28,4.88,1.56,5.47,11.28,10.97,0.48,6.87,0.48,5.98,10.98,0.48,0.7,0.48,3.98,5.76,14.72,1.0,5.24,14.72,3.97,3.67,0.48,0.48,2.98,5.76,12.78,0.48,0.48,2.24,0.7,0.48,4.97,5.74,8.97,1.48,3.92,17.97,2.98,5.97,5.22,4.23,2.84,3.97,1.88,7.98,2.73,4.88,3.48,0.97,4.47,5.97,2.37,3.48,2.48,2.26,3.98,1.77,1.97,3.97,17.97,1.96,3.98,3.98,3.62,4.98,4.97,0.97,1.98,1.88,5.94,4.66,2.24,1.94,1.83,4.23,3.88,2.48,7.94,1.97,0.97,7.97,0.97,8.37,2.97,4.97
2015/05/25,4.64,0.48,0.98,0.7,0.7,11.88,0.7,0.48,7.88,14.72,0.7,6.68,12.98,3.87,11.28,4.88,1.56,5.47,11.28,10.97,0.48,6.87,0.48,5.98,10.98,0.48,0.7,0.48,3.98,5.76,14.72,1.0,5.24,14.72,3.97,3.67,0.48,0.48,2.98,5.76,12.78,0.48,0.48,2.24,0.7,0.48,4.97,5.74,8.97,1.48,3.92,17.97,2.98,5.97,5.22,4.23,2.84,3.97,1.88,7.98,2.73,4.88,3.48,0.97,4.47,5.97,2.37,3.48,2.48,2.26,3.98,1.77,1.97,3.97,17.97,1.96,3.98,3.98,3.62,4.98,4.97,0.97,1.98,1.88,5.94,4.66,2.24,1.94,1.83,4.23,3.88,2.48,7.94,1.97,0.97,7.97,0.97,8.37,2.97,4.97
2015/05/26,4.64,0.48,0.98,0.7,0.7,11.88,0.7,0.48,7.88,14.72,0.7,6.68,12.98,3.87,11.28,4.88,1.56,5.47,11.28,10.97,0.48,6.87,0.48,5.98,10.98,0.48,0.7,0.48,3.98,5.76,14.72,1.0,5.24,14.72,3.97,3.67,0.48,0.48,2.98,5.76,12.78,0.48,0.48,2.24,0.7,0.48,4.97,5.74,8.97,1.48,3.92,17.97,2.98,5.97,5.22,4.23,2.84,3.97,1.88,7.98,2.73,4.88,3.48,0.97,4.47,5.97,2.37,3.48,2.48,2.26,3.98,1.77,1.97,3.97,17.97,1.96,3.98,3.98,3.62,4.98,4.97,0.97,1.98,1.88,5.94,4.66,2.24,1.94,1.83,4.23,3.88,2.48,7.94,1.97,0.97,7.97,0.97,8.37,2.97,4.97
2015/05/27,4.64,0.48,0.98,0.7,0.7,11.88,0.7,0.48,7.88,14.72,0.7,6.68,12.98,3.87,11.28,4.88,1.56,5.47,11.28,10.97,0.48,6.87,0.48,5.98,10.98,0.48,0.7,0.48,3.98,5.76,14.72,1.0,5.24,14.72,3.97,3.67,0.48,0.48,2.98,5.76,12.78,0.48,0.48,2.24,0.7,0.48,4.97,5.74,8.97,1.48,3.92,17.97,2.98,5.97,5.22,4.23,2.84,3.97,1.88,7.98,2.73,4.88,3.48,0.97,4.47,5.97,2.37,3.48,2.48,2.26,3.98,1.77,1.97,3.97,17.97,1.96,3.98,3.98,3.62,4.98,4.97,0.97,1.98,1.88,5.94,4.66,2.24,1.94,1.83,4.23,3.88,2.48,7.94,1.97,0.97,7.97,0.97,8.37,2.97,4.97
2015/05/28,4.64,0.48,0.98,0.7,0.7,11.88,0.7,0.48,7.88,14.72,0.7,6.68,12.98,3.87,11.28,4.88,1.56,5.47,11.28,10.97,0.48,6.87,0.48,5.98,10.98,0.48,0.7,0.48,3.98,5.76,14.72,1.0,5.24,14.72,3.97,3.67,0.48,0.48,2.98,5.76,12.78,0.48,0.48,2.24,0.7,0.48,4.97,5.74,8.97,1.48,3.92,17.97,2.98,5.97,5.22,4.23,2.84,3.97,1.88,7.98,2.73,4.88,3.48,0.97,4.47,5.97,2.37,3.48,2.48,2.26,3.98,1.77,1.97,3.97,17.97,1.96,3.98,3.98,3.62,4.98,4.97,0.97,1.98,1.88,5.94,4.66,2.24,1.94,1.83,4.23,3.88,2.48,7.94,1.97,0.97,7.97,0.97,8.37,2.97,4.97
2015/05/29,4.64,0.48,0.98,0.7,0.7,11.88,0.7,0.48,7.88,14.72,0.7,6.68,12.98,3.87,11.28,4.88,1.56,5.47,11.28,10.97,0.48,6.87,0.48,5.98,10.98,0.48,0.7,0.48,3.98,5.76,14.72,1.0,5.24,14.72,3.97,3.67,0.48,0.48,2.98,5.76,12.78,0.48,0.48,2.24,0.7,0.48,4.97,5.74,8.97,1.48,3.92,17.97,2.98,5.97,5.22,4.23,2.84,3.97,1.88,7.98,2.73,4.88,3.48,0.97,4.47,5.97,2.37,3.48,2.48,2.26,3.98,1.77,1.97,3.97,17.97,1.96,3.98,3.98,3.62,4.98,4.97,0.97,1.98,1.88,5.94,4.66,2.24,1.94,1.83,4.23,3.88,2.48,7.94,1.97,0.97,7.97,0.97,8.37,2.97,4.97
2015/05/30,4.64,0.48,0.98,0.7,0.7,11.88,0.7,0.48,7.88,14.72,0.7,6.68,12.98,3.87,11.28,4.88,1.56,5.47,11.28,10.97,0.48,6.87,0.48,5.98,10.98,0.48,0.7,0.48,3.98,5.76,14.72,1.0,5.24,14.72,3.97,3.67,0.48,0.48,2.98,5.76,12.78,0.48,0.48,2.24,0.7,0.48,4.97,5.74,8.97,1.48,3.92,17.97,2.98,5.97,5.22,4.23,2.84,3.97,1.88,7.98,2.73,4.88,3.48,0.97,4.47,5.97,2.37,3.48,2.48,2.26,3.98,1.77,1.97,3.97,17.97,1.96,3.98,3.98,3.62,4.98,4.97,0.97,1.98,1.88,5.94,4.66,2.24,1.94,1.83,4.23,3.88,2.48,7.94,1.97,0.97,7.97,0.97,8.37,2.97,4.97
2015/05/31,4.64,0.48,0.98,0.7,0.7,11.88,0.7,0.48,7.88,14.72,0.7,6.68,12.98,3.87,11.28,4.88,1.56,5.47,11.28,10.97,0.48,6.87,0.48,5.98,10.98,0.48,0.7,0.48,3.98,5.76,14.72,1.0,5.24,14.72,3.97,3.67,0.48,0.48,2.98,5.76,12.78,0.48,0.48,2.24,0.7,0.48,4.97,5.74,8.97,1.48,3.92,17.97,2.98,5.97,5.22,4.23,2.84,3.97,1.88,7.98,2.73,4.88,3.48,0.97,4.47,5.97,2.37,3.48,2.48,2.26,3.98,1.77,1.97,3.97,17.97,1.96,3.98,3.98,3.62,4.98,4.97,0.97,1.98,1.88,5.94,4.66,2.24,1.94,1.83,4.23,3.88,2.48,7.94,1.97,0.97,7.97,0.97,8.37,2.97,4.97
2015/06/01,4.64,0.48,0.98,0.7,0.7,11.88,0.7,0.48,7.88,14.72,0.7,6.68,12.98,3.87,11.28,4.88,1.56,5.47,11.28,10.97,0.48,6.87,0.48,5.98,10.98,0.48,0.7,0.48,3.98,5.76,14.72,1.0,5.24,14.72,3.97,3.67,0.48,0.48,2.98,5.76,12.78,0.48,0.48,2.24,0.7,0.48,4.97,5.74,8.97,1.48,3.92,17.97,2.98,5.97,5.22,4.23,2.84,3.97,1.88,7.98,2.73,4.88,3.48,0.97,4.47,5.97,2.37,3.48,2.48,2.26,3.98,1.77,1.97,3.97,17.97,1.96,3.98,3.98,3.62,4.98,4.97,0.97,1.98,1.88,5.94,4.66,2.24,1.94,1.83,4.23,3.88,2.48,7.94,1.97,0.97,7.97,0.97,8.37,2.97,4.97
2015/06/02,4.64,0.48,0.98,0.7,0.7,11.88,0.7,0.48,7.88,14.72,0.7,6.68,12.98,3.87,11.28,4.88,1.56,5.47,11.28,10.97,0.48,6.87,0.48,5.98,10.98,0.48,0.7,0.48,3.98,5.76,14.72,1.0,5.24,14.72,3.97,3.67,0.48,0.48,2.98,5.76,12.78,0.48,0.48,2.24,0.7,0.48,4.97,5.74,8.97,1.48,3.92,17.97,2.98,5.97,5.22,4.23,2.84,3.97,1.88,7.98,2.73,4.88,3.48,0.97,4.47,5.97,2.37,3.48,2.48,2.26,3.98,1.77,1.97,3.97,17.97,1.96,3.98,3.98,3.62,4.98,4.97,0.97,1.98,1.88,5.94,4.66,2.24,1.94,1.83,4.23,3.88,2.48,7.94,1.97,0.97,7.97,0.97,8.37,2.97,4.97
2015/06/03,4.64,0.48,0.98,0.7,0.7,11.88,0.7,0.48,7.88,14.72,0.7,6.68,12.98,3.87,11.28,4.88,1.56,5.47,11.28,10.97,0.48,6.87,0.48,5.98,10.98,0.48,0.7,0.48,3.98,5.76,14.72,1.0,5.24,14.72,3.97,3.67,0.48,0.48,2.98,5.76,12.78,0.48,0.48,2.24,0.7,0.48,4.97,5.74,8.97,1.48,3.92,17.97,2.98,5.97,5.22,4.23,2.84,3.97,1.88,7.98,2.73,4.88,3.48,0.97,4.47,5.97,2.37,3.48,2.48,2.26,3.98,1.77,1.97,3.97,17.97,1.96,3.98,3.98,3.62,4.98,4.97,0.97,1.98,1.88,5.94,4.66,2.24,1.94,1.83,4.23,3.88,2.48,7.94,1.97,0.97,7.97,0.97,8.37,2.97,4.97
2015/06/04,4.64,0.48,0.98,0.7,0.7,11.88,0.7,0.48,7.88,14.72,0.7,6.68,12.98,3.87,11.28,4.88,1.56,5.47,11.28,10.97,0.48,6.87,0.48,5.98,10.98,0.48,0.7,0.48,3.98,5.76,14.72,1.0,5.24,14.72,3.97,3.67,0.48,0.48,2.98,5.76,12.78,0.48,0.48,2.24,0.7,0.48,4.97,5.74,8.97,1.48,3.92,17.97,2.98,5.97,5.22,4.23,2.84,3.97,1.88,7.98,2.73,4.88,3.48,0.97,4.47,5.97,2.37,3.48,2.48,2.26,3.98,1.77,1.97,3.97,17.97,1.96,3.98,3.98,3.62,4.98,4.97,0.97,1.98,1.88,5.94,4.66,2.24,1.94,1.83,4.23,3.88,2.48,7.94,1.97,0.97,7.97,0.97,8.37,2.97,4.97
2015/06/05,4.64,0.48,0.98,0.7,0.7,11.88,0.7,0.48,7.88,14.72,0.7,6.68,12.98,3.87,11.28,4.88,1.56,5.47,11.28,10.97,0.48,6.87,0.48,5.98,10.98,0.48,0.7,0.48,3.98,5.76,14.72,1.0,5.24,14.72,3.97,3.67,0.48,0.48,2.98,5.76,12.78,0.48,0.48,2.24,0.7,0.48,4.97,5.74,8.97,1.48,3.92,17.97,2.98,5.97,5.22,4.23,2.84,3.97,1.88,7.98,2.73,4.88,3.48,0.97,4.47,5.97,2.37,3.48,2.48,2.26,3.98,1.77,1.97,3.97,17.97,1.96,3.98,3.98,3.62,4.98,4.97,0.97,1.98,1.88,5.94,4.66,2.24,1.94,1.83,4.23,3.88,2.48,7.94,1.97,0.97,7.97,0.97,8.37,2.97,4.97
2015/06/06,4.64,0.48,0.98,0.7,0.7,11.88,0.7,0.48,7.88,14.72,0.7,6.68,12.98,3.87,11.28,4.88,1.56,5.47,11.28,10.97,0.48,6.87,0.48,5.98,10.98,0.48,0.7,0.48,3.98,5.76,14.72,0.96,5.24,14.72,3.97,3.67,0.48,0.48,2.98,5.76,12.78,0.48,0.48,2.24,0.7,0.48,4.97,5.74,8.97,1.48,3.92,17.97,2.98,5.97,5.22,4.23,2.84,3.97,1.88,7.98,2.73,4.88,3.48,0.97,4.47,5.97,2.37,3.48,2.48,2.26,3.98,1.77,1.97,3.97,17.97,1.96,3.98,3.98,3.62,4.98,4.97,0.97,1.98,1.88,5.94,4.66,2.24,1.94,1.83,4.23,3.88,2.48,7.94,1.97,0.97,7.97,0.97,8.37,2.97,4.97
2015/06/07,4.64,0.48,0.98,0.7,0.7,11.88,0.7,0.48,7.88,14.72,0.7,6.68,12.98,3.87,11.28,4.88,1.56,5.47,11.28,10.97,0.48,6.87,0.48,5.98,10.98,0.48,0.7,0.48,3.98,5.76,14.72,0.96,5.24,14.72,3.97,3.67,0.48,0.48,2.98,5.76,12.78,0.48,0.48,2.24,0.7,0.48,4.97,5.74,8.97,1.48,3.92,17.97,2.98,5.97,5.22,4.23,2.84,3.97,1.88,7.98,2.73,4.88,3.48,0.97,4.47,5.97,2.37,3.48,2.48,2.26,3.98,1.77,1.97,3.97,17.97,1.96,3.98,3.98,3.62,4.98,4.97,0.97,1.98,1.88,5.94,4.66,2.24,1.94,1.83,4.23,3.88,2.48,7.94,1.97,0.97,7.97,0.97,8.37,2.97,4.97
2015/06/08,4.64,0.48,0.98,0.7,0.7,11.88,0.7,0.48,7.88,14.72,0.7,6.68,12.98,3.87,11.28,4.88,1.56,5.47,11.28,10.97,0.48,6.87,0.48,5.98,10.98,0.48,0.7,0.48,3.98,5.76,14.72,0.96,5.24,14.72,3.97,3.67,0.48,0.48,2.98,5.76,12.78,0.48,0.48,2.24,0.7,0.48,4.97,5.74,8.97,1.48,3.92,17.97,2.98,5.97,5.22,4.23,2.84,3.97,1.88,7.98,2.73,4.88,3.48,0.97,4.47,5.97,2.37,3.48,2.48,2.26,3.98,1.77,1.97,3.97,17.97,1.96,3.98,3.98,3.62,4.98,4.97,0.97,1.98,1.88,5.94,4.66,2.24,1.94,1.83,4.23,3.88,2.48,7.94,1.97,0.97,7.97,0.97,8.37,2.97,4.97
2015/06/09,4.64,0.48,0.98,0.7,0.7,11.88,0.7,0.48,7.88,14.72,0.7,6.68,12.98,3.87,11.28,4.88,1.56,5.47,11.28,10.97,0.48,6.87,0.48,5.98,10.98,0.48,0.7,0.48,3.98,5.76,14.72,0.96,5.24,14.72,3.97,3.67,0.48,0.48,2.98,5.76,12.78,0.48,0.48,2.24,0.7,0.48,4.97,5.74,8.97,1.48,3.92,17.97,2.98,5.97,5.22,4.23,2.84,3.97,1.88,7.98,2.73,4.88,3.48,0.97,4.47,5.97,2.37,3.48,2.48,2.26,3.98,1.77,1.97,3.97,17.97,1.96,3.98,3.98,3.62,4.98,4.97,0.97,1.98,1.88,5.94,4.66,2.24,1.94,1.83,4.23,3.88,2.48,7.94,1.97,0.97,7.97,0.97,8.37,2.97,4.97
2015/06/10,4.64,0.48,0.98,0.7,0.7,11.88,0.7,0.48,7.88,14.72,0.7,6.68,12.98,3.87,11.28,4.88,1.56,5.47,11.28,10.97,0.48,6.87,0.48,5.98,10.98,0.48,0.7,0.48,3.98,5.76,14.72,0.96,5.24,14.72,3.97,3.67,0.48,0.48,2.98,5.76,12.78,0.48,0.48,2.24,0.7,0.48,4.97,5.74,8.97,1.48,3.92,17.97,2.98,5.97,5.22,4.23,2.84,3.97,1.88,7.98,2.73,4.88,3.48,0.97,4.47,5.97,2.37,3.48,2.48,2.26,3.98,1.77,1.97,3.97,17.97,1.96,3.98,3.98,3.62,4.98,4.97,0.97,1.98,1.88,5.94,4.66,2.24,1.94,1.83,4.23,3.88,2.48,7.94,1.97,0.97,7.97,0.97,8.37,2.97,4.97
2015/06/11,4.64,0.48,0.98,0.7,0.7,11.88,0.7,0.48,7.88,14.72,0.7,6.68,12.98,3.87,11.28,4.88,1.56,5.47,11.28,10.97,0.48,6.87,0.48,5.98,10.98,0.48,0.7,0.48,3.98,5.76,14.72,0.96,5.24,14.72,3.97,3.67,0.48,0.48,2.98,5.76,12.78,0.48,0.48,2.24,0.7,0.48,4.97,5.74,8.97,1.48,3.92,17.97,2.98,5.97,5.22,4.23,2.84,3.97,1.88,7.98,2.73,4.88,3.48,0.97,4.47,5.97,2.37,3.48,2.48,2.26,3.98,1.77,1.97,3.97,17.97,1.96,3.98,3.98,3.62,4.98,4.97,0.97,1.98,1.88,5.94,4.66,2.24,1.94,1.83,4.23,3.88,2.48,7.94,1.97,0.97,7.97,0.97,8.37,2.97,4.97
2015/06/12,4.64,0.48,0.98,0.7,0.7,11.88,0.7,0.48,7.88,14.72,0.7,6.68,12.98,3.87,11.28,4.88,1.56,5.47,11.28,10.97,0.48,6.87,0.48,5.98,10.98,0.48,0.7,0.48,3.98,5.76,14.72,0.96,5.24,14.72,3.97,3.67,0.48,0.48,2.98,5.76,12.78,0.48,0.48,2.24,0.7,0.48,4.97,5.74,8.97,1.48,3.92,17.97,2.98,5.97,5.22,4.23,2.84,3.97,1.88,7.98,2.73,4.88,3.48,0.97,4.47,5.97,2.37,3.48,2.48,2.26,3.98,1.77,1.97,3.97,17.97,1.96,3.98,3.98,3.62,4.98,4.97,0.97,1.98,1.88,5.94,4.66,2.24,1.94,1.83,4.23,3.88,2.48,7.94,1.97,0.97,7.97,0.97,8.37,2.97,4.97
2015/06/13,4.64,0.48,0.98,0.7,0.7,11.88,0.7,0.48,7.88,14.72,0.7,6.68,12.98,3.87,11.28,4.88,1.56,5.47,11.28,10.97,0.48,6.87,0.48,5.98,10.98,0.48,0.7,0.48,3.98,5.76,14.72,0.96,5.24,14.72,3.97,3.67,0.48,0.48,2.98,5.76,12.78,0.48,0.48,2.24,0.7,0.48,4.97,5.74,8.97,1.48,3.92,17.97,2.98,5.97,5.22,4.23,2.84,3.97,1.88,7.98,2.73,4.88,3.48,0.97,4.47,5.97,2.37,3.48,2.48,2.26,3.98,1.77,1.97,3.97,17.97,1.96,3.98,3.98,3.62,4.98,4.97,0.97,1.98,1.88,5.94,4.66,2.24,1.94,1.83,4.23,3.88,2.48,7.94,1.97,0.97,7.97,0.97,8.37,2.97,4.97
2015/06/14,4.64,0.48,0.98,0.7,0.7,11.88,0.7,0.48,7.88,14.72,0.7,6.68,12.98,3.87,11.28,4.88,1.56,5.47,11.28,10.97,0.48,6.87,0.48,5.98,10.98,0.48,0.7,0.48,3.98,5.76,14.72,0.96,5.24,14.72,3.97,3.67,0.48,0.48,2.98,5.76,12.78,0.48,0.48,2.24,0.7,0.48,4.97,5.74,8.97,1.48,3.92,17.97,2.98,5.97,5.22,4.23,2.84,3.97,1.88,7.98,2.73,4.88,3.48,0.97,4.47,5.97,2.37,3.48,2.48,2.26,3.98,1.77,1.97,3.97,17.97,1.96,3.98,3.98,3.62,4.98,4.97,0.97,1.98,1.88,5.94,4.66,2.24,1.94,1.83,4.23,3.88,2.48,7.94,1.97,0.97,7.97,0.97,8.37,2.97,4.97
2015/06/15,4.64,0.48,0.98,0.7,0.7,11.88,0.7,0.48,7.88,14.72,0.7,6.68,12.98,3.87,11.28,4.88,1.56,5.47,11.28,10.97,0.48,6.87,0.48,5.98,10.98,0.48,0.7,0.48,3.98,5.76,14.72,0.96,5.24,14.72,3.97,3.67,0.48,0.48,2.98,5.76,12.78,0.48,0.48,2.24,0.7,0.48,4.97,5.74,8.97,1.48,3.92,17.97,2.98,5.97,5.22,4.23,2.84,3.97,1.88,7.98,2.73,4.88,3.48,0.97,4.47,5.97,2.37,3.48,2.48,2.26,3.98,1.77,1.97,3.97,17.97,1.96,3.98,3.98,3.62,4.98,4.97,0.97,1.98,1.88,5.94,4.66,2.24,1.94,1.83,4.23,3.88,2.48,7.94,1.97,0.97,7.97,0.97,8.37,2.97,4.97
2015/06/16,4.64,0.48,0.98,0.7,0.7,11.88,0.7,0.48,7.88,14.72,0.7,6.68,12.98,3.87,11.28,4.88,1.56,5.47,11.28,10.97,0.48,6.87,0.48,5.98,10.98,0.48,0.7,0.48,3.98,5.76,14.72,0.96,5.24,14.72,3.97,3.67,0.48,0.48,2.98,5.76,12.78,0.48,0.48,2.24,0.7,0.48,4.97,5.74,8.97,1.48,3.92,17.97,2.98,5.97,5.22,4.23,2.84,3.97,1.88,7.98,2.73,4.88,3.48,0.97,4.47,5.97,2.37,3.48,2.48,2.26,3.98,1.77,1.97,3.97,17.97,1.96,3.98,3.98,3.62,4.98,4.97,0.97,1.98,1.88,5.94,4.66,2.24,1.94,1.83,4.23,3.88,2.48,7.94,1.97,0.97,7.97,0.97,8.37,2.97,4.97
2015/06/17,4.64,0.48,0.98,0.7,0.7,11.88,0.7,0.48,7.88,14.72,0.7,6.68,12.98,3.87,11.28,4.88,1.56,5.47,11.28,10.97,0.48,6.87,0.48,5.98,10.98,0.48,0.7,0.48,3.98,5.76,14.72,0.96,5.24,14.72,3.97,3.67,0.48,0.48,2.98,5.76,12.78,0.48,0.48,2.24,0.7,0.48,4.97,5.74,8.97,1.48,3.92,17.97,2.98,5.97,5.22,4.23,2.84,3.97,1.88,7.98,2.73,4.88,3.48,0.97,4.47,5.97,2.37,3.48,2.48,2.26,3.98,1.77,1.97,3.97,17.97,1.96,3.98,3.98,3.62,4.98,4.97,0.97,1.98,1.88,5.94,4.66,2.24,1.94,1.83,4.23,3.88,2.48,7.94,1.97,0.97,7.97,0.97,8.37,2.97,4.97
2015/06/18,4.64,0.48,0.98,0.7,0.7,11.88,0.7,0.48,7.88,14.72,0.7,6.68,12.98,3.87,11.28,4.88,1.56,5.47,11.28,10.97,0.48,6.87,0.48,5.98,10.98,0.48,0.7,0.48,3.98,5.76,14.72,0.96,5.24,14.72,3.97,3.67,0.48,0.48,2.98,5.76,12.78,0.48,0.48,2.24,0.7,0.48,4.97,5.74,8.97,1.48,3.92,17.97,2.98,5.97,5.22,4.23,2.84,3.97,1.88,7.98,2.73,4.88,3.48,0.97,4.47,5.97,2.37,3.48,2.48,2.26,3.98,1.77,1.97,3.97,17.97,1.96,3.98,3.98,3.62,4.98,4.97,0.97,1.98,1.88,5.94,4.66,2.24,1.94,1.83,4.23,3.88,2.48,7.94,1.97,0.97,7.97,0.97,8.37,2.97,4.97
2015/06/19,4.64,0.48,0.98,0.7,0.7,11.88,0.7,0.48,7.88,14.72,0.7,6.68,12.98,3.87,11.28,4.88,1.56,5.47,11.28,10.97,0.48,6.87,0.48,5.98,10.98,0.48,0.7,0.48,3.98,5.76,14.72,0.96,5.24,14.72,3.97,3.67,0.48,0.48,2.98,5.76,12.78,0.48,0.48,2.24,0.7,0.48,4.97,5.74,8.97,1.48,3.92,17.97,2.98,5.97,5.22,4.23,2.84,3.97,1.88,7.98,2.73,4.88,3.48,0.97,4.47,5.97,2.37,3.48,2.48,2.26,3.98,1.77,1.97,3.97,17.97,1.96,3.98,3.98,3.62,4.98,4.97,0.97,1.98,1.88,5.94,4.66,2.24,1.94,1.83,4.23,3.88,2.48,7.94,1.97,0.97,7.97,0.97,8.37,2.97,4.97
2015/06/20,4.64,0.48,0.98,0.7,0.7,11.88,0.7,0.48,7.88,14.72,0.7,6.68,12.98,3.87,11.28,4.88,1.56,5.47,11.28,10.97,0.48,6.87,0.48,5.98,10.98,0.48,0.7,0.48,3.98,5.76,14.72,0.96,5.24,14.72,3.97,3.67,0.48,0.48,2.98,5.76,12.78,0.48,0.48,2.24,0.7,0.48,4.97,5.74,8.97,1.48,3.92,17.97,2.98,5.97,5.22,4.23,2.84,3.97,1.88,7.98,2.73,4.88,3.48,0.97,4.47,5.97,2.37,3.48,2.48,2.26,3.98,1.77,1.97,3.97,17.97,1.96,3.98,3.98,3.62,4.98,4.97,0.97,1.98,1.88,5.94,4.66,2.24,1.94,1.83,4.23,3.88,2.48,7.94,1.97,0.97,7.97,0.97,8.37,2.97,4.97
2015/06/21,4.64,0.48,0.98,0.7,0.7,11.88,0.7,0.48,7.88,14.72,0.7,6.68,12.98,3.87,11.28,4.88,1.56,5.47,11.28,10.97,0.48,6.87,0.48,5.98,10.98,0.48,0.7,0.48,3.98,5.76,14.72,0.96,5.24,14.72,3.97,3.67,0.48,0.48,2.98,5.76,12.78,0.48,0.48,2.24,0.7,0.48,4.97,5.74,8.97,1.48,3.92,17.97,2.98,5.97,5.22,4.23,2.84,3.97,1.88,7.98,2.73,4.88,3.48,0.97,4.47,5.97,2.37,3.48,2.48,2.26,3.98,1.77,1.97,3.97,17.97,1.96,3.98,3.98,3.62,4.98,4.97,0.97,1.98,1.88,5.94,4.66,2.24,1.94,1.83,4.23,3.88,2.48,7.94,1.97,0.97,7.97,0.97,8.37,2.97,4.97
2015/06/22,4.64,0.48,0.98,0.7,0.7,11.88,0.7,0.48,7.88,14.72,0.7,6.68,12.98,3.87,11.28,4.88,1.56,5.47,11.28,10.97,0.48,6.87,0.48,5.98,10.98,0.48,0.7,0.48,3.98,5.76,14.72,0.96,5.24,14.72,3.97,3.67,0.48,0.48,2.98,5.76,12.78,0.48,0.48,2.24,0.7,0.48,4.97,5.74,8.97,1.48,3.92,17.97,2.98,5.97,5.22,4.23,2.84,3.97,1.88,7.98,2.73,4.88,3.48,0.97,4.47,5.97,2.37,3.48,2.48,2.26,3.98,1.77,1.97,3.97,17.97,1.96,3.98,3.98,3.62,4.98,4.97,0.97,1.98,1.88,5.94,4.66,2.24,1.94,1.83,4.23,3.88,2.48,7.94,1.97,0.97,7.97,0.97,8.37,2.97,4.97
2015/06/23,4.64,0.48,0.98,0.7,0.7,11.88,0.7,0.48,7.88,14.72,0.7,6.68,12.98,3.87,11.28,4.88,1.56,5.47,11.28,10.97,0.48,6.87,0.48,5.98,10.98,0.48,0.7,0.48,3.98,5.76,14.72,0.96,5.24,14.72,3.97,3.67,0.48,0.48,2.98,5.76,12.78,0.48,0.48,2.24,0.7,0.48,4.97,5.74,8.97,1.48,3.92,17.97,2.98,5.97,5.22,4.23,2.84,3.97,1.88,7.98,2.73,4.88,3.48,0.97,4.47,5.97,2.37,3.48,2.48,2.26,3.98,1.77,1.97,3.97,17.97,1.96,3.98,3.98,3.62,4.98,4.97,0.97,1.98,1.88,5.94,4.66,2.24,1.94,1.83,4.23,3.88,2.48,7.94,1.97,0.97,7.97,0.97,8.37,2.97,4.97
2015/06/24,4.64,0.48,0.98,0.7,0.7,11.88,0.7,0.48,7.88,14.72,0.7,6.68,12.98,3.87,11.28,4.88,1.56,5.47,11.28,10.97,0.48,6.87,0.48,5.98,10.98,0.48,0.7,0.48,3.98,5.76,14.72,0.96,5.24,14.72,3.97,3.67,0.48,0.48,2.98,5.76,12.78,0.48,0.48,2.24,0.7,0.48,4.97,5.74,8.97,1.48,3.92,17.97,2.98,5.97,5.22,4.23,2.84,3.97,1.88,7.98,2.73,4.88,3.48,0.97,4.47,5.97,2.37,3.48,2.48,2.26,3.98,1.77,1.97,3.97,17.97,1.96,3.98,3.98,3.62,4.98,4.97,0.97,1.98,1.88,5.94,4.66,2.24,1.94,1.83,4.23,3.88,2.48,7.94,1.97,0.97,7.97,0.97,8.37,2.97,4.97
2015/06/25,4.64,0.48,0.98,0.7,0.7,11.88,0.7,0.48,7.88,14.72,0.7,6.68,12.98,3.87,11.28,4.88,1.56,5.47,11.28,10.97,0.48,6.87,0.48,5.98,10.98,0.48,0.7,0.48,3.98,5.76,14.72,0.96,5.24,14.72,3.97,3.67,0.48,0.48,2.98,5.76,12.78,0.48,0.48,2.24,0.7,0.48,4.97,5.74,8.97,1.48,3.92,17.97,2.98,5.97,5.22,4.23,2.84,3.97,1.88,7.98,2.73,4.88,3.48,0.97,4.47,5.97,2.37,3.48,2.48,2.26,3.98,1.77,1.97,3.97,17.97,1.96,3.98,3.98,3.62,4.98,4.97,0.97,1.98,1.88,5.94,4.66,2.24,1.94,1.83,4.23,3.88,2.48,7.94,1.97,0.97,7.97,0.97,8.37,2.97,4.97
2015/06/26,4.64,0.48,0.98,0.7,0.7,11.88,0.7,0.48,7.88,14.72,0.7,6.68,12.98,3.87,11.28,4.88,1.56,5.47,11.28,10.97,0.48,6.87,0.48,5.98,10.98,0.48,0.7,0.48,3.98,5.76,14.72,0.96,5.24,14.72,3.97,3.67,0.48,0.48,2.98,5.76,12.78,0.48,0.48,2.24,0.7,0.48,4.97,5.74,8.97,1.48,3.92,17.97,2.98,5.97,5.22,4.23,2.84,3.97,1.88,7.98,2.73,4.88,3.48,0.97,4.47,5.97,2.37,3.48,2.48,2.26,3.98,1.77,1.97,3.97,17.97,1.96,3.98,3.98,3.62,4.98,4.97,0.97,1.98,1.88,5.94,4.66,2.24,1.94,1.83,4.23,3.88,2.48,7.94,1.97,0.97,7.97,0.97,8.37,2.97,4.97
2015/06/27,4.64,0.48,0.98,0.7,0.7,11.88,0.7,0.48,7.88,14.72,0.7,6.68,12.98,3.87,11.28,4.88,1.56,5.47,11.28,10.97,0.48,6.87,0.48,5.98,10.98,0.48,0.7,0.48,3.98,5.76,14.72,0.96,5.24,14.72,3.97,3.67,0.48,0.48,2.98,5.76,12.78,0.48,0.48,2.24,0.7,0.48,4.97,5.74,8.97,1.48,3.92,17.97,2.98,5.97,5.22,4.23,2.84,3.97,1.88,7.98,2.73,4.88,3.48,0.97,4.47,5.97,2.37,3.48,2.48,2.26,3.98,1.77,1.97,3.97,17.97,1.96,3.98,3.98,3.62,4.98,4.97,0.97,1.98,1.88,5.94,4.66,2.24,1.94,1.83,4.23,3.88,2.48,7.94,1.97,0.97,7.97,0.97,8.37,2.97,4.97
2015/06/28,4.64,0.48,0.98,0.7,0.7,11.88,0.7,0.48,7.88,14.72,0.7,6.68,12.98,3.87,11.28,4.88,1.56,5.47,11.28,10.97,0.48,6.87,0.48,5.98,10.98,0.48,0.7,0.48,3.98,5.76,14.72,0.96,5.24,14.72,3.97,3.67,0.48,0.48,2.98,5.76,12.78,0.48,0.48,2.24,0.7,0.48,4.97,5.74,8.97,1.48,3.92,17.97,2.98,5.97,5.22,4.23,2.84,3.97,1.88,7.98,2.73,4.88,3.48,0.97,4.47,5.97,2.37,3.48,2.48,2.26,3.98,1.77,1.97,3.97,17.97,1.96,3.98,3.98,3.62,4.98,4.97,0.97,1.98,1.88,5.94,4.66,2.24,1.94,1.83,4.23,3.88,2.48,7.94,1.97,0.97,7.97,0.97,8.37,2.97,4.97
2015/06/29,4.64,0.48,0.98,0.7,0.7,11.88,0.7,0.48,7.88,14.72,0.7,6.68,12.98,3.87,11.28,4.88,1.56,5.47,11.28,10.97,0.48,6.87,0.48,5.98,10.98,0.48,0.7,0.48,3.98,5.76,14.72,0.96,5.24,14.72,3.97,3.67,0.48,0.48,2.98,5.76,12.78,0.48,0.48,2.24,0.7,0.48,4.97,5.74,8.97,1.48,3.92,17.97,2.98,5.97,5.22,4.23,2.84,3.97,1.88,7.98,2.73,4.88,3.48,0.97,4.47,5.97,2.37,3.48,2.48,2.26,3.98,1.77,1.97,3.97,17.97,1.96,3.98,3.98,3.62,4.98,4.97,0.97,1.98,1.88,5.94,4.66,2.24,1.94,1.83,4.23,3.88,2.48,7.94,1.97,0.97,7.97,0.97,8.37,2.97,4.97
2015/06/30,4.64,0.48,0.98,0.7,0.7,11.88,0.7,0.48,7.88,14.72,0.7,6.68,12.98,3.87,11.28,4.88,1.56,5.47,11.28,10.97,0.48,6.87,0.48,5.98,10.98,0.48,0.7,0.48,3.98,5.76,14.72,0.96,5.24,14.72,3.97,3.67,0.48,0.48,2.98,5.76,12.78,0.48,0.48,2.24,0.7,0.48,4.97,5.74,8.97,1.48,3.92,17.97,2.98,5.97,5.22,4.23,2.84,3.97,1.88,7.98,2.73,4.88,3.48,0.97,4.47,5.97,2.37,3.48,2.48,2.26,3.98,1.77,1.97,3.97,17.97,1.96,3.98,3.98,3.62,4.98,4.97,0.97,1.98,1.88,5.94,4.66,2.24,1.94,1.83,4.23,3.88,2.48,7.94,1.97,0.97,7.97,0.97,8.37,2.97,4.97
2015/07/01,4.64,0.48,0.98,0.7,0.7,11.88,0.7,0.48,7.88,14.72,0.7,6.68,12.98,3.87,11.28,4.88,1.56,5.47,11.28,10.97,0.48,6.87,0.48,5.98,10.98,0.48,0.7,0.48,3.98,5.76,14.72,0.96,5.24,14.72,3.97,3.67,0.48,0.48,2.98,5.76,12.78,0.48,0.48,2.24,0.7,0.48,4.97,5.74,8.97,1.48,3.92,17.97,2.98,5.97,5.22,4.23,2.84,3.97,1.88,7.98,2.73,4.88,3.48,0.97,4.47,5.97,2.37,3.48,2.48,2.26,3.98,1.77,1.97,3.97,17.97,1.96,3.98,3.98,3.62,4.98,4.97,0.97,1.98,1.88,5.94,4.66,2.24,1.94,1.83,4.23,3.88,2.48,7.94,1.97,0.97,7.97,0.97,8.37,2.97,4.97
2015/07/02,4.64,0.48,0.98,0.7,0.7,11.88,0.7,0.48,7.88,14.72,0.7,6.68,12.98,3.87,11.28,4.88,1.56,5.47,11.28,10.97,0.48,6.87,0.48,5.98,10.98,0.48,0.7,0.48,3.98,5.76,14.72,0.96,5.24,14.72,3.97,3.67,0.48,0.48,2.98,5.76,12.78,0.48,0.48,2.24,0.7,0.48,4.97,5.74,8.97,1.48,3.92,17.97,2.98,5.97,5.22,4.23,2.84,3.97,1.88,7.98,2.73,4.88,3.48,0.97,4.47,5.97,2.37,3.48,2.48,2.26,3.98,1.77,1.97,3.97,17.97,1.96,3.98,3.98,3.62,4.98,4.97,0.97,1.98,1.88,5.94,4.66,2.24,1.94,1.83,4.23,3.88,2.48,7.94,1.97,0.97,7.97,0.97,8.37,2.97,4.97
2015/07/03,4.64,0.48,0.98,0.7,0.7,11.88,0.7,0.48,7.88,14.72,0.7,6.68,12.98,3.87,11.28,4.88,1.56,5.47,11.28,10.97,0.48,6.87,0.48,5.98,10.98,0.48,0.7,0.48,3.98,5.76,14.72,0.96,5.24,14.72,3.97,3.67,0.48,0.48,2.98,5.76,12.78,0.48,0.48,2.24,0.7,0.48,4.97,5.74,8.97,1.48,3.92,17.97,2.98,5.97,5.22,4.23,2.84,3.97,1.88,7.98,2.73,4.88,3.48,0.97,4.47,5.97,2.37,3.48,2.48,2.26,3.98,1.77,1.97,3.97,17.97,1.96,3.98,3.98,3.62,4.98,4.97,0.97,1.98,1.88,5.94,4.66,2.24,1.94,1.83,4.23,3.88,2.48,7.94,1.97,0.97,7.97,0.97,8.37,2.97,4.97
2015/07/04,4.64,0.48,0.98,0.7,0.7,11.88,0.7,0.48,7.88,14.72,0.7,6.68,12.98,3.87,11.28,4.88,1.56,5.47,11.28,10.97,0.48,6.87,0.48,5.98,10.98,0.48,0.7,0.48,3.98,5.76,14.72,0.96,5.24,14.72,3.97,3.67,0.48,0.48,2.98,5.76,12.78,0.48,0.48,2.24,0.7,0.48,4.97,5.74,8.97,1.48,3.92,17.97,2.98,5.97,5.22,4.23,2.84,3.97,1.88,7.98,2.73,4.88,3.48,0.97,4.47,5.97,2.37,3.48,2.48,2.26,3.98,1.77,1.97,3.97,17.97,1.96,3.98,3.98,3.62,4.98,4.97,0.97,1.98,1.88,5.94,4.66,2.24,1.94,1.83,4.23,3.88,2.48,7.94,1.97,0.97,7.97,0.97,8.37,2.97,4.97
2015/07/05,4.64,0.48,0.98,0.7,0.7,11.88,0.7,0.48,7.88,14.72,0.7,6.68,12.98,3.87,11.28,4.88,1.56,5.47,11.28,10.97,0.48,6.87,0.48,5.98,10.98,0.48,0.7,0.48,3.98,5.76,14.72,0.96,5.24,14.72,3.97,3.67,0.48,0.48,2.98,5.76,12.78,0.48,0.48,2.24,0.7,0.48,4.97,5.74,8.97,1.48,3.92,17.97,2.98,5.97,5.22,4.23,2.84,3.97,1.88,7.98,2.73,4.88,3.48,0.97,4.47,5.97,2.37,3.48,2.48,2.26,3.98,1.77,1.97,3.97,17.97,1.96,3.98,3.98,3.62,4.98,4.97,0.97,1.98,1.88,5.94,4.66,2.24,1.94,1.83,4.23,3.88,2.48,7.94,1.97,0.97,7.97,0.97,8.37,2.97,4.97
2015/07/06,4.64,0.48,0.98,0.7,0.7,11.88,0.7,0.48,7.88,14.72,0.7,6.68,12.98,3.87,11.28,4.88,1.56,5.47,11.28,10.97,0.48,6.87,0.48,5.98,10.98,0.48,0.7,0.48,3.98,5.76,14.72,0.96,5.24,14.72,3.97,3.67,0.48,0.48,2.98,5.76,12.78,0.48,0.48,2.24,0.7,0.48,4.97,5.74,8.97,1.48,3.92,17.97,2.98,5.97,5.22,4.23,2.84,3.97,1.88,7.98,2.73,4.88,3.48,0.97,4.47,5.97,2.37,3.48,2.48,2.26,3.98,1.77,1.97,3.97,17.97,1.96,3.98,3.98,3.62,4.98,4.97,0.97,1.98,1.88,5.94,4.66,2.24,1.94,1.83,4.23,3.88,2.48,7.94,1.97,0.97,7.97,0.97,8.37,2.97,4.97
2015/07/07,4.64,0.48,0.98,0.7,0.7,11.88,0.7,0.48,7.88,14.72,0.7,6.68,12.98,3.87,11.28,4.88,1.56,5.47,11.28,10.97,0.48,6.87,0.48,5.98,10.98,0.48,0.7,0.48,3.98,5.76,14.72,0.96,5.24,14.72,3.97,3.67,0.48,0.48,2.98,5.76,12.78,0.48,0.48,2.24,0.7,0.48,4.97,5.74,8.97,1.48,3.92,17.97,2.98,5.97,5.22,4.23,2.84,3.97,1.88,7.98,2.73,4.88,3.48,0.97,4.47,5.97,2.37,3.48,2.48,2.26,3.98,1.77,1.97,3.97,17.97,1.96,3.98,3.98,3.62,4.98,4.97,0.97,1.98,1.88,5.94,4.66,2.24,1.94,1.83,4.23,3.88,2.48,7.94,1.97,0.97,7.97,0.97,8.37,2.97,4.97
2015/07/08,4.64,0.48,0.98,0.7,0.7,11.88,0.7,0.48,7.88,14.72,0.7,6.68,12.98,3.87,11.28,4.88,1.56,5.47,11.28,10.97,0.48,6.87,0.48,5.98,10.98,0.48,0.7,0.48,3.98,5.76,14.72,0.96,5.24,14.72,3.97,3.67,0.48,0.48,2.98,5.76,12.78,0.48,0.48,2.24,0.7,0.48,4.97,5.74,8.97,1.48,3.92,17.97,2.98,5.97,5.22,4.23,2.84,3.97,1.88,7.98,2.73,4.88,3.48,0.97,4.47,5.97,2.37,3.48,2.48,2.26,3.98,1.77,1.97,3.97,17.97,1.96,3.98,3.98,3.62,4.98,4.97,0.97,1.98,1.88,5.94,4.66,2.24,1.94,1.83,4.23,3.88,2.48,7.94,1.97,0.97,7.97,0.97,8.37,2.97,4.97
2015/07/09,4.64,0.48,0.98,0.7,0.7,11.88,0.7,0.48,7.88,14.72,0.7,6.68,12.98,3.87,11.28,4.88,1.56,5.47,11.28,10.97,0.48,6.87,0.48,5.98,10.98,0.48,0.7,0.48,3.98,5.76,14.72,0.96,5.24,14.72,3.97,3.67,0.48,0.48,2.98,5.76,12.78,0.48,0.48,2.24,0.7,0.48,4.97,5.74,8.97,1.48,3.92,17.97,2.98,5.97,5.22,4.23,2.84,3.97,1.88,7.98,2.73,4.88,3.48,0.97,4.47,5.97,2.37,3.48,2.48,2.26,3.98,1.77,1.97,3.97,17.97,1.96,3.98,3.98,3.62,4.98,4.97,0.97,1.98,1.88,5.94,4.66,2.24,1.94,1.83,4.23,3.88,2.48,7.94,1.97,0.97,7.97,0.97,8.37,2.97,4.97
2015/07/10,4.64,0.48,0.98,0.7,0.7,11.88,0.7,0.48,7.88,14.72,0.7,6.68,12.98,3.87,11.28,4.88,1.56,5.47,11.28,10.97,0.48,6.87,0.48,5.98,10.98,0.48,0.7,0.48,3.98,5.76,14.72,0.96,5.24,14.72,3.97,3.67,0.48,0.48,2.98,5.76,12.78,0.48,0.48,2.24,0.7,0.48,4.97,5.74,8.97,1.48,3.92,17.97,2.98,5.97,5.22,4.23,2.84,3.97,1.88,7.98,2.73,4.88,3.48,0.97,4.47,5.97,2.37,3.48,2.48,2.26,3.98,1.77,1.97,3.97,17.97,1.96,3.98,3.98,3.62,4.98,4.97,0.97,1.98,1.88,5.94,4.66,2.24,1.94,1.83,4.23,3.88,2.48,7.94,1.97,0.97,7.97,0.97,8.37,2.97,4.97
2015/07/11,4.64,0.48,0.98,0.7,0.7,11.88,0.7,0.48,7.88,14.72,0.7,6.68,12.98,3.87,11.28,4.88,1.56,5.47,11.28,10.97,0.48,6.87,0.48,5.98,10.98,0.48,0.7,0.48,3.98,5.76,14.72,0.96,5.24,14.72,3.97,3.67,0.48,0.48,2.98,5.76,12.78,0.48,0.48,2.24,0.7,0.48,4.97,5.74,8.97,1.48,3.92,17.97,2.98,5.97,5.22,4.23,2.84,3.97,1.88,7.98,2.73,4.88,3.48,0.97,4.47,5.97,2.37,3.48,2.48,2.26,3.98,1.77,1.97,3.97,17.97,1.96,3.98,3.98,3.62,4.98,4.97,0.97,1.98,1.88,5.94,4.66,2.24,1.94,1.83,4.23,3.88,2.48,7.94,1.97,0.97,7.97,0.97,8.37,2.97,4.97
2015/07/12,4.64,0.48,0.98,0.7,0.7,11.88,0.7,0.48,7.88,14.72,0.7,6.68,12.98,3.87,11.28,4.88,1.56,5.47,11.28,10.97,0.48,6.87,0.48,5.98,10.98,0.48,0.7,0.48,3.98,5.76,14.72,0.96,5.24,14.72,3.97,3.67,0.48,0.48,2.98,5.76,12.78,0.48,0.48,2.24,0.7,0.48,4.97,5.74,8.97,1.48,3.92,17.97,2.98,5.97,5.22,4.23,2.84,3.97,1.88,7.98,2.73,4.88,3.48,0.97,4.47,5.97,2.37,3.48,2.48,2.26,3.98,1.77,1.97,3.97,17.97,1.96,3.98,3.98,3.62,4.98,4.97,0.97,1.98,1.88,5.94,4.66,2.24,1.94,1.83,4.23,3.88,2.48,7.94,1.97,0.97,7.97,0.97,8.37,2.97,4.97
2015/07/13,4.64,0.48,0.98,0.7,0.7,11.88,0.7,0.48,7.88,14.72,0.7,6.68,12.98,3.87,11.28,4.88,1.56,5.47,11.28,10.97,0.48,6.87,0.48,5.98,10.98,0.48,0.7,0.48,3.98,5.76,14.72,0.96,5.24,14.72,3.97,3.67,0.48,0.48,2.98,5.76,12.78,0.48,0.48,2.24,0.7,0.48,4.97,5.74,8.97,1.48,3.92,17.97,2.98,5.97,5.22,4.23,2.84,3.97,1.88,7.98,2.73,4.88,3.48,0.97,4.47,5.97,2.37,3.48,2.48,2.26,3.98,1.77,1.97,3.97,17.97,1.96,3.98,3.98,3.62,4.98,4.97,0.97,1.98,1.88,5.94,4.66,2.24,1.94,1.83,4.23,3.88,2.48,7.94,1.97,0.97,7.97,0.97,8.37,2.97,4.97
2015/07/14,4.64,0.48,0.98,0.7,0.7,11.88,0.7,0.48,7.88,14.72,0.7,6.68,12.98,3.87,11.28,4.88,1.56,5.47,11.28,10.97,0.48,6.87,0.48,5.98,10.98,0.48,0.7,0.48,3.98,5.76,14.72,0.96,5.24,14.72,3.97,3.67,0.48,0.48,2.98,5.76,12.78,0.48,0.48,2.24,0.7,0.48,4.97,5.74,8.97,1.48,3.92,17.97,2.98,5.97,5.22,4.23,2.84,3.97,1.88,7.98,2.73,4.88,3.48,0.97,4.47,5.97,2.37,3.48,2.48,2.26,3.98,1.77,1.97,3.97,17.97,1.96,3.98,3.98,3.62,4.98,4.97,0.97,1.98,1.88,5.94,4.66,2.24,1.94,1.83,4.23,3.88,2.48,7.94,1.97,0.97,7.97,0.97,8.37,2.97,4.97
2015/07/15,4.64,0.48,0.98,0.7,0.7,11.88,0.7,0.48,7.88,14.72,0.7,6.68,12.98,3.87,11.28,4.88,1.56,5.47,11.28,10.97,0.48,6.87,0.48,5.98,10.98,0.48,0.7,0.48,3.98,5.76,14.72,0.96,5.24,14.72,3.97,3.67,0.48,0.48,2.98,5.76,12.78,0.48,0.48,2.24,0.7,0.48,4.97,5.74,8.97,1.48,3.92,17.97,2.98,5.97,5.22,4.23,2.84,3.97,1.88,7.98,2.73,4.88,3.48,0.97,4.47,5.97,2.37,3.48,2.48,2.26,3.98,1.77,1.97,3.97,17.97,1.96,3.98,3.98,3.62,4.98,4.97,0.97,1.98,1.88,5.94,4.66,2.24,1.94,1.83,4.23,3.88,2.48,7.94,1.97,0.97,7.97,0.97,8.37,2.97,4.97
2015/07/16,4.64,0.48,0.98,0.7,0.7,11.88,0.7,0.48,7.88,14.72,0.7,6.68,12.98,3.87,11.28,4.88,1.56,5.47,11.28,10.97,0.48,6.87,0.48,5.98,10.98,0.48,0.7,0.48,3.98,5.76,14.72,0.96,5.24,14.72,3.97,3.67,0.48,0.48,2.98,5.76,12.78,0.48,0.48,2.24,0.7,0.48,4.97,5.74,8.97,1.48,3.92,17.97,2.98,5.97,5.22,4.23,2.84,3.97,1.88,7.98,2.73,4.88,3.48,0.97,4.47,5.97,2.37,3.48,2.48,2.26,3.98,1.77,1.97,3.97,17.97,1.96,3.98,3.98,3.62,4.98,4.97,0.97,1.98,1.88,5.94,4.66,2.24,1.94,1.83,4.23,3.88,2.48,7.94,1.97,0.97,7.97,0.97,8.37,2.97,4.97
2015/07/17,4.64,0.48,0.98,0.7,0.7,11.88,0.7,0.48,7.88,14.72,0.7,6.68,12.98,3.87,11.28,4.88,1.56,5.47,11.28,10.97,0.48,6.87,0.48,5.98,10.98,0.48,0.7,0.48,3.98,5.76,14.72,0.96,5.24,14.72,3.97,3.67,0.48,0.48,2.98,5.76,12.78,0.48,0.48,2.24,0.7,0.48,4.97,5.74,8.97,1.48,3.92,17.97,2.98,5.97,5.22,4.23,2.84,3.97,1.88,7.98,2.73,4.88,3.48,0.97,4.47,5.97,2.37,3.48,2.48,2.26,3.98,1.77,1.97,3.97,17.97,1.96,3.98,3.98,3.62,4.98,4.97,0.97,1.98,1.88,5.94,4.66,2.24,1.94,1.83,4.23,3.88,2.48,7.94,1.97,0.97,7.97,0.97,8.37,2.97,4.97
2015/07/18,4.64,0.48,0.98,0.7,0.7,11.88,0.7,0.48,7.88,14.72,0.7,6.68,12.98,3.87,11.28,4.88,1.56,5.47,11.28,10.97,0.48,6.87,0.48,5.98,10.98,0.48,0.7,0.48,3.98,5.76,14.72,0.96,5.24,14.72,3.97,3.67,0.48,0.48,2.98,5.76,12.78,0.48,0.48,2.24,0.7,0.48,4.97,5.74,8.97,1.48,3.92,17.97,2.98,5.97,5.22,4.23,2.84,3.97,1.88,7.98,2.73,4.88,3.48,0.97,4.47,5.97,2.37,3.48,2.48,2.26,3.98,1.77,1.97,3.97,17.97,1.96,3.98,3.98,3.62,4.98,4.97,0.97,1.98,1.88,5.94,4.66,2.24,1.94,1.83,4.23,3.88,2.48,7.94,1.97,0.97,7.97,0.97,8.37,2.97,4.97
2015/07/19,4.64,0.48,0.98,0.7,0.7,11.88,0.7,0.48,7.88,14.72,0.7,6.68,12.98,3.87,11.28,4.88,1.56,5.47,11.28,10.97,0.48,6.87,0.48,5.98,10.98,0.48,0.7,0.48,3.98,5.76,14.72,0.96,5.24,14.72,3.97,3.67,0.48,0.48,2.98,5.76,12.78,0.48,0.48,2.24,0.7,0.48,4.97,5.74,8.97,1.48,3.92,17.97,2.98,5.97,5.22,4.23,2.84,3.97,1.88,7.98,2.73,4.88,3.48,0.97,4.47,5.97,2.37,3.48,2.48,2.26,3.98,1.77,1.97,3.97,17.97,1.96,3.98,3.98,3.62,4.98,4.97,0.97,1.98,1.88,5.94,4.66,2.24,1.94,1.83,4.23,3.88,2.48,7.94,1.97,0.97,7.97,0.97,8.37,2.97,4.97
2015/07/20,4.64,0.48,0.98,0.7,0.7,11.88,0.7,0.48,7.88,14.72,0.7,6.68,12.98,3.87,11.28,4.88,1.56,5.47,11.28,10.97,0.48,6.87,0.48,5.98,10.98,0.48,0.7,0.48,3.98,5.76,14.72,0.96,5.24,14.72,3.97,3.67,0.48,0.48,2.98,5.76,12.78,0.48,0.48,2.24,0.7,0.48,4.97,5.74,8.97,1.48,3.92,17.97,2.98,5.97,5.22,4.23,2.84,3.97,1.88,7.98,2.73,4.88,3.48,0.97,4.47,5.97,2.37,3.48,2.48,2.26,3.98,1.77,1.97,3.97,17.97,1.96,3.98,3.98,3.62,4.98,4.97,0.97,1.98,1.88,5.94,4.66,2.24,1.94,1.83,4.23,3.88,2.48,7.94,1.97,0.97,7.97,0.97,8.37,2.97,4.97
2015/07/21,4.64,0.48,0.98,0.7,0.7,11.88,0.7,0.48,7.88,14.72,0.7,6.68,12.98,3.87,11.28,4.88,1.56,5.47,11.28,10.97,0.48,6.87,0.48,5.98,10.98,0.48,0.7,0.48,3.98,5.76,14.72,0.96,5.24,14.72,3.97,3.67,0.48,0.48,2.98,5.76,12.78,0.48,0.48,2.24,0.7,0.48,4.97,5.74,8.97,1.48,3.92,17.97,2.98,5.97,5.22,4.23,2.84,3.97,1.88,7.98,2.73,4.88,3.48,0.97,4.47,5.97,2.37,3.48,2.48,2.26,3.98,1.77,1.97,3.97,17.97,1.96,3.98,3.98,3.62,4.98,4.97,0.97,1.98,1.88,5.94,4.66,2.24,1.94,1.83,4.23,3.88,2.48,7.94,1.97,0.97,7.97,0.97,8.37,2.97,4.97
2015/07/22,4.64,0.48,0.98,0.7,0.7,11.88,0.7,0.48,7.88,14.72,0.7,6.68,12.98,3.87,11.28,4.88,1.56,5.47,11.28,10.97,0.48,6.87,0.48,5.98,10.98,0.48,0.7,0.48,3.98,5.76,14.72,0.96,5.24,14.72,3.97,3.67,0.48,0.48,2.98,5.76,12.78,0.48,0.48,2.24,0.7,0.48,4.97,5.74,8.97,1.48,3.92,17.97,2.98,5.97,5.22,4.23,2.84,3.97,1.88,7.98,2.73,4.88,3.48,0.97,4.47,5.97,2.37,3.48,2.48,2.26,3.98,1.77,1.97,3.97,17.97,1.96,3.98,3.98,3.62,4.98,4.97,0.97,1.98,1.88,5.94,4.66,2.24,1.94,1.83,4.23,3.88,2.48,7.94,1.97,0.97,7.97,0.97,8.37,2.97,4.97
2015/07/23,4.64,0.48,0.98,0.7,0.7,11.88,0.7,0.48,7.88,14.72,0.7,6.68,12.98,3.87,11.28,4.88,1.56,5.47,11.28,10.97,0.48,6.87,0.48,5.98,10.98,0.48,0.7,0.48,3.98,5.76,14.72,0.96,5.24,14.72,3.97,3.67,0.48,0.48,2.98,5.76,12.78,0.48,0.48,2.24,0.7,0.48,4.97,5.74,8.97,1.48,3.92,17.97,2.98,5.97,5.22,4.23,2.84,3.97,1.88,7.98,2.73,4.88,3.48,0.97,4.47,5.97,2.37,3.48,2.48,2.26,3.98,1.77,1.97,3.97,17.97,1.96,3.98,3.98,3.62,4.98,4.97,0.97,1.98,1.88,5.94,4.66,2.24,1.94,1.83,4.23,3.88,2.48,7.94,1.97,0.97,7.97,0.97,8.37,2.97,4.97
2015/07/24,4.64,0.48,0.98,0.7,0.7,11.88,0.7,0.48,7.88,14.72,0.7,6.68,12.98,3.87,11.28,4.88,1.56,5.47,11.28,10.97,0.48,6.87,0.48,5.98,10.98,0.48,0.7,0.48,3.98,5.76,14.72,0.96,5.24,14.72,3.97,3.67,0.48,0.48,2.98,5.76,12.78,0.48,0.48,2.24,0.7,0.48,4.97,5.74,8.97,1.48,3.92,17.97,2.98,5.97,5.22,4.23,2.84,3.97,1.88,7.98,2.73,4.88,3.48,0.97,4.47,5.97,2.37,3.48,2.48,2.26,3.98,1.77,1.97,3.97,17.97,1.96,3.98,3.98,3.62,4.98,4.97,0.97,1.98,1.88,5.94,4.66,2.24,1.94,1.83,4.23,3.88,2.48,7.94,1.97,0.97,7.97,0.97,8.37,2.97,4.97
2015/07/25,4.64,0.48,0.98,0.7,0.7,11.88,0.7,0.48,7.88,14.72,0.7,6.68,12.98,3.87,11.28,4.88,1.56,5.47,11.28,10.97,0.48,6.87,0.48,5.98,10.98,0.48,0.7,0.48,3.98,5.76,14.72,0.96,5.24,14.72,3.97,3.67,0.48,0.48,2.98,5.76,12.78,0.48,0.48,2.24,0.7,0.48,4.97,5.74,8.97,1.48,3.92,17.97,2.98,5.97,5.22,4.23,2.84,3.97,1.88,7.98,2.73,4.88,3.48,0.97,4.47,5.97,2.37,3.48,2.48,2.26,3.98,1.77,1.97,3.97,17.97,1.96,3.98,3.98,3.62,4.98,4.97,0.97,1.98,1.88,5.94,4.66,2.24,1.94,1.83,4.23,3.88,2.48,7.94,1.97,0.97,7.97,0.97,8.37,2.97,4.97
2015/07/26,4.64,0.48,0.98,0.7,0.7,11.88,0.7,0.48,7.88,14.72,0.7,6.68,12.98,3.87,11.28,4.88,1.56,5.47,11.28,10.97,0.48,6.87,0.48,5.98,10.98,0.48,0.7,0.48,3.98,5.76,14.72,0.96,5.24,14.72,3.97,3.67,0.48,0.48,2.98,5.76,12.78,0.48,0.48,2.24,0.7,0.48,4.97,5.74,8.97,1.48,3.92,17.97,2.98,5.97,5.22,4.23,2.84,3.97,1.88,7.98,2.73,4.88,3.48,0.97,4.47,5.97,2.37,3.48,2.48,2.26,3.98,1.77,1.97,3.97,17.97,1.96,3.98,3.98,3.62,4.98,4.97,0.97,1.98,1.88,5.94,4.66,2.24,1.94,1.83,4.23,3.88,2.48,7.94,1.97,0.97,7.97,0.97,8.37,2.97,4.97
2015/07/27,4.64,0.48,0.98,0.7,0.7,11.88,0.7,0.48,7.88,14.72,0.7,6.68,12.98,3.87,11.28,4.88,1.56,5.47,11.28,10.97,0.48,6.87,0.48,5.98,10.98,0.48,0.7,0.48,3.98,5.76,14.72,0.96,5.24,14.72,3.97,3.67,0.48,0.48,2.98,5.76,12.78,0.48,0.48,2.24,0.7,0.48,4.97,5.74,8.97,1.48,3.92,17.97,2.98,5.97,5.22,4.23,2.84,3.97,1.88,7.98,2.73,4.88,3.48,0.97,4.47,5.97,2.37,3.48,2.48,2.26,3.98,1.77,1.97,3.97,17.97,1.96,3.98,3.98,3.62,4.98,4.97,0.97,1.98,1.88,5.94,4.66,2.24,1.94,1.83,4.23,3.88,2.48,7.94,1.97,0.97,7.97,0.97,8.37,2.97,4.97
2015/07/28,4.64,0.48,0.98,0.7,0.7,11.88,0.7,0.48,7.88,14.72,0.7,6.68,12.98,3.87,11.28,4.88,1.56,5.47,11.28,10.97,0.48,6.87,0.48,5.98,10.98,0.48,0.7,0.48,3.98,5.76,14.72,0.96,5.24,14.72,3.97,3.67,0.48,0.48,2.98,5.76,12.78,0.48,0.48,2.24,0.7,0.48,4.97,5.74,8.97,1.48,3.92,17.97,2.98,5.97,5.22,4.23,2.84,3.97,1.88,7.98,2.73,4.88,3.48,0.97,4.47,5.97,2.37,3.48,2.48,2.26,3.98,1.77,1.97,3.97,17.97,1.96,3.98,3.98,3.62,4.98,4.97,0.97,1.98,1.88,5.94,4.66,2.24,1.94,1.83,4.23,3.88,2.48,7.94,1.97,0.97,7.97,0.97,8.37,2.97,4.97
2015/07/29,4.64,0.48,0.98,0.7,0.7,11.88,0.7,0.48,7.88,14.72,0.7,6.68,12.98,3.87,11.28,4.88,1.56,5.47,11.28,10.97,0.48,6.87,0.48,5.98,10.98,0.48,0.7,0.48,3.98,5.76,14.72,0.96,5.24,14.72,3.97,3.67,0.48,0.48,2.98,5.76,12.78,0.48,0.48,2.24,0.7,0.48,4.97,5.74,8.97,1.48,3.92,17.97,2.98,5.97,5.22,4.23,2.84,3.97,1.88,7.98,2.73,4.88,3.48,0.97,4.47,5.97,2.37,3.48,2.48,2.26,3.98,1.77,1.97,3.97,17.97,1.96,3.98,3.98,3.62,4.98,4.97,0.97,1.98,1.88,5.94,4.66,2.24,1.94,1.83,4.23,3.88,2.48,7.94,1.97,0.97,7.97,0.97,8.37,2.97,4.97
2015/07/30,4.64,0.48,0.98,0.7,0.7,11.88,0.7,0.48,7.88,14.72,0.7,6.68,12.98,3.87,11.28,4.88,1.56,5.47,11.28,10.97,0.48,6.87,0.48,5.98,10.98,0.48,0.7,0.48,3.98,5.76,14.72,0.96,5.24,14.72,3.97,3.67,0.48,0.48,2.98,5.76,12.78,0.48,0.48,2.24,0.7,0.48,4.97,5.74,8.97,1.48,3.92,17.97,2.98,5.97,5.22,4.23,2.84,3.97,1.88,7.98,2.73,4.88,3.48,0.97,4.47,5.97,2.37,3.48,2.48,2.26,3.98,1.77,1.97,3.97,17.97,1.96,3.98,3.98,3.62,4.98,4.97,0.97,1.98,1.88,5.94,4.66,2.24,1.94,1.83,4.23,3.88,2.48,7.94,1.97,0.97,7.97,0.97,8.37,2.97,4.97
2015/07/31,4.64,0.48,0.98,0.7,0.7,11.88,0.7,0.48,7.88,14.72,0.7,6.68,12.98,3.87,11.28,4.88,1.56,5.47,11.28,10.97,0.48,6.87,0.48,5.98,10.98,0.48,0.7,0.48,3.98,5.76,14.72,0.96,5.24,14.72,3.97,3.67,0.48,0.48,2.98,5.76,12.78,0.48,0.48,2.24,0.7,0.48,4.97,5.74,8.97,1.48,3.92,17.97,2.98,5.97,5.22,4.23,2.84,3.97,1.88,7.98,2.73,4.88,3.48,0.97,4.47,5.97,2.37,3.48,2.48,2.26,3.98,1.77,1.97,3.97,17.97,1.96,3.98,3.98,3.62,4.98,4.97,0.97,1.98,1.88,5.94,4.66,2.24,1.94,1.83,4.23,3.88,2.48,7.94,1.97,0.97,7.97,0.97,8.37,2.97,4.97
2015/08/01,4.64,0.48,0.98,0.7,0.7,11.88,0.7,0.48,7.88,14.72,0.7,6.68,12.98,3.87,11.28,4.88,1.56,5.47,11.28,10.97,0.48,6.87,0.48,5.98,10.98,0.48,0.7,0.48,3.98,5.76,14.72,0.96,5.24,14.72,3.97,3.67,0.48,0.48,2.98,5.76,12.78,0.48,0.48,2.24,0.7,0.48,4.97,5.74,8.97,1.48,3.92,17.97,2.98,5.97,5.22,4.23,2.84,3.97,1.88,7.98,2.73,4.88,3.48,0.97,4.47,5.97,2.37,3.48,2.48,2.26,3.98,1.77,1.97,3.97,17.97,1.96,3.98,3.98,3.62,4.98,4.97,0.97,1.98,1.88,5.94,4.66,2.24,1.94,1.83,4.23,3.88,2.48,7.94,1.97,0.97,7.97,0.97,8.37,2.97,4.97
2015/08/02,4.64,0.48,0.98,0.7,0.7,11.88,0.7,0.48,7.88,14.72,0.7,6.68,12.98,3.87,11.28,4.88,1.56,5.47,11.28,10.97,0.48,6.87,0.48,5.98,10.98,0.48,0.7,0.48,3.98,5.76,14.72,0.96,5.24,14.72,3.97,3.67,0.48,0.48,2.98,5.76,12.78,0.48,0.48,2.24,0.7,0.48,4.97,5.74,8.97,1.48,3.92,17.97,2.98,5.97,5.22,4.23,2.84,3.97,1.88,7.98,2.73,4.88,3.48,0.97,4.47,5.97,2.37,3.48,2.48,2.26,3.98,1.77,1.97,3.97,17.97,1.96,3.98,3.98,3.62,4.98,4.97,0.97,1.98,1.88,5.94,4.66,2.24,1.94,1.83,4.23,3.88,2.48,7.94,1.97,0.97,7.97,0.97,8.37,2.97,4.97
2015/08/03,4.64,0.48,0.98,0.7,0.7,11.88,0.7,0.48,7.88,14.72,0.7,6.68,12.98,3.87,11.28,4.88,1.56,5.47,11.28,10.97,0.48,6.87,0.48,5.98,10.98,0.48,0.7,0.48,3.98,5.76,14.72,0.96,5.24,14.72,3.97,3.67,0.48,0.48,2.98,5.76,12.78,0.48,0.48,2.24,0.7,0.48,4.97,5.74,8.97,1.48,3.92,17.97,2.98,5.97,5.22,4.23,2.84,3.97,1.88,7.98,2.73,4.88,3.48,0.97,4.47,5.97,2.37,3.48,2.48,2.26,3.98,1.77,1.97,3.97,17.97,1.96,3.98,3.98,3.62,4.98,4.97,0.97,1.98,1.88,5.94,4.66,2.24,1.94,1.83,4.23,3.88,2.48,7.94,1.97,0.97,7.97,0.97,8.37,2.97,4.97
2015/08/04,4.64,0.48,0.98,0.7,0.7,11.88,0.7,0.48,7.88,14.72,0.7,6.68,12.98,3.87,11.28,4.88,1.56,5.47,11.28,10.97,0.48,6.87,0.48,5.98,10.98,0.48,0.7,0.48,3.98,5.76,14.72,0.96,5.24,14.72,3.97,3.67,0.48,0.48,2.98,5.76,12.78,0.48,0.48,2.24,0.7,0.48,4.97,5.74,8.97,1.48,3.92,17.97,2.98,5.97,5.22,4.23,2.84,3.97,1.88,7.98,2.73,4.88,3.48,0.97,4.47,5.97,2.37,3.48,2.48,2.26,3.98,1.77,1.97,3.97,17.97,1.96,3.98,3.98,3.62,4.98,4.97,0.97,1.98,1.88,5.94,4.66,2.24,1.94,1.83,4.23,3.88,2.48,7.94,1.97,0.97,7.97,0.97,8.37,2.97,4.97
2015/08/05,4.64,0.48,0.98,0.7,0.7,11.88,0.7,0.48,7.88,14.72,0.7,6.68,12.98,3.87,11.28,4.88,1.56,5.47,11.28,10.97,0.48,6.87,0.48,5.98,10.98,0.48,0.7,0.48,3.98,5.76,14.72,0.96,5.24,14.72,3.97,3.67,0.48,0.48,2.98,5.76,12.78,0.48,0.48,2.24,0.7,0.48,4.97,5.74,8.97,1.48,3.92,17.97,2.98,5.97,5.22,4.23,2.84,3.97,1.88,7.98,2.73,4.88,3.48,0.97,4.47,5.97,2.37,3.48,2.48,2.26,3.98,1.77,1.97,3.97,17.97,1.96,3.98,3.98,3.62,4.98,4.97,0.97,1.98,1.88,5.94,4.66,2.24,1.94,1.83,4.23,3.88,2.48,7.94,1.97,0.97,7.97,0.97,8.37,2.97,4.97
2015/08/06,4.64,0.48,0.98,0.7,0.7,11.88,0.7,0.48,7.88,14.72,0.7,6.68,12.98,3.87,11.28,4.88,1.56,5.47,11.28,10.97,0.48,6.87,0.48,5.98,10.98,0.48,0.7,0.48,3.98,5.76,14.72,0.96,5.24,14.72,3.97,3.67,0.48,0.48,2.98,5.76,12.78,0.48,0.48,2.24,0.7,0.48,4.97,5.74,8.97,1.48,3.92,17.97,2.98,5.97,5.22,4.23,2.84,3.97,1.88,7.98,2.73,4.88,3.48,0.97,4.47,5.97,2.37,3.48,2.48,2.26,3.98,1.77,1.97,3.97,17.97,1.96,3.98,3.98,3.62,4.98,4.97,0.97,1.98,1.88,5.94,4.66,2.24,1.94,1.83,4.23,3.88,2.48,7.94,1.97,0.97,7.97,0.97,8.37,2.97,4.97
2015/08/07,4.64,0.48,0.98,0.7,0.7,11.88,0.7,0.48,7.88,14.72,0.7,6.68,12.98,3.87,11.28,4.88,1.56,5.47,11.28,10.97,0.48,6.87,0.48,5.98,10.98,0.48,0.7,0.48,3.98,5.76,14.72,0.96,5.24,14.72,3.97,3.67,0.48,0.48,2.98,5.76,12.78,0.48,0.48,2.24,0.7,0.48,4.97,5.74,8.97,1.48,3.92,17.97,2.98,5.97,5.22,4.23,2.84,3.97,1.88,7.98,2.73,4.88,3.48,0.97,4.47,5.97,2.37,3.48,2.48,2.26,3.98,1.77,1.97,3.97,17.97,1.96,3.98,3.98,3.62,4.98,4.97,0.97,1.98,1.88,5.94,4.66,2.24,1.94,1.83,4.23,3.88,2.48,7.94,1.97,0.97,7.97,0.97,8.37,2.97,4.97
2015/08/08,4.64,0.48,0.98,0.7,0.7,11.88,0.7,0.48,7.88,14.72,0.7,6.68,12.98,3.87,11.28,4.88,1.56,5.47,11.28,10.97,0.48,6.87,0.48,5.98,10.98,0.48,0.7,0.48,3.98,5.76,14.72,0.96,5.24,14.72,3.97,3.67,0.48,0.48,2.98,5.76,12.78,0.48,0.48,2.24,0.7,0.48,4.97,5.74,8.97,1.48,3.92,17.97,2.98,5.97,5.22,4.23,2.84,3.97,1.88,7.98,2.73,4.88,3.48,0.97,4.47,5.97,2.37,3.48,2.48,2.26,3.98,1.77,1.97,3.97,17.97,1.96,3.98,3.98,3.62,4.98,4.97,0.97,1.98,1.88,5.94,4.66,2.24,1.94,1.83,4.23,3.88,2.48,7.94,1.97,0.97,7.97,0.97,8.37,2.97,4.97
2015/08/09,4.64,0.48,0.98,0.7,0.7,11.88,0.7,0.48,7.88,14.72,0.7,6.68,12.98,3.87,11.28,4.88,1.56,5.47,11.28,10.97,0.48,6.87,0.48,5.98,10.98,0.48,0.7,0.48,3.98,5.76,14.72,0.96,5.24,14.72,3.97,3.67,0.48,0.48,2.98,5.76,12.78,0.48,0.48,2.24,0.7,0.48,4.97,5.74,8.97,1.48,3.92,17.97,2.98,5.97,5.22,4.23,2.84,3.97,1.88,7.98,2.73,4.88,3.48,0.97,4.47,5.97,2.37,3.48,2.48,2.26,3.98,1.77,1.97,3.97,17.97,1.96,3.98,3.98,3.62,4.98,4.97,0.97,1.98,1.88,5.94,4.66,2.24,1.94,1.83,4.23,3.88,2.48,7.94,1.97,0.97,7.97,0.97,8.37,2.97,4.97
2015/08/10,4.64,0.48,0.98,0.7,0.7,11.88,0.7,0.48,7.88,14.72,0.7,6.68,12.98,3.87,11.28,4.88,1.56,5.47,11.28,10.97,0.48,6.87,0.48,5.98,10.98,0.48,0.7,0.48,3.98,5.76,14.72,0.96,5.24,14.72,3.97,3.67,0.48,0.48,2.98,5.76,12.78,0.48,0.48,2.24,0.7,0.48,4.97,5.74,8.97,1.48,3.92,17.97,2.98,5.97,5.22,4.23,2.84,3.97,1.88,7.98,2.73,4.88,3.48,0.97,4.47,5.97,2.37,3.48,2.48,2.26,3.98,1.77,1.97,3.97,17.97,1.96,3.98,3.98,3.62,4.98,4.97,0.97,1.98,1.88,5.94,4.66,2.24,1.94,1.83,4.23,3.88,2.48,7.94,1.97,0.97,7.97,0.97,8.37,2.97,4.97
2015/08/11,4.64,0.48,0.98,0.7,0.7,11.88,0.7,0.48,7.88,14.72,0.7,6.68,12.98,3.87,11.28,4.88,1.56,5.47,11.28,10.97,0.48,6.87,0.48,5.98,10.98,0.48,0.7,0.48,3.98,5.76,14.72,0.96,5.24,14.72,3.97,3.67,0.48,0.48,2.98,5.76,12.78,0.48,0.48,2.24,0.7,0.48,4.97,5.74,8.97,1.48,3.92,17.97,2.98,5.97,5.22,4.23,2.84,3.97,1.88,7.98,2.73,4.88,3.48,0.97,4.47,5.97,2.37,3.48,2.48,2.26,3.98,1.77,1.97,3.97,17.97,1.96,3.98,3.98,3.62,4.98,4.97,0.97,1.98,1.88,5.94,4.66,2.24,1.94,1.83,4.23,3.88,2.48,7.94,1.97,0.97,7.97,0.97,8.37,2.97,4.97
2015/08/12,4.64,0.48,0.98,0.7,0.7,11.88,0.7,0.48,7.88,14.72,0.7,6.68,12.98,3.87,11.28,4.88,1.56,5.47,11.28,10.97,0.48,6.87,0.48,5.98,10.98,0.48,0.7,0.48,3.98,5.76,14.72,0.96,5.24,14.72,3.97,3.67,0.48,0.48,2.98,5.76,12.78,0.48,0.48,2.24,0.7,0.48,4.97,5.74,8.97,1.48,3.92,17.97,2.98,5.97,5.22,4.23,2.84,3.97,1.88,7.98,2.73,4.88,3.48,0.97,4.47,5.97,2.37,3.48,2.48,2.26,3.98,1.77,1.97,3.97,17.97,1.96,3.98,3.98,3.62,4.98,4.97,0.97,1.98,1.88,5.94,4.66,2.24,1.94,1.83,4.23,3.88,2.48,7.94,1.97,0.97,7.97,0.97,8.37,2.97,4.97
2015/08/13,4.64,0.48,0.98,0.7,0.7,11.88,0.7,0.48,7.88,14.72,0.7,6.68,12.98,3.87,11.28,4.88,1.56,5.47,11.28,10.97,0.48,6.87,0.48,5.98,10.98,0.48,0.7,0.48,3.98,5.76,14.72,0.96,5.24,14.72,3.97,3.67,0.48,0.48,2.98,5.76,12.78,0.48,0.48,2.24,0.7,0.48,4.97,5.74,8.97,1.48,3.92,17.97,2.98,5.97,5.22,4.23,2.84,3.97,1.88,7.98,2.73,4.88,3.48,0.97,4.47,5.97,2.37,3.48,2.48,2.26,3.98,1.77,1.97,3.97,17.97,1.96,3.98,3.98,3.62,4.98,4.97,0.97,1.98,1.88,5.94,4.66,2.24,1.94,1.83,4.23,3.88,2.48,7.94,1.97,0.97,7.97,0.97,8.37,2.97,4.97
2015/08/14,4.64,0.48,0.98,0.7,0.7,11.88,0.7,0.48,7.88,14.72,0.7,6.68,12.98,3.87,11.28,4.88,1.56,5.47,11.28,10.97,0.48,6.87,0.48,5.98,10.98,0.48,0.7,0.48,3.98,5.76,14.72,0.96,5.24,14.72,3.97,3.67,0.48,0.48,2.98,5.76,12.78,0.48,0.48,2.24,0.7,0.48,4.97,5.74,8.97,1.48,3.92,17.97,2.98,5.97,5.22,4.23,2.84,3.97,1.88,7.98,2.73,4.88,3.48,0.97,4.47,5.97,2.37,3.48,2.48,2.26,3.98,1.77,1.97,3.97,17.97,1.96,3.98,3.98,3.62,4.98,4.97,0.97,1.98,1.88,5.94,4.66,2.24,1.94,1.83,4.23,3.88,2.48,7.94,1.97,0.97,7.97,0.97,8.37,2.97,4.97
2015/08/15,4.64,0.48,0.98,0.7,0.7,11.88,0.7,0.48,7.88,14.72,0.7,6.68,12.98,3.87,11.28,4.88,1.56,5.47,11.28,10.97,0.48,6.87,0.48,5.98,10.98,0.48,0.7,0.48,3.98,5.76,14.72,0.96,5.24,14.72,3.97,3.67,0.48,0.48,2.98,5.76,12.78,0.48,0.48,2.24,0.7,0.48,4.97,5.74,8.97,1.48,3.92,17.97,2.98,5.97,5.22,4.23,2.84,3.97,1.88,7.98,2.73,4.88,3.48,0.97,4.47,5.97,2.37,3.48,2.48,2.26,3.98,1.77,1.97,3.97,17.97,1.96,3.98,3.98,3.62,4.98,4.97,0.97,1.98,1.88,5.94,4.66,2.24,1.94,1.83,4.23,3.88,2.48,7.94,1.97,0.97,7.97,0.97,8.37,2.97,4.97
2015/08/16,4.64,0.48,0.98,0.7,0.7,11.88,0.7,0.48,7.88,14.72,0.7,6.68,12.98,3.87,11.28,4.88,1.56,5.47,11.28,10.97,0.48,6.87,0.48,5.98,10.98,0.48,0.7,0.48,3.98,5.76,14.72,0.96,5.24,14.72,3.97,3.67,0.48,0.48,2.98,5.76,12.78,0.48,0.48,2.24,0.7,0.48,4.97,5.74,8.97,1.48,3.92,17.97,2.98,5.97,5.22,4.23,2.84,3.97,1.88,7.98,2.73,4.88,3.48,0.97,4.47,5.97,2.37,3.48,2.48,2.26,3.98,1.77,1.97,3.97,17.97,1.96,3.98,3.98,3.62,4.98,4.97,0.97,1.98,1.88,5.94,4.66,2.24,1.94,1.83,4.23,3.88,2.48,7.94,1.97,0.97,7.97,0.97,8.37,2.97,4.97
2015/08/17,4.64,0.48,0.98,0.7,0.7,11.88,0.7,0.48,7.88,14.72,0.7,6.68,12.98,3.87,11.28,4.88,1.56,5.47,11.28,10.97,0.48,6.87,0.48,5.98,10.98,0.48,0.7,0.48,3.98,5.76,14.72,0.96,5.24,14.72,3.97,3.67,0.48,0.48,2.98,5.76,12.78,0.48,0.48,2.24,0.7,0.48,4.97,5.74,8.97,1.48,3.92,17.97,2.98,5.97,5.22,4.23,2.84,3.97,1.88,7.98,2.73,4.88,3.48,0.97,4.47,5.97,2.37,3.48,2.48,2.26,3.98,1.77,1.97,3.97,17.97,1.96,3.98,3.98,3.62,4.98,4.97,0.97,1.98,1.88,5.94,4.66,2.24,1.94,1.83,4.23,3.88,2.48,7.94,1.97,0.97,7.97,0.97,8.37,2.97,4.97
2015/08/18,4.64,0.48,0.98,0.7,0.7,11.88,0.7,0.48,7.88,14.72,0.7,6.68,12.98,3.87,11.28,4.88,1.56,5.47,11.28,10.97,0.48,6.87,0.48,5.98,10.98,0.48,0.7,0.48,3.98,5.76,14.72,0.96,5.24,14.72,3.97,3.67,0.48,0.48,2.98,5.76,12.78,0.48,0.48,2.24,0.7,0.48,4.97,5.74,8.97,1.48,3.92,17.97,2.98,5.97,5.22,4.23,2.84,3.97,1.88,7.98,2.73,4.88,3.48,0.97,4.47,5.97,2.37,3.48,2.48,2.26,3.98,1.77,1.97,3.97,17.97,1.96,3.98,3.98,3.62,4.98,4.97,0.97,1.98,1.88,5.94,4.66,2.24,1.94,1.83,4.23,3.88,2.48,7.94,1.97,0.97,7.97,0.97,8.37,2.97,4.97
2015/08/19,4.64,0.48,0.98,0.7,0.7,11.88,0.7,0.48,7.88,14.72,0.7,6.68,12.98,3.87,11.28,4.88,1.56,5.47,11.28,10.97,0.48,6.87,0.48,5.98,10.98,0.48,0.7,0.48,3.98,5.76,14.72,0.96,5.24,14.72,3.97,3.67,0.48,0.48,2.98,5.76,12.78,0.48,0.48,2.24,0.7,0.48,4.97,5.74,8.97,1.48,3.92,17.97,2.98,5.97,5.22,4.23,2.84,3.97,1.88,7.98,2.73,4.88,3.48,0.97,4.47,5.97,2.37,3.48,2.48,2.26,3.98,1.77,1.97,3.97,17.97,1.96,3.98,3.98,3.62,4.98,4.97,0.97,1.98,1.88,5.94,4.66,2.24,1.94,1.83,4.23,3.88,2.48,7.94,1.97,0.97,7.97,0.97,8.37,2.97,4.97
2015/08/20,4.64,0.48,0.98,0.7,0.7,11.88,0.7,0.48,7.88,14.72,0.7,6.68,12.98,3.87,11.28,4.88,1.56,5.47,11.28,10.97,0.48,6.87,0.48,5.98,10.98,0.48,0.7,0.48,3.98,5.76,14.72,0.96,5.24,14.72,3.97,3.67,0.48,0.48,2.98,5.76,12.78,0.48,0.48,2.24,0.7,0.48,4.97,5.74,8.97,1.48,3.92,17.97,2.98,5.97,5.22,4.23,2.84,3.97,1.88,7.98,2.73,4.88,3.48,0.97,4.47,5.97,2.37,3.48,2.48,2.26,3.98,1.77,1.97,3.97,17.97,1.96,3.98,3.98,3.62,4.98,4.97,0.97,1.98,1.88,5.94,4.66,2.24,1.94,1.83,4.23,3.88,2.48,7.94,1.97,0.97,7.97,0.97,8.37,2.97,4.97
2015/08/21,4.64,0.48,0.98,0.7,0.7,11.88,0.7,0.48,7.88,14.72,0.7,6.68,12.98,3.87,11.28,4.88,1.56,5.47,11.28,10.97,0.48,6.87,0.48,5.98,10.98,0.48,0.7,0.48,3.98,5.76,14.72,0.96,5.24,14.72,3.97,3.67,0.48,0.48,2.98,5.76,12.78,0.48,0.48,2.24,0.7,0.48,4.97,5.74,8.97,1.48,3.92,17.97,2.98,5.97,5.22,4.23,2.84,3.97,1.88,7.98,2.73,4.88,3.48,0.97,4.47,5.97,2.37,3.48,2.48,2.26,3.98,1.77,1.97,3.97,17.97,1.96,3.98,3.98,3.62,4.98,4.97,0.97,1.98,1.88,5.94,4.66,2.24,1.94,1.83,4.23,3.88,2.48,7.94,1.97,0.97,7.97,0.97,8.37,2.97,4.97
2015/08/22,4.64,0.48,0.98,0.7,0.7,11.88,0.7,0.48,7.88,14.72,0.7,6.68,12.98,3.87,11.28,4.88,1.56,5.47,11.28,10.97,0.48,6.87,0.48,5.98,10.98,0.48,0.7,0.48,3.78,5.76,14.72,0.96,5.24,14.72,3.97,3.67,0.48,0.48,2.98,5.76,12.78,0.48,0.48,2.24,0.7,0.48,4.97,5.74,8.97,1.48,3.92,17.97,2.98,5.97,5.22,4.23,2.84,3.97,1.88,7.98,2.73,4.88,3.48,0.97,4.47,5.97,2.37,3.48,2.48,2.26,3.98,1.77,1.97,3.97,17.97,1.96,3.98,3.98,3.62,4.98,4.97,0.97,1.98,1.88,5.94,4.66,2.24,1.94,1.83,4.23,3.88,2.48,7.94,1.97,0.97,7.97,0.97,8.37,2.97,4.97
2015/08/23,4.64,0.48,0.98,0.7,0.7,11.88,0.7,0.48,7.88,14.72,0.7,6.68,12.98,3.87,11.28,4.88,1.56,5.47,11.28,10.97,0.48,6.87,0.48,5.98,10.98,0.48,0.7,0.48,3.78,5.76,14.72,0.96,5.24,14.72,3.97,3.67,0.48,0.48,2.98,5.76,12.78,0.48,0.48,2.24,0.7,0.48,4.97,5.74,8.97,1.48,3.92,17.97,2.98,5.97,5.22,4.23,2.84,3.97,1.88,7.98,2.73,4.88,3.48,0.97,4.47,5.97,2.37,3.48,2.48,2.26,3.98,1.77,1.97,3.97,17.97,1.96,3.98,3.98,3.62,4.98,4.97,0.97,1.98,1.88,5.94,4.66,2.24,1.94,1.83,4.23,3.88,2.48,7.94,1.97,0.97,7.97,0.97,8.37,2.97,4.97
2015/08/24,4.64,0.48,0.98,0.7,0.7,11.88,0.7,0.48,7.88,14.72,0.7,6.68,12.98,3.87,11.28,4.88,1.56,5.47,11.28,10.97,0.48,6.87,0.48,5.98,10.98,0.48,0.7,0.48,3.78,5.76,14.72,0.96,5.24,14.72,3.97,3.67,0.48,0.48,2.98,5.76,12.78,0.48,0.48,2.24,0.7,0.48,4.97,5.74,8.97,1.48,3.92,17.97,2.98,5.97,5.22,4.23,2.84,3.97,1.88,7.98,2.73,4.88,3.48,0.97,4.47,5.97,2.37,3.48,2.48,2.26,3.98,1.77,1.97,3.97,17.97,1.96,3.98,3.98,3.62,4.98,4.97,0.97,1.98,1.88,5.94,4.66,2.24,1.94,1.83,4.23,3.88,2.48,7.94,1.97,0.97,7.97,0.97,8.37,2.97,4.97
2015/08/25,4.64,0.48,0.98,0.7,0.7,11.88,0.7,0.48,7.88,14.72,0.7,6.68,12.98,3.87,11.28,4.88,1.56,5.47,11.28,10.97,0.48,6.87,0.48,5.98,10.98,0.48,0.7,0.48,3.78,5.76,14.72,0.96,5.24,14.72,3.97,3.67,0.48,0.48,2.98,5.76,12.78,0.48,0.48,2.24,0.7,0.48,4.97,5.74,8.97,1.48,3.92,17.97,2.98,5.97,5.22,4.23,2.84,3.97,1.88,7.98,2.73,4.88,3.48,0.97,4.47,5.97,2.37,3.48,2.48,2.26,3.98,1.77,1.97,3.97,17.97,1.96,3.98,3.98,3.62,4.98,4.97,0.97,1.98,1.88,5.94,4.66,2.24,1.94,1.83,4.23,3.88,2.48,7.94,1.97,0.97,7.97,0.97,8.37,2.97,4.97
2015/08/26,4.64,0.48,0.98,0.7,0.7,11.88,0.7,0.48,7.88,14.72,0.7,6.68,12.98,3.87,11.28,4.88,1.56,5.47,11.28,10.97,0.48,6.87,0.48,5.98,10.98,0.48,0.7,0.48,3.78,5.76,14.72,0.96,5.24,14.72,3.97,3.67,0.48,0.48,2.98,5.76,12.78,0.48,0.48,2.24,0.7,0.48,4.97,5.74,8.97,1.48,3.92,17.97,2.98,5.97,5.22,4.23,2.84,3.97,1.88,7.98,2.73,4.88,3.48,0.97,4.47,5.97,2.37,3.48,2.48,2.26,3.98,1.77,1.97,3.97,17.97,1.96,3.98,3.98,3.62,4.98,4.97,0.97,1.98,1.88,5.94,4.66,2.24,1.94,1.83,4.23,3.88,2.48,7.94,1.97,0.97,7.97,0.97,8.37,2.97,4.97
2015/08/27,4.64,0.48,0.98,0.7,0.7,11.88,0.7,0.48,7.88,14.72,0.7,6.68,12.98,3.87,11.28,4.88,1.56,5.47,11.28,10.97,0.48,6.87,0.48,5.98,10.98,0.48,0.7,0.48,3.78,5.76,14.72,0.96,5.24,14.72,3.97,3.67,0.48,0.48,2.98,5.76,12.78,0.48,0.48,2.24,0.7,0.48,4.97,5.74,8.97,1.48,3.92,17.97,2.98,5.97,5.22,4.23,2.84,3.97,1.88,7.98,2.73,4.88,3.48,0.97,4.47,5.97,2.37,3.48,2.48,2.26,3.98,1.77,1.97,3.97,17.97,1.96,3.98,3.98,3.62,4.98,4.97,0.97,1.98,1.88,5.94,4.66,2.24,1.94,1.83,4.23,3.88,2.48,7.94,1.97,0.97,7.97,0.97,8.37,2.97,4.97
2015/08/28,4.64,0.48,0.98,0.7,0.7,11.88,0.7,0.48,7.88,14.72,0.7,6.68,12.98,3.87,11.28,4.88,1.56,5.47,11.28,10.97,0.48,6.87,0.48,5.98,10.98,0.48,0.7,0.48,3.78,5.76,14.72,0.96,5.24,14.72,3.97,3.67,0.48,0.48,2.98,5.76,12.78,0.48,0.48,2.24,0.7,0.48,4.97,5.74,8.97,1.48,3.92,17.97,2.98,5.97,5.22,4.23,2.84,3.97,1.88,7.98,2.73,4.88,3.48,0.97,4.47,5.97,2.37,3.48,2.48,2.26,3.98,1.77,1.97,3.97,17.97,1.96,3.98,3.98,3.62,4.98,4.97,0.97,1.98,1.88,5.94,4.66,2.24,1.94,1.83,4.23,3.88,2.48,7.94,1.97,0.97,7.97,0.97,8.37,2.97,4.97
2015/08/29,4.64,0.48,0.98,0.7,0.7,11.88,0.7,0.48,7.88,14.72,0.7,6.68,12.98,3.87,11.28,4.88,1.56,5.47,11.28,10.97,0.48,6.87,0.48,5.98,10.98,0.48,0.7,0.48,3.78,5.76,14.72,0.96,5.24,14.72,3.97,3.67,0.48,0.48,2.98,5.76,12.78,0.48,0.48,2.24,0.7,0.48,4.97,5.74,8.97,1.48,3.92,17.97,2.98,5.97,5.22,4.23,2.84,3.97,1.88,7.98,2.73,4.88,3.48,0.97,4.47,5.97,2.37,3.48,2.48,2.26,3.98,1.77,1.97,3.97,17.97,1.96,3.98,3.98,3.62,4.98,4.97,0.97,1.98,1.88,5.94,4.66,2.24,1.94,1.83,4.23,3.88,2.48,7.94,1.97,0.97,7.97,0.97,8.37,2.97,4.97
2015/08/30,4.64,0.48,0.98,0.7,0.7,11.88,0.7,0.48,7.88,14.72,0.7,6.68,12.98,3.87,11.28,4.88,1.56,5.47,11.28,10.97,0.48,6.87,0.48,5.98,10.98,0.48,0.7,0.48,3.78,5.76,14.72,0.96,5.24,14.72,3.97,3.67,0.48,0.48,2.98,5.76,12.78,0.48,0.48,2.24,0.7,0.48,4.97,5.74,8.97,1.48,3.92,17.97,2.98,5.97,5.22,4.23,2.84,3.97,1.88,7.98,2.73,4.88,3.48,0.97,4.47,5.97,2.37,3.48,2.48,2.26,3.98,1.77,1.97,3.97,17.97,1.96,3.98,3.98,3.62,4.98,4.97,0.97,1.98,1.88,5.94,4.66,2.24,1.94,1.83,4.23,3.88,2.48,7.94,1.97,0.97,7.97,0.97,8.37,2.97,4.97
2015/08/31,4.64,0.48,0.98,0.7,0.7,11.88,0.7,0.48,7.88,14.72,0.7,6.68,12.98,3.87,11.28,4.88,1.56,5.47,11.28,10.97,0.48,6.87,0.48,5.98,10.98,0.48,0.7,0.48,3.78,5.76,14.72,0.96,5.24,14.72,3.97,3.67,0.48,0.48,2.98,5.76,12.78,0.48,0.48,2.24,0.7,0.48,4.97,5.74,8.97,1.48,3.92,17.97,2.98,5.97,5.22,4.23,2.84,3.97,1.88,7.98,2.73,4.88,3.48,0.97,4.47,5.97,2.37,3.48,2.48,2.26,3.98,1.77,1.97,3.97,17.97,1.96,3.98,3.98,3.62,4.98,4.97,0.97,1.98,1.88,5.94,4.66,2.24,1.94,1.83,4.23,3.88,2.48,7.94,1.97,0.97,7.97,0.97,8.37,2.97,4.97
2015/09/01,4.64,0.48,0.98,0.7,0.7,11.88,0.7,0.48,7.88,14.72,0.7,6.68,12.98,3.87,11.28,4.88,1.56,5.47,11.28,10.97,0.48,6.87,0.48,5.98,10.98,0.48,0.7,0.48,3.78,5.76,14.72,0.96,5.24,14.72,3.97,3.67,0.48,0.48,2.98,5.76,12.78,0.48,0.48,2.24,0.7,0.48,4.97,5.74,8.97,1.48,3.92,17.97,2.98,5.97,5.22,4.23,2.84,3.97,1.88,7.98,2.73,4.88,3.48,0.97,4.47,5.97,2.37,3.48,2.48,2.26,3.98,1.77,1.97,3.97,17.97,1.96,3.98,3.98,3.62,4.98,4.97,0.97,1.98,1.88,5.94,4.66,2.24,1.94,1.83,4.23,3.88,2.48,7.94,1.97,0.97,7.97,0.97,8.37,2.97,4.97
2015/09/02,4.64,0.48,0.98,0.7,0.7,11.88,0.7,0.48,7.88,14.72,0.7,6.68,12.98,3.87,11.28,4.88,1.56,5.47,11.28,10.97,0.48,6.87,0.48,5.98,10.98,0.48,0.7,0.48,3.78,5.76,14.72,0.96,5.24,14.72,3.97,3.67,0.48,0.48,2.98,5.76,12.78,0.48,0.48,2.24,0.7,0.48,4.97,5.74,8.97,1.48,3.92,17.97,2.98,5.97,5.22,4.23,2.84,3.97,1.88,7.98,2.73,4.88,3.48,0.97,4.47,5.97,2.37,3.48,2.48,2.26,3.98,1.77,1.97,3.97,17.97,1.96,3.98,3.98,3.62,4.98,4.97,0.97,1.98,1.88,5.94,4.66,2.24,1.94,1.83,4.23,3.88,2.48,7.94,1.97,0.97,7.97,0.97,8.37,2.97,4.97
2015/09/03,4.64,0.48,0.98,0.7,0.7,11.88,0.7,0.48,7.88,14.72,0.7,6.68,12.98,3.87,11.28,4.88,1.56,5.47,11.28,10.97,0.48,6.87,0.48,5.98,10.98,0.48,0.7,0.48,3.78,5.76,14.72,0.96,5.24,14.72,3.97,3.67,0.48,0.48,2.98,5.76,12.78,0.48,0.48,2.24,0.7,0.48,4.97,5.74,8.97,1.48,3.92,17.97,2.98,5.97,5.22,4.23,2.84,3.97,1.88,7.98,2.73,4.88,3.48,0.97,4.47,5.97,2.37,3.48,2.48,2.26,3.98,1.77,1.97,3.97,17.97,1.96,3.98,3.98,3.62,4.98,4.97,0.97,1.98,1.88,5.94,4.66,2.24,1.94,1.83,4.23,3.88,2.48,7.94,1.97,0.97,7.97,0.97,8.37,2.97,4.97
2015/09/04,4.64,0.48,0.98,0.7,0.7,11.88,0.7,0.48,7.88,14.72,0.7,6.68,12.98,3.87,11.28,4.88,1.56,5.47,11.28,10.97,0.48,6.87,0.48,5.98,10.98,0.48,0.7,0.48,3.78,5.76,14.72,0.96,5.24,14.72,3.97,3.67,0.48,0.48,2.98,5.76,12.78,0.48,0.48,2.24,0.7,0.48,4.97,5.74,8.97,1.48,3.92,17.97,2.98,5.97,5.22,4.23,2.84,3.97,1.88,7.98,2.73,4.88,3.48,0.97,4.47,5.97,2.37,3.48,2.48,2.26,3.98,1.77,1.97,3.97,17.97,1.96,3.98,3.98,3.62,4.98,4.97,0.97,1.98,1.88,5.94,4.66,2.24,1.94,1.83,4.23,3.88,2.48,7.94,1.97,0.97,7.97,0.97,8.37,2.97,4.97
2015/09/05,4.64,0.48,0.98,0.7,0.7,11.88,0.7,0.48,7.88,14.72,0.7,6.68,12.98,3.87,11.28,4.88,1.56,5.47,11.28,10.97,0.48,6.87,0.48,5.98,10.98,0.48,0.7,0.48,3.78,5.76,14.72,0.96,5.24,14.72,3.97,3.67,0.48,0.48,2.98,5.76,12.78,0.48,0.48,2.24,0.7,0.48,4.97,5.74,8.97,1.48,3.92,17.97,2.98,5.97,5.22,4.23,2.84,3.97,1.88,7.98,2.73,4.88,3.48,0.97,4.47,5.97,2.37,3.48,2.48,2.26,3.98,1.77,1.97,3.97,17.97,1.96,3.98,3.98,3.62,4.98,4.97,0.97,1.98,1.88,5.94,4.66,2.24,1.94,1.83,4.23,3.88,2.48,7.94,1.97,0.97,7.97,0.97,8.37,2.97,4.97
2015/09/06,4.64,0.48,0.98,0.7,0.7,11.88,0.7,0.48,7.88,14.72,0.7,6.68,12.98,3.87,11.28,4.88,1.56,5.47,11.28,10.97,0.48,6.87,0.48,5.98,10.98,0.48,0.7,0.48,3.78,5.76,14.72,0.96,5.24,14.72,3.97,3.67,0.48,0.48,2.98,5.76,12.78,0.48,0.48,2.24,0.7,0.48,4.97,5.74,8.97,1.48,3.92,17.97,2.98,5.97,5.22,4.23,2.84,3.97,1.88,7.98,2.73,4.88,3.48,0.97,4.47,5.97,2.37,3.48,2.48,2.26,3.98,1.77,1.97,3.97,17.97,1.96,3.98,3.98,3.62,4.98,4.97,0.97,1.98,1.88,5.94,4.66,2.24,1.94,1.83,4.23,3.88,2.48,7.94,1.97,0.97,7.97,0.97,8.37,2.97,4.97
2015/09/07,4.64,0.48,0.98,0.7,0.7,11.88,0.7,0.48,7.88,14.72,0.7,6.68,12.98,3.87,11.28,4.88,1.56,5.47,11.28,10.97,0.48,6.87,0.48,5.98,10.98,0.48,0.7,0.48,3.78,5.76,14.72,0.96,5.24,14.72,3.97,3.67,0.48,0.48,2.98,5.76,12.78,0.48,0.48,2.24,0.7,0.48,4.97,5.74,8.97,1.48,3.92,17.97,2.98,5.97,5.22,4.23,2.84,3.97,1.88,7.98,2.73,4.88,3.48,0.97,4.47,5.97,2.37,3.48,2.48,2.26,3.98,1.77,1.97,3.97,17.97,1.96,3.98,3.98,3.62,4.98,4.97,0.97,1.98,1.88,5.94,4.66,2.24,1.94,1.83,4.23,3.88,2.48,7.94,1.97,0.97,7.97,0.97,8.37,2.97,4.97
2015/09/08,4.64,0.48,0.98,0.7,0.7,11.88,0.7,0.48,7.88,14.72,0.7,6.68,12.98,3.87,11.28,4.88,1.56,5.47,11.28,10.97,0.48,6.87,0.48,5.98,10.98,0.48,0.7,0.48,3.78,5.76,14.72,0.96,5.24,14.72,3.97,3.67,0.48,0.48,2.98,5.76,12.78,0.48,0.48,2.24,0.7,0.48,4.97,5.74,8.97,1.48,3.92,17.97,2.98,5.97,5.22,4.23,2.84,3.97,1.88,7.98,2.73,4.88,3.48,0.97,4.47,5.97,2.37,3.48,2.48,2.26,3.98,1.77,1.97,3.97,17.97,1.96,3.98,3.98,3.62,4.98,4.97,0.97,1.98,1.88,5.94,4.66,2.24,1.94,1.83,4.23,3.88,2.48,7.94,1.97,0.97,7.97,0.97,8.37,2.97,4.97
2015/09/09,4.64,0.48,0.98,0.7,0.7,11.88,0.7,0.48,7.88,14.72,0.7,6.68,12.98,3.87,11.28,4.88,1.56,5.47,11.28,10.97,0.48,6.87,0.48,5.98,10.98,0.48,0.7,0.48,3.78,5.76,14.72,0.96,5.24,14.72,3.97,3.67,0.48,0.48,2.98,5.76,12.78,0.48,0.48,2.24,0.7,0.48,4.97,5.74,8.97,1.48,3.92,17.97,2.98,5.97,5.22,4.23,2.84,3.97,1.88,7.98,2.73,4.88,3.48,0.97,4.47,5.97,2.37,3.48,2.48,2.26,3.98,1.77,1.97,3.97,17.97,1.96,3.98,3.98,3.62,4.98,4.97,0.97,1.98,1.88,5.94,4.66,2.24,1.94,1.83,4.23,3.88,2.48,7.94,1.97,0.97,7.97,0.97,8.37,2.97,4.97
2015/09/10,4.64,0.48,0.98,0.7,0.7,11.88,0.7,0.48,7.88,14.72,0.7,6.68,12.98,3.87,11.28,4.88,1.56,5.47,11.28,10.97,0.48,6.87,0.48,5.98,10.98,0.48,0.7,0.48,3.78,5.76,14.72,0.96,5.24,14.72,3.97,3.67,0.48,0.48,2.98,5.76,12.78,0.48,0.48,2.24,0.7,0.48,4.97,5.74,8.97,1.48,3.92,17.97,2.98,5.97,5.22,4.23,2.84,3.97,1.88,7.98,2.73,4.88,3.48,0.97,4.47,5.97,2.37,3.48,2.48,2.26,3.98,1.77,1.97,3.97,17.97,1.96,3.98,3.98,3.62,4.98,4.97,0.97,1.98,1.88,5.94,4.66,2.24,1.94,1.83,4.23,3.88,2.48,7.94,1.97,0.97,7.97,0.97,8.37,2.97,4.97
2015/09/11,4.64,0.48,0.98,0.7,0.7,11.88,0.7,0.48,7.88,14.72,0.7,6.68,12.98,3.87,11.28,4.88,1.56,5.47,11.28,10.97,0.48,6.87,0.48,5.98,10.98,0.48,0.7,0.48,3.78,5.76,14.72,0.96,5.24,14.72,3.97,3.67,0.48,0.48,2.98,5.76,12.78,0.48,0.48,2.24,0.7,0.48,4.97,5.74,8.97,1.48,3.92,17.97,2.98,5.97,5.22,4.23,2.84,3.97,1.88,7.98,2.73,4.88,3.48,0.97,4.47,5.97,2.37,3.48,2.48,2.26,3.98,1.77,1.97,3.97,17.97,1.96,3.98,3.98,3.62,4.98,4.97,0.97,1.98,1.88,5.94,4.66,2.24,1.94,1.83,4.23,3.88,2.48,7.94,1.97,0.97,7.97,0.97,8.37,2.97,4.97
2015/09/12,4.64,0.48,0.98,0.7,0.7,11.88,0.7,0.48,7.88,14.72,0.7,6.68,12.98,3.87,11.28,4.88,1.56,5.47,11.28,10.97,0.48,6.87,0.48,5.98,10.98,0.48,0.7,0.48,3.78,5.76,14.72,0.96,5.24,14.72,3.97,3.67,0.48,0.48,2.98,5.76,12.78,0.48,0.48,2.24,0.7,0.48,4.97,5.74,8.97,1.48,3.92,17.97,2.98,5.97,5.22,4.23,2.84,3.97,1.0,7.98,2.73,4.88,3.48,0.97,4.47,5.97,2.37,3.48,2.48,2.26,3.98,1.77,1.97,3.97,17.97,1.96,3.98,3.98,3.62,4.98,4.97,0.97,1.98,1.88,5.94,4.66,2.24,1.94,1.83,4.23,3.88,2.48,7.94,1.97,0.97,7.97,0.97,8.37,2.97,4.97
2015/09/13,4.64,0.48,0.98,0.7,0.7,11.88,0.7,0.48,7.88,14.72,0.7,6.68,12.98,3.87,11.28,4.88,1.56,5.47,11.28,10.97,0.48,6.87,0.48,5.98,10.98,0.48,0.7,0.48,3.78,5.76,14.72,0.96,5.24,14.72,3.97,3.67,0.48,0.48,2.98,5.76,12.78,0.48,0.48,2.24,0.7,0.48,4.97,5.74,8.97,1.48,3.92,17.97,2.98,5.97,5.22,4.23,2.84,3.97,1.0,7.98,2.73,4.88,3.48,0.97,4.47,5.97,2.37,3.48,2.48,2.26,3.98,1.77,1.97,3.97,17.97,1.96,3.98,3.98,3.62,4.98,4.97,0.97,1.98,1.88,5.94,4.66,2.24,1.94,1.83,4.23,3.88,2.48,7.94,1.97,0.97,7.97,0.97,8.37,2.97,4.97
2015/09/14,4.64,0.48,0.98,0.7,0.7,11.88,0.7,0.48,7.88,14.72,0.7,6.68,12.98,3.87,11.28,4.88,1.56,5.47,11.28,10.97,0.48,6.87,0.48,5.98,10.98,0.48,0.7,0.48,3.78,5.76,14.72,0.96,5.24,14.72,3.97,3.67,0.48,0.48,2.98,5.76,12.78,0.48,0.48,2.24,0.7,0.48,4.97,5.74,8.97,1.48,3.92,17.97,2.98,5.97,5.22,4.23,2.84,3.97,1.0,7.98,2.73,4.88,3.48,0.97,4.47,5.97,2.37,3.48,2.48,2.26,3.98,1.77,1.97,3.97,17.97,1.96,3.98,3.98,3.62,4.98,4.97,0.97,1.98,1.88,5.94,4.66,2.24,1.94,1.83,4.23,3.88,2.48,7.94,1.97,0.97,7.97,0.97,8.37,2.97,4.97
2015/09/15,4.64,0.48,0.98,0.7,0.7,11.88,0.7,0.48,7.88,14.72,0.7,6.68,12.98,3.87,11.28,4.88,1.56,5.47,11.28,10.97,0.48,6.87,0.48,5.98,10.98,0.48,0.7,0.48,3.78,5.76,14.72,0.96,5.24,14.72,3.97,3.67,0.48,0.48,2.98,5.76,12.78,0.48,0.48,2.24,0.7,0.48,4.97,5.74,8.97,1.48,3.92,17.97,2.98,5.97,5.22,4.23,2.84,3.97,1.0,7.98,2.73,4.88,3.48,0.97,4.47,5.97,2.37,3.48,2.48,2.26,3.98,1.77,1.97,3.97,17.97,1.96,3.98,3.98,3.62,4.98,4.97,0.97,1.98,1.88,5.94,4.66,2.24,1.94,1.83,4.23,3.88,2.48,7.94,1.97,0.97,7.97,0.97,8.37,2.97,4.97
2015/09/16,4.64,0.48,0.98,0.7,0.7,11.88,0.7,0.48,7.88,14.72,0.7,6.68,12.98,3.87,11.28,4.88,1.56,5.47,11.28,10.97,0.48,6.87,0.48,5.98,10.98,0.48,0.7,0.48,3.78,5.76,14.72,0.96,5.24,14.72,3.97,3.67,0.48,0.48,2.98,5.76,12.78,0.48,0.48,2.24,0.7,0.48,4.97,5.74,8.97,1.48,3.92,17.97,2.98,5.97,5.22,4.23,2.84,3.97,1.0,7.98,2.73,4.88,3.48,0.97,4.47,5.97,2.37,3.48,2.48,2.26,3.98,1.77,1.97,3.97,17.97,1.96,3.98,3.98,3.62,4.98,4.97,0.97,1.98,1.88,5.94,4.66,2.24,1.94,1.83,4.23,3.88,2.48,7.94,1.97,0.97,7.97,0.97,8.37,2.97,4.97
2015/09/17,4.64,0.48,0.98,0.7,0.7,11.88,0.7,0.48,7.88,14.72,0.7,6.68,12.98,3.87,11.28,4.88,1.56,5.47,11.28,10.97,0.48,6.87,0.48,5.98,10.98,0.48,0.7,0.48,3.78,5.76,14.72,0.96,5.24,14.72,3.97,3.67,0.48,0.48,2.98,5.76,12.78,0.48,0.48,2.24,0.7,0.48,4.97,5.74,8.97,1.48,3.92,17.97,2.98,5.97,5.22,4.23,2.84,3.97,1.0,7.98,2.73,4.88,3.48,0.97,4.47,5.97,2.37,3.48,2.48,2.26,3.98,1.77,1.97,3.97,17.97,1.96,3.98,3.98,3.62,4.98,4.97,0.97,1.98,1.88,5.94,4.66,2.24,1.94,1.83,4.23,3.88,2.48,7.94,1.97,0.97,7.97,0.97,8.37,2.97,4.97
2015/09/18,4.64,0.48,0.98,0.7,0.7,11.88,0.7,0.48,7.88,14.72,0.7,6.68,12.98,3.87,11.28,4.88,1.56,5.47,11.28,10.97,0.48,6.87,0.48,5.98,10.98,0.48,0.7,0.48,3.78,5.76,14.72,0.96,5.24,14.72,3.97,3.67,0.48,0.48,2.98,5.76,12.78,0.48,0.48,2.24,0.7,0.48,4.97,5.74,8.97,1.48,3.92,17.97,2.98,5.97,5.22,4.23,2.84,3.97,1.0,7.98,2.73,4.88,3.48,0.97,4.47,5.97,2.37,3.48,2.48,2.26,3.98,1.77,1.97,3.97,17.97,1.96,3.98,3.98,3.62,4.98,4.97,0.97,1.98,1.88,5.94,4.66,2.24,1.94,1.83,4.23,3.88,2.48,7.94,1.97,0.97,7.97,0.97,8.37,2.97,4.97
2015/09/19,4.64,0.48,0.98,0.7,0.7,11.88,0.7,0.48,7.88,14.72,0.7,6.68,12.98,3.87,11.28,4.88,1.56,5.47,11.28,10.97,0.48,6.87,0.48,5.98,10.98,0.48,0.7,0.48,3.78,5.76,14.72,0.96,5.24,14.72,3.97,3.67,0.48,0.48,2.98,5.76,12.78,0.48,0.48,2.24,0.7,0.48,4.97,5.74,8.97,1.48,3.92,17.97,2.98,5.97,5.22,4.23,2.84,3.97,1.88,7.98,2.73,4.88,3.48,0.97,4.47,5.97,2.37,3.48,2.48,2.26,3.98,1.77,1.97,3.97,17.97,1.96,3.98,3.98,3.62,4.98,4.97,0.97,1.98,1.88,5.94,4.66,2.24,1.94,1.83,4.23,3.88,2.48,7.94,1.97,0.97,7.97,0.97,8.37,2.97,4.97
2015/09/20,4.64,0.48,0.98,0.7,0.7,11.88,0.7,0.48,7.88,14.72,0.7,6.68,12.98,3.87,11.28,4.88,1.56,5.47,11.28,10.97,0.48,6.87,0.48,5.98,10.98,0.48,0.7,0.48,3.78,5.76,14.72,0.96,5.24,14.72,3.97,3.67,0.48,0.48,2.98,5.76,12.78,0.48,0.48,2.24,0.7,0.48,4.97,5.74,8.97,1.48,3.92,17.97,2.98,5.97,5.22,4.23,2.84,3.97,1.88,7.98,2.73,4.88,3.48,0.97,4.47,5.97,2.37,3.48,2.48,2.26,3.98,1.77,1.97,3.97,17.97,1.96,3.98,3.98,3.62,4.98,4.97,0.97,1.98,1.88,5.94,4.66,2.24,1.94,1.83,4.23,3.88,2.48,7.94,1.97,0.97,7.97,0.97,8.37,2.97,4.97
2015/09/21,4.64,0.48,0.98,0.7,0.7,11.88,0.7,0.48,7.88,14.72,0.7,6.68,12.98,3.87,11.28,4.88,1.56,5.47,11.28,10.97,0.48,6.87,0.48,5.98,10.98,0.48,0.7,0.48,3.78,5.76,14.72,0.96,5.24,14.72,3.97,3.67,0.48,0.48,2.98,5.76,12.78,0.48,0.48,2.24,0.7,0.48,4.97,5.74,8.97,1.48,3.92,17.97,2.98,5.97,5.22,4.23,2.84,3.97,1.88,7.98,2.73,4.88,3.48,0.97,4.47,5.97,2.37,3.48,2.48,2.26,3.98,1.77,1.97,3.97,17.97,1.96,3.98,3.98,3.62,4.98,4.97,0.97,1.98,1.88,5.94,4.66,2.24,1.94,1.83,4.23,3.88,2.48,7.94,1.97,0.97,7.97,0.97,8.37,2.97,4.97
2015/09/22,4.64,0.48,0.98,0.7,0.7,11.88,0.7,0.48,7.88,14.72,0.7,6.68,12.98,3.87,11.28,4.88,1.56,5.47,11.28,10.97,0.48,6.87,0.48,5.98,10.98,0.48,0.7,0.48,3.78,5.76,14.72,0.96,5.24,14.72,3.97,3.67,0.48,0.48,2.98,5.76,12.78,0.48,0.48,2.24,0.7,0.48,4.97,5.74,8.97,1.48,3.92,17.97,2.98,5.97,5.22,4.23,2.84,3.97,1.88,7.98,2.73,4.88,3.48,0.97,4.47,5.97,2.37,3.48,2.48,2.26,3.98,1.77,1.97,3.97,17.97,1.96,3.98,3.98,3.62,4.98,4.97,0.97,1.98,1.88,5.94,4.66,2.24,1.94,1.83,4.23,3.88,2.48,7.94,1.97,0.97,7.97,0.97,8.37,2.97,4.97
2015/09/23,4.64,0.48,0.98,0.7,0.7,11.88,0.7,0.48,7.88,14.72,0.7,6.68,12.98,3.87,11.28,4.88,1.56,5.47,11.28,10.97,0.48,6.87,0.48,5.98,10.98,0.48,0.7,0.48,3.78,5.76,14.72,0.96,5.24,14.72,3.97,3.67,0.48,0.48,2.98,5.76,12.78,0.48,0.48,2.24,0.7,0.48,4.97,5.74,8.97,1.48,3.92,17.97,2.98,5.97,5.22,4.23,2.84,3.97,1.88,7.98,2.73,4.88,3.48,0.97,4.47,5.97,2.37,3.48,2.48,2.26,3.98,1.77,1.97,3.97,17.97,1.96,3.98,3.98,3.62,4.98,4.97,0.97,1.98,1.88,5.94,4.66,2.24,1.94,1.83,4.23,3.88,2.48,7.94,1.97,0.97,7.97,0.97,8.37,2.97,4.97
2015/09/24,4.64,0.48,0.98,0.7,0.7,11.88,0.7,0.48,7.88,14.72,0.7,6.68,12.98,3.87,11.28,4.88,1.56,5.47,11.28,10.97,0.48,6.87,0.48,5.98,10.98,0.48,0.7,0.48,3.78,5.76,14.72,0.96,5.24,14.72,3.97,3.67,0.48,0.48,2.98,5.76,12.78,0.48,0.48,2.24,0.7,0.48,4.97,5.74,8.97,1.48,3.92,17.97,2.98,5.97,5.22,4.23,2.84,3.97,1.88,7.98,2.73,4.88,3.48,0.97,4.47,5.97,2.37,3.48,2.48,2.26,3.98,1.77,1.97,3.97,17.97,1.96,3.98,3.98,3.62,4.98,4.97,0.97,1.98,1.88,5.94,4.66,2.24,1.94,1.83,4.23,3.88,2.48,7.94,1.97,0.97,7.97,0.97,8.37,2.97,4.97
2015/09/25,4.64,0.48,0.98,0.7,0.7,11.88,0.7,0.48,7.88,14.72,0.7,6.68,12.98,3.87,11.28,4.88,1.56,5.47,11.28,10.97,0.48,6.87,0.48,5.98,10.98,0.48,0.7,0.48,3.78,5.76,14.72,0.96,5.24,14.72,3.97,3.67,0.48,0.48,2.98,5.76,12.78,0.48,0.48,2.24,0.7,0.48,4.97,5.74,8.97,1.48,3.92,17.97,2.98,5.97,5.22,4.23,2.84,3.97,1.88,7.98,2.73,4.88,3.48,0.97,4.47,5.97,2.37,3.48,2.48,2.26,3.98,1.77,1.97,3.97,17.97,1.96,3.98,3.98,3.62,4.98,4.97,0.97,1.98,1.88,5.94,4.66,2.24,1.94,1.83,4.23,3.88,2.48,7.94,1.97,0.97,7.97,0.97,8.37,2.97,4.97
2015/09/26,4.64,0.48,1.16,0.7,0.7,11.88,0.7,0.48,7.88,14.72,0.7,6.68,12.98,3.87,11.28,4.88,1.56,5.47,11.28,10.97,0.48,6.87,0.48,5.98,10.98,0.48,0.7,0.48,3.78,5.76,14.72,0.96,5.24,14.72,3.97,3.67,0.48,0.48,2.98,5.76,12.78,0.48,0.48,2.24,0.7,0.48,4.97,5.74,8.97,1.48,3.92,17.97,2.98,5.97,5.22,4.23,2.84,3.97,1.88,7.98,2.73,4.88,3.48,0.97,4.47,5.97,2.37,3.48,2.48,2.26,3.98,1.77,1.97,3.97,17.97,1.96,3.98,3.98,3.62,4.98,4.97,0.97,1.98,1.88,5.94,4.66,2.24,1.94,1.83,4.23,3.88,2.48,7.94,1.97,0.97,7.97,0.97,8.37,2.97,4.97
2015/09/27,4.64,0.48,1.16,0.7,0.7,11.88,0.7,0.48,7.88,14.72,0.7,6.68,12.98,3.87,11.28,4.88,1.56,5.47,11.28,10.97,0.48,6.87,0.48,5.98,10.98,0.48,0.7,0.48,3.78,5.76,14.72,0.96,5.24,14.72,3.97,3.67,0.48,0.48,2.98,5.76,12.78,0.48,0.48,2.24,0.7,0.48,4.97,5.74,8.97,1.48,3.92,17.97,2.98,5.97,5.22,4.23,2.84,3.97,1.88,7.98,2.73,4.88,3.48,0.97,4.47,5.97,2.37,3.48,2.48,2.26,3.98,1.77,1.97,3.97,17.97,1.96,3.98,3.98,3.62,4.98,4.97,0.97,1.98,1.88,5.94,4.66,2.24,1.94,1.83,4.23,3.88,2.48,7.94,1.97,0.97,7.97,0.97,8.37,2.97,4.97
2015/09/28,4.64,0.48,1.16,0.7,0.7,11.88,0.7,0.48,7.88,14.72,0.7,6.68,12.98,3.87,11.28,4.88,1.56,5.47,11.28,10.97,0.48,6.87,0.48,5.98,10.98,0.48,0.7,0.48,3.78,5.76,14.72,0.96,5.24,14.72,3.97,3.67,0.48,0.48,2.98,5.76,12.78,0.48,0.48,2.24,0.7,0.48,4.97,5.74,8.97,1.48,3.92,17.97,2.98,5.97,5.22,4.23,2.84,3.97,1.88,7.98,2.73,4.88,3.48,0.97,4.47,5.97,2.37,3.48,2.48,2.26,3.98,1.77,1.97,3.97,17.97,1.96,3.98,3.98,3.62,4.98,4.97,0.97,1.98,1.88,5.94,4.66,2.24,1.94,1.83,4.23,3.88,2.48,7.94,1.97,0.97,7.97,0.97,8.37,2.97,4.97
2015/09/29,4.64,0.48,1.16,0.7,0.7,11.88,0.7,0.48,7.88,14.72,0.7,6.68,12.98,3.87,11.28,4.88,1.56,5.47,11.28,10.97,0.48,6.87,0.48,5.98,10.98,0.48,0.7,0.48,3.78,5.76,14.72,0.96,5.24,14.72,3.97,3.67,0.48,0.48,2.98,5.76,12.78,0.48,0.48,2.24,0.7,0.48,4.97,5.74,8.97,1.48,3.92,17.97,2.98,5.97,5.22,4.23,2.84,3.97,1.88,7.98,2.73,4.88,3.48,0.97,4.47,5.97,2.37,3.48,2.48,2.26,3.98,1.77,1.97,3.97,17.97,1.96,3.98,3.98,3.62,4.98,4.97,0.97,1.98,1.88,5.94,4.66,2.24,1.94,1.83,4.23,3.88,2.48,7.94,1.97,0.97,7.97,0.97,8.37,2.97,4.97
2015/09/30,4.64,0.48,1.16,0.7,0.7,11.88,0.7,0.48,7.88,14.72,0.7,6.68,12.98,3.87,11.28,4.88,1.56,5.47,11.28,10.97,0.48,6.87,0.48,5.98,10.98,0.48,0.7,0.48,3.78,5.76,14.72,0.96,5.24,14.72,3.97,3.67,0.48,0.48,2.98,5.76,12.78,0.48,0.48,2.24,0.7,0.48,4.97,5.74,8.97,1.48,3.92,17.97,2.98,5.97,5.22,4.23,2.84,3.97,1.88,7.98,2.73,4.88,3.48,0.97,4.47,5.97,2.37,3.48,2.48,2.26,3.98,1.77,1.97,3.97,17.97,1.96,3.98,3.98,3.62,4.98,4.97,0.97,1.98,1.88,5.94,4.66,2.24,1.94,1.83,4.23,3.88,2.48,7.94,1.97,0.97,7.97,0.97,8.37,2.97,4.97
2015/10/01,4.64,0.48,1.16,0.7,0.7,11.88,0.7,0.48,7.88,14.72,0.7,6.68,12.98,3.87,11.28,4.88,1.56,5.47,11.28,10.97,0.48,6.87,0.48,5.98,10.98,0.48,0.7,0.48,3.78,5.76,14.72,0.96,5.24,14.72,3.97,3.67,0.48,0.48,2.98,5.76,12.78,0.48,0.48,2.24,0.7,0.48,4.97,5.74,8.97,1.48,3.92,17.97,2.98,5.97,5.22,4.23,2.84,3.97,1.88,7.98,2.73,4.88,3.48,0.97,4.47,5.97,2.37,3.48,2.48,2.26,3.98,1.77,1.97,3.97,17.97,1.96,3.98,3.98,3.62,4.98,4.97,0.97,1.98,1.88,5.94,4.66,2.24,1.94,1.83,4.23,3.88,2.48,7.94,1.97,0.97,7.97,0.97,8.37,2.97,4.97
2015/10/02,4.64,0.48,1.16,0.7,0.7,11.88,0.7,0.48,7.88,14.72,0.7,6.68,12.98,3.87,11.28,4.88,1.56,5.47,11.28,10.97,0.48,6.87,0.48,5.98,10.98,0.48,0.7,0.48,3.78,5.76,14.72,0.96,5.24,14.72,3.97,3.67,0.48,0.48,2.98,5.76,12.78,0.48,0.48,2.24,0.7,0.48,4.97,5.74,8.97,1.48,3.92,17.97,2.98,5.97,5.22,4.23,2.84,3.97,1.88,7.98,2.73,4.88,3.48,0.97,4.47,5.97,2.37,3.48,2.48,2.26,3.98,1.77,1.97,3.97,17.97,1.96,3.98,3.98,3.62,4.98,4.97,0.97,1.98,1.88,5.94,4.66,2.24,1.94,1.83,4.23,3.88,2.48,7.94,1.97,0.97,7.97,0.97,8.37,2.97,4.97
2015/10/03,4.64,0.48,1.16,0.7,0.7,11.88,0.7,0.48,7.88,14.72,0.7,6.68,12.98,3.87,11.28,4.88,1.56,5.47,11.28,10.97,0.48,6.87,0.48,5.98,10.98,0.48,0.7,0.48,3.78,5.76,14.72,0.96,5.24,14.72,3.97,3.67,0.48,0.48,2.98,5.76,12.78,0.48,0.48,2.24,0.7,0.48,4.97,5.74,8.97,1.48,3.92,17.97,2.98,5.97,5.22,4.23,2.84,3.97,1.88,7.98,2.73,4.88,3.48,0.97,4.47,5.97,2.37,3.48,2.48,2.26,3.98,1.77,1.97,3.97,17.97,1.96,3.98,3.98,3.62,4.98,4.97,0.97,1.98,1.88,5.94,4.66,2.24,1.94,1.83,4.23,3.88,2.48,7.94,1.97,0.97,7.97,0.97,8.37,2.97,4.97
2015/10/04,4.64,0.48,1.16,0.7,0.7,11.88,0.7,0.48,7.88,14.72,0.7,6.68,12.98,3.87,11.28,4.88,1.56,5.47,11.28,10.97,0.48,6.87,0.48,5.98,10.98,0.48,0.7,0.48,3.78,5.76,14.72,0.96,5.24,14.72,3.97,3.67,0.48,0.48,2.98,5.76,12.78,0.48,0.48,2.24,0.7,0.48,4.97,5.74,8.97,1.48,3.92,17.97,2.98,5.97,5.22,4.23,2.84,3.97,1.88,7.98,2.73,4.88,3.48,0.97,4.47,5.97,2.37,3.48,2.48,2.26,3.98,1.77,1.97,3.97,17.97,1.96,3.98,3.98,3.62,4.98,4.97,0.97,1.98,1.88,5.94,4.66,2.24,1.94,1.83,4.23,3.88,2.48,7.94,1.97,0.97,7.97,0.97,8.37,2.97,4.97
2015/10/05,4.64,0.48,1.16,0.7,0.7,11.88,0.7,0.48,7.88,14.72,0.7,6.68,12.98,3.87,11.28,4.88,1.56,5.47,11.28,10.97,0.48,6.87,0.48,5.98,10.98,0.48,0.7,0.48,3.78,5.76,14.72,0.96,5.24,14.72,3.97,3.67,0.48,0.48,2.98,5.76,12.78,0.48,0.48,2.24,0.7,0.48,4.97,5.74,8.97,1.48,3.92,17.97,2.98,5.97,5.22,4.23,2.84,3.97,1.88,7.98,2.73,4.88,3.48,0.97,4.47,5.97,2.37,3.48,2.48,2.26,3.98,1.77,1.97,3.97,17.97,1.96,3.98,3.98,3.62,4.98,4.97,0.97,1.98,1.88,5.94,4.66,2.24,1.94,1.83,4.23,3.88,2.48,7.94,1.97,0.97,7.97,0.97,8.37,2.97,4.97
2015/10/06,4.64,0.48,1.16,0.7,0.7,11.88,0.7,0.48,7.88,14.72,0.7,6.68,12.98,3.87,11.28,4.88,1.56,5.47,11.28,10.97,0.48,6.87,0.48,5.98,10.98,0.48,0.7,0.48,3.78,5.76,14.72,0.96,5.24,14.72,3.97,3.67,0.48,0.48,2.98,5.76,12.78,0.48,0.48,2.24,0.7,0.48,4.97,5.74,8.97,1.48,3.92,17.97,2.98,5.97,5.22,4.23,2.84,3.97,1.88,7.98,2.73,4.88,3.48,0.97,4.47,5.97,2.37,3.48,2.48,2.26,3.98,1.77,1.97,3.97,17.97,1.96,3.98,3.98,3.62,4.98,4.97,0.97,1.98,1.88,5.94,4.66,2.24,1.94,1.83,4.23,3.88,2.48,7.94,1.97,0.97,7.97,0.97,8.37,2.97,4.97
2015/10/07,4.64,0.48,1.16,0.7,0.7,11.88,0.7,0.48,7.88,14.72,0.7,6.68,12.98,3.87,11.28,4.88,1.56,5.47,11.28,10.97,0.48,6.87,0.48,5.98,10.98,0.48,0.7,0.48,3.78,5.76,14.72,0.96,5.24,14.72,3.97,3.67,0.48,0.48,2.98,5.76,12.78,0.48,0.48,2.24,0.7,0.48,4.97,5.74,8.97,1.48,3.92,17.97,2.98,5.97,5.22,4.23,2.84,3.97,1.88,7.98,2.73,4.88,3.48,0.97,4.47,5.97,2.37,3.48,2.48,2.26,3.98,1.77,1.97,3.97,17.97,1.96,3.98,3.98,3.62,4.98,4.97,0.97,1.98,1.88,5.94,4.66,2.24,1.94,1.83,4.23,3.88,2.48,7.94,1.97,0.97,7.97,0.97,8.37,2.97,4.97
2015/10/08,4.64,0.48,1.16,0.7,0.7,11.88,0.7,0.48,7.88,14.72,0.7,6.68,12.98,3.87,11.28,4.88,1.56,5.47,11.28,10.97,0.48,6.87,0.48,5.98,10.98,0.48,0.7,0.48,3.78,5.76,14.72,0.96,5.24,14.72,3.97,3.67,0.48,0.48,2.98,5.76,12.78,0.48,0.48,2.24,0.7,0.48,4.97,5.74,8.97,1.48,3.92,17.97,2.98,5.97,5.22,4.23,2.84,3.97,1.88,7.98,2.73,4.88,3.48,0.97,4.47,5.97,2.37,3.48,2.48,2.26,3.98,1.77,1.97,3.97,17.97,1.96,3.98,3.98,3.62,4.98,4.97,0.97,1.98,1.88,5.94,4.66,2.24,1.94,1.83,4.23,3.88,2.48,7.94,1.97,0.97,7.97,0.97,8.37,2.97,4.97
2015/10/09,4.64,0.48,1.16,0.7,0.7,11.88,0.7,0.48,7.88,14.72,0.7,6.68,12.98,3.87,11.28,4.88,1.56,5.47,11.28,10.97,0.48,6.87,0.48,5.98,10.98,0.48,0.7,0.48,3.78,5.76,14.72,0.96,5.24,14.72,3.97,3.67,0.48,0.48,2.98,5.76,12.78,0.48,0.48,2.24,0.7,0.48,4.97,5.74,8.97,1.48,3.92,17.97,2.98,5.97,5.22,4.23,2.84,3.97,1.88,7.98,2.73,4.88,3.48,0.97,4.47,5.97,2.37,3.48,2.48,2.26,3.98,1.77,1.97,3.97,17.97,1.96,3.98,3.98,3.62,4.98,4.97,0.97,1.98,1.88,5.94,4.66,2.24,1.94,1.83,4.23,3.88,2.48,7.94,1.97,0.97,7.97,0.97,8.37,2.97,4.97
2015/10/10,4.64,0.48,1.16,0.7,0.7,11.88,0.7,0.48,7.88,14.72,0.7,6.68,12.98,3.87,11.28,4.88,1.56,5.47,11.28,10.97,0.48,6.87,0.48,5.98,10.98,0.48,0.7,0.48,3.78,5.76,14.72,0.96,5.24,14.72,3.97,3.67,0.48,0.48,2.98,5.76,12.78,0.48,0.48,2.24,0.7,0.48,4.97,5.74,8.97,1.48,3.92,17.97,2.98,5.97,5.22,4.23,2.84,3.97,1.88,7.98,2.73,4.88,3.48,0.97,4.47,5.97,2.37,3.48,2.48,2.26,3.98,1.77,1.97,3.97,17.97,1.96,3.98,3.98,3.62,4.98,4.97,0.97,1.98,1.88,5.94,4.66,2.24,1.94,1.83,4.23,3.88,2.48,7.94,1.97,0.97,7.97,0.97,8.37,2.97,4.97
2015/10/11,4.64,0.48,1.16,0.7,0.7,11.88,0.7,0.48,7.88,14.72,0.7,6.68,12.98,3.87,11.28,4.88,1.56,5.47,11.28,10.97,0.48,6.87,0.48,5.98,10.98,0.48,0.7,0.48,3.78,5.76,14.72,0.96,5.24,14.72,3.97,3.67,0.48,0.48,2.98,5.76,12.78,0.48,0.48,2.24,0.7,0.48,4.97,5.74,8.97,1.48,3.92,17.97,2.98,5.97,5.22,4.23,2.84,3.97,1.88,7.98,2.73,4.88,3.48,0.97,4.47,5.97,2.37,3.48,2.48,2.26,3.98,1.77,1.97,3.97,17.97,1.96,3.98,3.98,3.62,4.98,4.97,0.97,1.98,1.88,5.94,4.66,2.24,1.94,1.83,4.23,3.88,2.48,7.94,1.97,0.97,7.97,0.97,8.37,2.97,4.97
2015/10/12,4.64,0.48,1.16,0.7,0.7,11.88,0.7,0.48,7.88,14.72,0.7,6.68,12.98,3.87,11.28,4.88,1.56,5.47,11.28,10.97,0.48,6.87,0.48,5.98,10.98,0.48,0.7,0.48,3.78,5.76,14.72,0.96,5.24,14.72,3.97,3.67,0.48,0.48,2.98,5.76,12.78,0.48,0.48,2.24,0.7,0.48,4.97,5.74,8.97,1.48,3.92,17.97,2.98,5.97,5.22,4.23,2.84,3.97,1.88,7.98,2.73,4.88,3.48,0.97,4.47,5.97,2.37,3.48,2.48,2.26,3.98,1.77,1.97,3.97,17.97,1.96,3.98,3.98,3.62,4.98,4.97,0.97,1.98,1.88,5.94,4.66,2.24,1.94,1.83,4.23,3.88,2.48,7.94,1.97,0.97,7.97,0.97,8.37,2.97,4.97
2015/10/13,4.64,0.48,1.16,0.7,0.7,11.88,0.7,0.48,7.88,14.72,0.7,6.68,12.98,3.87,11.28,4.88,1.56,5.47,11.28,10.97,0.48,6.87,0.48,5.98,10.98,0.48,0.7,0.48,3.78,5.76,14.72,0.96,5.24,14.72,3.97,3.67,0.48,0.48,2.98,5.76,12.78,0.48,0.48,2.24,0.7,0.48,4.97,5.74,8.97,1.48,3.92,17.97,2.98,5.97,5.22,4.23,2.84,3.97,1.88,7.98,2.73,4.88,3.48,0.97,4.47,5.97,2.37,3.48,2.48,2.26,3.98,1.77,1.97,3.97,17.97,1.96,3.98,3.98,3.62,4.98,4.97,0.97,1.98,1.88,5.94,4.66,2.24,1.94,1.83,4.23,3.88,2.48,7.94,1.97,0.97,7.97,0.97,8.37,2.97,4.97
2015/10/14,4.64,0.48,1.16,0.7,0.7,11.88,0.7,0.48,7.88,14.72,0.7,6.68,12.98,3.87,11.28,4.88,1.56,5.47,11.28,10.97,0.48,6.87,0.48,5.98,10.98,0.48,0.7,0.48,3.78,5.76,14.72,0.96,5.24,14.72,3.97,3.67,0.48,0.48,2.98,5.76,12.78,0.48,0.48,2.24,0.7,0.48,4.97,5.74,8.97,1.48,3.92,17.97,2.98,5.97,5.22,4.23,2.84,3.97,1.88,7.98,2.73,4.88,3.48,0.97,4.47,5.97,2.37,3.48,2.48,2.26,3.98,1.77,1.97,3.97,17.97,1.96,3.98,3.98,3.62,4.98,4.97,0.97,1.98,1.88,5.94,4.66,2.24,1.94,1.83,4.23,3.88,2.48,7.94,1.97,0.97,7.97,0.97,8.37,2.97,4.97
2015/10/15,4.64,0.48,1.16,0.7,0.7,11.88,0.7,0.48,7.88,14.72,0.7,6.68,12.98,3.87,11.28,4.88,1.56,5.47,11.28,10.97,0.48,6.87,0.48,5.98,10.98,0.48,0.7,0.48,3.78,5.76,14.72,0.96,5.24,14.72,3.97,3.67,0.48,0.48,2.98,5.76,12.78,0.48,0.48,2.24,0.7,0.48,4.97,5.74,8.97,1.48,3.92,17.97,2.98,5.97,5.22,4.23,2.84,3.97,1.88,7.98,2.73,4.88,3.48,0.97,4.47,5.97,2.37,3.48,2.48,2.26,3.98,1.77,1.97,3.97,17.97,1.96,3.98,3.98,3.62,4.98,4.97,0.97,1.98,1.88,5.94,4.66,2.24,1.94,1.83,4.23,3.88,2.48,7.94,1.97,0.97,7.97,0.97,8.37,2.97,4.97
2015/10/16,4.64,0.48,1.16,0.7,0.7,11.88,0.7,0.48,7.88,14.72,0.7,6.68,12.98,3.87,11.28,4.88,1.56,5.47,11.28,10.97,0.48,6.87,0.48,5.98,10.98,0.48,0.7,0.48,3.78,5.76,14.72,0.96,5.24,14.72,3.97,3.67,0.48,0.48,2.98,5.76,12.78,0.48,0.48,2.24,0.7,0.48,4.97,5.74,8.97,1.48,3.92,17.97,2.98,5.97,5.22,4.23,2.84,3.97,1.88,7.98,2.73,4.88,3.48,0.97,4.47,5.97,2.37,3.48,2.48,2.26,3.98,1.77,1.97,3.97,17.97,1.96,3.98,3.98,3.62,4.98,4.97,0.97,1.98,1.88,5.94,4.66,2.24,1.94,1.83,4.23,3.88,2.48,7.94,1.97,0.97,7.97,0.97,8.37,2.97,4.97
2015/10/17,4.64,0.48,1.16,0.7,0.7,11.88,0.7,0.48,7.88,14.72,0.7,6.68,12.98,3.87,11.28,4.88,1.56,5.47,11.28,10.97,0.48,6.87,0.48,5.98,10.98,0.48,0.7,0.48,3.78,5.76,14.72,0.96,5.24,14.72,3.97,3.67,0.48,0.48,2.98,5.76,12.78,0.48,0.48,2.24,0.7,0.48,4.97,5.74,8.97,1.48,3.92,17.97,2.98,5.97,5.22,4.23,2.84,3.97,1.88,7.98,2.73,4.88,3.48,0.97,4.47,5.97,2.37,3.48,2.48,2.26,3.98,1.77,1.97,3.97,17.97,1.96,3.98,3.98,3.62,4.98,4.97,0.97,1.98,1.88,5.94,4.66,2.24,1.94,1.83,4.23,3.88,2.48,7.94,1.97,0.97,7.97,0.97,8.37,2.97,4.97
2015/10/18,4.64,0.48,1.16,0.7,0.7,11.88,0.7,0.48,7.88,14.72,0.7,6.68,12.98,3.87,11.28,4.88,1.56,5.47,11.28,10.97,0.48,6.87,0.48,5.98,10.98,0.48,0.7,0.48,3.78,5.76,14.72,0.96,5.24,14.72,3.97,3.67,0.48,0.48,2.98,5.76,12.78,0.48,0.48,2.24,0.7,0.48,4.97,5.74,8.97,1.48,3.92,17.97,2.98,5.97,5.22,4.23,2.84,3.97,1.88,7.98,2.73,4.88,3.48,0.97,4.47,5.97,2.37,3.48,2.48,2.26,3.98,1.77,1.97,3.97,17.97,1.96,3.98,3.98,3.62,4.98,4.97,0.97,1.98,1.88,5.94,4.66,2.24,1.94,1.83,4.23,3.88,2.48,7.94,1.97,0.97,7.97,0.97,8.37,2.97,4.97
2015/10/19,4.64,0.48,1.16,0.7,0.7,11.88,0.7,0.48,7.88,14.72,0.7,6.68,12.98,3.87,11.28,4.88,1.56,5.47,11.28,10.97,0.48,6.87,0.48,5.98,10.98,0.48,0.7,0.48,3.78,5.76,14.72,0.96,5.24,14.72,3.97,3.67,0.48,0.48,2.98,5.76,12.78,0.48,0.48,2.24,0.7,0.48,4.97,5.74,8.97,1.48,3.92,17.97,2.98,5.97,5.22,4.23,2.84,3.97,1.88,7.98,2.73,4.88,3.48,0.97,4.47,5.97,2.37,3.48,2.48,2.26,3.98,1.77,1.97,3.97,17.97,1.96,3.98,3.98,3.62,4.98,4.97,0.97,1.98,1.88,5.94,4.66,2.24,1.94,1.83,4.23,3.88,2.48,7.94,1.97,0.97,7.97,0.97,8.37,2.97,4.97
2015/10/20,4.64,0.48,1.16,0.7,0.7,11.88,0.7,0.48,7.88,14.72,0.7,6.68,12.98,3.87,11.28,4.88,1.56,5.47,11.28,10.97,0.48,6.87,0.48,5.98,10.98,0.48,0.7,0.48,3.78,5.76,14.72,0.96,5.24,14.72,3.97,3.67,0.48,0.48,2.98,5.76,12.78,0.48,0.48,2.24,0.7,0.48,4.97,5.74,8.97,1.48,3.92,17.97,2.98,5.97,5.22,4.23,2.84,3.97,1.88,7.98,2.73,4.88,3.48,0.97,4.47,5.97,2.37,3.48,2.48,2.26,3.98,1.77,1.97,3.97,17.97,1.96,3.98,3.98,3.62,4.98,4.97,0.97,1.98,1.88,5.94,4.66,2.24,1.94,1.83,4.23,3.88,2.48,7.94,1.97,0.97,7.97,0.97,8.37,2.97,4.97
2015/10/21,4.64,0.48,1.16,0.7,0.7,11.88,0.7,0.48,7.88,14.72,0.7,6.68,12.98,3.87,11.28,4.88,1.56,5.47,11.28,10.97,0.48,6.87,0.48,5.98,10.98,0.48,0.7,0.48,3.78,5.76,14.72,0.96,5.24,14.72,3.97,3.67,0.48,0.48,2.98,5.76,12.78,0.48,0.48,2.24,0.7,0.48,4.97,5.74,8.97,1.48,3.92,17.97,2.98,5.97,5.22,4.23,2.84,3.97,1.88,7.98,2.73,4.88,3.48,0.97,4.47,5.97,2.37,3.48,2.48,2.26,3.98,1.77,1.97,3.97,17.97,1.96,3.98,3.98,3.62,4.98,4.97,0.97,1.98,1.88,5.94,4.66,2.24,1.94,1.83,4.23,3.88,2.48,7.94,1.97,0.97,7.97,0.97,8.37,2.97,4.97
2015/10/22,4.64,0.48,1.16,0.7,0.7,11.88,0.7,0.48,7.88,14.72,0.7,6.68,12.98,3.87,11.28,4.88,1.56,5.47,11.28,10.97,0.48,6.87,0.48,5.98,10.98,0.48,0.7,0.48,3.78,5.76,14.72,0.96,5.24,14.72,3.97,3.67,0.48,0.48,2.98,5.76,12.78,0.48,0.48,2.24,0.7,0.48,4.97,5.74,8.97,1.48,3.92,17.97,2.98,5.97,5.22,4.23,2.84,3.97,1.88,7.98,2.73,4.88,3.48,0.97,4.47,5.97,2.37,3.48,2.48,2.26,3.98,1.77,1.97,3.97,17.97,1.96,3.98,3.98,3.62,4.98,4.97,0.97,1.98,1.88,5.94,4.66,2.24,1.94,1.83,4.23,3.88,2.48,7.94,1.97,0.97,7.97,0.97,8.37,2.97,4.97
2015/10/23,4.64,0.48,1.16,0.7,0.7,11.88,0.7,0.48,7.88,14.72,0.7,6.68,12.98,3.87,11.28,4.88,1.56,5.47,11.28,10.97,0.48,6.87,0.48,5.98,10.98,0.48,0.7,0.48,3.78,5.76,14.72,0.96,5.24,14.72,3.97,3.67,0.48,0.48,2.98,5.76,12.78,0.48,0.48,2.24,0.7,0.48,4.97,5.74,8.97,1.48,3.92,17.97,2.98,5.97,5.22,4.23,2.84,3.97,1.88,7.98,2.73,4.88,3.48,0.97,4.47,5.97,2.37,3.48,2.48,2.26,3.98,1.77,1.97,3.97,17.97,1.96,3.98,3.98,3.62,4.98,4.97,0.97,1.98,1.88,5.94,4.66,2.24,1.94,1.83,4.23,3.88,2.48,7.94,1.97,0.97,7.97,0.97,8.37,2.97,4.97
2015/10/24,4.64,0.48,1.16,0.7,0.7,11.88,0.7,0.48,7.88,14.72,0.7,6.68,12.98,3.87,11.28,4.88,1.56,5.47,11.28,10.97,0.48,6.87,0.48,5.98,10.98,0.48,0.7,0.48,3.78,5.76,14.72,0.96,5.24,14.72,3.97,3.67,0.48,0.48,2.98,5.76,12.78,0.48,0.48,2.24,0.7,0.48,4.97,5.74,8.97,1.48,3.92,17.97,2.98,5.97,5.22,4.23,2.84,3.97,1.88,7.98,2.73,4.88,3.48,0.97,4.47,5.97,2.37,3.48,2.48,2.26,3.98,1.77,1.97,3.97,17.97,1.96,3.98,3.98,3.62,4.98,4.97,0.97,1.98,1.88,5.94,4.66,2.24,1.94,1.83,4.23,3.88,2.48,7.94,1.97,0.97,7.97,0.97,8.37,2.97,4.97
2015/10/25,4.64,0.48,1.16,0.7,0.7,11.88,0.7,0.48,7.88,14.72,0.7,6.68,12.98,3.87,11.28,4.88,1.56,5.47,11.28,10.97,0.48,6.87,0.48,5.98,10.98,0.48,0.7,0.48,3.78,5.76,14.72,0.96,5.24,14.72,3.97,3.67,0.48,0.48,2.98,5.76,12.78,0.48,0.48,2.24,0.7,0.48,4.97,5.74,8.97,1.48,3.92,17.97,2.98,5.97,5.22,4.23,2.84,3.97,1.88,7.98,2.73,4.88,3.48,0.97,4.47,5.97,2.37,3.48,2.48,2.26,3.98,1.77,1.97,3.97,17.97,1.96,3.98,3.98,3.62,4.98,4.97,0.97,1.98,1.88,5.94,4.66,2.24,1.94,1.83,4.23,3.88,2.48,7.94,1.97,0.97,7.97,0.97,8.37,2.97,4.97
2015/10/26,4.64,0.48,1.16,0.7,0.7,11.88,0.7,0.48,7.88,14.72,0.7,6.68,12.98,3.87,11.28,4.88,1.56,5.47,11.28,10.97,0.48,6.87,0.48,5.98,10.98,0.48,0.7,0.48,3.78,5.76,14.72,0.96,5.24,14.72,3.97,3.67,0.48,0.48,2.98,5.76,12.78,0.48,0.48,2.24,0.7,0.48,4.97,5.74,8.97,1.48,3.92,17.97,2.98,5.97,5.22,4.23,2.84,3.97,1.88,7.98,2.73,4.88,3.48,0.97,4.47,5.97,2.37,3.48,2.48,2.26,3.98,1.77,1.97,3.97,17.97,1.96,3.98,3.98,3.62,4.98,4.97,0.97,1.98,1.88,5.94,4.66,2.24,1.94,1.83,4.23,3.88,2.48,7.94,1.97,0.97,7.97,0.97,8.37,2.97,4.97
2015/10/27,4.64,0.48,1.16,0.7,0.7,11.88,0.7,0.48,7.88,14.72,0.7,6.68,12.98,3.87,11.28,4.88,1.56,5.47,11.28,10.97,0.48,6.87,0.48,5.98,10.98,0.48,0.7,0.48,3.78,5.76,14.72,0.96,5.24,14.72,3.97,3.67,0.48,0.48,2.98,5.76,12.78,0.48,0.48,2.24,0.7,0.48,4.97,5.74,8.97,1.48,3.92,17.97,2.98,5.97,5.22,4.23,2.84,3.97,1.88,7.98,2.73,4.88,3.48,0.97,4.47,5.97,2.37,3.48,2.48,2.26,3.98,1.77,1.97,3.97,17.97,1.96,3.98,3.98,3.62,4.98,4.97,0.97,1.98,1.88,5.94,4.66,2.24,1.94,1.83,4.23,3.88,2.48,7.94,1.97,0.97,7.97,0.97,8.37,2.97,4.97
2015/10/28,4.64,0.48,1.16,0.7,0.7,11.88,0.7,0.48,7.88,14.72,0.7,6.68,12.98,3.87,11.28,4.88,1.56,5.47,11.28,10.97,0.48,6.87,0.48,5.98,10.98,0.48,0.7,0.48,3.78,5.76,14.72,0.96,5.24,14.72,3.97,3.67,0.48,0.48,2.98,5.76,12.78,0.48,0.48,2.24,0.7,0.48,4.97,5.74,8.97,1.48,3.92,17.97,2.98,5.97,5.22,4.23,2.84,3.97,1.88,7.98,2.73,4.88,3.48,0.97,4.47,5.97,2.37,3.48,2.48,2.26,3.98,1.77,1.97,3.97,17.97,1.96,3.98,3.98,3.62,4.98,4.97,0.97,1.98,1.88,5.94,4.66,2.24,1.94,1.83,4.23,3.88,2.48,7.94,1.97,0.97,7.97,0.97,8.37,2.97,4.97
2015/10/29,4.64,0.48,1.16,0.7,0.7,11.88,0.7,0.48,7.88,14.72,0.7,6.68,12.98,3.87,11.28,4.88,1.56,5.47,11.28,10.97,0.48,6.87,0.48,5.98,10.98,0.48,0.7,0.48,3.78,5.76,14.72,0.96,5.24,14.72,3.97,3.67,0.48,0.48,2.98,5.76,12.78,0.48,0.48,2.24,0.7,0.48,4.97,5.74,8.97,1.48,3.92,17.97,2.98,5.97,5.22,4.23,2.84,3.97,1.88,7.98,2.73,4.88,3.48,0.97,4.47,5.97,2.37,3.48,2.48,2.26,3.98,1.77,1.97,3.97,17.97,1.96,3.98,3.98,3.62,4.98,4.97,0.97,1.98,1.88,5.94,4.66,2.24,1.94,1.83,4.23,3.88,2.48,7.94,1.97,0.97,7.97,0.97,8.37,2.97,4.97
2015/10/30,4.64,0.48,1.16,0.7,0.7,11.88,0.7,0.48,7.88,14.72,0.7,6.68,12.98,3.87,11.28,4.88,1.56,5.47,11.28,10.97,0.48,6.87,0.48,5.98,10.98,0.48,0.7,0.48,3.78,5.76,14.72,0.96,5.24,14.72,3.97,3.67,0.48,0.48,2.98,5.76,12.78,0.48,0.48,2.24,0.7,0.48,4.97,5.74,8.97,1.48,3.92,17.97,2.98,5.97,5.22,4.23,2.84,3.97,1.88,7.98,2.73,4.88,3.48,0.97,4.47,5.97,2.37,3.48,2.48,2.26,3.98,1.77,1.97,3.97,17.97,1.96,3.98,3.98,3.62,4.98,4.97,0.97,1.98,1.88,5.94,4.66,2.24,1.94,1.83,4.23,3.88,2.48,7.94,1.97,0.97,7.97,0.97,8.37,2.97,4.97
2015/10/31,4.64,0.48,1.16,0.7,0.7,11.88,0.7,0.48,7.88,14.72,0.7,6.68,12.98,3.87,11.28,4.88,1.56,5.47,11.28,10.97,0.48,6.87,0.48,5.98,10.98,0.48,0.7,0.48,3.78,5.76,14.72,0.96,5.24,14.72,3.97,3.67,0.48,0.48,2.98,5.76,12.78,0.48,0.48,2.24,0.7,0.48,4.97,5.74,8.97,1.48,3.92,17.97,2.98,5.97,5.22,4.23,2.84,3.97,1.88,7.98,2.73,4.88,3.48,0.97,4.47,5.97,2.37,3.48,2.48,2.26,3.98,1.77,1.97,3.97,17.97,1.96,3.98,3.98,3.62,4.98,4.97,0.97,1.98,1.88,5.94,4.66,2.24,1.94,1.83,4.23,3.88,2.48,7.94,1.97,0.97,7.97,0.97,8.37,2.97,4.97
2015/11/01,4.64,0.48,1.16,0.7,0.7,11.88,0.7,0.48,7.88,14.72,0.7,6.68,12.98,3.87,11.28,4.88,1.56,5.47,11.28,10.97,0.48,6.87,0.48,5.98,10.98,0.48,0.7,0.48,3.78,5.76,14.72,0.96,5.24,14.72,3.97,3.67,0.48,0.48,2.98,5.76,12.78,0.48,0.48,2.24,0.7,0.48,4.97,5.74,8.97,1.48,3.92,17.97,2.98,5.97,5.22,4.23,2.84,3.97,1.88,7.98,2.73,4.88,3.48,0.97,4.47,5.97,2.37,3.48,2.48,2.26,3.98,1.77,1.97,3.97,17.97,1.96,3.98,3.98,3.62,4.98,4.97,0.97,1.98,1.88,5.94,4.66,2.24,1.94,1.83,4.23,3.88,2.48,7.94,1.97,0.97,7.97,0.97,8.37,2.97,4.97
2015/11/02,4.64,0.48,1.16,0.7,0.7,11.88,0.7,0.48,7.88,14.72,0.7,6.68,12.98,3.87,11.28,4.88,1.56,5.47,11.28,10.97,0.48,6.87,0.48,5.98,10.98,0.48,0.7,0.48,3.78,5.76,14.72,0.96,5.24,14.72,3.97,3.67,0.48,0.48,2.98,5.76,12.78,0.48,0.48,2.24,0.7,0.48,4.97,5.74,8.97,1.48,3.92,17.97,2.98,5.97,5.22,4.23,2.84,3.97,1.88,7.98,2.73,4.88,3.48,0.97,4.47,5.97,2.37,3.48,2.48,2.26,3.98,1.77,1.97,3.97,17.97,1.96,3.98,3.98,3.62,4.98,4.97,0.97,1.98,1.88,5.94,4.66,2.24,1.94,1.83,4.23,3.88,2.48,7.94,1.97,0.97,7.97,0.97,8.37,2.97,4.97
2015/11/03,4.64,0.48,1.16,0.7,0.7,11.88,0.7,0.48,7.88,14.72,0.7,6.68,12.98,3.87,11.28,4.88,1.56,5.47,11.28,10.97,0.48,6.87,0.48,5.98,10.98,0.48,0.7,0.48,3.78,5.76,14.72,0.96,5.24,14.72,3.97,3.67,0.48,0.48,2.98,5.76,12.78,0.48,0.48,2.24,0.7,0.48,4.97,5.74,8.97,1.48,3.92,17.97,2.98,5.97,5.22,4.23,2.84,3.97,1.88,7.98,2.73,4.88,3.48,0.97,4.47,5.97,2.37,3.48,2.48,2.26,3.98,1.77,1.97,3.97,17.97,1.96,3.98,3.98,3.62,4.98,4.97,0.97,1.98,1.88,5.94,4.66,2.24,1.94,1.83,4.23,3.88,2.48,7.94,1.97,0.97,7.97,0.97,8.37,2.97,4.97
2015/11/04,4.64,0.48,1.16,0.7,0.7,11.88,0.7,0.48,7.88,14.72,0.7,6.68,12.98,3.87,11.28,4.88,1.56,5.47,11.28,10.97,0.48,6.87,0.48,5.98,10.98,0.48,0.7,0.48,3.78,5.76,14.72,0.96,5.24,14.72,3.97,3.67,0.48,0.48,2.98,5.76,12.78,0.48,0.48,2.24,0.7,0.48,4.97,5.74,8.97,1.48,3.92,17.97,2.98,5.97,5.22,4.23,2.84,3.97,1.88,7.98,2.73,4.88,3.48,0.97,4.47,5.97,2.37,3.48,2.48,2.26,3.98,1.77,1.97,3.97,17.97,1.96,3.98,3.98,3.62,4.98,4.97,0.97,1.98,1.88,5.94,4.66,2.24,1.94,1.83,4.23,3.88,2.48,7.94,1.97,0.97,7.97,0.97,8.37,2.97,4.97
2015/11/05,4.64,0.48,1.16,0.7,0.7,11.88,0.7,0.48,7.88,14.72,0.7,6.68,12.98,3.87,11.28,4.88,1.56,5.47,11.28,10.97,0.48,6.87,0.48,5.98,10.98,0.48,0.7,0.48,3.78,5.76,14.72,0.96,5.24,14.72,3.97,3.67,0.48,0.48,2.98,5.76,12.78,0.48,0.48,2.24,0.7,0.48,4.97,5.74,8.97,1.48,3.92,17.97,2.98,5.97,5.22,4.23,2.84,3.97,1.88,7.98,2.73,4.88,3.48,0.97,4.47,5.97,2.37,3.48,2.48,2.26,3.98,1.77,1.97,3.97,17.97,1.96,3.98,3.98,3.62,4.98,4.97,0.97,1.98,1.88,5.94,4.66,2.24,1.94,1.83,4.23,3.88,2.48,7.94,1.97,0.97,7.97,0.97,8.37,2.97,4.97
2015/11/06,4.64,0.48,1.16,0.7,0.7,11.88,0.7,0.48,7.88,14.72,0.7,6.68,12.98,3.87,11.28,4.88,1.56,5.47,11.28,10.97,0.48,6.87,0.48,5.98,10.98,0.48,0.7,0.48,3.78,5.76,14.72,0.96,5.24,14.72,3.97,3.67,0.48,0.48,2.98,5.76,12.78,0.48,0.48,2.24,0.7,0.48,4.97,5.74,8.97,1.48,3.92,17.97,2.98,5.97,5.22,4.23,2.84,3.97,1.88,7.98,2.73,4.88,3.48,0.97,4.47,5.97,2.37,3.48,2.48,2.26,3.98,1.77,1.97,3.97,17.97,1.96,3.98,3.98,3.62,4.98,4.97,0.97,1.98,1.88,5.94,4.66,2.24,1.94,1.83,4.23,3.88,2.48,7.94,1.97,0.97,7.97,0.97,8.37,2.97,4.97
2015/11/07,4.64,0.48,1.16,0.7,0.7,11.88,0.7,0.48,7.88,14.72,0.7,6.68,12.98,3.87,11.28,4.88,1.56,5.47,11.28,10.97,0.48,6.87,0.48,5.98,10.98,0.48,0.7,0.48,3.78,5.76,14.72,0.96,5.24,14.72,3.97,3.67,0.48,0.48,2.98,5.76,12.78,0.48,0.48,2.24,0.7,0.48,4.97,5.74,8.97,1.48,3.92,17.97,2.98,5.97,5.22,4.23,2.84,3.97,1.88,7.98,2.73,4.88,3.48,0.97,4.47,5.97,2.37,3.48,2.48,2.26,3.98,1.77,1.97,3.97,17.97,1.96,3.98,3.98,3.62,4.98,4.97,0.97,1.98,1.88,5.94,4.66,2.24,1.94,1.83,4.23,3.88,2.48,7.94,1.97,0.97,7.97,0.97,8.37,2.97,4.97
2015/11/08,4.64,0.48,1.16,0.7,0.7,11.88,0.7,0.48,7.88,14.72,0.7,6.68,12.98,3.87,11.28,4.88,1.56,5.47,11.28,10.97,0.48,6.87,0.48,5.98,10.98,0.48,0.7,0.48,3.78,5.76,14.72,0.96,5.24,14.72,3.97,3.67,0.48,0.48,2.98,5.76,12.78,0.48,0.48,2.24,0.7,0.48,4.97,5.74,8.97,1.48,3.92,17.97,2.98,5.97,5.22,4.23,2.84,3.97,1.88,7.98,2.73,4.88,3.48,0.97,4.47,5.97,2.37,3.48,2.48,2.26,3.98,1.77,1.97,3.97,17.97,1.96,3.98,3.98,3.62,4.98,4.97,0.97,1.98,1.88,5.94,4.66,2.24,1.94,1.83,4.23,3.88,2.48,7.94,1.97,0.97,7.97,0.97,8.37,2.97,4.97
2015/11/09,4.64,0.48,1.16,0.7,0.7,11.88,0.7,0.48,7.88,14.72,0.7,6.68,12.98,3.87,11.28,4.88,1.56,5.47,11.28,10.97,0.48,6.87,0.48,5.98,10.98,0.48,0.7,0.48,3.78,5.76,14.72,0.96,5.24,14.72,3.97,3.67,0.48,0.48,2.98,5.76,12.78,0.48,0.48,2.24,0.7,0.48,4.97,5.74,8.97,1.48,3.92,17.97,2.98,5.97,5.22,4.23,2.84,3.97,1.88,7.98,2.73,4.88,3.48,0.97,4.47,5.97,2.37,3.48,2.48,2.26,3.98,1.77,1.97,3.97,17.97,1.96,3.98,3.98,3.62,4.98,4.97,0.97,1.98,1.88,5.94,4.66,2.24,1.94,1.83,4.23,3.88,2.48,7.94,1.97,0.97,7.97,0.97,8.37,2.97,4.97
2015/11/10,4.64,0.48,1.16,0.7,0.7,11.88,0.7,0.48,7.88,14.72,0.7,6.68,12.98,3.87,11.28,4.88,1.56,5.47,11.28,10.97,0.48,6.87,0.48,5.98,10.98,0.48,0.7,0.48,3.78,5.76,14.72,0.96,5.24,14.72,3.97,3.67,0.48,0.48,2.98,5.76,12.78,0.48,0.48,2.24,0.7,0.48,4.97,5.74,8.97,1.48,3.92,17.97,2.98,5.97,5.22,4.23,2.84,3.97,1.88,7.98,2.73,4.88,3.48,0.97,4.47,5.97,2.37,3.48,2.48,2.26,3.98,1.77,1.97,3.97,17.97,1.96,3.98,3.98,3.62,4.98,4.97,0.97,1.98,1.88,5.94,4.66,2.24,1.94,1.83,4.23,3.88,2.48,7.94,1.97,0.97,7.97,0.97,8.37,2.97,4.97
2015/11/11,4.64,0.48,1.16,0.7,0.7,11.88,0.7,0.48,7.88,14.72,0.7,6.68,12.98,3.87,11.28,4.88,1.56,5.47,11.28,10.97,0.48,6.87,0.48,5.98,10.98,0.48,0.7,0.48,3.78,5.76,14.72,0.96,5.24,14.72,3.97,3.67,0.48,0.48,2.98,5.76,12.78,0.48,0.48,2.24,0.7,0.48,4.97,5.74,8.97,1.48,3.92,17.97,2.98,5.97,5.22,4.23,2.84,3.97,1.88,7.98,2.73,4.88,3.48,0.97,4.47,5.97,2.37,3.48,2.48,2.26,3.98,1.77,1.97,3.97,17.97,1.96,3.98,3.98,3.62,4.98,4.97,0.97,1.98,1.88,5.94,4.66,2.24,1.94,1.83,4.23,3.88,2.48,7.94,1.97,0.97,7.97,0.97,8.37,2.97,4.97
2015/11/12,4.64,0.48,1.16,0.7,0.7,11.88,0.7,0.48,7.88,14.72,0.7,6.68,12.98,3.87,11.28,4.88,1.56,5.47,11.28,10.97,0.48,6.87,0.48,5.98,10.98,0.48,0.7,0.48,3.78,5.76,14.72,0.96,5.24,14.72,3.97,3.67,0.48,0.48,2.98,5.76,12.78,0.48,0.48,2.24,0.7,0.48,4.97,5.74,8.97,1.48,3.92,17.97,2.98,5.97,5.22,4.23,2.84,3.97,1.88,7.98,2.73,4.88,3.48,0.97,4.47,5.97,2.37,3.48,2.48,2.26,3.98,1.77,1.97,3.97,17.97,1.96,3.98,3.98,3.62,4.98,4.97,0.97,1.98,1.88,5.94,4.66,2.24,1.94,1.83,4.23,3.88,2.48,7.94,1.97,0.97,7.97,0.97,8.37,2.97,4.97
2015/11/13,4.64,0.48,1.16,0.7,0.7,11.88,0.7,0.48,7.88,14.72,0.7,6.68,12.98,3.87,11.28,4.88,1.56,5.47,11.28,10.97,0.48,6.87,0.48,5.98,10.98,0.48,0.7,0.48,3.78,5.76,14.72,0.96,5.24,14.72,3.97,3.67,0.48,0.48,2.98,5.76,12.78,0.48,0.48,2.24,0.7,0.48,4.97,5.74,8.97,1.48,3.92,17.97,2.98,5.97,5.22,4.23,2.84,3.97,1.88,7.98,2.73,4.88,3.48,0.97,4.47,5.97,2.37,3.48,2.48,2.26,3.98,1.77,1.97,3.97,17.97,1.96,3.98,3.98,3.62,4.98,4.97,0.97,1.98,1.88,5.94,4.66,2.24,1.94,1.83,4.23,3.88,2.48,7.94,1.97,0.97,7.97,0.97,8.37,2.97,4.97
2015/11/14,4.64,0.48,1.16,0.7,0.7,11.88,0.7,0.48,7.88,14.72,0.7,6.68,12.98,3.87,11.28,4.88,1.56,5.47,11.28,10.97,0.48,6.87,0.48,5.98,10.98,0.48,0.7,0.48,3.78,5.76,14.72,0.96,5.24,14.72,3.97,3.67,0.48,0.48,2.98,5.76,12.78,0.48,0.48,2.24,0.7,0.48,4.97,5.74,8.97,1.48,3.92,17.97,2.98,5.97,5.22,4.23,2.84,3.97,1.88,7.98,2.73,4.88,3.48,0.97,4.47,5.97,2.37,3.48,2.48,2.26,3.98,1.77,1.97,3.97,17.97,1.96,3.98,3.98,3.62,4.98,4.97,0.97,1.98,1.88,5.94,4.66,2.24,1.94,1.83,4.23,3.88,2.48,7.94,1.97,0.97,7.97,0.97,8.37,2.97,4.97
2015/11/15,4.64,0.48,1.16,0.7,0.7,11.88,0.7,0.48,7.88,14.72,0.7,6.68,12.98,3.87,11.28,4.88,1.56,5.47,11.28,10.97,0.48,6.87,0.48,5.98,10.98,0.48,0.7,0.48,3.78,5.76,14.72,0.96,5.24,14.72,3.97,3.67,0.48,0.48,2.98,5.76,12.78,0.48,0.48,2.24,0.7,0.48,4.97,5.74,8.97,1.48,3.92,17.97,2.98,5.97,5.22,4.23,2.84,3.97,1.88,7.98,2.73,4.88,3.48,0.97,4.47,5.97,2.37,3.48,2.48,2.26,3.98,1.77,1.97,3.97,17.97,1.96,3.98,3.98,3.62,4.98,4.97,0.97,1.98,1.88,5.94,4.66,2.24,1.94,1.83,4.23,3.88,2.48,7.94,1.97,0.97,7.97,0.97,8.37,2.97,4.97
2015/11/16,4.64,0.48,1.16,0.7,0.7,11.88,0.7,0.48,7.88,14.72,0.7,6.68,12.98,3.87,11.28,4.88,1.56,5.47,11.28,10.97,0.48,6.87,0.48,5.98,10.98,0.48,0.7,0.48,3.78,5.76,14.72,0.96,5.24,14.72,3.97,3.67,0.48,0.48,2.98,5.76,12.78,0.48,0.48,2.24,0.7,0.48,4.97,5.74,8.97,1.48,3.92,17.97,2.98,5.97,5.22,4.23,2.84,3.97,1.88,7.98,2.73,4.88,3.48,0.97,4.47,5.97,2.37,3.48,2.48,2.26,3.98,1.77,1.97,3.97,17.97,1.96,3.98,3.98,3.62,4.98,4.97,0.97,1.98,1.88,5.94,4.66,2.24,1.94,1.83,4.23,3.88,2.48,7.94,1.97,0.97,7.97,0.97,8.37,2.97,4.97
2015/11/17,4.64,0.48,1.16,0.7,0.7,11.88,0.7,0.48,7.88,14.72,0.7,6.68,12.98,3.87,11.28,4.88,1.56,5.47,11.28,10.97,0.48,6.87,0.48,5.98,10.98,0.48,0.7,0.48,3.78,5.76,14.72,0.96,5.24,14.72,3.97,3.67,0.48,0.48,2.98,5.76,12.78,0.48,0.48,2.24,0.7,0.48,4.97,5.74,8.97,1.48,3.92,17.97,2.98,5.97,5.22,4.23,2.84,3.97,1.88,7.98,2.73,4.88,3.48,0.97,4.47,5.97,2.37,3.48,2.48,2.26,3.98,1.77,1.97,3.97,17.97,1.96,3.98,3.98,3.62,4.98,4.97,0.97,1.98,1.88,5.94,4.66,2.24,1.94,1.83,4.23,3.88,2.48,7.94,1.97,0.97,7.97,0.97,8.37,2.97,4.97
2015/11/18,4.64,0.48,1.16,0.7,0.7,11.88,0.7,0.48,7.88,14.72,0.7,6.68,12.98,3.87,11.28,4.88,1.56,5.47,11.28,10.97,0.48,6.87,0.48,5.98,10.98,0.48,0.7,0.48,3.78,5.76,14.72,0.96,5.24,14.72,3.97,3.67,0.48,0.48,2.98,5.76,12.78,0.48,0.48,2.24,0.7,0.48,4.97,5.74,8.97,1.48,3.92,17.97,2.98,5.97,5.22,4.23,2.84,3.97,1.88,7.98,2.73,4.88,3.48,0.97,4.47,5.97,2.37,3.48,2.48,2.26,3.98,1.77,1.97,3.97,17.97,1.96,3.98,3.98,3.62,4.98,4.97,0.97,1.98,1.88,5.94,4.66,2.24,1.94,1.83,4.23,3.88,2.48,7.94,1.97,0.97,7.97,0.97,8.37,2.97,4.97
2015/11/19,4.64,0.48,1.16,0.7,0.7,11.88,0.7,0.48,7.88,14.72,0.7,6.68,12.98,3.87,11.28,4.88,1.56,5.47,11.28,10.97,0.48,6.87,0.48,5.98,10.98,0.48,0.7,0.48,3.78,5.76,14.72,0.96,5.24,14.72,3.97,3.67,0.48,0.48,2.98,5.76,12.78,0.48,0.48,2.24,0.7,0.48,4.97,5.74,8.97,1.48,3.92,17.97,2.98,5.97,5.22,4.23,2.84,3.97,1.88,7.98,2.73,4.88,3.48,0.97,4.47,5.97,2.37,3.48,2.48,2.26,3.98,1.77,1.97,3.97,17.97,1.96,3.98,3.98,3.62,4.98,4.97,0.97,1.98,1.88,5.94,4.66,2.24,1.94,1.83,4.23,3.88,2.48,7.94,1.97,0.97,7.97,0.97,8.37,2.97,4.97
2015/11/20,4.64,0.48,1.16,0.7,0.7,11.88,0.7,0.48,7.88,14.72,0.7,6.68,12.98,3.87,11.28,4.88,1.56,5.47,11.28,10.97,0.48,6.87,0.48,5.98,10.98,0.48,0.7,0.48,3.78,5.76,14.72,0.96,5.24,14.72,3.97,3.67,0.48,0.48,2.98,5.76,12.78,0.48,0.48,2.24,0.7,0.48,4.97,5.74,8.97,1.48,3.92,17.97,2.98,5.97,5.22,4.23,2.84,3.97,1.88,7.98,2.73,4.88,3.48,0.97,4.47,5.97,2.37,3.48,2.48,2.26,3.98,1.77,1.97,3.97,17.97,1.96,3.98,3.98,3.62,4.98,4.97,0.97,1.98,1.88,5.94,4.66,2.24,1.94,1.83,4.23,3.88,2.48,7.94,1.97,0.97,7.97,0.97,8.37,2.97,4.97
2015/11/21,4.64,0.48,1.16,0.7,0.7,11.88,0.7,0.48,7.88,14.72,0.7,6.68,12.98,3.87,11.28,4.88,1.56,5.47,11.28,10.97,0.48,6.87,0.48,5.98,10.98,0.48,0.7,0.48,3.78,5.76,14.72,0.96,5.24,14.72,3.97,3.67,0.48,0.48,2.98,5.76,12.78,0.48,0.48,2.24,0.7,0.48,4.97,5.74,8.97,1.48,3.92,17.97,2.98,5.97,5.22,4.23,2.84,3.97,1.88,7.98,2.73,4.88,3.48,0.97,4.47,5.97,2.37,3.48,2.48,2.26,3.98,1.77,1.97,3.97,17.97,1.96,3.98,3.98,3.62,4.98,4.97,0.97,1.98,1.88,5.94,4.66,2.24,1.94,1.83,4.23,3.88,2.48,7.94,1.97,0.97,7.97,0.97,8.37,2.97,4.97
2015/11/22,4.64,0.48,1.16,0.7,0.7,11.88,0.7,0.48,7.88,14.72,0.7,6.68,12.98,3.87,11.28,4.88,1.56,5.47,11.28,10.97,0.48,6.87,0.48,5.98,10.98,0.48,0.7,0.48,3.78,5.76,14.72,0.96,5.24,14.72,3.97,3.67,0.48,0.48,2.98,5.76,12.78,0.48,0.48,2.24,0.7,0.48,4.97,5.74,8.97,1.48,3.92,17.97,2.98,5.97,5.22,4.23,2.84,3.97,1.88,7.98,2.73,4.88,3.48,0.97,4.47,5.97,2.37,3.48,2.48,2.26,3.98,1.77,1.97,3.97,17.97,1.96,3.98,3.98,3.62,4.98,4.97,0.97,1.98,1.88,5.94,4.66,2.24,1.94,1.83,4.23,3.88,2.48,7.94,1.97,0.97,7.97,0.97,8.37,2.97,4.97
2015/11/23,4.64,0.48,1.16,0.7,0.7,11.88,0.7,0.48,7.88,14.72,0.7,6.68,12.98,3.87,11.28,4.88,1.56,5.47,11.28,10.97,0.48,6.87,0.48,5.98,10.98,0.48,0.7,0.48,3.78,5.76,14.72,0.96,5.24,14.72,3.97,3.67,0.48,0.48,2.98,5.76,12.78,0.48,0.48,2.24,0.7,0.48,4.97,5.74,8.97,1.48,3.92,17.97,2.98,5.97,5.22,4.23,2.84,3.97,1.88,7.98,2.73,4.88,3.48,0.97,4.47,5.97,2.37,3.48,2.48,2.26,3.98,1.77,1.97,3.97,17.97,1.96,3.98,3.98,3.62,4.98,4.97,0.97,1.98,1.88,5.94,4.66,2.24,1.94,1.83,4.23,3.88,2.48,7.94,1.97,0.97,7.97,0.97,8.37,2.97,4.97
2015/11/24,4.64,0.48,1.16,0.7,0.7,11.88,0.7,0.48,7.88,14.72,0.7,6.68,12.98,3.87,11.28,4.88,1.56,5.47,11.28,10.97,0.48,6.87,0.48,5.98,10.98,0.48,0.7,0.48,3.78,5.76,14.72,0.96,5.24,14.72,3.97,3.67,0.48,0.48,2.98,5.76,12.78,0.48,0.48,2.24,0.7,0.48,4.97,5.74,8.97,1.48,3.92,17.97,2.98,5.97,5.22,4.23,2.84,3.97,1.88,7.98,2.73,4.88,3.48,0.97,4.47,5.97,2.37,3.48,2.48,2.26,3.98,1.77,1.97,3.97,17.97,1.96,3.98,3.98,3.62,4.98,4.97,0.97,1.98,1.88,5.94,4.66,2.24,1.94,1.83,4.23,3.88,2.48,7.94,1.97,0.97,7.97,0.97,8.37,2.97,4.97
2015/11/25,4.64,0.48,1.16,0.7,0.7,11.88,0.7,0.48,7.88,14.72,0.7,6.68,12.98,3.87,11.28,4.88,1.56,5.47,11.28,10.97,0.48,6.87,0.48,5.98,10.98,0.48,0.7,0.48,3.78,5.76,14.72,0.96,5.24,14.72,3.97,3.67,0.48,0.48,2.98,5.76,12.78,0.48,0.48,2.24,0.7,0.48,4.97,5.74,8.97,1.48,3.92,17.97,2.98,5.97,5.22,4.23,2.84,3.97,1.88,7.98,2.73,4.88,3.48,0.97,4.47,5.97,2.37,3.48,2.48,2.26,3.98,1.77,1.97,3.97,17.97,1.96,3.98,3.98,3.62,4.98,4.97,0.97,1.98,1.88,5.94,4.66,2.24,1.94,1.83,4.23,3.88,2.48,7.94,1.97,0.97,7.97,0.97,8.37,2.97,4.97
2015/11/26,4.64,0.48,1.16,0.7,0.7,11.88,0.7,0.48,7.88,14.72,0.7,6.68,12.98,3.87,11.28,4.88,1.56,5.47,11.28,10.97,0.48,6.87,0.48,5.98,10.98,0.48,0.7,0.48,3.78,5.76,14.72,0.96,5.24,14.72,3.97,3.67,0.48,0.48,2.98,5.76,12.78,0.48,0.48,2.24,0.7,0.48,4.97,5.74,8.97,1.48,3.92,17.97,2.98,5.97,5.22,4.23,2.84,3.97,1.88,7.98,2.73,4.88,3.48,0.97,4.47,5.97,2.37,3.48,2.48,2.26,3.98,1.77,1.97,3.97,17.97,1.96,3.98,3.98,3.62,4.98,4.97,0.97,1.98,1.88,5.94,4.66,2.24,1.94,1.83,4.23,3.88,2.48,7.94,1.97,0.97,7.97,0.97,8.37,2.97,4.97
2015/11/27,4.64,0.48,1.16,0.7,0.7,11.88,0.7,0.48,7.88,14.72,0.7,6.68,12.98,3.87,11.28,4.88,1.56,5.47,11.28,10.97,0.48,6.87,0.48,5.98,10.98,0.48,0.7,0.48,3.78,5.76,14.72,0.96,5.24,14.72,3.97,3.67,0.48,0.48,2.98,5.76,12.78,0.48,0.48,2.24,0.7,0.48,4.97,5.74,8.97,1.48,3.92,17.97,2.98,5.97,5.22,4.23,2.84,3.97,1.88,7.98,2.73,4.88,3.48,0.97,4.47,5.97,2.37,3.48,2.48,2.26,3.98,1.77,1.97,3.97,17.97,1.96,3.98,3.98,3.62,4.98,4.97,0.97,1.98,1.88,5.94,4.66,2.24,1.94,1.83,4.23,3.88,2.48,7.94,1.97,0.97,7.97,0.97,8.37,2.97,4.97
2015/11/28,4.64,0.48,1.16,0.7,0.7,11.88,0.7,0.48,7.88,14.72,0.7,6.68,12.98,3.87,11.28,4.88,1.56,5.47,11.28,10.97,0.48,6.87,0.48,5.98,10.98,0.48,0.7,0.48,3.78,5.76,14.72,0.96,5.24,14.72,3.97,3.67,0.48,0.48,2.98,5.76,12.78,0.48,0.48,2.24,0.7,0.48,4.97,5.74,8.97,1.48,3.92,17.97,2.98,5.97,5.22,4.23,2.84,3.97,1.88,7.98,2.73,4.88,3.48,0.97,4.47,5.97,2.37,3.48,2.48,2.26,3.98,1.77,1.97,3.97,17.97,1.96,3.98,3.98,3.62,4.98,4.97,0.97,1.98,1.88,5.94,4.66,2.24,1.94,1.83,4.23,3.88,2.48,7.94,1.97,0.97,7.97,0.97,8.37,2.97,4.97
2015/11/29,4.64,0.48,1.16,0.7,0.7,11.88,0.7,0.48,7.88,14.72,0.7,6.68,12.98,3.87,11.28,4.88,1.56,5.47,11.28,10.97,0.48,6.87,0.48,5.98,10.98,0.48,0.7,0.48,3.78,5.76,14.72,0.96,5.24,14.72,3.97,3.67,0.48,0.48,2.98,5.76,12.78,0.48,0.48,2.24,0.7,0.48,4.97,5.74,8.97,1.48,3.92,17.97,2.98,5.97,5.22,4.23,2.84,3.97,1.88,7.98,2.73,4.88,3.48,0.97,4.47,5.97,2.37,3.48,2.48,2.26,3.98,1.77,1.97,3.97,17.97,1.96,3.98,3.98,3.62,4.98,4.97,0.97,1.98,1.88,5.94,4.66,2.24,1.94,1.83,4.23,3.88,2.48,7.94,1.97,0.97,7.97,0.97,8.37,2.97,4.97
2015/11/30,4.64,0.48,1.16,0.7,0.7,11.88,0.7,0.48,7.88,14.72,0.7,6.68,12.98,3.87,11.28,4.88,1.56,5.47,11.28,10.97,0.48,6.87,0.48,5.98,10.98,0.48,0.7,0.48,3.78,5.76,14.72,0.96,5.24,14.72,3.97,3.67,0.48,0.48,2.98,5.76,12.78,0.48,0.48,2.24,0.7,0.48,4.97,5.74,8.97,1.48,3.92,17.97,2.98,5.97,5.22,4.23,2.84,3.97,1.88,7.98,2.73,4.88,3.48,0.97,4.47,5.97,2.37,3.48,2.48,2.26,3.98,1.77,1.97,3.97,17.97,1.96,3.98,3.98,3.62,4.98,4.97,0.97,1.98,1.88,5.94,4.66,2.24,1.94,1.83,4.23,3.88,2.48,7.94,1.97,0.97,7.97,0.97,8.37,2.97,4.97
2015/12/01,4.64,0.48,1.16,0.7,0.7,11.88,0.7,0.48,7.88,14.72,0.7,6.68,12.98,3.87,11.28,4.88,1.56,5.47,11.28,10.97,0.48,6.87,0.48,5.98,10.98,0.48,0.7,0.48,3.78,5.76,14.72,0.96,5.24,14.72,3.97,3.67,0.48,0.48,2.98,5.76,12.78,0.48,0.48,2.24,0.7,0.48,4.97,5.74,8.97,1.48,3.92,17.97,2.98,5.97,5.22,4.23,2.84,3.97,1.88,7.98,2.73,4.88,3.48,0.97,4.47,5.97,2.37,3.48,2.48,2.26,3.98,1.77,1.97,3.97,17.97,1.96,3.98,3.98,3.62,4.98,4.97,0.97,1.98,1.88,5.94,4.66,2.24,1.94,1.83,4.23,3.88,2.48,7.94,1.97,0.97,7.97,0.97,8.37,2.97,4.97
2015/12/02,4.64,0.48,1.16,0.7,0.7,11.88,0.7,0.48,7.88,14.72,0.7,6.68,12.98,3.87,11.28,4.88,1.56,5.47,11.28,10.97,0.48,6.87,0.48,5.98,10.98,0.48,0.7,0.48,3.78,5.76,14.72,0.96,5.24,14.72,3.97,3.67,0.48,0.48,2.98,5.76,12.78,0.48,0.48,2.24,0.7,0.48,4.97,5.74,8.97,1.48,3.92,17.97,2.98,5.97,5.22,4.23,2.84,3.97,1.88,7.98,2.73,4.88,3.48,0.97,4.47,5.97,2.37,3.48,2.48,2.26,3.98,1.77,1.97,3.97,17.97,1.96,3.98,3.98,3.62,4.98,4.97,0.97,1.98,1.88,5.94,4.66,2.24,1.94,1.83,4.23,3.88,2.48,7.94,1.97,0.97,7.97,0.97,8.37,2.97,4.97
2015/12/03,4.64,0.48,1.16,0.7,0.7,11.88,0.7,0.48,7.88,14.72,0.7,6.68,12.98,3.87,11.28,4.88,1.56,5.47,11.28,10.97,0.48,6.87,0.48,5.98,10.98,0.48,0.7,0.48,3.78,5.76,14.72,0.96,5.24,14.72,3.97,3.67,0.48,0.48,2.98,5.76,12.78,0.48,0.48,2.24,0.7,0.48,4.97,5.74,8.97,1.48,3.92,17.97,2.98,5.97,5.22,4.23,2.84,3.97,1.88,7.98,2.73,4.88,3.48,0.97,4.47,5.97,2.37,3.48,2.48,2.26,3.98,1.77,1.97,3.97,17.97,1.96,3.98,3.98,3.62,4.98,4.97,0.97,1.98,1.88,5.94,4.66,2.24,1.94,1.83,4.23,3.88,2.48,7.94,1.97,0.97,7.97,0.97,8.37,2.97,4.97
2015/12/04,4.64,0.48,1.16,0.7,0.7,11.88,0.7,0.48,7.88,14.72,0.7,6.68,12.98,3.87,11.28,4.88,1.56,5.47,11.28,10.97,0.48,6.87,0.48,5.98,10.98,0.48,0.7,0.48,3.78,5.76,14.72,0.96,5.24,14.72,3.97,3.67,0.48,0.48,2.98,5.76,12.78,0.48,0.48,2.24,0.7,0.48,4.97,5.74,8.97,1.48,3.92,17.97,2.98,5.97,5.22,4.23,2.84,3.97,1.88,7.98,2.73,4.88,3.48,0.97,4.47,5.97,2.37,3.48,2.48,2.26,3.98,1.77,1.97,3.97,17.97,1.96,3.98,3.98,3.62,4.98,4.97,0.97,1.98,1.88,5.94,4.66,2.24,1.94,1.83,4.23,3.88,2.48,7.94,1.97,0.97,7.97,0.97,8.37,2.97,4.97
2015/12/05,4.64,0.48,1.16,0.7,0.7,11.88,0.7,0.48,7.88,14.72,0.7,6.68,12.98,3.87,11.28,4.88,1.56,5.47,11.28,10.97,0.48,6.87,0.48,5.98,10.98,0.48,0.7,0.48,3.78,5.76,14.72,0.96,5.24,14.72,3.97,3.67,0.48,0.48,2.98,5.76,12.78,0.48,0.48,2.24,0.7,0.48,4.97,5.74,8.97,1.48,3.92,17.97,2.98,5.97,5.22,4.23,2.84,3.97,1.88,7.98,2.73,4.88,3.48,0.97,4.47,5.97,2.37,3.48,2.48,2.26,3.98,1.77,1.97,3.97,17.97,1.96,3.98,3.98,3.62,4.98,4.97,0.97,1.98,1.88,5.94,4.66,2.24,1.94,1.83,4.23,3.88,2.48,7.94,1.97,0.97,7.97,0.97,8.37,2.97,4.97
2015/12/06,4.64,0.48,1.16,0.7,0.7,11.88,0.7,0.48,7.88,14.72,0.7,6.68,12.98,3.87,11.28,4.88,1.56,5.47,11.28,10.97,0.48,6.87,0.48,5.98,10.98,0.48,0.7,0.48,3.78,5.76,14.72,0.96,5.24,14.72,3.97,3.67,0.48,0.48,2.98,5.76,12.78,0.48,0.48,2.24,0.7,0.48,4.97,5.74,8.97,1.48,3.92,17.97,2.98,5.97,5.22,4.23,2.84,3.97,1.88,7.98,2.73,4.88,3.48,0.97,4.47,5.97,2.37,3.48,2.48,2.26,3.98,1.77,1.97,3.97,17.97,1.96,3.98,3.98,3.62,4.98,4.97,0.97,1.98,1.88,5.94,4.66,2.24,1.94,1.83,4.23,3.88,2.48,7.94,1.97,0.97,7.97,0.97,8.37,2.97,4.97
2015/12/07,4.64,0.48,1.16,0.7,0.7,11.88,0.7,0.48,7.88,14.72,0.7,6.68,12.98,3.87,11.28,4.88,1.56,5.47,11.28,10.97,0.48,6.87,0.48,5.98,10.98,0.48,0.7,0.48,3.78,5.76,14.72,0.96,5.24,14.72,3.97,3.67,0.48,0.48,2.98,5.76,12.78,0.48,0.48,2.24,0.7,0.48,4.97,5.74,8.97,1.48,3.92,17.97,2.98,5.97,5.22,4.23,2.84,3.97,1.88,7.98,2.73,4.88,3.48,0.97,4.47,5.97,2.37,3.48,2.48,2.26,3.98,1.77,1.97,3.97,17.97,1.96,3.98,3.98,3.62,4.98,4.97,0.97,1.98,1.88,5.94,4.66,2.24,1.94,1.83,4.23,3.88,2.48,7.94,1.97,0.97,7.97,0.97,8.37,2.97,4.97
2015/12/08,4.64,0.48,1.16,0.7,0.7,11.88,0.7,0.48,7.88,14.72,0.7,6.68,12.98,3.87,11.28,4.88,1.56,5.47,11.28,10.97,0.48,6.87,0.48,5.98,10.98,0.48,0.7,0.48,3.78,5.76,14.72,0.96,5.24,14.72,3.97,3.67,0.48,0.48,2.98,5.76,12.78,0.48,0.48,2.24,0.7,0.48,4.97,5.74,8.97,1.48,3.92,17.97,2.98,5.97,5.22,4.23,2.84,3.97,1.88,7.98,2.73,4.88,3.48,0.97,4.47,5.97,2.37,3.48,2.48,2.26,3.98,1.77,1.97,3.97,17.97,1.96,3.98,3.98,3.62,4.98,4.97,0.97,1.98,1.88,5.94,4.66,2.24,1.94,1.83,4.23,3.88,2.48,7.94,1.97,0.97,7.97,0.97,8.37,2.97,4.97
2015/12/09,4.64,0.48,1.16,0.7,0.7,11.88,0.7,0.48,7.88,14.72,0.7,6.68,12.98,3.87,11.28,4.88,1.56,5.47,11.28,10.97,0.48,6.87,0.48,5.98,10.98,0.48,0.7,0.48,3.78,5.76,14.72,0.96,5.24,14.72,3.97,3.67,0.48,0.48,2.98,5.76,12.78,0.48,0.48,2.24,0.7,0.48,4.97,5.74,8.97,1.48,3.92,17.97,2.98,5.97,5.22,4.23,2.84,3.97,1.88,7.98,2.73,4.88,3.48,0.97,4.47,5.97,2.37,3.48,2.48,2.26,3.98,1.77,1.97,3.97,17.97,1.96,3.98,3.98,3.62,4.98,4.97,0.97,1.98,1.88,5.94,4.66,2.24,1.94,1.83,4.23,3.88,2.48,7.94,1.97,0.97,7.97,0.97,8.37,2.97,4.97
2015/12/10,4.64,0.48,1.16,0.7,0.7,11.88,0.7,0.48,7.88,14.72,0.7,6.68,12.98,3.87,11.28,4.88,1.56,5.47,11.28,10.97,0.48,6.87,0.48,5.98,10.98,0.48,0.7,0.48,3.78,5.76,14.72,0.96,5.24,14.72,3.97,3.67,0.48,0.48,2.98,5.76,12.78,0.48,0.48,2.24,0.7,0.48,4.97,5.74,8.97,1.48,3.92,17.97,2.98,5.97,5.22,4.23,2.84,3.97,1.88,7.98,2.73,4.88,3.48,0.97,4.47,5.97,2.37,3.48,2.48,2.26,3.98,1.77,1.97,3.97,17.97,1.96,3.98,3.98,3.62,4.98,4.97,0.97,1.98,1.88,5.94,4.66,2.24,1.94,1.83,4.23,3.88,2.48,7.94,1.97,0.97,7.97,0.97,8.37,2.97,4.97
2015/12/11,4.64,0.48,1.16,0.7,0.7,11.88,0.7,0.48,7.88,14.72,0.7,6.68,12.98,3.87,11.28,4.88,1.56,5.47,11.28,10.97,0.48,6.87,0.48,5.98,10.98,0.48,0.7,0.48,3.78,5.76,14.72,0.96,5.24,14.72,3.97,3.67,0.48,0.48,2.98,5.76,12.78,0.48,0.48,2.24,0.7,0.48,4.97,5.74,8.97,1.48,3.92,17.97,2.98,5.97,5.22,4.23,2.84,3.97,1.88,7.98,2.73,4.88,3.48,0.97,4.47,5.97,2.37,3.48,2.48,2.26,3.98,1.77,1.97,3.97,17.97,1.96,3.98,3.98,3.62,4.98,4.97,0.97,1.98,1.88,5.94,4.66,2.24,1.94,1.83,4.23,3.88,2.48,7.94,1.97,0.97,7.97,0.97,8.37,2.97,4.97
2015/12/12,4.64,0.48,1.16,0.7,0.7,11.88,0.7,0.48,7.88,14.72,0.7,6.68,12.98,3.87,11.28,4.88,1.56,5.47,11.28,10.97,0.48,6.87,0.48,5.98,10.98,0.48,0.7,0.48,3.78,5.76,14.72,0.96,5.24,14.72,3.97,3.67,0.48,0.48,2.98,5.76,12.78,0.48,0.48,2.24,0.7,0.48,4.97,5.74,8.97,1.48,3.92,17.97,2.98,5.97,5.22,4.23,2.84,3.97,1.88,7.98,2.73,4.88,3.48,0.97,4.47,5.97,2.37,3.48,2.48,2.26,3.98,1.77,1.97,3.97,17.97,1.96,3.98,3.98,3.62,4.98,4.97,0.97,1.98,1.88,5.94,4.66,2.24,1.94,1.83,4.23,3.88,2.48,7.94,1.97,0.97,7.97,0.97,8.37,2.97,4.97
2015/12/13,4.64,0.48,1.16,0.7,0.7,11.88,0.7,0.48,7.88,14.72,0.7,6.68,12.98,3.87,11.28,4.88,1.56,5.47,11.28,10.97,0.48,6.87,0.48,5.98,10.98,0.48,0.7,0.48,3.78,5.76,14.72,0.96,5.24,14.72,3.97,3.67,0.48,0.48,2.98,5.76,12.78,0.48,0.48,2.24,0.7,0.48,4.97,5.74,8.97,1.48,3.92,17.97,2.98,5.97,5.22,4.23,2.84,3.97,1.88,7.98,2.73,4.88,3.48,0.97,4.47,5.97,2.37,3.48,2.48,2.26,3.98,1.77,1.97,3.97,17.97,1.96,3.98,3.98,3.62,4.98,4.97,0.97,1.98,1.88,5.94,4.66,2.24,1.94,1.83,4.23,3.88,2.48,7.94,1.97,0.97,7.97,0.97,8.37,2.97,4.97
2015/12/14,4.64,0.48,1.16,0.7,0.7,11.88,0.7,0.48,7.88,14.72,0.7,6.68,12.98,3.87,11.28,4.88,1.56,5.47,11.28,10.97,0.48,6.87,0.48,5.98,10.98,0.48,0.7,0.48,3.78,5.76,14.72,0.96,5.24,14.72,3.97,3.67,0.48,0.48,2.98,5.76,12.78,0.48,0.48,2.24,0.7,0.48,4.97,5.74,8.97,1.48,3.92,17.97,2.98,5.97,5.22,4.23,2.84,3.97,1.88,7.98,2.73,4.88,3.48,0.97,4.47,5.97,2.37,3.48,2.48,2.26,3.98,1.77,1.97,3.97,17.97,1.96,3.98,3.98,3.62,4.98,4.97,0.97,1.98,1.88,5.94,4.66,2.24,1.94,1.83,4.23,3.88,2.48,7.94,1.97,0.97,7.97,0.97,8.37,2.97,4.97
2015/12/15,4.64,0.48,1.16,0.7,0.7,11.88,0.7,0.48,7.88,14.72,0.7,6.68,12.98,3.87,11.28,4.88,1.56,5.47,11.28,10.97,0.48,6.87,0.48,5.98,10.98,0.48,0.7,0.48,3.78,5.76,14.72,0.96,5.24,14.72,3.97,3.67,0.48,0.48,2.98,5.76,12.78,0.48,0.48,2.24,0.7,0.48,4.97,5.74,8.97,1.48,3.92,17.97,2.98,5.97,5.22,4.23,2.84,3.97,1.88,7.98,2.73,4.88,3.48,0.97,4.47,5.97,2.37,3.48,2.48,2.26,3.98,1.77,1.97,3.97,17.97,1.96,3.98,3.98,3.62,4.98,4.97,0.97,1.98,1.88,5.94,4.66,2.24,1.94,1.83,4.23,3.88,2.48,7.94,1.97,0.97,7.97,0.97,8.37,2.97,4.97
2015/12/16,4.64,0.48,1.16,0.7,0.7,11.88,0.7,0.48,7.88,14.72,0.7,6.68,12.98,3.87,11.28,4.88,1.56,5.47,11.28,10.97,0.48,6.87,0.48,5.98,10.98,0.48,0.7,0.48,3.78,5.76,14.72,0.96,5.24,14.72,3.97,3.67,0.48,0.48,2.98,5.76,12.78,0.48,0.48,2.24,0.7,0.48,4.97,5.74,8.97,1.48,3.92,17.97,2.98,5.97,5.22,4.23,2.84,3.97,1.88,7.98,2.73,4.88,3.48,0.97,4.47,5.97,2.37,3.48,2.48,2.26,3.98,1.77,1.97,3.97,17.97,1.96,3.98,3.98,3.62,4.98,4.97,0.97,1.98,1.88,5.94,4.66,2.24,1.94,1.83,4.23,3.88,2.48,7.94,1.97,0.97,7.97,0.97,8.37,2.97,4.97
2015/12/17,4.64,0.48,1.16,0.7,0.7,11.88,0.7,0.48,7.88,14.72,0.7,6.68,12.98,3.87,11.28,4.88,1.56,5.47,11.28,10.97,0.48,6.87,0.48,5.98,10.98,0.48,0.7,0.48,3.78,5.76,14.72,0.96,5.24,14.72,3.97,3.67,0.48,0.48,2.98,5.76,12.78,0.48,0.48,2.24,0.7,0.48,4.97,5.74,8.97,1.48,3.92,17.97,2.98,5.97,5.22,4.23,2.84,3.97,1.88,7.98,2.73,4.88,3.48,0.97,4.47,5.97,2.37,3.48,2.48,2.26,3.98,1.77,1.97,3.97,17.97,1.96,3.98,3.98,3.62,4.98,4.97,0.97,1.98,1.88,5.94,4.66,2.24,1.94,1.83,4.23,3.88,2.48,7.94,1.97,0.97,7.97,0.97,8.37,2.97,4.97
2015/12/18,4.64,0.48,1.16,0.7,0.7,11.88,0.7,0.48,7.88,14.72,0.7,6.68,12.98,3.87,11.28,4.88,1.56,5.47,11.28,10.97,0.48,6.87,0.48,5.98,10.98,0.48,0.7,0.48,3.78,5.76,14.72,0.96,5.24,14.72,3.97,3.67,0.48,0.48,2.98,5.76,12.78,0.48,0.48,2.24,0.7,0.48,4.97,5.74,8.97,1.48,3.92,17.97,2.98,5.97,5.22,4.23,2.84,3.97,1.88,7.98,2.73,4.88,3.48,0.97,4.47,5.97,2.37,3.48,2.48,2.26,3.98,1.77,1.97,3.97,17.97,1.96,3.98,3.98,3.62,4.98,4.97,0.97,1.98,1.88,5.94,4.66,2.24,1.94,1.83,4.23,3.88,2.48,7.94,1.97,0.97,7.97,0.97,8.37,2.97,4.97
2015/12/19,4.64,0.48,1.16,0.7,0.7,11.88,0.7,0.48,7.88,14.72,0.7,6.68,12.98,3.87,11.28,4.88,1.56,5.47,11.28,10.97,0.48,6.87,0.48,5.98,10.98,0.48,0.7,0.48,3.78,5.76,14.72,0.96,5.24,14.72,3.97,3.67,0.48,0.48,2.98,5.76,12.78,0.48,0.48,2.24,0.7,0.48,4.97,5.74,8.97,1.48,3.92,17.97,2.98,5.97,5.22,4.23,2.84,3.97,1.88,7.98,2.73,4.88,3.48,0.97,4.47,5.97,2.37,3.48,2.48,2.26,3.98,1.77,1.97,3.97,17.97,1.96,3.98,3.98,3.62,4.98,4.97,0.97,1.98,1.88,5.94,4.66,2.24,1.94,1.83,4.23,3.88,2.48,7.94,1.97,0.97,7.97,0.97,8.37,2.97,4.97
2015/12/20,4.64,0.48,1.16,0.7,0.7,11.88,0.7,0.48,7.88,14.72,0.7,6.68,12.98,3.87,11.28,4.88,1.56,5.47,11.28,10.97,0.48,6.87,0.48,5.98,10.98,0.48,0.7,0.48,3.78,5.76,14.72,0.96,5.24,14.72,3.97,3.67,0.48,0.48,2.98,5.76,12.78,0.48,0.48,2.24,0.7,0.48,4.97,5.74,8.97,1.48,3.92,17.97,2.98,5.97,5.22,4.23,2.84,3.97,1.88,7.98,2.73,4.88,3.48,0.97,4.47,5.97,2.37,3.48,2.48,2.26,3.98,1.77,1.97,3.97,17.97,1.96,3.98,3.98,3.62,4.98,4.97,0.97,1.98,1.88,5.94,4.66,2.24,1.94,1.83,4.23,3.88,2.48,7.94,1.97,0.97,7.97,0.97,8.37,2.97,4.97
2015/12/21,4.64,0.48,1.16,0.7,0.7,11.88,0.7,0.48,7.88,14.72,0.7,6.68,12.98,3.87,11.28,4.88,1.56,5.47,11.28,10.97,0.48,6.87,0.48,5.98,10.98,0.48,0.7,0.48,3.78,5.76,14.72,0.96,5.24,14.72,3.97,3.67,0.48,0.48,2.98,5.76,12.78,0.48,0.48,2.24,0.7,0.48,4.97,5.74,8.97,1.48,3.92,17.97,2.98,5.97,5.22,4.23,2.84,3.97,1.88,7.98,2.73,4.88,3.48,0.97,4.47,5.97,2.37,3.48,2.48,2.26,3.98,1.77,1.97,3.97,17.97,1.96,3.98,3.98,3.62,4.98,4.97,0.97,1.98,1.88,5.94,4.66,2.24,1.94,1.83,4.23,3.88,2.48,7.94,1.97,0.97,7.97,0.97,8.37,2.97,4.97
2015/12/22,4.64,0.48,1.16,0.7,0.7,11.88,0.7,0.48,7.88,14.72,0.7,6.68,12.98,3.87,11.28,4.88,1.56,5.47,11.28,10.97,0.48,6.87,0.48,5.98,10.98,0.48,0.7,0.48,3.78,5.76,14.72,0.96,5.24,14.72,3.97,3.67,0.48,0.48,2.98,5.76,12.78,0.48,0.48,2.24,0.7,0.48,4.97,5.74,8.97,1.48,3.92,17.97,2.98,5.97,5.22,4.23,2.84,3.97,1.88,7.98,2.73,4.88,3.48,0.97,4.47,5.97,2.37,3.48,2.48,2.26,3.98,1.77,1.97,3.97,17.97,1.96,3.98,3.98,3.62,4.98,4.97,0.97,1.98,1.88,5.94,4.66,2.24,1.94,1.83,4.23,3.88,2.48,7.94,1.97,0.97,7.97,0.97,8.37,2.97,4.97
2015/12/23,4.64,0.48,1.16,0.7,0.7,11.88,0.7,0.48,7.88,14.72,0.7,6.68,12.98,3.87,11.28,4.88,1.56,5.47,11.28,10.97,0.48,6.87,0.48,5.98,10.98,0.48,0.7,0.48,3.78,5.76,14.72,0.96,5.24,14.72,3.97,3.67,0.48,0.48,2.98,5.76,12.78,0.48,0.48,2.24,0.7,0.48,4.97,5.74,8.97,1.48,3.92,17.97,2.98,5.97,5.22,4.23,2.84,3.97,1.88,7.98,2.73,4.88,3.48,0.97,4.47,5.97,2.37,3.48,2.48,2.26,3.98,1.77,1.97,3.97,17.97,1.96,3.98,3.98,3.62,4.98,4.97,0.97,1.98,1.88,5.94,4.66,2.24,1.94,1.83,4.23,3.88,2.48,7.94,1.97,0.97,7.97,0.97,8.37,2.97,4.97
2015/12/24,4.64,0.48,1.16,0.7,0.7,11.88,0.7,0.48,7.88,14.72,0.7,6.68,12.98,3.87,11.28,4.88,1.56,5.47,11.28,10.97,0.48,6.87,0.48,5.98,10.98,0.48,0.7,0.48,3.78,5.76,14.72,0.96,5.24,14.72,3.97,3.67,0.48,0.48,2.98,5.76,12.78,0.48,0.48,2.24,0.7,0.48,4.97,5.74,8.97,1.48,3.92,17.97,2.98,5.97,5.22,4.23,2.84,3.97,1.88,7.98,2.73,4.88,3.48,0.97,4.47,5.97,2.37,3.48,2.48,2.26,3.98,1.77,1.97,3.97,17.97,1.96,3.98,3.98,3.62,4.98,4.97,0.97,1.98,1.88,5.94,4.66,2.24,1.94,1.83,4.23,3.88,2.48,7.94,1.97,0.97,7.97,0.97,8.37,2.97,4.97
2015/12/25,4.64,0.48,1.16,0.7,0.7,11.88,0.7,0.48,7.88,14.72,0.7,6.68,12.98,3.87,11.28,4.88,1.56,5.47,11.28,10.97,0.48,6.87,0.48,5.98,10.98,0.48,0.7,0.48,3.78,5.76,14.72,0.96,5.24,14.72,3.97,3.67,0.48,0.48,2.98,5.76,12.78,0.48,0.48,2.24,0.7,0.48,4.97,5.74,8.97,1.48,3.92,17.97,2.98,5.97,5.22,4.23,2.84,3.97,1.88,7.98,2.73,4.88,3.48,0.97,4.47,5.97,2.37,3.48,2.48,2.26,3.98,1.77,1.97,3.97,17.97,1.96,3.98,3.98,3.62,4.98,4.97,0.97,1.98,1.88,5.94,4.66,2.24,1.94,1.83,4.23,3.88,2.48,7.94,1.97,0.97,7.97,0.97,8.37,2.97,4.97
2015/12/26,4.64,0.48,1.16,0.7,0.7,11.88,0.7,0.48,7.88,14.72,0.7,6.68,12.98,3.87,11.28,4.88,1.56,5.47,11.28,10.97,0.48,6.87,0.48,5.98,10.98,0.48,0.7,0.48,3.78,5.76,14.72,0.96,5.24,14.72,3.97,3.67,0.48,0.48,2.98,5.76,12.78,0.48,0.48,2.24,0.7,0.48,4.97,5.74,8.97,1.48,3.92,17.97,2.98,5.97,5.22,4.23,2.84,3.97,1.88,7.98,2.73,4.88,3.48,0.97,4.47,5.97,2.37,3.48,2.48,2.26,3.98,1.77,1.97,3.97,17.97,1.98,3.98,3.98,3.62,4.98,4.97,0.97,1.98,1.88,5.94,4.66,2.24,1.94,1.83,4.23,3.88,2.48,7.94,1.97,0.97,7.97,0.97,8.37,2.97,4.97
2015/12/27,4.64,0.48,1.16,0.7,0.7,11.88,0.7,0.48,7.88,14.72,0.7,6.68,12.98,3.87,11.28,4.88,1.56,5.47,11.28,10.97,0.48,6.87,0.48,5.98,10.98,0.48,0.7,0.48,3.78,5.76,14.72,0.96,5.24,14.72,3.97,3.67,0.48,0.48,2.98,5.76,12.78,0.48,0.48,2.24,0.7,0.48,4.97,5.74,8.97,1.48,3.92,17.97,2.98,5.97,5.22,4.23,2.84,3.97,1.88,7.98,2.73,4.88,3.48,0.97,4.47,5.97,2.37,3.48,2.48,2.26,3.98,1.77,1.97,3.97,17.97,1.98,3.98,3.98,3.62,4.98,4.97,0.97,1.98,1.88,5.94,4.66,2.24,1.94,1.83,4.23,3.88,2.48,7.94,1.97,0.97,7.97,0.97,8.37,2.97,4.97
2015/12/28,4.64,0.48,1.16,0.7,0.7,11.88,0.7,0.48,7.88,14.72,0.7,6.68,12.98,3.87,11.28,4.88,1.56,5.47,11.28,10.97,0.48,6.87,0.48,5.98,10.98,0.48,0.7,0.48,3.78,5.76,14.72,0.96,5.24,14.72,3.97,3.67,0.48,0.48,2.98,5.76,12.78,0.48,0.48,2.24,0.7,0.48,4.97,5.74,8.97,1.48,3.92,17.97,2.98,5.97,5.22,4.23,2.84,3.97,1.88,7.98,2.73,4.88,3.48,0.97,4.47,5.97,2.37,3.48,2.48,2.26,3.98,1.77,1.97,3.97,17.97,1.98,3.98,3.98,3.62,4.98,4.97,0.97,1.98,1.88,5.94,4.66,2.24,1.94,1.83,4.23,3.88,2.48,7.94,1.97,0.97,7.97,0.97,8.37,2.97,4.97
2015/12/29,4.64,0.48,1.16,0.7,0.7,11.88,0.7,0.48,7.88,14.72,0.7,6.68,12.98,3.87,11.28,4.88,1.56,5.47,11.28,10.97,0.48,6.87,0.48,5.98,10.98,0.48,0.7,0.48,3.78,5.76,14.72,0.96,5.24,14.72,3.97,3.67,0.48,0.48,2.98,5.76,12.78,0.48,0.48,2.24,0.7,0.48,4.97,5.74,8.97,1.48,3.92,17.97,2.98,5.97,5.22,4.23,2.84,3.97,1.88,7.98,2.73,4.88,3.48,0.97,4.47,5.97,2.37,3.48,2.48,2.26,3.98,1.77,1.97,3.97,17.97,1.98,3.98,3.98,3.62,4.98,4.97,0.97,1.98,1.88,5.94,4.66,2.24,1.94,1.83,4.23,3.88,2.48,7.94,1.97,0.97,7.97,0.97,8.37,2.97,4.97
2015/12/30,4.64,0.48,1.16,0.7,0.7,11.88,0.7,0.48,7.88,14.72,0.7,6.68,12.98,3.87,11.28,4.88,1.56,5.47,11.28,10.97,0.48,6.87,0.48,5.98,10.98,0.48,0.7,0.48,3.78,5.76,14.72,0.96,5.24,14.72,3.97,3.67,0.48,0.48,2.98,5.76,12.78,0.48,0.48,2.24,0.7,0.48,4.97,5.74,8.97,1.48,3.92,17.97,2.98,5.97,5.22,4.23,2.84,3.97,1.88,7.98,2.73,4.88,3.48,0.97,4.47,5.97,2.37,3.48,2.48,2.26,3.98,1.77,1.97,3.97,17.97,1.98,3.98,3.98,3.62,4.98,4.97,0.97,1.98,1.88,5.94,4.66,2.24,1.94,1.83,4.23,3.88,2.48,7.94,1.97,0.97,7.97,0.97,8.37,2.97,4.97
2015/12/31,4.64,0.48,1.16,0.7,0.7,11.88,0.7,0.48,7.88,14.72,0.7,6.68,12.98,3.87,11.28,4.88,1.56,5.47,11.28,10.97,0.48,6.87,0.48,5.98,10.98,0.48,0.7,0.48,3.78,5.76,14.72,0.96,5.24,14.72,3.97,3.67,0.48,0.48,2.98,5.76,12.78,0.48,0.48,2.24,0.7,0.48,4.97,5.74,8.97,1.48,3.92,17.97,2.98,5.97,5.22,4.23,2.84,3.97,1.88,7.98,2.73,4.88,3.48,0.97,4.47,5.97,2.37,3.48,2.48,2.26,3.98,1.77,1.97,3.97,17.97,1.98,3.98,3.98,3.62,4.98,4.97,0.97,1.98,1.88,5.94,4.66,2.24,1.94,1.83,4.23,3.88,2.48,7.94,1.97,0.97,7.97,0.97,8.37,2.97,4.97
2016/01/01,4.64,0.48,1.16,0.7,0.7,11.88,0.7,0.48,7.88,14.72,0.7,6.68,12.98,3.87,11.28,4.88,1.56,5.47,11.28,10.97,0.48,6.87,0.48,5.98,10.98,0.48,0.7,0.48,3.78,5.76,14.72,0.96,5.24,14.72,3.97,3.67,0.48,0.48,2.98,5.76,12.78,0.48,0.48,2.24,0.7,0.48,4.97,5.74,8.97,1.48,3.92,17.97,2.98,5.97,5.22,4.23,2.84,3.97,1.88,7.98,2.73,4.88,3.48,0.97,4.47,5.97,2.37,3.48,2.48,2.26,3.98,1.77,1.97,3.97,17.97,1.98,3.98,3.98,3.62,4.98,4.97,0.97,1.98,1.88,5.94,4.66,2.24,1.94,1.83,4.23,3.88,2.48,7.94,1.97,0.97,7.97,0.97,8.37,2.97,4.97
2016/01/02,4.64,0.48,1.16,0.7,0.7,11.88,0.7,0.48,7.88,14.72,0.7,6.68,12.98,3.87,11.28,4.88,1.56,5.47,11.28,10.97,0.48,6.87,0.48,5.98,10.98,0.48,0.7,0.48,3.78,5.76,14.72,0.96,5.24,14.72,3.97,3.67,0.48,0.48,2.98,5.76,12.78,0.48,0.48,2.24,0.7,0.48,4.97,5.74,8.97,1.48,3.92,17.97,2.98,5.97,5.22,4.23,2.84,3.97,1.88,7.98,2.73,4.88,3.48,0.97,4.47,5.97,2.37,3.48,2.48,2.26,3.98,1.77,1.97,3.97,17.97,1.98,3.98,3.98,3.62,4.98,4.97,0.97,1.98,1.88,5.94,4.66,2.24,1.94,1.83,4.23,3.88,2.48,7.94,1.97,0.97,7.97,0.97,8.37,2.97,4.97
2016/01/03,4.64,0.48,1.16,0.7,0.7,11.88,0.7,0.48,7.88,14.72,0.7,6.68,12.98,3.87,11.28,4.88,1.56,5.47,11.28,10.97,0.48,6.87,0.48,5.98,10.98,0.48,0.7,0.48,3.78,5.76,14.72,0.96,5.24,14.72,3.97,3.67,0.48,0.48,2.98,5.76,12.78,0.48,0.48,2.24,0.7,0.48,4.97,5.74,8.97,1.48,3.92,17.97,2.98,5.97,5.22,4.23,2.84,3.97,1.88,7.98,2.73,4.88,3.48,0.97,4.47,5.97,2.37,3.48,2.48,2.26,3.98,1.77,1.97,3.97,17.97,1.98,3.98,3.98,3.62,4.98,4.97,0.97,1.98,1.88,5.94,4.66,2.24,1.94,1.83,4.23,3.88,2.48,7.94,1.97,0.97,7.97,0.97,8.37,2.97,4.97
2016/01/04,4.64,0.48,1.16,0.7,0.7,11.88,0.7,0.48,7.88,14.72,0.7,6.68,12.98,3.87,11.28,4.88,1.56,5.47,11.28,10.97,0.48,6.87,0.48,5.98,10.98,0.48,0.7,0.48,3.78,5.76,14.72,0.96,5.24,14.72,3.97,3.67,0.48,0.48,2.98,5.76,12.78,0.48,0.48,2.24,0.7,0.48,4.97,5.74,8.97,1.48,3.92,17.97,2.98,5.97,5.22,4.23,2.84,3.97,1.88,7.98,2.73,4.88,3.48,0.97,4.47,5.97,2.37,3.48,2.48,2.26,3.98,1.77,1.97,3.97,17.97,1.98,3.98,3.98,3.62,4.98,4.97,0.97,1.98,1.88,5.94,4.66,2.24,1.94,1.83,4.23,3.88,2.48,7.94,1.97,0.97,7.97,0.97,8.37,2.97,4.97
2016/01/05,4.64,0.48,1.16,0.7,0.7,11.88,0.7,0.48,7.88,14.72,0.7,6.68,12.98,3.87,11.28,4.88,1.56,5.47,11.28,10.97,0.48,6.87,0.48,5.98,10.98,0.48,0.7,0.48,3.78,5.76,14.72,0.96,5.24,14.72,3.97,3.67,0.48,0.48,2.98,5.76,12.78,0.48,0.48,2.24,0.7,0.48,4.97,5.74,8.97,1.48,3.92,17.97,2.98,5.97,5.22,4.23,2.84,3.97,1.88,7.98,2.73,4.88,3.48,0.97,4.47,5.97,2.37,3.48,2.48,2.26,3.98,1.77,1.97,3.97,17.97,1.98,3.98,3.98,3.62,4.98,4.97,0.97,1.98,1.88,5.94,4.66,2.24,1.94,1.83,4.23,3.88,2.48,7.94,1.97,0.97,7.97,0.97,8.37,2.97,4.97
2016/01/06,4.64,0.48,1.16,0.7,0.7,11.88,0.7,0.48,7.88,14.72,0.7,6.68,12.98,3.87,11.28,4.88,1.56,5.47,11.28,10.97,0.48,6.87,0.48,5.98,10.98,0.48,0.7,0.48,3.78,5.76,14.72,0.96,5.24,14.72,3.97,3.67,0.48,0.48,2.98,5.76,12.78,0.48,0.48,2.24,0.7,0.48,4.97,5.74,8.97,1.48,3.92,17.97,2.98,5.97,5.22,4.23,2.84,3.97,1.88,7.98,2.73,4.88,3.48,0.97,4.47,5.97,2.37,3.48,2.48,2.26,3.98,1.77,1.97,3.97,17.97,1.98,3.98,3.98,3.62,4.98,4.97,0.97,1.98,1.88,5.94,4.66,2.24,1.94,1.83,4.23,3.88,2.48,7.94,1.97,0.97,7.97,0.97,8.37,2.97,4.97
2016/01/07,4.64,0.48,1.16,0.7,0.7,11.88,0.7,0.48,7.88,14.72,0.7,6.68,12.98,3.87,11.28,4.88,1.56,5.47,11.28,10.97,0.48,6.87,0.48,5.98,10.98,0.48,0.7,0.48,3.78,5.76,14.72,0.96,5.24,14.72,3.97,3.67,0.48,0.48,2.98,5.76,12.78,0.48,0.48,2.24,0.7,0.48,4.97,5.74,8.97,1.48,3.92,17.97,2.98,5.97,5.22,4.23,2.84,3.97,1.88,7.98,2.73,4.88,3.48,0.97,4.47,5.97,2.37,3.48,2.48,2.26,3.98,1.77,1.97,3.97,17.97,1.98,3.98,3.98,3.62,4.98,4.97,0.97,1.98,1.88,5.94,4.66,2.24,1.94,1.83,4.23,3.88,2.48,7.94,1.97,0.97,7.97,0.97,8.37,2.97,4.97
2016/01/08,4.64,0.48,1.16,0.7,0.7,11.88,0.7,0.48,7.88,14.72,0.7,6.68,12.98,3.87,11.28,4.88,1.56,5.47,11.28,10.97,0.48,6.87,0.48,5.98,10.98,0.48,0.7,0.48,3.78,5.76,14.72,0.96,5.24,14.72,3.97,3.67,0.48,0.48,2.98,5.76,12.78,0.48,0.48,2.24,0.7,0.48,4.97,5.74,8.97,1.48,3.92,17.97,2.98,5.97,5.22,4.23,2.84,3.97,1.88,7.98,2.73,4.88,3.48,0.97,4.47,5.97,2.37,3.48,2.48,2.26,3.98,1.77,1.97,3.97,17.97,1.98,3.98,3.98,3.62,4.98,4.97,0.97,1.98,1.88,5.94,4.66,2.24,1.94,1.83,4.23,3.88,2.48,7.94,1.97,0.97,7.97,0.97,8.37,2.97,4.97
2016/01/09,4.64,0.48,1.16,0.7,0.7,11.88,0.7,0.48,7.88,14.72,0.7,6.68,12.98,3.87,11.28,4.88,1.56,5.47,11.28,10.97,0.48,6.87,0.48,5.98,10.98,0.48,0.7,0.48,3.78,5.76,14.72,0.96,5.24,14.72,3.97,3.67,0.48,0.48,2.98,5.76,12.78,0.48,0.48,2.24,0.7,0.48,4.97,5.74,8.97,1.48,3.92,17.97,2.98,5.97,5.22,4.23,2.84,3.97,1.88,7.98,2.73,4.88,3.48,0.97,4.47,5.97,2.37,3.48,2.48,2.26,3.98,1.77,1.97,3.97,17.97,1.98,3.98,3.98,3.62,4.98,4.97,0.97,1.98,1.88,5.94,4.66,2.24,1.94,1.83,4.23,3.88,2.48,7.94,1.97,0.97,7.97,0.97,8.37,2.97,4.97
2016/01/10,4.64,0.48,1.16,0.7,0.7,11.88,0.7,0.48,7.88,14.72,0.7,6.68,12.98,3.87,11.28,4.88,1.56,5.47,11.28,10.97,0.48,6.87,0.48,5.98,10.98,0.48,0.7,0.48,3.78,5.76,14.72,0.96,5.24,14.72,3.97,3.67,0.48,0.48,2.98,5.76,12.78,0.48,0.48,2.24,0.7,0.48,4.97,5.74,8.97,1.48,3.92,17.97,2.98,5.97,5.22,4.23,2.84,3.97,1.88,7.98,2.73,4.88,3.48,0.97,4.47,5.97,2.37,3.48,2.48,2.26,3.98,1.77,1.97,3.97,17.97,1.98,3.98,3.98,3.62,4.98,4.97,0.97,1.98,1.88,5.94,4.66,2.24,1.94,1.83,4.23,3.88,2.48,7.94,1.97,0.97,7.97,0.97,8.37,2.97,4.97
2016/01/11,4.64,0.48,1.16,0.7,0.7,11.88,0.7,0.48,7.88,14.72,0.7,6.68,12.98,3.87,11.28,4.88,1.56,5.47,11.28,10.97,0.48,6.87,0.48,5.98,10.98,0.48,0.7,0.48,3.78,5.76,14.72,0.96,5.24,14.72,3.97,3.67,0.48,0.48,2.98,5.76,12.78,0.48,0.48,2.24,0.7,0.48,4.97,5.74,8.97,1.48,3.92,17.97,2.98,5.97,5.22,4.23,2.84,3.97,1.88,7.98,2.73,4.88,3.48,0.97,4.47,5.97,2.37,3.48,2.48,2.26,3.98,1.77,1.97,3.97,17.97,1.98,3.98,3.98,3.62,4.98,4.97,0.97,1.98,1.88,5.94,4.66,2.24,1.94,1.83,4.23,3.88,2.48,7.94,1.97,0.97,7.97,0.97,8.37,2.97,4.97
2016/01/12,4.64,0.48,1.16,0.7,0.7,11.88,0.7,0.48,7.88,14.72,0.7,6.68,12.98,3.87,11.28,4.88,1.56,5.47,11.28,10.97,0.48,6.87,0.48,5.98,10.98,0.48,0.7,0.48,3.78,5.76,14.72,0.96,5.24,14.72,3.97,3.67,0.48,0.48,2.98,5.76,12.78,0.48,0.48,2.24,0.7,0.48,4.97,5.74,8.97,1.48,3.92,17.97,2.98,5.97,5.22,4.23,2.84,3.97,1.88,7.98,2.73,4.88,3.48,0.97,4.47,5.97,2.37,3.48,2.48,2.26,3.98,1.77,1.97,3.97,17.97,1.98,3.98,3.98,3.62,4.98,4.97,0.97,1.98,1.88,5.94,4.66,2.24,1.94,1.83,4.23,3.88,2.48,7.94,1.97,0.97,7.97,0.97,8.37,2.97,4.97
2016/01/13,4.64,0.48,1.16,0.7,0.7,11.88,0.7,0.48,7.88,14.72,0.7,6.68,12.98,3.87,11.28,4.88,1.56,5.47,11.28,10.97,0.48,6.87,0.48,5.98,10.98,0.48,0.7,0.48,3.78,5.76,14.72,0.96,5.24,14.72,3.97,3.67,0.48,0.48,2.98,5.76,12.78,0.48,0.48,2.24,0.7,0.48,4.97,5.74,8.97,1.48,3.92,17.97,2.98,5.97,5.22,4.23,2.84,3.97,1.88,7.98,2.73,4.88,3.48,0.97,4.47,5.97,2.37,3.48,2.48,2.26,3.98,1.77,1.97,3.97,17.97,1.98,3.98,3.98,3.62,4.98,4.97,0.97,1.98,1.88,5.94,4.66,2.24,1.94,1.83,4.23,3.88,2.48,7.94,1.97,0.97,7.97,0.97,8.37,2.97,4.97
2016/01/14,4.64,0.48,1.16,0.7,0.7,11.88,0.7,0.48,7.88,14.72,0.7,6.68,12.98,3.87,11.28,4.88,1.56,5.47,11.28,10.97,0.48,6.87,0.48,5.98,10.98,0.48,0.7,0.48,3.78,5.76,14.72,0.96,5.24,14.72,3.97,3.67,0.48,0.48,2.98,5.76,12.78,0.48,0.48,2.24,0.7,0.48,4.97,5.74,8.97,1.48,3.92,17.97,2.98,5.97,5.22,4.23,2.84,3.97,1.88,7.98,2.73,4.88,3.48,0.97,4.47,5.97,2.37,3.48,2.48,2.26,3.98,1.77,1.97,3.97,17.97,1.98,3.98,3.98,3.62,4.98,4.97,0.97,1.98,1.88,5.94,4.66,2.24,1.94,1.83,4.23,3.88,2.48,7.94,1.97,0.97,7.97,0.97,8.37,2.97,4.97
2016/01/15,4.64,0.48,1.16,0.7,0.7,11.88,0.7,0.48,7.88,14.72,0.7,6.68,12.98,3.87,11.28,4.88,1.56,5.47,11.28,10.97,0.48,6.87,0.48,5.98,10.98,0.48,0.7,0.48,3.78,5.76,14.72,0.96,5.24,14.72,3.97,3.67,0.48,0.48,2.98,5.76,12.78,0.48,0.48,2.24,0.7,0.48,4.97,5.74,8.97,1.48,3.92,17.97,2.98,5.97,5.22,4.23,2.84,3.97,1.88,7.98,2.73,4.88,3.48,0.97,4.47,5.97,2.37,3.48,2.48,2.26,3.98,1.77,1.97,3.97,17.97,1.98,3.98,3.98,3.62,4.98,4.97,0.97,1.98,1.88,5.94,4.66,2.24,1.94,1.83,4.23,3.88,2.48,7.94,1.97,0.97,7.97,0.97,8.37,2.97,4.97
2016/01/16,4.64,0.48,1.16,0.7,0.7,11.88,0.7,0.48,7.88,14.72,0.7,6.68,12.98,3.87,11.28,4.88,1.56,5.47,11.28,10.97,0.48,6.87,0.48,5.98,10.98,0.48,0.7,0.48,3.78,5.76,14.72,0.96,5.24,14.72,3.97,3.67,0.48,0.48,2.98,5.76,12.78,0.48,0.48,2.24,0.7,0.48,4.97,5.74,8.97,1.48,3.92,17.97,2.98,5.97,5.22,4.23,2.84,3.97,1.88,7.98,2.73,4.88,3.48,0.97,4.47,5.97,2.37,3.48,2.48,2.26,3.98,1.77,1.97,3.97,17.97,1.98,3.98,3.98,3.62,4.98,4.97,0.97,1.98,1.88,5.94,4.66,2.24,1.94,1.83,4.23,3.88,2.48,7.94,1.97,0.97,7.97,0.97,8.37,2.97,4.97
2016/01/17,4.64,0.48,1.16,0.7,0.7,11.88,0.7,0.48,7.88,14.72,0.7,6.68,12.98,3.87,11.28,4.88,1.56,5.47,11.28,10.97,0.48,6.87,0.48,5.98,10.98,0.48,0.7,0.48,3.78,5.76,14.72,0.96,5.24,14.72,3.97,3.67,0.48,0.48,2.98,5.76,12.78,0.48,0.48,2.24,0.7,0.48,4.97,5.74,8.97,1.48,3.92,17.97,2.98,5.97,5.22,4.23,2.84,3.97,1.88,7.98,2.73,4.88,3.48,0.97,4.47,5.97,2.37,3.48,2.48,2.26,3.98,1.77,1.97,3.97,17.97,1.98,3.98,3.98,3.62,4.98,4.97,0.97,1.98,1.88,5.94,4.66,2.24,1.94,1.83,4.23,3.88,2.48,7.94,1.97,0.97,7.97,0.97,8.37,2.97,4.97
2016/01/18,4.64,0.48,1.16,0.7,0.7,11.88,0.7,0.48,7.88,14.72,0.7,6.68,12.98,3.87,11.28,4.88,1.56,5.47,11.28,10.97,0.48,6.87,0.48,5.98,10.98,0.48,0.7,0.48,3.78,5.76,14.72,0.96,5.24,14.72,3.97,3.67,0.48,0.48,2.98,5.76,12.78,0.48,0.48,2.24,0.7,0.48,4.97,5.74,8.97,1.48,3.92,17.97,2.98,5.97,5.22,4.23,2.84,3.97,1.88,7.98,2.73,4.88,3.48,0.97,4.47,5.97,2.37,3.48,2.48,2.26,3.98,1.77,1.97,3.97,17.97,1.98,3.98,3.98,3.62,4.98,4.97,0.97,1.98,1.88,5.94,4.66,2.24,1.94,1.83,4.23,3.88,2.48,7.94,1.97,0.97,7.97,0.97,8.37,2.97,4.97
2016/01/19,4.64,0.48,1.16,0.7,0.7,11.88,0.7,0.48,7.88,14.72,0.7,6.68,12.98,3.87,11.28,4.88,1.56,5.47,11.28,10.97,0.48,6.87,0.48,5.98,10.98,0.48,0.7,0.48,3.78,5.76,14.72,0.96,5.24,14.72,3.97,3.67,0.48,0.48,2.98,5.76,12.78,0.48,0.48,2.24,0.7,0.48,4.97,5.74,8.97,1.48,3.92,17.97,2.98,5.97,5.22,4.23,2.84,3.97,1.88,7.98,2.73,4.88,3.48,0.97,4.47,5.97,2.37,3.48,2.48,2.26,3.98,1.77,1.97,3.97,17.97,1.98,3.98,3.98,3.62,4.98,4.97,0.97,1.98,1.88,5.94,4.66,2.24,1.94,1.83,4.23,3.88,2.48,7.94,1.97,0.97,7.97,0.97,8.37,2.97,4.97
2016/01/20,4.64,0.48,1.16,0.7,0.7,11.88,0.7,0.48,7.88,14.72,0.7,6.68,12.98,3.87,11.28,4.88,1.56,5.47,11.28,10.97,0.48,6.87,0.48,5.98,10.98,0.48,0.7,0.48,3.78,5.76,14.72,0.96,5.24,14.72,3.97,3.67,0.48,0.48,2.98,5.76,12.78,0.48,0.48,2.24,0.7,0.48,4.97,5.74,8.97,1.48,3.92,17.97,2.98,5.97,5.22,4.23,2.84,3.97,1.88,7.98,2.73,4.88,3.48,0.97,4.47,5.97,2.37,3.48,2.48,2.26,3.98,1.77,1.97,3.97,17.97,1.98,3.98,3.98,3.62,4.98,4.97,0.97,1.98,1.88,5.94,4.66,2.24,1.94,1.83,4.23,3.88,2.48,7.94,1.97,0.97,7.97,0.97,8.37,2.97,4.97
2016/01/21,4.64,0.48,1.16,0.7,0.7,11.88,0.7,0.48,7.88,14.72,0.7,6.68,12.98,3.87,11.28,4.88,1.56,5.47,11.28,10.97,0.48,6.87,0.48,5.98,10.98,0.48,0.7,0.48,3.78,5.76,14.72,0.96,5.24,14.72,3.97,3.67,0.48,0.48,2.98,5.76,12.78,0.48,0.48,2.24,0.7,0.48,4.97,5.74,8.97,1.48,3.92,17.97,2.98,5.97,5.22,4.23,2.84,3.97,1.88,7.98,2.73,4.88,3.48,0.97,4.47,5.97,2.37,3.48,2.48,2.26,3.98,1.77,1.97,3.97,17.97,1.98,3.98,3.98,3.62,4.98,4.97,0.97,1.98,1.88,5.94,4.66,2.24,1.94,1.83,4.23,3.88,2.48,7.94,1.97,0.97,7.97,0.97,8.37,2.97,4.97
2016/01/22,4.64,0.48,1.16,0.7,0.7,11.88,0.7,0.48,7.88,14.72,0.7,6.68,12.98,3.87,11.28,4.88,1.56,5.47,11.28,10.97,0.48,6.87,0.48,5.98,10.98,0.48,0.7,0.48,3.78,5.76,14.72,0.96,5.24,14.72,3.97,3.67,0.48,0.48,2.98,5.76,12.78,0.48,0.48,2.24,0.7,0.48,4.97,5.74,8.97,1.48,3.92,17.97,2.98,5.97,5.22,4.23,2.84,3.97,1.88,7.98,2.73,4.88,3.48,0.97,4.47,5.97,2.37,3.48,2.48,2.26,3.98,1.77,1.97,3.97,17.97,1.98,3.98,3.98,3.62,4.98,4.97,0.97,1.98,1.88,5.94,4.66,2.24,1.94,1.83,4.23,3.88,2.48,7.94,1.97,0.97,7.97,0.97,8.37,2.97,4.97
2016/01/23,4.64,0.48,1.16,0.7,0.7,11.88,0.7,0.48,7.88,14.72,0.7,6.68,12.98,3.87,11.28,4.88,1.56,5.47,11.28,10.97,0.48,6.87,0.48,5.98,10.98,0.48,0.7,0.48,3.78,5.76,14.72,0.96,5.24,14.72,3.97,3.67,0.48,0.48,2.98,5.76,12.78,0.48,0.48,2.24,0.7,0.48,4.97,5.74,8.97,1.48,3.92,17.97,2.98,5.97,5.22,4.23,2.84,3.97,1.88,7.98,2.73,4.88,3.48,0.97,4.47,5.97,2.37,3.48,2.48,2.26,3.98,1.77,1.97,3.97,17.97,1.98,3.98,3.98,3.62,4.98,4.97,0.97,1.98,1.88,5.94,4.66,2.24,1.94,1.83,4.23,3.88,2.48,7.94,1.97,0.97,7.97,0.97,8.37,2.97,4.97
2016/01/24,4.64,0.48,1.16,0.7,0.7,11.88,0.7,0.48,7.88,14.72,0.7,6.68,12.98,3.87,11.28,4.88,1.56,5.47,11.28,10.97,0.48,6.87,0.48,5.98,10.98,0.48,0.7,0.48,3.78,5.76,14.72,0.96,5.24,14.72,3.97,3.67,0.48,0.48,2.98,5.76,12.78,0.48,0.48,2.24,0.7,0.48,4.97,5.74,8.97,1.48,3.92,17.97,2.98,5.97,5.22,4.23,2.84,3.97,1.88,7.98,2.73,4.88,3.48,0.97,4.47,5.97,2.37,3.48,2.48,2.26,3.98,1.77,1.97,3.97,17.97,1.98,3.98,3.98,3.62,4.98,4.97,0.97,1.98,1.88,5.94,4.66,2.24,1.94,1.83,4.23,3.88,2.48,7.94,1.97,0.97,7.97,0.97,8.37,2.97,4.97
2016/01/25,4.64,0.48,1.16,0.7,0.7,11.88,0.7,0.48,7.88,14.72,0.7,6.68,12.98,3.87,11.28,4.88,1.56,5.47,11.28,10.97,0.48,6.87,0.48,5.98,10.98,0.48,0.7,0.48,3.78,5.76,14.72,0.96,5.24,14.72,3.97,3.67,0.48,0.48,2.98,5.76,12.78,0.48,0.48,2.24,0.7,0.48,4.97,5.74,8.97,1.48,3.92,17.97,2.98,5.97,5.22,4.23,2.84,3.97,1.88,7.98,2.73,4.88,3.48,0.97,4.47,5.97,2.37,3.48,2.48,2.26,3.98,1.77,1.97,3.97,17.97,1.98,3.98,3.98,3.62,4.98,4.97,0.97,1.98,1.88,5.94,4.66,2.24,1.94,1.83,4.23,3.88,2.48,7.94,1.97,0.97,7.97,0.97,8.37,2.97,4.97
2016/01/26,4.64,0.48,1.16,0.7,0.7,11.88,0.7,0.48,7.88,14.72,0.7,6.68,12.98,3.87,11.28,4.88,1.56,5.47,11.28,10.97,0.48,6.87,0.48,5.98,10.98,0.48,0.7,0.48,3.78,5.76,14.72,0.96,5.24,14.72,3.97,3.67,0.48,0.48,2.98,5.76,12.78,0.48,0.48,2.24,0.7,0.48,4.97,5.74,8.97,1.48,3.92,17.97,2.98,5.97,5.22,4.23,2.84,3.97,1.88,7.98,2.73,4.88,3.48,0.97,4.47,5.97,2.37,3.48,2.48,2.26,3.98,1.77,1.97,3.97,17.97,1.98,3.98,3.98,3.62,4.98,4.97,0.97,1.98,1.88,5.94,4.66,2.24,1.94,1.83,4.23,3.88,2.48,7.94,1.97,0.97,7.97,0.97,8.37,2.97,4.97
2016/01/27,4.64,0.48,1.16,0.7,0.7,11.88,0.7,0.48,7.88,14.72,0.7,6.68,12.98,3.87,11.28,4.88,1.56,5.47,11.28,10.97,0.48,6.87,0.48,5.98,10.98,0.48,0.7,0.48,3.78,5.76,14.72,0.96,5.24,14.72,3.97,3.67,0.48,0.48,2.98,5.76,12.78,0.48,0.48,2.24,0.7,0.48,4.97,5.74,8.97,1.48,3.92,17.97,2.98,5.97,5.22,4.23,2.84,3.97,1.88,7.98,2.73,4.88,3.48,0.97,4.47,5.97,2.37,3.48,2.48,2.26,3.98,1.77,1.97,3.97,17.97,1.98,3.98,3.98,3.62,4.98,4.97,0.97,1.98,1.88,5.94,4.66,2.24,1.94,1.83,4.23,3.88,2.48,7.94,1.97,0.97,7.97,0.97,8.37,2.97,4.97
2016/01/28,4.64,0.48,1.16,0.7,0.7,11.88,0.7,0.48,7.88,14.72,0.7,6.68,12.98,3.87,11.28,4.88,1.56,5.47,11.28,10.97,0.48,6.87,0.48,5.98,10.98,0.48,0.7,0.48,3.78,5.76,14.72,0.96,5.24,14.72,3.97,3.67,0.48,0.48,2.98,5.76,12.78,0.48,0.48,2.24,0.7,0.48,4.97,5.74,8.97,1.48,3.92,17.97,2.98,5.97,5.22,4.23,2.84,3.97,1.88,7.98,2.73,4.88,3.48,0.97,4.47,5.97,2.37,3.48,2.48,2.26,3.98,1.77,1.97,3.97,17.97,1.98,3.98,3.98,3.62,4.98,4.97,0.97,1.98,1.88,5.94,4.66,2.24,1.94,1.83,4.23,3.88,2.48,7.94,1.97,0.97,7.97,0.97,8.37,2.97,4.97
2016/01/29,4.64,0.48,1.16,0.7,0.7,11.88,0.7,0.48,7.88,14.72,0.7,6.68,12.98,3.87,11.28,4.88,1.56,5.47,11.28,10.97,0.48,6.87,0.48,5.98,10.98,0.48,0.7,0.48,3.78,5.76,14.72,0.96,5.24,14.72,3.97,3.67,0.48,0.48,2.98,5.76,12.78,0.48,0.48,2.24,0.7,0.48,4.97,5.74,8.97,1.48,3.92,17.97,2.98,5.97,5.22,4.23,2.84,3.97,1.88,7.98,2.73,4.88,3.48,0.97,4.47,5.97,2.37,3.48,2.48,2.26,3.98,1.77,1.97,3.97,17.97,1.98,3.98,3.98,3.62,4.98,4.97,0.97,1.98,1.88,5.94,4.66,2.24,1.94,1.83,4.23,3.88,2.48,7.94,1.97,0.97,7.97,0.97,8.37,2.97,4.97
2016/01/30,4.64,0.48,1.16,0.7,0.7,11.88,0.7,0.48,7.88,14.72,0.7,6.68,12.98,3.87,11.28,4.88,1.56,5.47,11.28,10.97,0.48,6.87,0.48,5.98,10.98,0.48,0.7,0.48,3.78,5.76,14.72,0.96,5.24,14.72,3.97,3.67,0.48,0.48,2.98,5.76,12.78,0.48,0.48,2.24,0.7,0.48,4.97,5.74,8.97,1.48,3.92,17.97,2.98,5.97,5.22,4.23,2.84,3.97,1.88,7.98,2.73,4.88,3.48,0.97,4.47,5.97,2.37,3.48,2.48,2.26,3.98,1.77,1.97,3.97,17.97,1.98,3.98,3.98,3.62,4.98,4.97,0.97,1.98,1.88,5.94,4.66,2.24,1.94,1.83,4.23,3.88,2.48,7.94,1.97,0.97,7.97,0.97,8.37,2.97,4.97
2016/01/31,4.64,0.48,1.16,0.7,0.7,11.88,0.7,0.48,7.88,14.72,0.7,6.68,12.98,3.87,11.28,4.88,1.56,5.47,11.28,10.97,0.48,6.87,0.48,5.98,10.98,0.48,0.7,0.48,3.78,5.76,14.72,0.96,5.24,14.72,3.97,3.67,0.48,0.48,2.98,5.76,12.78,0.48,0.48,2.24,0.7,0.48,4.97,5.74,8.97,1.48,3.92,17.97,2.98,5.97,5.22,4.23,2.84,3.97,1.88,7.98,2.73,4.88,3.48,0.97,4.47,5.97,2.37,3.48,2.48,2.26,3.98,1.77,1.97,3.97,17.97,1.98,3.98,3.98,3.62,4.98,4.97,0.97,1.98,1.88,5.94,4.66,2.24,1.94,1.83,4.23,3.88,2.48,7.94,1.97,0.97,7.97,0.97,8.37,2.97,4.97
2016/02/01,4.64,0.48,1.16,0.7,0.7,11.88,0.7,0.48,7.88,14.72,0.7,6.68,12.98,3.87,11.28,4.88,1.56,5.47,11.28,10.97,0.48,6.87,0.48,5.98,10.98,0.48,0.7,0.48,3.78,5.76,14.72,0.96,5.24,14.72,3.97,3.67,0.48,0.48,2.98,5.76,12.78,0.48,0.48,2.24,0.7,0.48,4.97,5.74,8.97,1.48,3.92,17.97,2.98,5.97,5.22,4.23,2.84,3.97,1.88,7.98,2.73,4.88,3.48,0.97,4.47,5.97,2.37,3.48,2.48,2.26,3.98,1.77,1.97,3.97,17.97,1.98,3.98,3.98,3.62,4.98,4.97,0.97,1.98,1.88,5.94,4.66,2.24,1.94,1.83,4.23,3.88,2.48,7.94,1.97,0.97,7.97,0.97,8.37,2.97,4.97
2016/02/02,4.64,0.48,1.16,0.7,0.7,11.88,0.7,0.48,7.88,14.72,0.7,6.68,12.98,3.87,11.28,4.88,1.56,5.47,11.28,10.97,0.48,6.87,0.48,5.98,10.98,0.48,0.7,0.48,3.78,5.76,14.72,0.96,5.24,14.72,3.97,3.67,0.48,0.48,2.98,5.76,12.78,0.48,0.48,2.24,0.7,0.48,4.97,5.74,8.97,1.48,3.92,17.97,2.98,5.97,5.22,4.23,2.84,3.97,1.88,7.98,2.73,4.88,3.48,0.97,4.47,5.97,2.37,3.48,2.48,2.26,3.98,1.77,1.97,3.97,17.97,1.98,3.98,3.98,3.62,4.98,4.97,0.97,1.98,1.88,5.94,4.66,2.24,1.94,1.83,4.23,3.88,2.48,7.94,1.97,0.97,7.97,0.97,8.37,2.97,4.97
2016/02/03,4.64,0.48,1.16,0.7,0.7,11.88,0.7,0.48,7.88,14.72,0.7,6.68,12.98,3.87,11.28,4.88,1.56,5.47,11.28,10.97,0.48,6.87,0.48,5.98,10.98,0.48,0.7,0.48,3.78,5.76,14.72,0.96,5.24,14.72,3.97,3.67,0.48,0.48,2.98,5.76,12.78,0.48,0.48,2.24,0.7,0.48,4.97,5.74,8.97,1.48,3.92,17.97,2.98,5.97,5.22,4.23,2.84,3.97,1.88,7.98,2.73,4.88,3.48,0.97,4.47,5.97,2.37,3.48,2.48,2.26,3.98,1.77,1.97,3.97,17.97,1.98,3.98,3.98,3.62,4.98,4.97,0.97,1.98,1.88,5.94,4.66,2.24,1.94,1.83,4.23,3.88,2.48,7.94,1.97,0.97,7.97,0.97,8.37,2.97,4.97
2016/02/04,4.64,0.48,1.16,0.7,0.7,11.88,0.7,0.48,7.88,14.72,0.7,6.68,12.98,3.87,11.28,4.88,1.56,5.47,11.28,10.97,0.48,6.87,0.48,5.98,10.98,0.48,0.7,0.48,3.78,5.76,14.72,0.96,5.24,14.72,3.97,3.67,0.48,0.48,2.98,5.76,12.78,0.48,0.48,2.24,0.7,0.48,4.97,5.74,8.97,1.48,3.92,17.97,2.98,5.97,5.22,4.23,2.84,3.97,1.88,7.98,2.73,4.88,3.48,0.97,4.47,5.97,2.37,3.48,2.48,2.26,3.98,1.77,1.97,3.97,17.97,1.98,3.98,3.98,3.62,4.98,4.97,0.97,1.98,1.88,5.94,4.66,2.24,1.94,1.83,4.23,3.88,2.48,7.94,1.97,0.97,7.97,0.97,8.37,2.97,4.97
2016/02/05,4.64,0.48,1.16,0.7,0.7,11.88,0.7,0.48,7.88,14.72,0.7,6.68,12.98,3.87,11.28,4.88,1.56,5.47,11.28,10.97,0.48,6.87,0.48,5.98,10.98,0.48,0.7,0.48,3.78,5.76,14.72,0.96,5.24,14.72,3.97,3.67,0.48,0.48,2.98,5.76,12.78,0.48,0.48,2.24,0.7,0.48,4.97,5.74,8.97,1.48,3.92,17.97,2.98,5.97,5.22,4.23,2.84,3.97,1.88,7.98,2.73,4.88,3.48,0.97,4.47,5.97,2.37,3.48,2.48,2.26,3.98,1.77,1.97,3.97,17.97,1.98,3.98,3.98,3.62,4.98,4.97,0.97,1.98,1.88,5.94,4.66,2.24,1.94,1.83,4.23,3.88,2.48,7.94,1.97,0.97,7.97,0.97,8.37,2.97,4.97
2016/02/06,4.64,0.48,1.16,0.7,0.7,11.88,0.7,0.48,7.88,14.72,0.7,6.68,12.98,3.87,11.28,4.88,1.56,5.47,11.28,10.97,0.48,6.87,0.48,5.98,10.98,0.48,0.7,0.48,3.78,5.76,14.72,0.96,5.24,14.72,3.97,3.67,0.48,0.48,2.98,5.76,12.78,0.48,0.48,2.24,0.7,0.48,4.97,5.74,8.97,1.48,3.92,17.97,2.98,5.97,5.22,4.23,2.84,3.88,1.88,7.98,2.73,4.88,3.48,0.97,4.47,5.97,2.37,3.48,2.48,2.26,3.88,1.77,1.97,3.97,17.97,1.98,3.87,3.98,3.62,4.98,4.97,0.97,1.98,1.88,5.94,4.47,2.24,1.94,1.83,4.23,3.88,2.48,7.94,1.97,0.97,7.97,0.97,8.37,2.97,4.97
2016/02/07,4.64,0.48,1.16,0.7,0.7,11.88,0.7,0.48,7.88,14.72,0.7,6.68,12.98,3.87,11.28,4.88,1.56,5.47,11.28,10.97,0.48,6.87,0.48,5.98,10.98,0.48,0.7,0.48,3.78,5.76,14.72,0.96,5.24,14.72,3.97,3.67,0.48,0.48,2.98,5.76,12.78,0.48,0.48,2.24,0.7,0.48,4.97,5.74,8.97,1.48,3.92,17.97,2.98,5.97,5.22,4.23,2.84,3.88,1.88,7.98,2.73,4.88,3.48,0.97,4.47,5.97,2.37,3.48,2.48,2.26,3.88,1.77,1.97,3.97,17.97,1.98,3.87,3.98,3.62,4.98,4.97,0.97,1.98,1.88,5.94,4.47,2.24,1.94,1.83,4.23,3.88,2.48,7.94,1.97,0.97,7.97,0.97,8.37,2.97,4.97
2016/02/08,4.64,0.48,1.16,0.7,0.7,11.88,0.7,0.48,7.88,14.72,0.7,6.68,12.98,3.87,11.28,4.88,1.56,5.47,11.28,10.97,0.48,6.87,0.48,5.98,10.98,0.48,0.7,0.48,3.78,5.76,14.72,0.96,5.24,14.72,3.97,3.67,0.48,0.48,2.98,5.76,12.78,0.48,0.48,2.24,0.7,0.48,4.97,5.74,8.97,1.48,3.92,17.97,2.98,5.97,5.22,4.23,2.84,3.88,1.88,7.98,2.73,4.88,3.48,0.97,4.47,5.97,2.37,3.48,2.48,2.26,3.88,1.77,1.97,3.97,17.97,1.98,3.87,3.98,3.62,4.98,4.97,0.97,1.98,1.88,5.94,4.47,2.24,1.94,1.83,4.23,3.88,2.48,7.94,1.97,0.97,7.97,0.97,8.37,2.97,4.97
2016/02/09,4.64,0.48,1.16,0.7,0.7,11.88,0.7,0.48,7.88,14.72,0.7,6.68,12.98,3.87,11.28,4.88,1.56,5.47,11.28,10.97,0.48,6.87,0.48,5.98,10.98,0.48,0.7,0.48,3.78,5.76,14.72,0.96,5.24,14.72,3.97,3.67,0.48,0.48,2.98,5.76,12.78,0.48,0.48,2.24,0.7,0.48,4.97,5.74,8.97,1.48,3.92,17.97,2.98,5.97,5.22,4.23,2.84,3.88,1.88,7.98,2.73,4.88,3.48,0.97,4.47,5.97,2.37,3.48,2.48,2.26,3.88,1.77,1.97,3.97,17.97,1.98,3.87,3.98,3.62,4.98,4.97,0.97,1.98,1.88,5.94,4.47,2.24,1.94,1.83,4.23,3.88,2.48,7.94,1.97,0.97,7.97,0.97,8.37,2.97,4.97
2016/02/10,4.64,0.48,1.16,0.7,0.7,11.88,0.7,0.48,7.88,14.72,0.7,6.68,12.98,3.87,11.28,4.88,1.56,5.47,11.28,10.97,0.48,6.87,0.48,5.98,10.98,0.48,0.7,0.48,3.78,5.76,14.72,0.96,5.24,14.72,3.97,3.67,0.48,0.48,2.98,5.76,12.78,0.48,0.48,2.24,0.7,0.48,4.97,5.74,8.97,1.48,3.92,17.97,2.98,5.97,5.22,4.23,2.84,3.88,1.88,7.98,2.73,4.88,3.48,0.97,4.47,5.97,2.37,3.48,2.48,2.26,3.88,1.77,1.97,3.97,17.97,1.98,3.87,3.98,3.62,4.98,4.97,0.97,1.98,1.88,5.94,4.47,2.24,1.94,1.83,4.23,3.88,2.48,7.94,1.97,0.97,7.97,0.97,8.37,2.97,4.97
2016/02/11,4.64,0.48,1.16,0.7,0.7,11.88,0.7,0.48,7.88,14.72,0.7,6.68,12.98,3.87,11.28,4.88,1.56,5.47,11.28,10.97,0.48,6.87,0.48,5.98,10.98,0.48,0.7,0.48,3.78,5.76,14.72,0.96,5.24,14.72,3.97,3.67,0.48,0.48,2.98,5.76,12.78,0.48,0.48,2.24,0.7,0.48,4.97,5.74,8.97,1.48,3.92,17.97,2.98,5.97,5.22,4.23,2.84,3.88,1.88,7.98,2.73,4.88,3.48,0.97,4.47,5.97,2.37,3.48,2.48,2.26,3.88,1.77,1.97,3.97,17.97,1.98,3.87,3.98,3.62,4.98,4.97,0.97,1.98,1.88,5.94,4.47,2.24,1.94,1.83,4.23,3.88,2.48,7.94,1.97,0.97,7.97,0.97,8.37,2.97,4.97
2016/02/12,4.64,0.48,1.16,0.7,0.7,11.88,0.7,0.48,7.88,14.72,0.7,6.68,12.98,3.87,11.28,4.88,1.56,5.47,11.28,10.97,0.48,6.87,0.48,5.98,10.98,0.48,0.7,0.48,3.78,5.76,14.72,0.96,5.24,14.72,3.97,3.67,0.48,0.48,2.98,5.76,12.78,0.48,0.48,2.24,0.7,0.48,4.97,5.74,8.97,1.48,3.92,17.97,2.98,5.97,5.22,4.23,2.84,3.88,1.88,7.98,2.73,4.88,3.48,0.97,4.47,5.97,2.37,3.48,2.48,2.26,3.88,1.77,1.97,3.97,17.97,1.98,3.87,3.98,3.62,4.98,4.97,0.97,1.98,1.88,5.94,4.47,2.24,1.94,1.83,4.23,3.88,2.48,7.94,1.97,0.97,7.97,0.97,8.37,2.97,4.97
2016/02/13,4.64,0.48,1.16,0.7,0.7,11.88,0.7,0.48,7.88,14.72,0.7,6.68,12.98,3.87,11.28,4.88,1.56,5.47,11.28,10.97,0.48,6.87,0.48,5.98,10.98,0.48,0.7,0.48,3.78,5.76,14.72,0.96,5.24,14.72,3.97,3.67,0.48,0.48,2.98,5.76,12.78,0.48,0.48,2.24,0.7,0.48,4.97,5.74,8.97,1.48,3.92,17.97,2.98,5.97,5.22,4.23,2.84,3.88,1.88,7.98,2.73,4.88,3.48,0.97,4.47,5.97,2.37,3.48,2.48,2.26,3.88,1.77,1.97,3.97,17.97,1.98,3.87,3.98,3.62,4.98,4.97,0.97,1.98,1.88,5.94,4.47,2.24,1.94,1.83,4.23,3.88,2.48,7.94,1.97,0.97,7.97,0.97,8.37,2.97,4.97
2016/02/14,4.64,0.48,1.16,0.7,0.7,11.88,0.7,0.48,7.88,14.72,0.7,6.68,12.98,3.87,11.28,4.88,1.56,5.47,11.28,10.97,0.48,6.87,0.48,5.98,10.98,0.48,0.7,0.48,3.78,5.76,14.72,0.96,5.24,14.72,3.97,3.67,0.48,0.48,2.98,5.76,12.78,0.48,0.48,2.24,0.7,0.48,4.97,5.74,8.97,1.48,3.92,17.97,2.98,5.97,5.22,4.23,2.84,3.88,1.88,7.98,2.73,4.88,3.48,0.97,4.47,5.97,2.37,3.48,2.48,2.26,3.88,1.77,1.97,3.97,17.97,1.98,3.87,3.98,3.62,4.98,4.97,0.97,1.98,1.88,5.94,4.47,2.24,1.94,1.83,4.23,3.88,2.48,7.94,1.97,0.97,7.97,0.97,8.37,2.97,4.97
2016/02/15,4.64,0.48,1.16,0.7,0.7,11.88,0.7,0.48,7.88,14.72,0.7,6.68,12.98,3.87,11.28,4.88,1.56,5.47,11.28,10.97,0.48,6.87,0.48,5.98,10.98,0.48,0.7,0.48,3.78,5.76,14.72,0.96,5.24,14.72,3.97,3.67,0.48,0.48,2.98,5.76,12.78,0.48,0.48,2.24,0.7,0.48,4.97,5.74,8.97,1.48,3.92,17.97,2.98,5.97,5.22,4.23,2.84,3.88,1.88,7.98,2.73,4.88,3.48,0.97,4.47,5.97,2.37,3.48,2.48,2.26,3.88,1.77,1.97,3.97,17.97,1.98,3.87,3.98,3.62,4.98,4.97,0.97,1.98,1.88,5.94,4.47,2.24,1.94,1.83,4.23,3.88,2.48,7.94,1.97,0.97,7.97,0.97,8.37,2.97,4.97
2016/02/16,4.64,0.48,1.16,0.7,0.7,11.88,0.7,0.48,7.88,14.72,0.7,6.68,12.98,3.87,11.28,4.88,1.56,5.47,11.28,10.97,0.48,6.87,0.48,5.98,10.98,0.48,0.7,0.48,3.78,5.76,14.72,0.96,5.24,14.72,3.97,3.67,0.48,0.48,2.98,5.76,12.78,0.48,0.48,2.24,0.7,0.48,4.97,5.74,8.97,1.48,3.92,17.97,2.98,5.97,5.22,4.23,2.84,3.88,1.88,7.98,2.73,4.88,3.48,0.97,4.47,5.97,2.37,3.48,2.48,2.26,3.88,1.77,1.97,3.97,17.97,1.98,3.87,3.98,3.62,4.98,4.97,0.97,1.98,1.88,5.94,4.47,2.24,1.94,1.83,4.23,3.88,2.48,7.94,1.97,0.97,7.97,0.97,8.37,2.97,4.97
2016/02/17,4.64,0.48,1.16,0.7,0.7,11.88,0.7,0.48,7.88,14.72,0.7,6.68,12.98,3.87,11.28,4.88,1.56,5.47,11.28,10.97,0.48,6.87,0.48,5.98,10.98,0.48,0.7,0.48,3.78,5.76,14.72,0.96,5.24,14.72,3.97,3.67,0.48,0.48,2.98,5.76,12.78,0.48,0.48,2.24,0.7,0.48,4.97,5.74,8.97,1.48,3.92,17.97,2.98,5.97,5.22,4.23,2.84,3.88,1.88,7.98,2.73,4.88,3.48,0.97,4.47,5.97,2.37,3.48,2.48,2.26,3.88,1.77,1.97,3.97,17.97,1.98,3.87,3.98,3.62,4.98,4.97,0.97,1.98,1.88,5.94,4.47,2.24,1.94,1.83,4.23,3.88,2.48,7.94,1.97,0.97,7.97,0.97,8.37,2.97,4.97
2016/02/18,4.64,0.48,1.16,0.7,0.7,11.88,0.7,0.48,7.88,14.72,0.7,6.68,12.98,3.87,11.28,4.88,1.56,5.47,11.28,10.97,0.48,6.87,0.48,5.98,10.98,0.48,0.7,0.48,3.78,5.76,14.72,0.96,5.24,14.72,3.97,3.67,0.48,0.48,2.98,5.76,12.78,0.48,0.48,2.24,0.7,0.48,4.97,5.74,8.97,1.48,3.92,17.97,2.98,5.97,5.22,4.23,2.84,3.88,1.88,7.98,2.73,4.88,3.48,0.97,4.47,5.97,2.37,3.48,2.48,2.26,3.88,1.77,1.97,3.97,17.97,1.98,3.87,3.98,3.62,4.98,4.97,0.97,1.98,1.88,5.94,4.47,2.24,1.94,1.83,4.23,3.88,2.48,7.94,1.97,0.97,7.97,0.97,8.37,2.97,4.97
2016/02/19,4.64,0.48,1.16,0.7,0.7,11.88,0.7,0.48,7.88,14.72,0.7,6.68,12.98,3.87,11.28,4.88,1.56,5.47,11.28,10.97,0.48,6.87,0.48,5.98,10.98,0.48,0.7,0.48,3.78,5.76,14.72,0.96,5.24,14.72,3.97,3.67,0.48,0.48,2.98,5.76,12.78,0.48,0.48,2.24,0.7,0.48,4.97,5.74,8.97,1.48,3.92,17.97,2.98,5.97,5.22,4.23,2.84,3.88,1.88,7.98,2.73,4.88,3.48,0.97,4.47,5.97,2.37,3.48,2.48,2.26,3.88,1.77,1.97,3.97,17.97,1.98,3.87,3.98,3.62,4.98,4.97,0.97,1.98,1.88,5.94,4.47,2.24,1.94,1.83,4.23,3.88,2.48,7.94,1.97,0.97,7.97,0.97,8.37,2.97,4.97
2016/02/20,4.64,0.48,1.16,0.7,0.7,11.88,0.7,0.48,7.88,14.72,0.7,6.68,12.98,3.87,11.28,4.88,1.56,5.47,11.28,10.97,0.48,6.87,0.48,5.98,10.98,0.48,0.7,0.48,3.78,5.76,14.72,0.96,5.24,14.72,3.97,3.67,0.48,0.48,2.98,5.76,12.78,0.48,0.48,2.24,0.7,0.48,4.97,5.74,8.97,1.48,3.92,17.97,2.98,5.97,5.22,4.23,2.84,3.88,1.88,7.98,2.73,4.88,3.48,0.97,4.47,5.97,2.37,3.48,2.48,2.26,3.88,1.77,1.97,3.97,17.97,1.98,3.87,3.98,3.62,4.98,4.97,0.97,1.98,1.88,5.94,4.47,2.24,1.94,1.83,4.23,3.88,2.48,7.94,1.97,0.97,7.97,0.97,8.37,2.97,4.97
2016/02/21,4.64,0.48,1.16,0.7,0.7,11.88,0.7,0.48,7.88,14.72,0.7,6.68,12.98,3.87,11.28,4.88,1.56,5.47,11.28,10.97,0.48,6.87,0.48,5.98,10.98,0.48,0.7,0.48,3.78,5.76,14.72,0.96,5.24,14.72,3.97,3.67,0.48,0.48,2.98,5.76,12.78,0.48,0.48,2.24,0.7,0.48,4.97,5.74,8.97,1.48,3.92,17.97,2.98,5.97,5.22,4.23,2.84,3.88,1.88,7.98,2.73,4.88,3.48,0.97,4.47,5.97,2.37,3.48,2.48,2.26,3.88,1.77,1.97,3.97,17.97,1.98,3.87,3.98,3.62,4.98,4.97,0.97,1.98,1.88,5.94,4.47,2.24,1.94,1.83,4.23,3.88,2.48,7.94,1.97,0.97,7.97,0.97,8.37,2.97,4.97
2016/02/22,4.64,0.48,1.16,0.7,0.7,11.88,0.7,0.48,7.88,14.72,0.7,6.68,12.98,3.87,11.28,4.88,1.56,5.47,11.28,10.97,0.48,6.87,0.48,5.98,10.98,0.48,0.7,0.48,3.78,5.76,14.72,0.96,5.24,14.72,3.97,3.67,0.48,0.48,2.98,5.76,12.78,0.48,0.48,2.24,0.7,0.48,4.97,5.74,8.97,1.48,3.92,17.97,2.98,5.97,5.22,4.23,2.84,3.88,1.88,7.98,2.73,4.88,3.48,0.97,4.47,5.97,2.37,3.48,2.48,2.26,3.88,1.77,1.97,3.97,17.97,1.98,3.87,3.98,3.62,4.98,4.97,0.97,1.98,1.88,5.94,4.47,2.24,1.94,1.83,4.23,3.88,2.48,7.94,1.97,0.97,7.97,0.97,8.37,2.97,4.97
2016/02/23,4.64,0.48,1.16,0.7,0.7,11.88,0.7,0.48,7.88,14.72,0.7,6.68,12.98,3.87,11.28,4.88,1.56,5.47,11.28,10.97,0.48,6.87,0.48,5.98,10.98,0.48,0.7,0.48,3.78,5.76,14.72,0.96,5.24,14.72,3.97,3.67,0.48,0.48,2.98,5.76,12.78,0.48,0.48,2.24,0.7,0.48,4.97,5.74,8.97,1.48,3.92,17.97,2.98,5.97,5.22,4.23,2.84,3.88,1.88,7.98,2.73,4.88,3.48,0.97,4.47,5.97,2.37,3.48,2.48,2.26,3.88,1.77,1.97,3.97,17.97,1.98,3.87,3.98,3.62,4.98,4.97,0.97,1.98,1.88,5.94,4.47,2.24,1.94,1.83,4.23,3.88,2.48,7.94,1.97,0.97,7.97,0.97,8.37,2.97,4.97
2016/02/24,4.64,0.48,1.16,0.7,0.7,11.88,0.7,0.48,7.88,14.72,0.7,6.68,12.98,3.87,11.28,4.88,1.56,5.47,11.28,10.97,0.48,6.87,0.48,5.98,10.98,0.48,0.7,0.48,3.78,5.76,14.72,0.96,5.24,14.72,3.97,3.67,0.48,0.48,2.98,5.76,12.78,0.48,0.48,2.24,0.7,0.48,4.97,5.74,8.97,1.48,3.92,17.97,2.98,5.97,5.22,4.23,2.84,3.88,1.88,7.98,2.73,4.88,3.48,0.97,4.47,5.97,2.37,3.48,2.48,2.26,3.88,1.77,1.97,3.97,17.97,1.98,3.87,3.98,3.62,4.98,4.97,0.97,1.98,1.88,5.94,4.47,2.24,1.94,1.83,4.23,3.88,2.48,7.94,1.97,0.97,7.97,0.97,8.37,2.97,4.97
2016/02/25,4.64,0.48,1.16,0.7,0.7,11.88,0.7,0.48,7.88,14.72,0.7,6.68,12.98,3.87,11.28,4.88,1.56,5.47,11.28,10.97,0.48,6.87,0.48,5.98,10.98,0.48,0.7,0.48,3.78,5.76,14.72,0.96,5.24,14.72,3.97,3.67,0.48,0.48,2.98,5.76,12.78,0.48,0.48,2.24,0.7,0.48,4.97,5.74,8.97,1.48,3.92,17.97,2.98,5.97,5.22,4.23,2.84,3.88,1.88,7.98,2.73,4.88,3.48,0.97,4.47,5.97,2.37,3.48,2.48,2.26,3.88,1.77,1.97,3.97,17.97,1.98,3.87,3.98,3.62,4.98,4.97,0.97,1.98,1.88,5.94,4.47,2.24,1.94,1.83,4.23,3.88,2.48,7.94,1.97,0.97,7.97,0.97,8.37,2.97,4.97
2016/02/26,4.64,0.48,1.16,0.7,0.7,11.88,0.7,0.48,7.88,14.72,0.7,6.68,12.98,3.87,11.28,4.88,1.56,5.47,11.28,10.97,0.48,6.87,0.48,5.98,10.98,0.48,0.7,0.48,3.78,5.76,14.72,0.96,5.24,14.72,3.97,3.67,0.48,0.48,2.98,5.76,12.78,0.48,0.48,2.24,0.7,0.48,4.97,5.74,8.97,1.48,3.92,17.97,2.98,5.97,5.22,4.23,2.84,3.88,1.88,7.98,2.73,4.88,3.48,0.97,4.47,5.97,2.37,3.48,2.48,2.26,3.88,1.77,1.97,3.97,17.97,1.98,3.87,3.98,3.62,4.98,4.97,0.97,1.98,1.88,5.94,4.47,2.24,1.94,1.83,4.23,3.88,2.48,7.94,1.97,0.97,7.97,0.97,8.37,2.97,4.97
2016/02/27,4.64,0.48,1.16,0.7,0.7,11.88,0.7,0.48,7.88,14.72,0.7,6.68,12.98,3.87,11.28,4.88,1.56,5.47,11.28,10.97,0.48,6.87,0.48,5.98,10.98,0.48,0.7,0.48,3.78,5.76,14.72,0.96,5.24,14.72,3.97,3.67,0.48,0.48,2.98,5.76,12.78,0.48,0.48,2.24,0.7,0.48,4.97,5.74,8.97,1.48,3.92,17.97,2.98,5.97,5.22,4.23,2.84,3.88,1.88,7.98,2.73,4.88,3.48,0.97,4.47,5.97,2.37,3.48,2.48,2.26,3.88,1.77,1.97,3.97,17.97,1.98,3.87,3.98,3.62,4.98,4.97,0.97,1.98,1.88,5.94,4.47,2.24,1.94,1.83,4.23,3.88,2.48,7.94,1.97,0.97,7.97,0.97,8.37,2.97,4.97
2016/02/28,4.64,0.48,1.16,0.7,0.7,11.88,0.7,0.48,7.88,14.72,0.7,6.68,12.98,3.87,11.28,4.88,1.56,5.47,11.28,10.97,0.48,6.87,0.48,5.98,10.98,0.48,0.7,0.48,3.78,5.76,14.72,0.96,5.24,14.72,3.97,3.67,0.48,0.48,2.98,5.76,12.78,0.48,0.48,2.24,0.7,0.48,4.97,5.74,8.97,1.48,3.92,17.97,2.98,5.97,5.22,4.23,2.84,3.88,1.88,7.98,2.73,4.88,3.48,0.97,4.47,5.97,2.37,3.48,2.48,2.26,3.88,1.77,1.97,3.97,17.97,1.98,3.87,3.98,3.62,4.98,4.97,0.97,1.98,1.88,5.94,4.47,2.24,1.94,1.83,4.23,3.88,2.48,7.94,1.97,0.97,7.97,0.97,8.37,2.97,4.97
2016/02/29,4.64,0.48,1.16,0.7,0.7,11.88,0.7,0.48,7.88,14.72,0.7,6.68,12.98,3.87,11.28,4.88,1.56,5.47,11.28,10.97,0.48,6.87,0.48,5.98,10.98,0.48,0.7,0.48,3.78,5.76,14.72,0.96,5.24,14.72,3.97,3.67,0.48,0.48,2.98,5.76,12.78,0.48,0.48,2.24,0.7,0.48,4.97,5.74,8.97,1.48,3.92,17.97,2.98,5.97,5.22,4.23,2.84,3.88,1.88,7.98,2.73,4.88,3.48,0.97,4.47,5.97,2.37,3.48,2.48,2.26,3.88,1.77,1.97,3.97,17.97,1.98,3.87,3.98,3.62,4.98,4.97,0.97,1.98,1.88,5.94,4.47,2.24,1.94,1.83,4.23,3.88,2.48,7.94,1.97,0.97,7.97,0.97,8.37,2.97,4.97
2016/03/01,4.64,0.48,1.16,0.7,0.7,11.88,0.7,0.48,7.88,14.72,0.7,6.68,12.98,3.87,11.28,4.88,1.56,5.47,11.28,10.97,0.48,6.87,0.48,5.98,10.98,0.48,0.7,0.48,3.78,5.76,14.72,0.96,5.24,14.72,3.97,3.67,0.48,0.48,2.98,5.76,12.78,0.48,0.48,2.24,0.7,0.48,4.97,5.74,8.97,1.48,3.92,17.97,2.98,5.97,5.22,4.23,2.84,3.88,1.88,7.98,2.73,4.88,3.48,0.97,4.47,5.97,2.37,3.48,2.48,2.26,3.88,1.77,1.97,3.97,17.97,1.98,3.87,3.98,3.62,4.98,4.97,0.97,1.98,1.88,5.94,4.47,2.24,1.94,1.83,4.23,3.88,2.48,7.94,1.97,0.97,7.97,0.97,8.37,2.97,4.97
2016/03/02,4.64,0.48,1.16,0.7,0.7,11.88,0.7,0.48,7.88,14.72,0.7,6.68,12.98,3.87,11.28,4.88,1.56,5.47,11.28,10.97,0.48,6.87,0.48,5.98,10.98,0.48,0.7,0.48,3.78,5.76,14.72,0.96,5.24,14.72,3.97,3.67,0.48,0.48,2.98,5.76,12.78,0.48,0.48,2.24,0.7,0.48,4.97,5.74,8.97,1.48,3.92,17.97,2.98,5.97,5.22,4.23,2.84,3.88,1.88,7.98,2.73,4.88,3.48,0.97,4.47,5.97,2.37,3.48,2.48,2.26,3.88,1.77,1.97,3.97,17.97,1.98,3.87,3.98,3.62,4.98,4.97,0.97,1.98,1.88,5.94,4.47,2.24,1.94,1.83,4.23,3.88,2.48,7.94,1.97,0.97,7.97,0.97,8.37,2.97,4.97
2016/03/03,4.64,0.48,1.16,0.7,0.7,11.88,0.7,0.48,7.88,14.72,0.7,6.68,12.98,3.87,11.28,4.88,1.56,5.47,11.28,10.97,0.48,6.87,0.48,5.98,10.98,0.48,0.7,0.48,3.78,5.76,14.72,0.96,5.24,14.72,3.97,3.67,0.48,0.48,2.98,5.76,12.78,0.48,0.48,2.24,0.7,0.48,4.97,5.74,8.97,1.48,3.92,17.97,2.98,5.97,5.22,4.23,2.84,3.88,1.88,7.98,2.73,4.88,3.48,0.97,4.47,5.97,2.37,3.48,2.48,2.26,3.88,1.77,1.97,3.97,17.97,1.98,3.87,3.98,3.62,4.98,4.97,0.97,1.98,1.88,5.94,4.47,2.24,1.94,1.83,4.23,3.88,2.48,7.94,1.97,0.97,7.97,0.97,8.37,2.97,4.97
2016/03/04,4.64,0.48,1.16,0.7,0.7,11.88,0.7,0.48,7.88,14.72,0.7,6.68,12.98,3.87,11.28,4.88,1.56,5.47,11.28,10.97,0.48,6.87,0.48,5.98,10.98,0.48,0.7,0.48,3.78,5.76,14.72,0.96,5.24,14.72,3.97,3.67,0.48,0.48,2.98,5.76,12.78,0.48,0.48,2.24,0.7,0.48,4.97,5.74,8.97,1.48,3.92,17.97,2.98,5.97,5.22,4.23,2.84,3.88,1.88,7.98,2.73,4.88,3.48,0.97,4.47,5.97,2.37,3.48,2.48,2.26,3.88,1.77,1.97,3.97,17.97,1.98,3.87,3.98,3.62,4.98,4.97,0.97,1.98,1.88,5.94,4.47,2.24,1.94,1.83,4.23,3.88,2.48,7.94,1.97,0.97,7.97,0.97,8.37,2.97,4.97
2016/03/05,4.64,0.48,1.16,0.7,0.7,11.88,0.7,0.48,7.88,14.72,0.7,6.68,12.98,3.87,11.28,4.88,1.56,5.47,11.28,10.97,0.48,6.87,0.48,5.98,10.98,0.48,0.7,0.48,3.78,5.76,14.72,0.96,5.24,14.72,3.97,3.67,0.48,0.48,2.98,5.76,12.78,0.48,0.48,2.24,0.7,0.48,4.97,5.74,8.97,1.48,3.92,17.97,2.98,5.97,5.22,4.23,2.84,3.88,1.88,7.98,2.73,4.88,3.48,0.97,4.47,5.97,2.37,3.48,2.48,2.26,3.88,1.77,1.97,3.97,17.97,1.98,3.87,3.98,3.62,4.98,4.97,0.97,1.98,1.88,5.94,4.47,2.24,1.94,1.83,4.23,3.88,2.48,7.94,1.97,0.97,7.97,0.97,8.37,2.97,4.97
2016/03/06,4.64,0.48,1.16,0.7,0.7,11.88,0.7,0.48,7.88,14.72,0.7,6.68,12.98,3.87,11.28,4.88,1.56,5.47,11.28,10.97,0.48,6.87,0.48,5.98,10.98,0.48,0.7,0.48,3.78,5.76,14.72,0.96,5.24,14.72,3.97,3.67,0.48,0.48,2.98,5.76,12.78,0.48,0.48,2.24,0.7,0.48,4.97,5.74,8.97,1.48,3.92,17.97,2.98,5.97,5.22,4.23,2.84,3.88,1.88,7.98,2.73,4.88,3.48,0.97,4.47,5.97,2.37,3.48,2.48,2.26,3.88,1.77,1.97,3.97,17.97,1.98,3.87,3.98,3.62,4.98,4.97,0.97,1.98,1.88,5.94,4.47,2.24,1.94,1.83,4.23,3.88,2.48,7.94,1.97,0.97,7.97,0.97,8.37,2.97,4.97
2016/03/07,4.64,0.48,1.16,0.7,0.7,11.88,0.7,0.48,7.88,14.72,0.7,6.68,12.98,3.87,11.28,4.88,1.56,5.47,11.28,10.97,0.48,6.87,0.48,5.98,10.98,0.48,0.7,0.48,3.78,5.76,14.72,0.96,5.24,14.72,3.97,3.67,0.48,0.48,2.98,5.76,12.78,0.48,0.48,2.24,0.7,0.48,4.97,5.74,8.97,1.48,3.92,17.97,2.98,5.97,5.22,4.23,2.84,3.88,1.88,7.98,2.73,4.88,3.48,0.97,4.47,5.97,2.37,3.48,2.48,2.26,3.88,1.77,1.97,3.97,17.97,1.98,3.87,3.98,3.62,4.98,4.97,0.97,1.98,1.88,5.94,4.47,2.24,1.94,1.83,4.23,3.88,2.48,7.94,1.97,0.97,7.97,0.97,8.37,2.97,4.97
2016/03/08,4.64,0.48,1.16,0.7,0.7,11.88,0.7,0.48,7.88,14.72,0.7,6.68,12.98,3.87,11.28,4.88,1.56,5.47,11.28,10.97,0.48,6.87,0.48,5.98,10.98,0.48,0.7,0.48,3.78,5.76,14.72,0.96,5.24,14.72,3.97,3.67,0.48,0.48,2.98,5.76,12.78,0.48,0.48,2.24,0.7,0.48,4.97,5.74,8.97,1.48,3.92,17.97,2.98,5.97,5.22,4.23,2.84,3.88,1.88,7.98,2.73,4.88,3.48,0.97,4.47,5.97,2.37,3.48,2.48,2.26,3.88,1.77,1.97,3.97,17.97,1.98,3.87,3.98,3.62,4.98,4.97,0.97,1.98,1.88,5.94,4.47,2.24,1.94,1.83,4.23,3.88,2.48,7.94,1.97,0.97,7.97,0.97,8.37,2.97,4.97
2016/03/09,4.64,0.48,1.16,0.7,0.7,11.88,0.7,0.48,7.88,14.72,0.7,6.68,12.98,3.87,11.28,4.88,1.56,5.47,11.28,10.97,0.48,6.87,0.48,5.98,10.98,0.48,0.7,0.48,3.78,5.76,14.72,0.96,5.24,14.72,3.97,3.67,0.48,0.48,2.98,5.76,12.78,0.48,0.48,2.24,0.7,0.48,4.97,5.74,8.97,1.48,3.92,17.97,2.98,5.97,5.22,4.23,2.84,3.88,1.88,7.98,2.73,4.88,3.48,0.97,4.47,5.97,2.37,3.48,2.48,2.26,3.88,1.77,1.97,3.97,17.97,1.98,3.87,3.98,3.62,4.98,4.97,0.97,1.98,1.88,5.94,4.47,2.24,1.94,1.83,4.23,3.88,2.48,7.94,1.97,0.97,7.97,0.97,8.37,2.97,4.97
2016/03/10,4.64,0.48,1.16,0.7,0.7,11.88,0.7,0.48,7.88,14.72,0.7,6.68,12.98,3.87,11.28,4.88,1.56,5.47,11.28,10.97,0.48,6.87,0.48,5.98,10.98,0.48,0.7,0.48,3.78,5.76,14.72,0.96,5.24,14.72,3.97,3.67,0.48,0.48,2.98,5.76,12.78,0.48,0.48,2.24,0.7,0.48,4.97,5.74,8.97,1.48,3.92,17.97,2.98,5.97,5.22,4.23,2.84,3.88,1.88,7.98,2.73,4.88,3.48,0.97,4.47,5.97,2.37,3.48,2.48,2.26,3.88,1.77,1.97,3.97,17.97,1.98,3.87,3.98,3.62,4.98,4.97,0.97,1.98,1.88,5.94,4.47,2.24,1.94,1.83,4.23,3.88,2.48,7.94,1.97,0.97,7.97,0.97,8.37,2.97,4.97
2016/03/11,4.64,0.48,1.16,0.7,0.7,11.88,0.7,0.48,7.88,14.72,0.7,6.68,12.98,3.87,11.28,4.88,1.56,5.47,11.28,10.97,0.48,6.87,0.48,5.98,10.98,0.48,0.7,0.48,3.78,5.76,14.72,0.96,5.24,14.72,3.97,3.67,0.48,0.48,2.98,5.76,12.78,0.48,0.48,2.24,0.7,0.48,4.97,5.74,8.97,1.48,3.92,17.97,2.98,5.97,5.22,4.23,2.84,3.88,1.88,7.98,2.73,4.88,3.48,0.97,4.47,5.97,2.37,3.48,2.48,2.26,3.88,1.77,1.97,3.97,17.97,1.98,3.87,3.98,3.62,4.98,4.97,0.97,1.98,1.88,5.94,4.47,2.24,1.94,1.83,4.23,3.88,2.48,7.94,1.97,0.97,7.97,0.97,8.37,2.97,4.97
2016/03/12,4.64,0.48,1.16,0.7,0.7,11.88,0.7,0.48,7.88,14.72,0.7,6.68,12.98,3.87,11.28,4.88,1.56,5.47,11.28,10.97,0.48,6.87,0.48,5.98,10.98,0.48,0.7,0.48,3.78,5.76,14.72,0.96,5.24,14.72,3.97,3.67,0.48,0.48,2.98,5.76,12.78,0.48,0.48,2.24,0.7,0.48,4.97,5.74,8.97,1.48,3.92,17.97,2.98,5.97,5.22,4.23,2.84,3.88,1.88,7.98,2.73,4.88,3.48,0.97,4.47,5.97,2.37,3.48,2.48,2.26,3.88,1.77,1.97,3.97,17.97,1.98,3.87,3.98,3.62,4.98,4.97,0.97,1.98,1.88,5.94,4.47,2.24,1.94,1.83,4.23,3.88,2.48,7.94,1.97,0.97,7.97,0.97,8.37,2.97,4.97
2016/03/13,4.64,0.48,1.16,0.7,0.7,11.88,0.7,0.48,7.88,14.72,0.7,6.68,12.98,3.87,11.28,4.88,1.56,5.47,11.28,10.97,0.48,6.87,0.48,5.98,10.98,0.48,0.7,0.48,3.78,5.76,14.72,0.96,5.24,14.72,3.97,3.67,0.48,0.48,2.98,5.76,12.78,0.48,0.48,2.24,0.7,0.48,4.97,5.74,8.97,1.48,3.92,17.97,2.98,5.97,5.22,4.23,2.84,3.88,1.88,7.98,2.73,4.88,3.48,0.97,4.47,5.97,2.37,3.48,2.48,2.26,3.88,1.77,1.97,3.97,17.97,1.98,3.87,3.98,3.62,4.98,4.97,0.97,1.98,1.88,5.94,4.47,2.24,1.94,1.83,4.23,3.88,2.48,7.94,1.97,0.97,7.97,0.97,8.37,2.97,4.97
2016/03/14,4.64,0.48,1.16,0.7,0.7,11.88,0.7,0.48,7.88,14.72,0.7,6.68,12.98,3.87,11.28,4.88,1.56,5.47,11.28,10.97,0.48,6.87,0.48,5.98,10.98,0.48,0.7,0.48,3.78,5.76,14.72,0.96,5.24,14.72,3.97,3.67,0.48,0.48,2.98,5.76,12.78,0.48,0.48,2.24,0.7,0.48,4.97,5.74,8.97,1.48,3.92,17.97,2.98,5.97,5.22,4.23,2.84,3.88,1.88,7.98,2.73,4.88,3.48,0.97,4.47,5.97,2.37,3.48,2.48,2.26,3.88,1.77,1.97,3.97,17.97,1.98,3.87,3.98,3.62,4.98,4.97,0.97,1.98,1.88,5.94,4.47,2.24,1.94,1.83,4.23,3.88,2.48,7.94,1.97,0.97,7.97,0.97,8.37,2.97,4.97
2016/03/15,4.64,0.48,1.16,0.7,0.7,11.88,0.7,0.48,7.88,14.72,0.7,6.68,12.98,3.87,11.28,4.88,1.56,5.47,11.28,10.97,0.48,6.87,0.48,5.98,10.98,0.48,0.7,0.48,3.78,5.76,14.72,0.96,5.24,14.72,3.97,3.67,0.48,0.48,2.98,5.76,12.78,0.48,0.48,2.24,0.7,0.48,4.97,5.74,8.97,1.48,3.92,17.97,2.98,5.97,5.22,4.23,2.84,3.88,1.88,7.98,2.73,4.88,3.48,0.97,4.47,5.97,2.37,3.48,2.48,2.26,3.88,1.77,1.97,3.97,17.97,1.98,3.87,3.98,3.62,4.98,4.97,0.97,1.98,1.88,5.94,4.47,2.24,1.94,1.83,4.23,3.88,2.48,7.94,1.97,0.97,7.97,0.97,8.37,2.97,4.97
2016/03/16,4.64,0.48,1.16,0.7,0.7,11.88,0.7,0.48,7.88,14.72,0.7,6.68,12.98,3.87,11.28,4.88,1.56,5.47,11.28,10.97,0.48,6.87,0.48,5.98,10.98,0.48,0.7,0.48,3.78,5.76,14.72,0.96,5.24,14.72,3.97,3.67,0.48,0.48,2.98,5.76,12.78,0.48,0.48,2.24,0.7,0.48,4.97,5.74,8.97,1.48,3.92,17.97,2.98,5.97,5.22,4.23,2.84,3.88,1.88,7.98,2.73,4.88,3.48,0.97,4.47,5.97,2.37,3.48,2.48,2.26,3.88,1.77,1.97,3.97,17.97,1.98,3.87,3.98,3.62,4.98,4.97,0.97,1.98,1.88,5.94,4.47,2.24,1.94,1.83,4.23,3.88,2.48,7.94,1.97,0.97,7.97,0.97,8.37,2.97,4.97
2016/03/17,4.64,0.48,1.16,0.7,0.7,11.88,0.7,0.48,7.88,14.72,0.7,6.68,12.98,3.87,11.28,4.88,1.56,5.47,11.28,10.97,0.48,6.87,0.48,5.98,10.98,0.48,0.7,0.48,3.78,5.76,14.72,0.96,5.24,14.72,3.97,3.67,0.48,0.48,2.98,5.76,12.78,0.48,0.48,2.24,0.7,0.48,4.97,5.74,8.97,1.48,3.92,17.97,2.98,5.97,5.22,4.23,2.84,3.88,1.88,7.98,2.73,4.88,3.48,0.97,4.47,5.97,2.37,3.48,2.48,2.26,3.88,1.77,1.97,3.97,17.97,1.98,3.87,3.98,3.62,4.98,4.97,0.97,1.98,1.88,5.94,4.47,2.24,1.94,1.83,4.23,3.88,2.48,7.94,1.97,0.97,7.97,0.97,8.37,2.97,4.97
2016/03/18,4.64,0.48,1.16,0.7,0.7,11.88,0.7,0.48,7.88,14.72,0.7,6.68,12.98,3.87,11.28,4.88,1.56,5.47,11.28,10.97,0.48,6.87,0.48,5.98,10.98,0.48,0.7,0.48,3.78,5.76,14.72,0.96,5.24,14.72,3.97,3.67,0.48,0.48,2.98,5.76,12.78,0.48,0.48,2.24,0.7,0.48,4.97,5.74,8.97,1.48,3.92,17.97,2.98,5.97,5.22,4.23,2.84,3.88,1.88,7.98,2.73,4.88,3.48,0.97,4.47,5.97,2.37,3.48,2.48,2.26,3.88,1.77,1.97,3.97,17.97,1.98,3.87,3.98,3.62,4.98,4.97,0.97,1.98,1.88,5.94,4.47,2.24,1.94,1.83,4.23,3.88,2.48,7.94,1.97,0.97,7.97,0.97,8.37,2.97,4.97
2016/03/19,4.64,0.48,1.16,0.7,0.7,11.88,0.7,0.48,7.88,14.72,0.7,6.68,12.98,3.87,11.28,4.88,1.56,5.47,11.28,10.97,0.48,6.87,0.48,5.98,10.98,0.48,0.7,0.48,3.78,5.76,14.72,0.96,5.24,14.72,3.97,3.67,0.48,0.48,2.98,5.76,12.78,0.48,0.48,2.24,0.7,0.48,4.97,5.74,8.97,1.48,3.92,17.97,2.98,5.97,5.22,4.23,2.84,3.88,1.88,7.98,2.73,4.88,3.48,0.97,4.47,5.97,2.37,3.48,2.48,2.26,3.88,1.77,1.97,3.97,17.97,1.98,3.87,3.98,3.62,4.98,4.97,0.97,1.98,1.88,5.94,4.47,2.24,1.94,1.83,4.23,3.88,2.48,7.94,1.97,0.97,7.97,0.97,8.37,2.97,4.97
2016/03/20,4.64,0.48,1.16,0.7,0.7,11.88,0.7,0.48,7.88,14.72,0.7,6.68,12.98,3.87,11.28,4.88,1.56,5.47,11.28,10.97,0.48,6.87,0.48,5.98,10.98,0.48,0.7,0.48,3.78,5.76,14.72,0.96,5.24,14.72,3.97,3.67,0.48,0.48,2.98,5.76,12.78,0.48,0.48,2.24,0.7,0.48,4.97,5.74,8.97,1.48,3.92,17.97,2.98,5.97,5.22,4.23,2.84,3.88,1.88,7.98,2.73,4.88,3.48,0.97,4.47,5.97,2.37,3.48,2.48,2.26,3.88,1.77,1.97,3.97,17.97,1.98,3.87,3.98,3.62,4.98,4.97,0.97,1.98,1.88,5.94,4.47,2.24,1.94,1.83,4.23,3.88,2.48,7.94,1.97,0.97,7.97,0.97,8.37,2.97,4.97
2016/03/21,4.64,0.48,1.16,0.7,0.7,11.88,0.7,0.48,7.88,14.72,0.7,6.68,12.98,3.87,11.28,4.88,1.56,5.47,11.28,10.97,0.48,6.87,0.48,5.98,10.98,0.48,0.7,0.48,3.78,5.76,14.72,0.96,5.24,14.72,3.97,3.67,0.48,0.48,2.98,5.76,12.78,0.48,0.48,2.24,0.7,0.48,4.97,5.74,8.97,1.48,3.92,17.97,2.98,5.97,5.22,4.23,2.84,3.88,1.88,7.98,2.73,4.88,3.48,0.97,4.47,5.97,2.37,3.48,2.48,2.26,3.88,1.77,1.97,3.97,17.97,1.98,3.87,3.98,3.62,4.98,4.97,0.97,1.98,1.88,5.94,4.47,2.24,1.94,1.83,4.23,3.88,2.48,7.94,1.97,0.97,7.97,0.97,8.37,2.97,4.97
2016/03/22,4.64,0.48,1.16,0.7,0.7,11.88,0.7,0.48,7.88,14.72,0.7,6.68,12.98,3.87,11.28,4.88,1.56,5.47,11.28,10.97,0.48,6.87,0.48,5.98,10.98,0.48,0.7,0.48,3.78,5.76,14.72,0.96,5.24,14.72,3.97,3.67,0.48,0.48,2.98,5.76,12.78,0.48,0.48,2.24,0.7,0.48,4.97,5.74,8.97,1.48,3.92,17.97,2.98,5.97,5.22,4.23,2.84,3.88,1.88,7.98,2.73,4.88,3.48,0.97,4.47,5.97,2.37,3.48,2.48,2.26,3.88,1.77,1.97,3.97,17.97,1.98,3.87,3.98,3.62,4.98,4.97,0.97,1.98,1.88,5.94,4.47,2.24,1.94,1.83,4.23,3.88,2.48,7.94,1.97,0.97,7.97,0.97,8.37,2.97,4.97
2016/03/23,4.64,0.48,1.16,0.7,0.7,11.88,0.7,0.48,7.88,14.72,0.7,6.68,12.98,3.87,11.28,4.88,1.56,5.47,11.28,10.97,0.48,6.87,0.48,5.98,10.98,0.48,0.7,0.48,3.78,5.76,14.72,0.96,5.24,14.72,3.97,3.67,0.48,0.48,2.98,5.76,12.78,0.48,0.48,2.24,0.7,0.48,4.97,5.74,8.97,1.48,3.92,17.97,2.98,5.97,5.22,4.23,2.84,3.88,1.88,7.98,2.73,4.88,3.48,0.97,4.47,5.97,2.37,3.48,2.48,2.26,3.88,1.77,1.97,3.97,17.97,1.98,3.87,3.98,3.62,4.98,4.97,0.97,1.98,1.88,5.94,4.47,2.24,1.94,1.83,4.23,3.88,2.48,7.94,1.97,0.97,7.97,0.97,8.37,2.97,4.97
2016/03/24,4.64,0.48,1.16,0.7,0.7,11.88,0.7,0.48,7.88,14.72,0.7,6.68,12.98,3.87,11.28,4.88,1.56,5.47,11.28,10.97,0.48,6.87,0.48,5.98,10.98,0.48,0.7,0.48,3.78,5.76,14.72,0.96,5.24,14.72,3.97,3.67,0.48,0.48,2.98,5.76,12.78,0.48,0.48,2.24,0.7,0.48,4.97,5.74,8.97,1.48,3.92,17.97,2.98,5.97,5.22,4.23,2.84,3.88,1.88,7.98,2.73,4.88,3.48,0.97,4.47,5.97,2.37,3.48,2.48,2.26,3.88,1.77,1.97,3.97,17.97,1.98,3.87,3.98,3.62,4.98,4.97,0.97,1.98,1.88,5.94,4.47,2.24,1.94,1.83,4.23,3.88,2.48,7.94,1.97,0.97,7.97,0.97,8.37,2.97,4.97
2016/03/25,4.64,0.48,1.16,0.7,0.7,11.88,0.7,0.48,7.88,14.72,0.7,6.68,12.98,3.87,11.28,4.88,1.56,5.47,11.28,10.97,0.48,6.87,0.48,5.98,10.98,0.48,0.7,0.48,3.78,5.76,14.72,0.96,5.24,14.72,3.97,3.67,0.48,0.48,2.98,5.76,12.78,0.48,0.48,2.24,0.7,0.48,4.97,5.74,8.97,1.48,3.92,17.97,2.98,5.97,5.22,4.23,2.84,3.88,1.88,7.98,2.73,4.88,3.48,0.97,4.47,5.97,2.37,3.48,2.48,2.26,3.88,1.77,1.97,3.97,17.97,1.98,3.87,3.98,3.62,4.98,4.97,0.97,1.98,1.88,5.94,4.47,2.24,1.94,1.83,4.23,3.88,2.48,7.94,1.97,0.97,7.97,0.97,8.37,2.97,4.97
2016/03/26,4.64,0.48,1.16,0.7,0.7,11.88,0.7,0.48,7.88,14.72,0.7,6.68,12.98,3.87,11.28,4.88,1.56,5.47,11.28,10.97,0.48,6.87,0.48,5.98,10.98,0.48,0.7,0.48,3.78,5.76,14.72,0.96,5.24,14.72,3.97,3.67,0.48,0.48,2.98,5.76,12.78,0.48,0.48,2.24,0.7,0.48,4.97,5.74,8.97,1.48,3.92,17.97,2.98,5.97,5.22,4.23,2.84,3.88,1.88,7.98,2.73,4.47,3.48,0.97,4.47,5.97,2.37,3.48,2.48,2.26,3.88,1.77,1.97,3.97,17.97,1.98,3.87,3.98,3.62,4.98,4.97,0.97,1.98,1.88,5.94,4.47,2.24,1.94,1.83,4.23,3.88,2.48,7.94,1.97,0.97,7.97,0.97,8.37,2.97,4.97
2016/03/27,4.64,0.48,1.16,0.7,0.7,11.88,0.7,0.48,7.88,14.72,0.7,6.68,12.98,3.87,11.28,4.88,1.56,5.47,11.28,10.97,0.48,6.87,0.48,5.98,10.98,0.48,0.7,0.48,3.78,5.76,14.72,0.96,5.24,14.72,3.97,3.67,0.48,0.48,2.98,5.76,12.78,0.48,0.48,2.24,0.7,0.48,4.97,5.74,8.97,1.48,3.92,17.97,2.98,5.97,5.22,4.23,2.84,3.88,1.88,7.98,2.73,4.47,3.48,0.97,4.47,5.97,2.37,3.48,2.48,2.26,3.88,1.77,1.97,3.97,17.97,1.98,3.87,3.98,3.62,4.98,4.97,0.97,1.98,1.88,5.94,4.47,2.24,1.94,1.83,4.23,3.88,2.48,7.94,1.97,0.97,7.97,0.97,8.37,2.97,4.97
2016/03/28,4.64,0.48,1.16,0.7,0.7,11.88,0.7,0.48,7.88,14.72,0.7,6.68,12.98,3.87,11.28,4.88,1.56,5.47,11.28,10.97,0.48,6.87,0.48,5.98,10.98,0.48,0.7,0.48,3.78,5.76,14.72,0.96,5.24,14.72,3.97,3.67,0.48,0.48,2.98,5.76,12.78,0.48,0.48,2.24,0.7,0.48,4.97,5.74,8.97,1.48,3.92,17.97,2.98,5.97,5.22,4.23,2.84,3.88,1.88,7.98,2.73,4.47,3.48,0.97,4.47,5.97,2.37,3.48,2.48,2.26,3.88,1.77,1.97,3.97,17.97,1.98,3.87,3.98,3.62,4.98,4.97,0.97,1.98,1.88,5.94,4.47,2.24,1.94,1.83,4.23,3.88,2.48,7.94,1.97,0.97,7.97,0.97,8.37,2.97,4.97
2016/03/29,4.64,0.48,1.16,0.7,0.7,11.88,0.7,0.48,7.88,14.72,0.7,6.68,12.98,3.87,11.28,4.88,1.56,5.47,11.28,10.97,0.48,6.87,0.48,5.98,10.98,0.48,0.7,0.48,3.78,5.76,14.72,0.96,5.24,14.72,3.97,3.67,0.48,0.48,2.98,5.76,12.78,0.48,0.48,2.24,0.7,0.48,4.97,5.74,8.97,1.48,3.92,17.97,2.98,5.97,5.22,4.23,2.84,3.88,1.88,7.98,2.73,4.47,3.48,0.97,4.47,5.97,2.37,3.48,2.48,2.26,3.88,1.77,1.97,3.97,17.97,1.98,3.87,3.98,3.62,4.98,4.97,0.97,1.98,1.88,5.94,4.47,2.24,1.94,1.83,4.23,3.88,2.48,7.94,1.97,0.97,7.97,0.97,8.37,2.97,4.97
2016/03/30,4.64,0.48,1.16,0.7,0.7,11.88,0.7,0.48,7.88,14.72,0.7,6.68,12.98,3.87,11.28,4.88,1.56,5.47,11.28,10.97,0.48,6.87,0.48,5.98,10.98,0.48,0.7,0.48,3.78,5.76,14.72,0.96,5.24,14.72,3.97,3.67,0.48,0.48,2.98,5.76,12.78,0.48,0.48,2.24,0.7,0.48,4.97,5.74,8.97,1.48,3.92,17.97,2.98,5.97,5.22,4.23,2.84,3.88,1.88,7.98,2.73,4.47,3.48,0.97,4.47,5.97,2.37,3.48,2.48,2.26,3.88,1.77,1.97,3.97,17.97,1.98,3.87,3.98,3.62,4.98,4.97,0.97,1.98,1.88,5.94,4.47,2.24,1.94,1.83,4.23,3.88,2.48,7.94,1.97,0.97,7.97,0.97,8.37,2.97,4.97
2016/03/31,4.64,0.48,1.16,0.7,0.7,11.88,0.7,0.48,7.88,14.72,0.7,6.68,12.98,3.87,11.28,4.88,1.56,5.47,11.28,10.97,0.48,6.87,0.48,5.98,10.98,0.48,0.7,0.48,3.78,5.76,14.72,0.96,5.24,14.72,3.97,3.67,0.48,0.48,2.98,5.76,12.78,0.48,0.48,2.24,0.7,0.48,4.97,5.74,8.97,1.48,3.92,17.97,2.98,5.97,5.22,4.23,2.84,3.88,1.88,7.98,2.73,4.47,3.48,0.97,4.47,5.97,2.37,3.48,2.48,2.26,3.88,1.77,1.97,3.97,17.97,1.98,3.87,3.98,3.62,4.98,4.97,0.97,1.98,1.88,5.94,4.47,2.24,1.94,1.83,4.23,3.88,2.48,7.94,1.97,0.97,7.97,0.97,8.37,2.97,4.97
2016/04/01,4.64,0.48,1.16,0.7,0.7,11.88,0.7,0.48,7.88,14.72,0.7,6.68,12.98,3.87,11.28,4.88,1.56,5.47,11.28,10.97,0.48,6.87,0.48,5.98,10.98,0.48,0.7,0.48,3.78,5.76,14.72,0.96,5.24,14.72,3.97,3.67,0.48,0.48,2.98,5.76,12.78,0.48,0.48,2.24,0.7,0.48,4.97,5.74,8.97,1.48,3.92,17.97,2.98,5.97,5.22,4.23,2.84,3.88,1.88,7.98,2.73,4.47,3.48,0.97,4.47,5.97,2.37,3.48,2.48,2.26,3.88,1.77,1.97,3.97,17.97,1.98,3.87,3.98,3.62,4.98,4.97,0.97,1.98,1.88,5.94,4.47,2.24,1.94,1.83,4.23,3.88,2.48,7.94,1.97,0.97,7.97,0.97,8.37,2.97,4.97
2016/04/02,4.64,0.48,1.16,0.7,0.7,11.88,0.7,0.48,7.88,14.72,0.7,6.68,12.98,3.87,11.28,4.88,1.56,5.47,11.28,10.97,0.48,6.87,0.48,5.98,10.98,0.48,0.7,0.48,3.78,5.76,14.72,0.96,5.24,14.72,3.97,3.67,0.48,0.48,2.98,5.76,12.78,0.48,0.48,2.24,0.7,0.48,4.97,5.74,8.97,1.48,3.92,17.97,2.98,5.97,5.22,4.23,2.84,3.88,1.88,7.98,2.73,4.47,3.48,0.97,4.47,5.97,2.37,3.48,2.48,2.26,3.88,1.77,1.97,3.97,17.97,1.98,3.87,3.98,3.62,4.98,4.97,0.97,1.98,1.88,5.94,4.47,2.24,1.94,1.83,4.23,3.88,2.48,7.94,1.97,0.97,7.97,0.97,8.37,2.97,4.97
2016/04/03,4.64,0.48,1.16,0.7,0.7,11.88,0.7,0.48,7.88,14.72,0.7,6.68,12.98,3.87,11.28,4.88,1.56,5.47,11.28,10.97,0.48,6.87,0.48,5.98,10.98,0.48,0.7,0.48,3.78,5.76,14.72,0.96,5.24,14.72,3.97,3.67,0.48,0.48,2.98,5.76,12.78,0.48,0.48,2.24,0.7,0.48,4.97,5.74,8.97,1.48,3.92,17.97,2.98,5.97,5.22,4.23,2.84,3.88,1.88,7.98,2.73,4.47,3.48,0.97,4.47,5.97,2.37,3.48,2.48,2.26,3.88,1.77,1.97,3.97,17.97,1.98,3.87,3.98,3.62,4.98,4.97,0.97,1.98,1.88,5.94,4.47,2.24,1.94,1.83,4.23,3.88,2.48,7.94,1.97,0.97,7.97,0.97,8.37,2.97,4.97
2016/04/04,4.64,0.48,1.16,0.7,0.7,11.88,0.7,0.48,7.88,14.72,0.7,6.68,12.98,3.87,11.28,4.88,1.56,5.47,11.28,10.97,0.48,6.87,0.48,5.98,10.98,0.48,0.7,0.48,3.78,5.76,14.72,0.96,5.24,14.72,3.97,3.67,0.48,0.48,2.98,5.76,12.78,0.48,0.48,2.24,0.7,0.48,4.97,5.74,8.97,1.48,3.92,17.97,2.98,5.97,5.22,4.23,2.84,3.88,1.88,7.98,2.73,4.47,3.48,0.97,4.47,5.97,2.37,3.48,2.48,2.26,3.88,1.77,1.97,3.97,17.97,1.98,3.87,3.98,3.62,4.98,4.97,0.97,1.98,1.88,5.94,4.47,2.24,1.94,1.83,4.23,3.88,2.48,7.94,1.97,0.97,7.97,0.97,8.37,2.97,4.97
2016/04/05,4.64,0.48,1.16,0.7,0.7,11.88,0.7,0.48,7.88,14.72,0.7,6.68,12.98,3.87,11.28,4.88,1.56,5.47,11.28,10.97,0.48,6.87,0.48,5.98,10.98,0.48,0.7,0.48,3.78,5.76,14.72,0.96,5.24,14.72,3.97,3.67,0.48,0.48,2.98,5.76,12.78,0.48,0.48,2.24,0.7,0.48,4.97,5.74,8.97,1.48,3.92,17.97,2.98,5.97,5.22,4.23,2.84,3.88,1.88,7.98,2.73,4.47,3.48,0.97,4.47,5.97,2.37,3.48,2.48,2.26,3.88,1.77,1.97,3.97,17.97,1.98,3.87,3.98,3.62,4.98,4.97,0.97,1.98,1.88,5.94,4.47,2.24,1.94,1.83,4.23,3.88,2.48,7.94,1.97,0.97,7.97,0.97,8.37,2.97,4.97
2016/04/06,4.64,0.48,1.16,0.7,0.7,11.88,0.7,0.48,7.88,14.72,0.7,6.68,12.98,3.87,11.28,4.88,1.56,5.47,11.28,10.97,0.48,6.87,0.48,5.98,10.98,0.48,0.7,0.48,3.78,5.76,14.72,0.96,5.24,14.72,3.97,3.67,0.48,0.48,2.98,5.76,12.78,0.48,0.48,2.24,0.7,0.48,4.97,5.74,8.97,1.48,3.92,17.97,2.98,5.97,5.22,4.23,2.84,3.88,1.88,7.98,2.73,4.47,3.48,0.97,4.47,5.97,2.37,3.48,2.48,2.26,3.88,1.77,1.97,3.97,17.97,1.98,3.87,3.98,3.62,4.98,4.97,0.97,1.98,1.88,5.94,4.47,2.24,1.94,1.83,4.23,3.88,2.48,7.94,1.97,0.97,7.97,0.97,8.37,2.97,4.97
2016/04/07,4.64,0.48,1.16,0.7,0.7,11.88,0.7,0.48,7.88,14.72,0.7,6.68,12.98,3.87,11.28,4.88,1.56,5.47,11.28,10.97,0.48,6.87,0.48,5.98,10.98,0.48,0.7,0.48,3.78,5.76,14.72,0.96,5.24,14.72,3.97,3.67,0.48,0.48,2.98,5.76,12.78,0.48,0.48,2.24,0.7,0.48,4.97,5.74,8.97,1.48,3.92,17.97,2.98,5.97,5.22,4.23,2.84,3.88,1.88,7.98,2.73,4.47,3.48,0.97,4.47,5.97,2.37,3.48,2.48,2.26,3.88,1.77,1.97,3.97,17.97,1.98,3.87,3.98,3.62,4.98,4.97,0.97,1.98,1.88,5.94,4.47,2.24,1.94,1.83,4.23,3.88,2.48,7.94,1.97,0.97,7.97,0.97,8.37,2.97,4.97
2016/04/08,4.64,0.48,1.16,0.7,0.7,11.88,0.7,0.48,7.88,14.72,0.7,6.68,12.98,3.87,11.28,4.88,1.56,5.47,11.28,10.97,0.48,6.87,0.48,5.98,10.98,0.48,0.7,0.48,3.78,5.76,14.72,0.96,5.24,14.72,3.97,3.67,0.48,0.48,2.98,5.76,12.78,0.48,0.48,2.24,0.7,0.48,4.97,5.74,8.97,1.48,3.92,17.97,2.98,5.97,5.22,4.23,2.84,3.88,1.88,7.98,2.73,4.47,3.48,0.97,4.47,5.97,2.37,3.48,2.48,2.26,3.88,1.77,1.97,3.97,17.97,1.98,3.87,3.98,3.62,4.98,4.97,0.97,1.98,1.88,5.94,4.47,2.24,1.94,1.83,4.23,3.88,2.48,7.94,1.97,0.97,7.97,0.97,8.37,2.97,4.97
2016/04/09,4.64,0.48,1.16,0.7,0.7,11.88,0.7,0.48,7.88,14.72,0.7,6.68,12.98,3.87,11.28,4.88,1.56,5.47,11.28,10.97,0.48,6.87,0.48,5.98,10.98,0.48,0.7,0.48,3.78,5.76,14.72,0.96,5.24,14.72,3.97,3.67,0.48,0.48,2.98,5.76,12.78,0.48,0.48,2.24,0.7,0.48,4.97,5.74,8.97,1.48,3.92,17.97,2.98,5.97,5.22,4.23,2.84,3.88,1.88,7.98,2.73,4.47,3.48,0.97,4.47,5.97,2.37,3.48,2.48,2.26,3.88,1.77,1.97,3.97,17.97,1.98,3.87,3.98,3.62,4.98,4.97,0.97,1.98,1.88,5.94,4.47,2.24,1.94,1.83,4.23,3.88,2.48,7.94,1.97,0.97,7.97,0.97,8.37,2.97,4.97
2016/04/10,4.64,0.48,1.16,0.7,0.7,11.88,0.7,0.48,7.88,14.72,0.7,6.68,12.98,3.87,11.28,4.88,1.56,5.47,11.28,10.97,0.48,6.87,0.48,5.98,10.98,0.48,0.7,0.48,3.78,5.76,14.72,0.96,5.24,14.72,3.97,3.67,0.48,0.48,2.98,5.76,12.78,0.48,0.48,2.24,0.7,0.48,4.97,5.74,8.97,1.48,3.92,17.97,2.98,5.97,5.22,4.23,2.84,3.88,1.88,7.98,2.73,4.47,3.48,0.97,4.47,5.97,2.37,3.48,2.48,2.26,3.88,1.77,1.97,3.97,17.97,1.98,3.87,3.98,3.62,4.98,4.97,0.97,1.98,1.88,5.94,4.47,2.24,1.94,1.83,4.23,3.88,2.48,7.94,1.97,0.97,7.97,0.97,8.37,2.97,4.97
2016/04/11,4.64,0.48,1.16,0.7,0.7,11.88,0.7,0.48,7.88,14.72,0.7,6.68,12.98,3.87,11.28,4.88,1.56,5.47,11.28,10.97,0.48,6.87,0.48,5.98,10.98,0.48,0.7,0.48,3.78,5.76,14.72,0.96,5.24,14.72,3.97,3.67,0.48,0.48,2.98,5.76,12.78,0.48,0.48,2.24,0.7,0.48,4.97,5.74,8.97,1.48,3.92,17.97,2.98,5.97,5.22,4.23,2.84,3.88,1.88,7.98,2.73,4.47,3.48,0.97,4.47,5.97,2.37,3.48,2.48,2.26,3.88,1.77,1.97,3.97,17.97,1.98,3.87,3.98,3.62,4.98,4.97,0.97,1.98,1.88,5.94,4.47,2.24,1.94,1.83,4.23,3.88,2.48,7.94,1.97,0.97,7.97,0.97,8.37,2.97,4.97
2016/04/12,4.64,0.48,1.16,0.7,0.7,11.88,0.7,0.48,7.88,14.72,0.7,6.68,12.98,3.87,11.28,4.88,1.56,5.47,11.28,10.97,0.48,6.87,0.48,5.98,10.98,0.48,0.7,0.48,3.78,5.76,14.72,0.96,5.24,14.72,3.97,3.67,0.48,0.48,2.98,5.76,12.78,0.48,0.48,2.24,0.7,0.48,4.97,5.74,8.97,1.48,3.92,17.97,2.98,5.97,5.22,4.23,2.84,3.88,1.88,7.98,2.73,4.47,3.48,0.97,4.47,5.97,2.37,3.48,2.48,2.26,3.88,1.77,1.97,3.97,17.97,1.98,3.87,3.98,3.62,4.98,4.97,0.97,1.98,1.88,5.94,4.47,2.24,1.94,1.83,4.23,3.88,2.48,7.94,1.97,0.97,7.97,0.97,8.37,2.97,4.97
2016/04/13,4.64,0.48,1.16,0.7,0.7,11.88,0.7,0.48,7.88,14.72,0.7,6.68,12.98,3.87,11.28,4.88,1.56,5.47,11.28,10.97,0.48,6.87,0.48,5.98,10.98,0.48,0.7,0.48,3.78,5.76,14.72,0.96,5.24,14.72,3.97,3.67,0.48,0.48,2.98,5.76,12.78,0.48,0.48,2.24,0.7,0.48,4.97,5.74,8.97,1.48,3.92,17.97,2.98,5.97,5.22,4.23,2.84,3.88,1.88,7.98,2.73,4.47,3.48,0.97,4.47,5.97,2.37,3.48,2.48,2.26,3.88,1.77,1.97,3.97,17.97,1.98,3.87,3.98,3.62,4.98,4.97,0.97,1.98,1.88,5.94,4.47,2.24,1.94,1.83,4.23,3.88,2.48,7.94,1.97,0.97,7.97,0.97,8.37,2.97,4.97
2016/04/14,4.64,0.48,1.16,0.7,0.7,11.88,0.7,0.48,7.88,14.72,0.7,6.68,12.98,3.87,11.28,4.88,1.56,5.47,11.28,10.97,0.48,6.87,0.48,5.98,10.98,0.48,0.7,0.48,3.78,5.76,14.72,0.96,5.24,14.72,3.97,3.67,0.48,0.48,2.98,5.76,12.78,0.48,0.48,2.24,0.7,0.48,4.97,5.74,8.97,1.48,3.92,17.97,2.98,5.97,5.22,4.23,2.84,3.88,1.88,7.98,2.73,4.47,3.48,0.97,4.47,5.97,2.37,3.48,2.48,2.26,3.88,1.77,1.97,3.97,17.97,1.98,3.87,3.98,3.62,4.98,4.97,0.97,1.98,1.88,5.94,4.47,2.24,1.94,1.83,4.23,3.88,2.48,7.94,1.97,0.97,7.97,0.97,8.37,2.97,4.97
2016/04/15,4.64,0.48,1.16,0.7,0.7,11.88,0.7,0.48,7.88,14.72,0.7,6.68,12.98,3.87,11.28,4.88,1.56,5.47,11.28,10.97,0.48,6.87,0.48,5.98,10.98,0.48,0.7,0.48,3.78,5.76,14.72,0.96,5.24,14.72,3.97,3.67,0.48,0.48,2.98,5.76,12.78,0.48,0.48,2.24,0.7,0.48,4.97,5.74,8.97,1.48,3.92,17.97,2.98,5.97,5.22,4.23,2.84,3.88,1.88,7.98,2.73,4.47,3.48,0.97,4.47,5.97,2.37,3.48,2.48,2.26,3.88,1.77,1.97,3.97,17.97,1.98,3.87,3.98,3.62,4.98,4.97,0.97,1.98,1.88,5.94,4.47,2.24,1.94,1.83,4.23,3.88,2.48,7.94,1.97,0.97,7.97,0.97,8.37,2.97,4.97
2016/04/16,4.64,0.48,1.16,0.7,0.7,11.88,0.7,0.48,7.88,14.72,0.7,6.68,12.98,3.87,11.28,4.88,1.56,5.47,11.28,10.97,0.48,6.87,0.48,5.98,10.98,0.48,0.7,0.48,3.78,5.76,14.72,0.96,5.24,14.72,3.97,3.67,0.48,0.48,2.98,5.76,12.78,0.48,0.48,2.24,0.7,0.48,4.97,5.74,8.97,1.48,3.92,17.97,2.98,5.97,5.22,4.23,2.84,3.88,1.88,7.98,2.73,4.47,3.48,0.97,4.47,5.97,2.37,3.48,2.48,2.26,3.88,1.77,1.97,3.97,17.97,1.98,3.87,3.98,3.62,4.98,4.97,0.97,1.98,1.88,5.94,4.47,2.24,1.94,1.83,4.23,3.88,2.48,7.94,1.97,0.97,7.97,0.97,8.37,2.97,4.97
2016/04/17,4.64,0.48,1.16,0.7,0.7,11.88,0.7,0.48,7.88,14.72,0.7,6.68,12.98,3.87,11.28,4.88,1.56,5.47,11.28,10.97,0.48,6.87,0.48,5.98,10.98,0.48,0.7,0.48,3.78,5.76,14.72,0.96,5.24,14.72,3.97,3.67,0.48,0.48,2.98,5.76,12.78,0.48,0.48,2.24,0.7,0.48,4.97,5.74,8.97,1.48,3.92,17.97,2.98,5.97,5.22,4.23,2.84,3.88,1.88,7.98,2.73,4.47,3.48,0.97,4.47,5.97,2.37,3.48,2.48,2.26,3.88,1.77,1.97,3.97,17.97,1.98,3.87,3.98,3.62,4.98,4.97,0.97,1.98,1.88,5.94,4.47,2.24,1.94,1.83,4.23,3.88,2.48,7.94,1.97,0.97,7.97,0.97,8.37,2.97,4.97
2016/04/18,4.64,0.48,1.16,0.7,0.7,11.88,0.7,0.48,7.88,14.72,0.7,6.68,12.98,3.87,11.28,4.88,1.56,5.47,11.28,10.97,0.48,6.87,0.48,5.98,10.98,0.48,0.7,0.48,3.78,5.76,14.72,0.96,5.24,14.72,3.97,3.67,0.48,0.48,2.98,5.76,12.78,0.48,0.48,2.24,0.7,0.48,4.97,5.74,8.97,1.48,3.92,17.97,2.98,5.97,5.22,4.23,2.84,3.88,1.88,7.98,2.73,4.47,3.48,0.97,4.47,5.97,2.37,3.48,2.48,2.26,3.88,1.77,1.97,3.97,17.97,1.98,3.87,3.98,3.62,4.98,4.97,0.97,1.98,1.88,5.94,4.47,2.24,1.94,1.83,4.23,3.88,2.48,7.94,1.97,0.97,7.97,0.97,8.37,2.97,4.97
2016/04/19,4.64,0.48,1.16,0.7,0.7,11.88,0.7,0.48,7.88,14.72,0.7,6.68,12.98,3.87,11.28,4.88,1.56,5.47,11.28,10.97,0.48,6.87,0.48,5.98,10.98,0.48,0.7,0.48,3.78,5.76,14.72,0.96,5.24,14.72,3.97,3.67,0.48,0.48,2.98,5.76,12.78,0.48,0.48,2.24,0.7,0.48,4.97,5.74,8.97,1.48,3.92,17.97,2.98,5.97,5.22,4.23,2.84,3.88,1.88,7.98,2.73,4.47,3.48,0.97,4.47,5.97,2.37,3.48,2.48,2.26,3.88,1.77,1.97,3.97,17.97,1.98,3.87,3.98,3.62,4.98,4.97,0.97,1.98,1.88,5.94,4.47,2.24,1.94,1.83,4.23,3.88,2.48,7.94,1.97,0.97,7.97,0.97,8.37,2.97,4.97
2016/04/20,4.64,0.48,1.16,0.7,0.7,11.88,0.7,0.48,7.88,14.72,0.7,6.68,12.98,3.87,11.28,4.88,1.56,5.47,11.28,10.97,0.48,6.87,0.48,5.98,10.98,0.48,0.7,0.48,3.78,5.76,14.72,0.96,5.24,14.72,3.97,3.67,0.48,0.48,2.98,5.76,12.78,0.48,0.48,2.24,0.7,0.48,4.97,5.74,8.97,1.48,3.92,17.97,2.98,5.97,5.22,4.23,2.84,3.88,1.88,7.98,2.73,4.47,3.48,0.97,4.47,5.97,2.37,3.48,2.48,2.26,3.88,1.77,1.97,3.97,17.97,1.98,3.87,3.98,3.62,4.98,4.97,0.97,1.98,1.88,5.94,4.47,2.24,1.94,1.83,4.23,3.88,2.48,7.94,1.97,0.97,7.97,0.97,8.37,2.97,4.97
2016/04/21,4.64,0.48,1.16,0.7,0.7,11.88,0.7,0.48,7.88,14.72,0.7,6.68,12.98,3.87,11.28,4.88,1.56,5.47,11.28,10.97,0.48,6.87,0.48,5.98,10.98,0.48,0.7,0.48,3.78,5.76,14.72,0.96,5.24,14.72,3.97,3.67,0.48,0.48,2.98,5.76,12.78,0.48,0.48,2.24,0.7,0.48,4.97,5.74,8.97,1.48,3.92,17.97,2.98,5.97,5.22,4.23,2.84,3.88,1.88,7.98,2.73,4.47,3.48,0.97,4.47,5.97,2.37,3.48,2.48,2.26,3.88,1.77,1.97,3.97,17.97,1.98,3.87,3.98,3.62,4.98,4.97,0.97,1.98,1.88,5.94,4.47,2.24,1.94,1.83,4.23,3.88,2.48,7.94,1.97,0.97,7.97,0.97,8.37,2.97,4.97
2016/04/22,4.64,0.48,1.16,0.7,0.7,11.88,0.7,0.48,7.88,14.72,0.7,6.68,12.98,3.87,11.28,4.88,1.56,5.47,11.28,10.97,0.48,6.87,0.48,5.98,10.98,0.48,0.7,0.48,3.78,5.76,14.72,0.96,5.24,14.72,3.97,3.67,0.48,0.48,2.98,5.76,12.78,0.48,0.48,2.24,0.7,0.48,4.97,5.74,8.97,1.48,3.92,17.97,2.98,5.97,5.22,4.23,2.84,3.88,1.88,7.98,2.73,4.47,3.48,0.97,4.47,5.97,2.37,3.48,2.48,2.26,3.88,1.77,1.97,3.97,17.97,1.98,3.87,3.98,3.62,4.98,4.97,0.97,1.98,1.88,5.94,4.47,2.24,1.94,1.83,4.23,3.88,2.48,7.94,1.97,0.97,7.97,0.97,8.37,2.97,4.97
2016/04/23,4.64,0.48,1.16,0.7,0.7,11.88,0.7,0.48,7.88,14.72,0.7,6.68,12.98,3.87,11.28,4.88,1.56,5.47,11.28,10.97,0.48,6.87,0.48,5.98,10.98,0.48,0.7,0.48,3.78,5.76,14.72,0.96,5.24,14.72,3.97,3.67,0.48,0.48,2.98,5.76,12.78,0.48,0.48,2.24,0.7,0.48,4.97,5.74,8.97,1.48,3.92,17.97,2.98,5.97,5.22,4.23,2.84,3.88,1.88,7.98,2.73,4.47,3.48,0.97,4.47,5.97,2.37,3.48,2.48,2.26,3.88,1.77,1.97,3.97,17.97,1.98,3.87,3.98,3.62,4.98,4.97,0.97,1.98,1.88,5.94,4.47,2.24,1.94,1.83,4.23,3.88,2.48,7.94,1.97,0.97,7.97,0.97,8.37,2.97,4.97
2016/04/24,4.64,0.48,1.16,0.7,0.7,11.88,0.7,0.48,7.88,14.72,0.7,6.68,12.98,3.87,11.28,4.88,1.56,5.47,11.28,10.97,0.48,6.87,0.48,5.98,10.98,0.48,0.7,0.48,3.78,5.76,14.72,0.96,5.24,14.72,3.97,3.67,0.48,0.48,2.98,5.76,12.78,0.48,0.48,2.24,0.7,0.48,4.97,5.74,8.97,1.48,3.92,17.97,2.98,5.97,5.22,4.23,2.84,3.88,1.88,7.98,2.73,4.47,3.48,0.97,4.47,5.97,2.37,3.48,2.48,2.26,3.88,1.77,1.97,3.97,17.97,1.98,3.87,3.98,3.62,4.98,4.97,0.97,1.98,1.88,5.94,4.47,2.24,1.94,1.83,4.23,3.88,2.48,7.94,1.97,0.97,7.97,0.97,8.37,2.97,4.97
2016/04/25,4.64,0.48,1.16,0.7,0.7,11.88,0.7,0.48,7.88,14.72,0.7,6.68,12.98,3.87,11.28,4.88,1.56,5.47,11.28,10.97,0.48,6.87,0.48,5.98,10.98,0.48,0.7,0.48,3.78,5.76,14.72,0.96,5.24,14.72,3.97,3.67,0.48,0.48,2.98,5.76,12.78,0.48,0.48,2.24,0.7,0.48,4.97,5.74,8.97,1.48,3.92,17.97,2.98,5.97,5.22,4.23,2.84,3.88,1.88,7.98,2.73,4.47,3.48,0.97,4.47,5.97,2.37,3.48,2.48,2.26,3.88,1.77,1.97,3.97,17.97,1.98,3.87,3.98,3.62,4.98,4.97,0.97,1.98,1.88,5.94,4.47,2.24,1.94,1.83,4.23,3.88,2.48,7.94,1.97,0.97,7.97,0.97,8.37,2.97,4.97
2016/04/26,4.64,0.48,1.16,0.7,0.7,11.88,0.7,0.48,7.88,14.72,0.7,6.68,12.98,3.87,11.28,4.88,1.56,5.47,11.28,10.97,0.48,6.87,0.48,5.98,10.98,0.48,0.7,0.48,3.78,5.76,14.72,0.96,5.24,14.72,3.97,3.67,0.48,0.48,2.98,5.76,12.78,0.48,0.48,2.24,0.7,0.48,4.97,5.74,8.97,1.48,3.92,17.97,2.98,5.97,5.22,4.23,2.84,3.88,1.88,7.98,2.73,4.47,3.48,0.97,4.47,5.97,2.37,3.48,2.48,2.26,3.88,1.77,1.97,3.97,17.97,1.98,3.87,3.98,3.62,4.98,4.97,0.97,1.98,1.88,5.94,4.47,2.24,1.94,1.83,4.23,3.88,2.48,7.94,1.97,0.97,7.97,0.97,8.37,2.97,4.97
2016/04/27,4.64,0.48,1.16,0.7,0.7,11.88,0.7,0.48,7.88,14.72,0.7,6.68,12.98,3.87,11.28,4.88,1.56,5.47,11.28,10.97,0.48,6.87,0.48,5.98,10.98,0.48,0.7,0.48,3.78,5.76,14.72,0.96,5.24,14.72,3.97,3.67,0.48,0.48,2.98,5.76,12.78,0.48,0.48,2.24,0.7,0.48,4.97,5.74,8.97,1.48,3.92,17.97,2.98,5.97,5.22,4.23,2.84,3.88,1.88,7.98,2.73,4.47,3.48,0.97,4.47,5.97,2.37,3.48,2.48,2.26,3.88,1.77,1.97,3.97,17.97,1.98,3.87,3.98,3.62,4.98,4.97,0.97,1.98,1.88,5.94,4.47,2.24,1.94,1.83,4.23,3.88,2.48,7.94,1.97,0.97,7.97,0.97,8.37,2.97,4.97
2016/04/28,4.64,0.48,1.16,0.7,0.7,11.88,0.7,0.48,7.88,14.72,0.7,6.68,12.98,3.87,11.28,4.88,1.56,5.47,11.28,10.97,0.48,6.87,0.48,5.98,10.98,0.48,0.7,0.48,3.78,5.76,14.72,0.96,5.24,14.72,3.97,3.67,0.48,0.48,2.98,5.76,12.78,0.48,0.48,2.24,0.7,0.48,4.97,5.74,8.97,1.48,3.92,17.97,2.98,5.97,5.22,4.23,2.84,3.88,1.88,7.98,2.73,4.47,3.48,0.97,4.47,5.97,2.37,3.48,2.48,2.26,3.88,1.77,1.97,3.97,17.97,1.98,3.87,3.98,3.62,4.98,4.97,0.97,1.98,1.88,5.94,4.47,2.24,1.94,1.83,4.23,3.88,2.48,7.94,1.97,0.97,7.97,0.97,8.37,2.97,4.97
2016/04/29,4.64,0.48,1.16,0.7,0.7,11.88,0.7,0.48,7.88,14.72,0.7,6.68,12.98,3.87,11.28,4.88,1.56,5.47,11.28,10.97,0.48,6.87,0.48,5.98,10.98,0.48,0.7,0.48,3.78,5.76,14.72,0.96,5.24,14.72,3.97,3.67,0.48,0.48,2.98,5.76,12.78,0.48,0.48,2.24,0.7,0.48,4.97,5.74,8.97,1.48,3.92,17.97,2.98,5.97,5.22,4.23,2.84,3.88,1.88,7.98,2.73,4.47,3.48,0.97,4.47,5.97,2.37,3.48,2.48,2.26,3.88,1.77,1.97,3.97,17.97,1.98,3.87,3.98,3.62,4.98,4.97,0.97,1.98,1.88,5.94,4.47,2.24,1.94,1.83,4.23,3.88,2.48,7.94,1.97,0.97,7.97,0.97,8.37,2.97,4.97
2016/04/30,4.64,0.48,1.16,0.7,0.7,11.88,0.7,0.48,7.88,14.72,0.7,6.68,12.98,3.87,11.28,4.88,1.56,5.47,11.28,10.97,0.48,6.87,0.48,5.98,10.98,0.48,0.7,0.48,3.78,5.76,14.72,0.96,5.24,14.72,3.97,3.67,0.48,0.48,2.98,5.76,12.78,0.48,0.48,2.24,0.7,0.48,4.97,5.74,8.97,1.48,3.92,17.97,2.98,5.97,5.22,4.23,2.84,3.88,1.88,7.98,2.73,4.47,3.48,0.97,4.47,5.97,2.37,3.48,2.48,2.26,3.88,1.77,1.97,3.97,17.97,1.98,3.87,3.98,3.62,4.98,4.97,0.97,1.98,1.88,5.94,4.47,2.24,1.94,1.83,4.23,3.88,2.48,7.94,1.97,0.97,7.97,0.97,8.37,2.97,4.97
2016/05/01,4.64,0.48,1.16,0.7,0.7,11.88,0.7,0.48,7.88,14.72,0.7,6.68,12.98,3.87,11.28,4.88,1.56,5.47,11.28,10.97,0.48,6.87,0.48,5.98,10.98,0.48,0.7,0.48,3.78,5.76,14.72,0.96,5.24,14.72,3.97,3.67,0.48,0.48,2.98,5.76,12.78,0.48,0.48,2.24,0.7,0.48,4.97,5.74,8.97,1.48,3.92,17.97,2.98,5.97,5.22,4.23,2.84,3.88,1.88,7.98,2.73,4.47,3.48,0.97,4.47,5.97,2.37,3.48,2.48,2.26,3.88,1.77,1.97,3.97,17.97,1.98,3.87,3.98,3.62,4.98,4.97,0.97,1.98,1.88,5.94,4.47,2.24,1.94,1.83,4.23,3.88,2.48,7.94,1.97,0.97,7.97,0.97,8.37,2.97,4.97
2016/05/02,4.64,0.48,1.16,0.7,0.7,11.88,0.7,0.48,7.88,14.72,0.7,6.68,12.98,3.87,11.28,4.88,1.56,5.47,11.28,10.97,0.48,6.87,0.48,5.98,10.98,0.48,0.7,0.48,3.78,5.76,14.72,0.96,5.24,14.72,3.97,3.67,0.48,0.48,2.98,5.76,12.78,0.48,0.48,2.24,0.7,0.48,4.97,5.74,8.97,1.48,3.92,17.97,2.98,5.97,5.22,4.23,2.84,3.88,1.88,7.98,2.73,4.47,3.48,0.97,4.47,5.97,2.37,3.48,2.48,2.26,3.88,1.77,1.97,3.97,17.97,1.98,3.87,3.98,3.62,4.98,4.97,0.97,1.98,1.88,5.94,4.47,2.24,1.94,1.83,4.23,3.88,2.48,7.94,1.97,0.97,7.97,0.97,8.37,2.97,4.97
2016/05/03,4.64,0.48,1.16,0.7,0.7,11.88,0.7,0.48,7.88,14.72,0.7,6.68,12.98,3.87,11.28,4.88,1.56,5.47,11.28,10.97,0.48,6.87,0.48,5.98,10.98,0.48,0.7,0.48,3.78,5.76,14.72,0.96,5.24,14.72,3.97,3.67,0.48,0.48,2.98,5.76,12.78,0.48,0.48,2.24,0.7,0.48,4.97,5.74,8.97,1.48,3.92,17.97,2.98,5.97,5.22,4.23,2.84,3.88,1.88,7.98,2.73,4.47,3.48,0.97,4.47,5.97,2.37,3.48,2.48,2.26,3.88,1.77,1.97,3.97,17.97,1.98,3.87,3.98,3.62,4.98,4.97,0.97,1.98,1.88,5.94,4.47,2.24,1.94,1.83,4.23,3.88,2.48,7.94,1.97,0.97,7.97,0.97,8.37,2.97,4.97
2016/05/04,4.64,0.48,1.16,0.7,0.7,11.88,0.7,0.48,7.88,14.72,0.7,6.68,12.98,3.87,11.28,4.88,1.56,5.47,11.28,10.97,0.48,6.87,0.48,5.98,10.98,0.48,0.7,0.48,3.78,5.76,14.72,0.96,5.24,14.72,3.97,3.67,0.48,0.48,2.98,5.76,12.78,0.48,0.48,2.24,0.7,0.48,4.97,5.74,8.97,1.48,3.92,17.97,2.98,5.97,5.22,4.23,2.84,3.88,1.88,7.98,2.73,4.47,3.48,0.97,4.47,5.97,2.37,3.48,2.48,2.26,3.88,1.77,1.97,3.97,17.97,1.98,3.87,3.98,3.62,4.98,4.97,0.97,1.98,1.88,5.94,4.47,2.24,1.94,1.83,4.23,3.88,2.48,7.94,1.97,0.97,7.97,0.97,8.37,2.97,4.97
2016/05/05,4.64,0.48,1.16,0.7,0.7,11.88,0.7,0.48,7.88,14.72,0.7,6.68,12.98,3.87,11.28,4.88,1.56,5.47,11.28,10.97,0.48,6.87,0.48,5.98,10.98,0.48,0.7,0.48,3.78,5.76,14.72,0.96,5.24,14.72,3.97,3.67,0.48,0.48,2.98,5.76,12.78,0.48,0.48,2.24,0.7,0.48,4.97,5.74,8.97,1.48,3.92,17.97,2.98,5.97,5.22,4.23,2.84,3.88,1.88,7.98,2.73,4.47,3.48,0.97,4.47,5.97,2.37,3.48,2.48,2.26,3.88,1.77,1.97,3.97,17.97,1.98,3.87,3.98,3.62,4.98,4.97,0.97,1.98,1.88,5.94,4.47,2.24,1.94,1.83,4.23,3.88,2.48,7.94,1.97,0.97,7.97,0.97,8.37,2.97,4.97
2016/05/06,4.64,0.48,1.16,0.7,0.7,11.88,0.7,0.48,7.88,14.72,0.7,6.68,12.98,3.87,11.28,4.88,1.56,5.47,11.28,10.97,0.48,6.87,0.48,5.98,10.98,0.48,0.7,0.48,3.78,5.76,14.72,0.96,5.24,14.72,3.97,3.67,0.48,0.48,2.98,5.76,12.78,0.48,0.48,2.24,0.7,0.48,4.97,5.74,8.97,1.48,3.92,17.97,2.98,5.97,5.22,4.23,2.84,3.88,1.88,7.98,2.73,4.47,3.48,0.97,4.47,5.97,2.37,3.48,2.48,2.26,3.88,1.77,1.97,3.97,17.97,1.98,3.87,3.98,3.62,4.98,4.97,0.97,1.98,1.88,5.94,4.47,2.24,1.94,1.83,4.23,3.88,2.48,7.94,1.97,0.97,7.97,0.97,8.37,2.97,4.97
2016/05/07,4.64,0.48,1.16,0.7,0.7,11.88,0.7,0.48,7.88,14.72,0.7,6.68,12.98,3.87,11.28,4.88,1.56,5.47,11.28,10.97,0.48,6.87,0.48,5.98,10.98,0.48,0.7,0.48,3.78,5.76,14.72,0.96,5.24,14.72,3.97,3.67,0.48,0.48,2.98,5.76,12.78,0.48,0.48,2.24,0.7,0.48,4.97,5.74,8.97,1.48,3.92,17.97,2.98,5.97,5.22,4.23,2.84,3.88,1.88,7.98,2.73,4.47,3.48,0.97,4.47,5.97,2.37,3.48,2.48,2.26,3.88,1.77,1.97,3.97,17.97,1.98,3.87,3.98,3.62,4.98,4.97,0.97,1.98,1.88,5.94,4.47,2.24,1.94,1.83,4.23,3.88,2.48,7.94,1.97,0.97,7.97,0.97,8.37,2.97,4.97
2016/05/08,4.64,0.48,1.16,0.7,0.7,11.88,0.7,0.48,7.88,14.72,0.7,6.68,12.98,3.87,11.28,4.88,1.56,5.47,11.28,10.97,0.48,6.87,0.48,5.98,10.98,0.48,0.7,0.48,3.78,5.76,14.72,0.96,5.24,14.72,3.97,3.67,0.48,0.48,2.98,5.76,12.78,0.48,0.48,2.24,0.7,0.48,4.97,5.74,8.97,1.48,3.92,17.97,2.98,5.97,5.22,4.23,2.84,3.88,1.88,7.98,2.73,4.47,3.48,0.97,4.47,5.97,2.37,3.48,2.48,2.26,3.88,1.77,1.97,3.97,17.97,1.98,3.87,3.98,3.62,4.98,4.97,0.97,1.98,1.88,5.94,4.47,2.24,1.94,1.83,4.23,3.88,2.48,7.94,1.97,0.97,7.97,0.97,8.37,2.97,4.97
2016/05/09,4.64,0.48,1.16,0.7,0.7,11.88,0.7,0.48,7.88,14.72,0.7,6.68,12.98,3.87,11.28,4.88,1.56,5.47,11.28,10.97,0.48,6.87,0.48,5.98,10.98,0.48,0.7,0.48,3.78,5.76,14.72,0.96,5.24,14.72,3.97,3.67,0.48,0.48,2.98,5.76,12.78,0.48,0.48,2.24,0.7,0.48,4.97,5.74,8.97,1.48,3.92,17.97,2.98,5.97,5.22,4.23,2.84,3.88,1.88,7.98,2.73,4.47,3.48,0.97,4.47,5.97,2.37,3.48,2.48,2.26,3.88,1.77,1.97,3.97,17.97,1.98,3.87,3.98,3.62,4.98,4.97,0.97,1.98,1.88,5.94,4.47,2.24,1.94,1.83,4.23,3.88,2.48,7.94,1.97,0.97,7.97,0.97,8.37,2.97,4.97
2016/05/10,4.64,0.48,1.16,0.7,0.7,11.88,0.7,0.48,7.88,14.72,0.7,6.68,12.98,3.87,11.28,4.88,1.56,5.47,11.28,10.97,0.48,6.87,0.48,5.98,10.98,0.48,0.7,0.48,3.78,5.76,14.72,0.96,5.24,14.72,3.97,3.67,0.48,0.48,2.98,5.76,12.78,0.48,0.48,2.24,0.7,0.48,4.97,5.74,8.97,1.48,3.92,17.97,2.98,5.97,5.22,4.23,2.84,3.88,1.88,7.98,2.73,4.47,3.48,0.97,4.47,5.97,2.37,3.48,2.48,2.26,3.88,1.77,1.97,3.97,17.97,1.98,3.87,3.98,3.62,4.98,4.97,0.97,1.98,1.88,5.94,4.47,2.24,1.94,1.83,4.23,3.88,2.48,7.94,1.97,0.97,7.97,0.97,8.37,2.97,4.97
2016/05/11,4.64,0.48,1.16,0.7,0.7,11.88,0.7,0.48,7.88,14.72,0.7,6.68,12.98,3.87,11.28,4.88,1.56,5.47,11.28,10.97,0.48,6.87,0.48,5.98,10.98,0.48,0.7,0.48,3.78,5.76,14.72,0.96,5.24,14.72,3.97,3.67,0.48,0.48,2.98,5.76,12.78,0.48,0.48,2.24,0.7,0.48,4.97,5.74,8.97,1.48,3.92,17.97,2.98,5.97,5.22,4.23,2.84,3.88,1.88,7.98,2.73,4.47,3.48,0.97,4.47,5.97,2.37,3.48,2.48,2.26,3.88,1.77,1.97,3.97,17.97,1.98,3.87,3.98,3.62,4.98,4.97,0.97,1.98,1.88,5.94,4.47,2.24,1.94,1.83,4.23,3.88,2.48,7.94,1.97,0.97,7.97,0.97,8.37,2.97,4.97
2016/05/12,4.64,0.48,1.16,0.7,0.7,11.88,0.7,0.48,7.88,14.72,0.7,6.68,12.98,3.87,11.28,4.88,1.56,5.47,11.28,10.97,0.48,6.87,0.48,5.98,10.98,0.48,0.7,0.48,3.78,5.76,14.72,0.96,5.24,14.72,3.97,3.67,0.48,0.48,2.98,5.76,12.78,0.48,0.48,2.24,0.7,0.48,4.97,5.74,8.97,1.48,3.92,17.97,2.98,5.97,5.22,4.23,2.84,3.88,1.88,7.98,2.73,4.47,3.48,0.97,4.47,5.97,2.37,3.48,2.48,2.26,3.88,1.77,1.97,3.97,17.97,1.98,3.87,3.98,3.62,4.98,4.97,0.97,1.98,1.88,5.94,4.47,2.24,1.94,1.83,4.23,3.88,2.48,7.94,1.97,0.97,7.97,0.97,8.37,2.97,4.97
