Date,FOODS_1_018_CA_3_evaluation,FOODS_1_021_CA_3_evaluation,FOODS_1_023_CA_3_evaluation,FOODS_1_046_CA_3_evaluation,FOODS_1_082_CA_3_evaluation,FOODS_1_085_CA_3_evaluation,FOODS_1_087_CA_3_evaluation,FOODS_1_099_CA_3_evaluation,FOODS_1_139_CA_3_evaluation,FOODS_1_161_CA_3_evaluation,FOODS_1_170_CA_3_evaluation,FOODS_1_208_CA_3_evaluation,FOODS_1_218_CA_3_evaluation,FOODS_2_013_CA_3_evaluation,FOODS_2_016_CA_3_evaluation,FOODS_2_019_CA_3_evaluation,FOODS_2_030_CA_3_evaluation,FOODS_2_181_CA_3_evaluation,FOODS_2_197_CA_3_evaluation,FOODS_2_233_CA_3_evaluation,FOODS_2_293_CA_3_evaluation,FOODS_2_325_CA_3_evaluation,FOODS_2_347_CA_3_evaluation,FOODS_2_357_CA_3_evaluation,FOODS_3_023_CA_3_evaluation,FOODS_3_064_CA_3_evaluation,FOODS_3_080_CA_3_evaluation,FOODS_3_082_CA_3_evaluation,FOODS_3_099_CA_3_evaluation,FOODS_3_100_CA_3_evaluation,FOODS_3_107_CA_3_evaluation,FOODS_3_113_CA_3_evaluation,FOODS_3_121_CA_3_evaluation,FOODS_3_127_CA_3_evaluation,FOODS_3_144_CA_3_evaluation,FOODS_3_156_CA_3_evaluation,FOODS_3_202_CA_3_evaluation,FOODS_3_203_CA_3_evaluation,FOODS_3_217_CA_3_evaluation,FOODS_3_226_CA_3_evaluation,FOODS_3_228_CA_3_evaluation,FOODS_3_230_CA_3_evaluation,FOODS_3_232_CA_3_evaluation,FOODS_3_239_CA_3_evaluation,FOODS_3_250_CA_3_evaluation,FOODS_3_252_CA_3_evaluation,FOODS_3_258_CA_3_evaluation,FOODS_3_259_CA_3_evaluation,FOODS_3_265_CA_3_evaluation,FOODS_3_280_CA_3_evaluation,FOODS_3_300_CA_3_evaluation,FOODS_3_304_CA_3_evaluation,FOODS_3_313_CA_3_evaluation,FOODS_3_335_CA_3_evaluation,FOODS_3_349_CA_3_evaluation,FOODS_3_369_CA_3_evaluation,FOODS_3_377_CA_3_evaluation,FOODS_3_389_CA_3_evaluation,FOODS_3_400_CA_3_evaluation,FOODS_3_407_CA_3_evaluation,FOODS_3_428_CA_3_evaluation,FOODS_3_450_CA_3_evaluation,FOODS_3_458_CA_3_evaluation,FOODS_3_473_CA_3_evaluation,FOODS_3_477_CA_3_evaluation,FOODS_3_481_CA_3_evaluation,FOODS_3_508_CA_3_evaluation,FOODS_3_513_CA_3_evaluation,FOODS_3_530_CA_3_evaluation,FOODS_3_555_CA_3_evaluation,FOODS_3_559_CA_3_evaluation,FOODS_3_562_CA_3_evaluation,FOODS_3_570_CA_3_evaluation,FOODS_3_585_CA_3_evaluation,FOODS_3_586_CA_3_evaluation,FOODS_3_587_CA_3_evaluation,FOODS_3_610_CA_3_evaluation,FOODS_3_632_CA_3_evaluation,FOODS_3_648_CA_3_evaluation,FOODS_3_652_CA_3_evaluation,FOODS_3_654_CA_3_evaluation,FOODS_3_655_CA_3_evaluation,FOODS_3_668_CA_3_evaluation,FOODS_3_674_CA_3_evaluation,FOODS_3_679_CA_3_evaluation,FOODS_3_694_CA_3_evaluation,FOODS_3_697_CA_3_evaluation,FOODS_3_702_CA_3_evaluation,FOODS_3_704_CA_3_evaluation,FOODS_3_712_CA_3_evaluation,FOODS_3_714_CA_3_evaluation,FOODS_3_721_CA_3_evaluation,FOODS_3_741_CA_3_evaluation,FOODS_3_752_CA_3_evaluation,FOODS_3_756_CA_3_evaluation,FOODS_3_765_CA_3_evaluation,FOODS_3_775_CA_3_evaluation,FOODS_3_792_CA_3_evaluation,FOODS_3_819_CA_3_evaluation,FOODS_3_820_CA_3_evaluation
2013/05/13,4,0,1,4,0,3,0,1,8,1,11,2,23,7,7,20,5,4,33,3,9,9,17,2,2,15,21,1,17,1,0,11,8,2,2,6,32,4,4,16,14,1,3,1,0,50,5,5,1,0,0,4,7,0,2,0,12,1,11,6,2,3,12,14,7,9,5,3,5,45,3,4,23,3,76,1,6,3,7,5,1,6,8,2,1,27,17,20,3,3,26,2,8,28,10,1,0,1,3,2
2013/05/14,3,2,0,3,0,6,1,0,4,0,7,1,29,5,5,19,5,9,20,3,7,6,8,2,6,10,22,0,8,3,0,23,4,4,1,7,34,3,2,13,9,0,1,1,0,41,8,5,4,0,4,5,13,1,8,6,24,4,4,7,4,4,5,6,3,7,3,4,5,28,1,3,17,0,80,2,5,3,4,7,1,3,12,4,0,21,5,18,5,3,37,2,21,76,1,0,3,12,3,1
2013/05/15,5,1,2,2,0,4,2,1,6,3,12,2,18,4,11,21,1,10,16,3,8,6,13,3,6,8,17,2,14,9,2,6,7,2,1,0,33,1,0,10,9,3,4,1,0,35,8,6,0,0,2,6,6,0,5,6,18,21,0,3,2,1,3,4,4,8,2,0,7,33,3,3,12,4,57,2,5,6,2,3,0,4,10,4,0,24,5,19,9,4,23,1,18,26,0,1,0,0,2,0
2013/05/16,1,0,11,3,4,6,5,1,8,5,2,7,17,9,0,11,2,10,11,4,6,5,9,2,5,14,22,6,10,0,0,3,3,2,1,5,24,0,1,13,6,4,6,1,0,26,9,10,4,0,2,7,5,0,1,0,15,13,2,7,3,2,3,16,5,5,0,2,5,24,0,2,15,1,63,1,0,2,1,2,1,3,4,4,0,18,19,12,9,1,14,4,3,10,3,3,0,10,2,2
2013/05/17,6,2,4,2,3,9,7,8,13,2,11,1,40,6,2,16,5,6,21,5,3,2,4,2,1,0,22,2,7,3,0,4,4,5,0,2,34,4,1,11,13,5,3,2,0,52,3,5,0,0,4,2,5,0,3,2,11,20,3,3,3,2,12,4,3,6,2,1,5,30,1,3,18,3,82,0,6,1,2,7,1,7,18,0,0,27,13,17,3,4,21,5,0,21,3,2,1,0,7,2
2013/05/18,8,0,5,5,5,9,3,9,4,2,9,2,26,5,4,8,4,10,27,1,19,8,8,2,4,0,25,3,8,3,0,10,3,6,2,0,31,1,3,16,11,2,1,1,2,49,6,2,2,0,4,5,7,1,6,5,14,35,8,7,5,1,3,7,7,2,3,1,5,42,1,4,7,5,68,3,2,4,6,5,3,0,8,12,1,22,19,17,12,0,38,5,0,56,4,0,2,7,5,0
2013/05/19,6,2,0,1,3,10,0,11,4,2,8,8,19,6,9,29,7,13,31,7,6,11,12,3,6,4,19,3,11,7,0,6,4,3,0,2,48,0,2,14,14,4,2,1,2,53,13,9,6,1,4,9,7,2,2,11,13,29,4,8,7,5,4,11,11,7,0,5,2,51,2,7,16,4,75,1,4,0,2,5,1,10,10,4,1,23,10,20,8,6,35,4,0,46,5,0,4,16,14,1
2013/05/20,4,1,0,1,2,4,5,0,6,1,11,1,15,8,5,10,4,7,22,3,7,12,10,1,5,6,16,1,6,2,1,7,0,0,2,3,32,2,0,9,12,2,2,0,0,50,4,4,0,0,4,5,6,0,5,5,13,19,2,0,2,2,9,11,4,6,0,1,10,24,1,1,17,2,83,0,0,2,2,2,0,2,6,2,2,31,11,20,6,9,36,4,2,22,2,0,0,9,2,1
2013/05/21,5,1,7,4,2,2,5,5,4,0,3,11,7,4,9,4,0,14,18,5,6,13,17,3,2,2,15,2,4,2,2,16,0,3,0,0,25,1,1,5,10,0,0,0,1,33,1,5,4,2,6,6,8,0,1,1,15,11,2,4,4,5,4,2,4,3,2,2,9,20,1,2,11,1,74,0,0,3,4,3,1,0,15,0,0,34,4,14,5,3,26,7,6,10,2,0,2,8,5,2
2013/05/22,12,1,2,5,0,2,2,3,6,2,11,7,4,2,8,16,7,10,25,2,8,6,7,1,5,3,12,2,9,4,0,3,3,1,3,3,24,3,5,8,12,1,1,0,4,36,8,11,3,1,2,4,7,0,6,2,11,19,3,4,12,2,4,5,5,2,2,2,7,13,1,3,12,3,45,0,6,2,1,5,1,5,11,4,0,17,2,1,7,0,20,0,11,13,4,1,4,20,1,0
2013/05/23,14,0,9,7,2,3,3,8,8,2,5,7,2,5,1,10,0,8,25,2,12,12,7,2,3,6,20,4,13,2,1,3,0,3,0,1,30,0,0,8,11,2,1,0,2,32,3,5,1,1,1,4,0,2,1,0,12,10,2,6,0,3,7,1,14,4,3,3,5,20,1,2,20,1,63,0,2,2,2,4,1,7,7,5,0,22,18,0,6,0,13,3,7,8,5,2,0,7,3,0
2013/05/24,10,0,2,6,1,3,0,10,3,7,11,5,7,5,10,16,2,5,30,0,10,11,11,1,3,4,21,4,7,1,0,3,5,3,0,4,29,3,1,7,7,3,6,0,5,29,13,9,0,2,0,7,0,1,2,8,10,18,7,5,1,4,4,13,4,10,0,2,6,20,0,3,16,1,79,1,2,0,2,0,2,1,17,6,1,23,4,0,11,0,24,0,10,27,3,2,1,15,2,4
2013/05/25,21,1,5,7,2,13,4,6,4,10,7,4,9,2,7,15,8,12,14,3,10,4,8,3,2,3,15,1,28,3,0,5,4,2,0,2,36,4,0,12,10,2,2,6,0,53,12,3,0,2,6,10,10,0,7,0,10,21,3,4,3,2,4,6,10,3,2,0,10,28,1,3,23,0,73,2,0,3,3,5,3,5,4,6,0,22,7,1,11,1,22,1,2,16,4,1,1,10,1,3
2013/05/26,51,0,4,7,2,10,1,3,11,6,6,4,13,7,1,11,2,2,12,3,9,5,10,7,7,0,31,1,13,4,1,19,8,3,1,4,44,1,2,16,13,2,8,0,0,38,0,9,0,0,2,2,5,1,5,3,12,28,4,5,4,3,4,4,4,2,4,4,4,38,0,2,15,6,72,1,0,1,4,5,2,5,11,5,1,23,15,0,9,2,31,3,6,20,5,2,1,12,3,0
2013/05/27,19,3,3,4,1,9,4,7,8,2,9,1,26,6,6,17,3,10,23,4,9,10,14,1,5,0,19,0,14,3,1,8,5,1,1,3,33,4,1,9,9,4,2,4,0,33,0,11,0,0,12,5,10,0,2,0,9,18,3,4,1,1,1,9,9,8,0,2,7,28,1,2,15,4,66,0,0,4,0,3,1,4,12,7,0,25,8,1,7,4,21,2,6,12,1,4,0,6,3,3
2013/05/28,11,1,1,5,3,6,2,6,5,1,6,3,6,3,5,11,1,8,20,4,13,7,14,2,3,11,24,1,16,2,0,4,5,1,1,4,27,6,5,7,8,1,2,0,0,29,10,3,0,1,5,4,7,0,2,3,10,16,1,4,2,1,4,6,8,22,4,1,7,24,7,0,15,3,59,7,10,1,3,4,0,1,6,3,0,18,5,24,6,1,15,1,9,12,5,7,2,6,4,1
2013/05/29,5,1,3,8,0,4,3,5,5,2,4,1,10,2,11,5,2,9,11,1,3,2,5,0,1,7,15,2,7,3,0,4,6,0,1,1,20,2,1,16,11,0,1,1,1,27,8,0,0,5,2,6,1,0,1,4,11,16,2,4,1,6,1,2,4,6,1,0,5,12,1,7,16,1,44,0,2,2,0,7,0,4,1,3,0,18,10,17,11,2,8,4,6,25,0,0,0,8,0,3
2013/05/30,0,0,5,11,6,4,1,3,10,3,8,1,12,5,0,10,1,6,11,2,7,4,17,6,7,2,23,5,8,4,0,1,3,3,0,0,30,3,0,8,5,1,0,1,2,29,5,10,1,2,2,5,6,0,3,4,13,28,6,6,4,1,0,5,4,2,2,1,8,27,0,4,9,3,52,1,0,3,1,4,1,5,2,3,0,20,5,26,7,1,22,4,9,2,2,0,1,7,5,2
2013/05/31,9,1,6,13,2,7,3,6,0,7,7,4,11,7,3,15,7,7,22,1,8,0,15,3,5,0,17,2,12,3,3,13,8,2,0,6,32,0,0,11,13,1,5,0,0,69,1,4,3,0,5,9,6,0,0,1,10,27,1,4,2,0,6,10,5,2,0,2,7,25,0,1,9,4,81,0,0,1,2,3,4,4,9,5,1,19,11,27,7,3,21,3,7,35,4,0,0,9,3,4
2013/06/01,13,0,3,8,3,4,2,3,12,4,9,2,15,7,3,9,6,12,24,1,8,9,12,5,2,0,28,2,18,5,1,6,2,2,1,4,46,1,0,22,11,2,7,0,5,90,0,8,4,0,9,1,4,0,7,0,13,34,2,5,4,1,2,4,5,2,5,0,6,42,0,4,13,4,104,1,0,6,4,5,4,7,14,3,0,43,11,19,11,3,56,5,6,8,6,1,0,8,3,0
2013/06/02,8,0,4,3,5,4,6,5,4,5,5,8,7,9,3,31,8,27,46,6,11,11,11,10,6,1,24,1,12,3,2,16,0,4,1,4,58,4,2,12,13,1,2,1,0,78,8,8,6,5,4,10,0,3,2,7,16,30,2,9,8,2,3,18,6,2,2,3,5,43,1,9,20,5,116,8,0,6,3,6,1,7,11,3,0,38,12,27,11,3,44,8,18,15,0,2,1,6,2,1
2013/06/03,6,2,2,6,4,7,3,4,0,2,5,7,8,10,22,20,5,9,43,3,11,6,21,3,8,0,26,11,16,2,1,13,8,2,2,2,31,4,2,11,13,2,6,0,0,50,4,6,4,0,8,9,0,4,2,4,14,22,5,5,0,3,6,0,4,6,4,3,6,38,1,8,17,2,55,1,0,0,1,6,1,11,12,10,0,34,1,25,8,4,19,5,15,20,2,3,1,9,10,1
2013/06/04,6,0,2,6,1,6,3,5,6,2,7,5,13,5,10,18,2,12,27,4,12,17,13,2,4,24,26,6,16,6,2,12,3,1,3,3,34,5,0,8,15,1,5,1,3,64,0,12,5,0,5,5,6,0,2,1,11,17,1,1,0,3,9,9,10,0,5,4,3,39,6,3,12,6,103,3,5,0,0,4,0,5,9,4,0,30,18,25,5,0,22,2,11,16,5,0,2,19,2,3
2013/06/05,10,0,3,5,2,9,1,4,4,4,7,4,17,6,7,15,7,18,32,2,9,23,13,3,0,0,21,3,14,8,4,9,1,5,2,8,55,3,1,12,9,1,2,0,0,38,12,0,0,1,7,6,3,3,4,0,21,26,2,9,5,1,12,7,10,6,0,2,1,25,5,1,11,2,55,0,4,3,0,10,1,6,12,3,1,24,7,21,16,4,32,4,24,168,11,3,0,11,4,2
2013/06/06,1,0,10,3,1,5,4,0,5,3,5,2,7,4,13,8,4,14,9,6,9,12,7,0,4,0,24,1,18,1,0,8,6,1,3,8,38,2,1,8,18,0,2,1,0,51,0,0,4,2,8,5,7,0,2,4,12,20,1,8,3,1,8,17,4,4,9,1,7,23,2,5,12,1,57,12,8,1,3,9,4,2,7,5,0,30,16,25,8,1,24,18,6,33,5,1,2,15,2,1
2013/06/07,2,0,9,17,2,4,3,3,5,1,12,3,23,7,9,10,1,8,14,4,11,6,15,1,6,12,24,2,9,2,0,10,3,3,5,2,36,6,2,13,18,4,1,3,8,87,4,6,4,2,3,7,1,0,3,5,22,24,4,8,11,0,5,9,6,4,4,0,5,55,0,6,13,1,96,6,8,3,2,6,0,8,14,4,0,29,19,29,6,1,27,2,5,19,11,0,0,19,10,1
2013/06/08,12,0,4,15,3,7,4,6,8,5,6,3,32,9,9,10,2,10,20,5,11,13,14,4,10,10,44,1,23,4,1,5,3,3,5,3,71,2,4,17,14,7,1,2,4,97,8,10,4,3,6,9,4,6,1,6,12,28,2,1,9,3,7,11,8,3,2,2,6,52,1,7,17,3,111,2,7,3,5,0,1,14,10,5,1,37,15,43,19,1,48,1,11,26,3,0,1,17,4,2
2013/06/09,8,3,4,13,2,5,0,5,7,1,3,2,34,8,13,18,8,20,31,2,12,3,17,0,4,1,24,1,12,3,0,16,1,2,5,6,52,6,5,11,12,4,2,3,3,53,10,6,8,0,5,8,12,0,1,1,15,39,5,0,10,4,4,9,10,2,6,3,4,34,4,6,23,7,100,2,3,2,5,6,3,13,18,9,0,35,19,33,9,10,36,6,0,16,1,4,2,10,11,1
2013/06/10,2,0,0,15,1,8,3,1,8,3,11,13,26,6,4,14,3,20,37,6,10,25,16,5,0,0,18,8,14,2,0,11,9,2,1,3,32,3,2,15,6,2,6,1,2,55,2,3,0,3,3,4,6,3,2,4,13,23,2,4,3,5,4,0,7,8,2,3,4,33,1,10,19,4,79,1,4,3,5,8,2,1,9,4,1,29,0,34,10,2,35,5,11,22,3,6,0,13,2,2
2013/06/11,2,1,2,12,10,1,2,0,4,6,12,4,18,2,1,9,5,12,13,5,11,15,8,3,5,8,28,10,17,2,3,4,6,2,0,1,47,3,3,10,7,3,2,2,1,32,0,10,4,0,3,5,12,0,3,4,12,33,5,3,0,2,3,7,7,7,0,1,8,43,2,1,12,1,73,1,6,3,4,9,1,6,15,1,0,25,15,31,7,5,19,3,8,22,1,3,1,4,3,2
2013/06/12,3,0,7,9,0,5,19,3,1,7,8,5,15,9,2,2,4,13,18,1,10,8,10,1,5,10,19,0,13,5,2,13,3,1,3,2,43,4,4,12,12,4,0,1,0,64,0,1,4,0,8,1,5,2,2,2,16,26,2,9,1,0,4,12,9,4,3,2,2,28,3,1,12,4,73,0,4,0,8,5,1,5,15,3,1,22,12,31,4,0,25,4,3,12,2,1,1,5,3,2
2013/06/13,5,1,5,9,1,5,2,1,5,4,9,1,9,5,0,10,3,5,9,1,8,0,9,2,5,5,21,4,8,4,1,6,4,3,2,10,35,1,0,17,10,7,6,0,4,38,4,5,5,0,4,10,4,0,2,6,21,28,1,5,0,2,6,1,4,3,3,2,4,33,0,2,19,1,62,2,3,4,4,4,0,2,5,6,0,20,7,23,5,3,21,0,8,17,4,0,1,24,0,0
2013/06/14,11,2,1,6,6,3,3,6,2,4,14,5,22,5,14,13,1,9,30,2,7,9,4,3,6,16,17,2,12,3,2,3,7,8,1,4,48,5,1,16,14,4,8,1,3,70,7,5,4,2,2,4,6,0,4,3,11,29,4,7,7,0,11,8,8,2,3,4,10,42,2,5,17,2,81,13,9,2,3,3,3,5,11,5,0,34,17,22,9,3,42,0,9,12,12,1,0,9,1,0
2013/06/15,23,0,3,14,10,8,3,5,5,2,12,2,25,6,7,13,2,10,29,4,8,6,13,1,7,7,29,2,15,1,0,5,9,2,2,5,37,1,0,19,10,3,7,1,4,46,1,13,5,5,0,8,5,1,4,1,11,29,5,4,3,1,6,9,10,1,1,2,7,33,4,2,12,4,79,6,2,5,6,9,1,11,11,3,0,18,11,32,6,1,40,4,8,13,6,3,1,3,2,2
2013/06/16,9,1,3,10,0,4,1,6,4,1,4,4,24,4,5,14,5,11,17,6,6,8,14,3,3,6,25,1,12,3,0,7,11,5,0,4,56,0,1,15,9,8,6,2,0,49,10,0,1,0,2,6,13,0,2,0,10,23,1,5,4,2,15,6,2,7,3,1,6,28,1,3,13,0,87,0,1,1,1,4,0,3,14,1,0,22,14,34,4,7,32,9,3,9,9,1,1,11,1,2
2013/06/17,15,3,6,5,2,1,5,7,7,5,1,5,14,12,10,16,4,6,36,6,0,12,23,5,4,10,15,5,17,2,1,3,3,2,0,4,34,1,1,12,5,3,3,2,0,44,2,11,0,0,11,7,3,1,2,4,16,25,2,11,0,1,8,4,4,4,3,4,9,36,1,0,22,4,76,4,2,0,3,7,1,4,6,6,1,24,7,24,6,3,34,1,9,2,11,2,0,4,4,1
2013/06/18,5,0,3,3,3,2,2,2,6,3,21,5,16,5,18,12,3,8,24,0,6,3,14,2,2,3,17,1,15,5,1,8,4,2,0,5,30,3,1,10,16,1,2,0,2,33,0,12,4,0,2,6,4,0,1,0,10,29,7,1,0,3,6,6,8,6,0,3,6,20,0,2,12,2,71,0,8,0,0,1,1,6,1,0,1,15,6,34,3,7,19,2,2,9,6,1,3,9,3,0
2013/06/19,10,4,3,12,3,7,2,6,12,3,4,4,15,5,3,11,2,11,16,2,6,10,8,0,3,2,19,2,15,6,0,7,6,3,1,4,20,1,4,10,9,5,1,0,1,33,9,2,4,2,1,5,4,0,0,0,8,22,2,6,9,0,13,11,9,4,2,0,5,33,2,0,12,2,56,0,4,2,4,8,1,5,7,1,0,15,9,26,3,0,20,1,6,8,10,1,2,22,2,1
2013/06/20,1,6,0,2,0,1,2,6,7,2,11,4,12,2,7,15,4,8,28,2,0,3,18,2,7,0,11,2,3,5,2,6,1,2,1,6,25,1,7,6,16,2,3,0,1,41,9,7,3,1,2,3,6,3,3,0,12,20,1,2,1,0,12,2,6,2,3,2,5,29,3,2,12,1,77,3,3,1,2,6,4,5,15,8,0,24,9,26,5,1,29,11,11,13,10,1,1,17,3,1
2013/06/21,5,1,0,4,0,1,2,3,7,0,5,2,7,5,3,14,1,5,31,4,4,7,13,2,1,7,18,2,11,1,2,4,4,3,0,2,22,1,1,10,10,4,0,0,0,32,2,5,1,0,5,6,10,1,2,2,14,28,8,6,4,2,6,6,8,3,2,3,9,29,2,4,6,1,67,0,4,1,1,5,1,6,13,3,0,27,10,34,2,3,24,4,2,16,1,1,0,6,5,2
2013/06/22,13,4,3,5,0,2,2,3,5,3,17,2,7,10,9,10,2,10,35,3,7,9,8,5,4,6,25,2,13,3,1,4,2,6,1,0,36,2,2,11,12,8,6,1,3,60,4,8,4,0,3,2,0,0,6,2,17,27,1,6,3,0,14,8,5,2,3,1,6,37,0,8,8,3,80,1,3,3,4,6,2,6,15,1,0,30,18,41,10,3,34,1,3,28,10,1,2,17,1,1
2013/06/23,8,1,4,5,1,2,2,7,2,1,11,0,20,7,3,15,2,11,30,7,5,3,16,4,10,16,20,6,10,2,0,9,7,1,0,1,39,1,3,12,10,4,5,0,1,46,12,4,8,2,10,4,3,1,2,1,10,35,5,1,4,2,16,10,2,5,0,2,2,32,1,6,22,4,90,3,0,2,9,5,1,7,6,6,0,15,11,39,5,7,27,2,27,39,8,3,0,8,3,1
2013/06/24,2,0,3,7,3,4,1,1,4,1,18,8,2,8,19,7,3,8,35,2,7,8,14,0,5,7,19,1,13,3,1,4,5,2,0,1,23,3,1,6,5,8,4,1,1,33,12,6,5,1,6,6,4,1,2,3,11,19,7,9,3,0,5,8,7,2,1,1,3,25,1,1,12,2,54,4,9,3,4,4,1,6,5,3,1,21,10,14,6,2,9,2,5,35,9,3,2,25,3,0
2013/06/25,8,0,2,6,4,5,6,16,13,4,7,1,11,4,7,14,2,4,23,3,0,7,17,1,2,16,23,1,15,3,2,4,5,1,2,1,18,2,2,8,8,4,0,1,7,35,0,12,4,1,0,6,5,0,2,3,12,26,4,1,4,1,10,5,6,4,1,2,8,23,2,2,7,1,67,2,0,0,6,1,2,7,5,4,2,20,7,28,4,1,27,10,25,13,5,0,0,7,0,3
2013/06/26,6,2,0,8,1,2,1,3,3,4,5,1,4,1,5,14,2,10,8,2,6,1,6,3,8,10,17,2,17,2,0,9,6,1,2,0,23,1,3,14,8,6,6,1,0,40,0,9,3,0,5,3,4,2,0,8,13,30,1,1,3,0,11,5,8,1,4,2,7,31,1,5,16,0,81,5,4,2,1,3,2,4,6,6,1,27,17,25,3,2,19,3,8,24,7,3,3,6,1,3
2013/06/27,1,2,1,3,4,5,10,3,0,0,5,2,1,2,2,9,3,9,13,3,10,1,16,2,5,7,18,1,16,7,1,3,5,4,0,1,27,2,3,11,10,4,6,0,0,52,5,5,5,0,0,4,6,0,2,4,11,14,0,3,1,1,12,6,8,3,1,0,7,25,0,8,16,3,75,2,2,2,1,2,1,7,12,1,0,19,15,30,6,2,35,3,0,30,2,2,0,14,0,0
2013/06/28,7,6,8,8,4,11,4,4,0,3,8,0,4,4,11,7,6,10,27,2,6,1,15,0,10,24,18,0,4,1,0,2,4,4,0,0,32,3,2,25,16,4,5,0,0,86,3,9,6,0,1,5,3,0,3,0,27,39,3,4,2,1,11,0,5,5,3,1,9,40,0,6,8,0,61,5,6,2,0,7,3,4,13,4,0,35,8,32,3,2,43,7,8,14,6,2,1,8,3,2
2013/06/29,6,4,4,7,6,6,0,5,0,4,14,4,4,4,3,20,3,11,26,2,1,3,22,0,10,3,23,3,28,5,0,4,2,8,2,5,40,3,4,15,15,4,7,0,3,101,8,4,5,2,5,5,7,0,3,4,14,35,3,7,0,3,17,15,7,4,6,3,8,62,3,3,15,4,105,0,4,3,8,3,1,4,9,2,0,37,17,32,10,6,63,1,4,16,9,2,1,12,3,0
2013/06/30,6,0,10,20,7,9,0,7,0,1,11,2,15,4,7,18,2,4,32,4,8,13,10,5,8,0,22,1,12,5,1,10,4,7,1,2,41,0,5,15,8,3,1,2,5,65,8,9,4,2,2,12,5,0,4,10,18,40,2,6,1,2,6,12,3,3,8,0,4,41,0,2,21,3,87,7,1,4,4,5,1,2,6,1,0,31,19,57,5,2,43,4,6,36,11,2,2,9,3,1
2013/07/01,3,3,5,4,3,3,0,1,4,4,12,3,12,5,6,19,6,12,38,1,4,0,18,0,8,16,24,1,21,1,1,5,1,0,0,6,39,0,2,10,12,4,5,2,0,72,9,14,4,1,9,6,11,1,1,9,18,32,5,3,4,0,13,9,11,10,5,0,9,37,4,9,12,5,90,3,5,1,0,5,2,8,13,8,5,48,10,41,4,4,34,7,4,35,5,3,1,16,1,0
2013/07/02,3,2,4,9,2,1,0,6,2,9,1,48,16,5,7,18,4,12,34,4,6,4,12,1,4,4,26,8,17,5,1,6,3,5,3,2,33,1,0,13,8,6,0,1,0,93,3,4,4,0,3,7,7,2,8,5,16,27,9,7,7,7,3,9,12,1,5,0,7,28,0,7,8,1,85,4,1,0,9,5,2,6,9,2,0,31,24,45,1,4,58,6,20,27,8,3,0,8,4,1
2013/07/03,12,10,4,10,5,9,0,9,7,9,2,5,16,2,8,17,8,16,45,4,6,1,13,2,5,2,20,8,21,6,0,11,7,9,0,4,44,0,4,10,9,3,0,0,4,53,10,9,8,3,4,8,8,0,0,4,20,36,2,9,12,5,24,5,7,3,4,1,5,34,1,8,16,6,94,1,4,2,2,6,2,6,14,3,1,39,12,55,9,4,56,7,3,27,13,3,1,13,6,1
2013/07/04,7,0,0,8,8,7,3,9,8,6,0,2,12,2,4,9,0,9,25,1,6,1,9,1,11,0,35,6,4,0,0,3,2,12,1,3,71,0,2,16,11,13,5,0,0,88,2,5,7,4,2,4,2,0,3,4,19,41,3,0,0,2,7,12,9,2,2,0,14,45,4,0,8,0,124,3,5,3,2,5,3,6,17,1,0,41,18,56,5,2,63,6,2,48,8,0,0,14,1,4
2013/07/05,1,2,0,6,3,2,4,7,4,6,0,7,22,3,14,19,5,19,35,5,6,7,19,0,2,1,34,3,19,2,2,4,3,6,2,6,36,0,2,12,12,4,9,1,4,47,9,5,4,1,3,4,7,0,8,3,12,22,3,5,2,2,7,7,5,4,3,0,9,17,1,6,14,2,72,1,4,3,5,6,3,8,8,4,0,21,8,34,7,6,41,12,5,6,10,1,3,13,3,1
2013/07/06,4,4,3,7,7,5,2,7,6,3,7,4,16,1,3,15,3,13,31,5,0,4,12,2,6,11,28,3,17,5,1,7,3,6,5,2,29,0,2,12,10,4,6,2,0,60,10,9,5,2,5,9,5,0,2,7,9,31,2,4,8,1,5,4,8,3,1,0,9,31,0,4,14,0,102,0,4,2,4,7,2,12,11,9,0,26,15,14,8,2,38,9,4,46,11,4,1,5,3,2
2013/07/07,11,3,5,7,5,6,2,8,8,4,13,3,16,7,3,16,5,12,27,10,7,12,11,8,6,11,18,3,3,5,0,6,7,1,2,1,48,8,1,14,7,0,4,3,0,31,5,6,8,3,9,9,0,0,3,6,15,32,2,11,2,2,7,10,5,5,0,1,6,19,0,6,10,1,87,3,3,5,4,6,0,7,16,0,1,26,12,26,8,3,37,0,10,56,9,3,0,9,3,5
2013/07/08,4,1,1,4,2,1,3,4,8,9,6,3,15,1,3,19,4,12,45,4,12,14,21,4,6,4,20,2,16,1,4,12,6,5,3,4,32,7,4,13,14,2,3,1,0,50,0,6,4,0,3,3,4,4,3,7,18,20,6,1,2,2,3,8,8,4,1,4,7,41,0,3,12,1,59,2,4,2,8,6,1,9,9,6,0,23,12,20,8,5,26,4,7,11,0,0,5,17,7,5
2013/07/09,1,2,6,5,2,9,2,6,9,1,8,1,16,9,9,35,5,16,47,4,5,8,14,1,4,3,24,2,8,2,1,1,2,2,1,3,31,2,1,11,13,3,1,3,2,59,12,7,7,1,4,4,7,2,1,8,24,29,2,5,5,1,3,8,6,3,3,1,6,36,0,3,14,3,91,4,1,0,3,0,4,2,15,1,0,22,16,20,1,0,26,2,5,74,3,2,0,39,4,6
2013/07/10,4,0,4,4,8,2,2,3,7,3,17,1,11,11,2,23,3,12,41,9,0,8,14,1,8,6,20,2,25,3,0,7,4,1,6,4,31,5,1,9,11,2,5,0,2,54,11,12,1,2,6,4,8,0,5,3,21,29,4,3,4,2,6,4,1,3,3,0,11,36,7,1,0,3,109,1,5,4,5,0,1,6,7,6,2,28,11,21,8,6,29,7,17,111,11,10,0,10,5,0
2013/07/11,6,4,3,8,3,4,1,7,5,1,10,0,8,5,11,16,1,6,31,2,0,3,16,1,9,2,24,5,9,5,0,4,8,1,2,5,28,0,1,12,4,4,8,1,0,46,1,1,0,0,2,6,8,1,1,4,15,27,2,5,4,2,9,7,4,3,1,0,8,44,1,7,11,5,87,2,5,3,3,6,0,1,11,6,0,27,14,16,6,2,21,3,3,16,3,4,1,20,4,2
2013/07/12,11,3,6,1,2,10,2,5,3,5,12,1,8,7,8,19,8,6,23,6,5,11,9,6,5,11,21,2,18,7,3,0,2,3,5,3,36,6,2,9,4,4,3,0,0,64,6,7,4,2,9,8,1,0,4,4,14,27,2,2,4,5,6,6,9,12,0,4,4,52,2,7,15,1,69,1,3,1,4,2,3,8,21,4,0,27,6,21,3,0,30,5,3,7,2,0,3,6,1,2
2013/07/13,11,1,3,5,5,8,2,5,0,2,6,4,8,3,8,0,2,11,0,6,8,8,14,0,2,12,23,5,9,0,0,2,4,1,1,3,36,6,3,9,9,2,8,3,0,77,8,7,7,1,1,7,4,0,6,6,8,22,1,4,8,1,12,7,10,3,2,9,5,55,2,4,17,0,90,0,4,2,5,2,1,10,13,5,0,36,13,18,10,1,45,2,8,22,5,1,0,8,6,1
2013/07/14,2,2,4,8,2,9,4,6,2,2,7,3,3,4,3,20,3,18,25,8,10,4,24,6,5,7,24,2,0,3,3,8,6,3,7,7,56,4,4,15,13,1,5,2,4,58,18,10,5,2,4,7,13,0,1,5,18,20,2,9,4,3,10,9,3,7,4,3,6,25,3,4,17,3,84,0,2,2,5,2,1,5,6,1,3,30,15,30,10,7,41,13,13,17,10,2,0,16,2,3
2013/07/15,2,0,1,3,1,11,1,4,2,7,4,1,3,5,4,11,5,5,29,7,9,7,11,2,3,3,24,2,15,3,1,0,5,1,3,5,35,5,6,10,9,1,6,0,0,45,4,5,4,0,4,5,0,2,5,1,10,18,3,0,2,0,5,4,6,3,2,8,7,27,2,6,12,2,82,7,1,3,5,4,0,4,8,3,0,20,13,29,11,1,24,2,0,30,5,6,0,5,8,2
2013/07/16,12,1,4,8,0,3,2,3,2,1,7,3,6,6,4,14,3,8,20,1,4,3,14,0,6,5,17,4,19,2,0,6,4,1,2,0,37,13,1,7,9,3,2,0,3,50,0,6,4,0,4,4,7,0,0,5,20,14,3,6,1,1,10,2,5,9,3,2,3,28,7,6,9,3,65,4,6,2,1,5,1,2,9,0,0,30,6,25,10,5,12,7,1,21,6,7,0,4,3,2
2013/07/17,7,1,8,18,3,2,3,7,5,4,5,2,12,9,3,15,0,8,25,1,0,7,15,1,2,6,21,4,13,5,0,5,7,0,3,2,28,6,1,9,8,4,3,1,0,44,5,5,4,0,2,3,1,0,2,7,13,17,1,2,5,0,6,4,4,3,2,5,6,28,3,7,15,2,57,1,2,2,5,5,1,6,10,1,0,25,14,9,4,0,20,1,4,6,10,3,2,7,4,2
2013/07/18,10,0,7,5,0,1,2,6,2,3,8,2,11,2,0,23,5,7,21,1,4,2,13,0,1,18,20,0,12,1,1,3,5,0,2,1,35,4,0,19,11,3,2,1,0,51,10,7,3,4,4,0,8,3,1,3,15,22,3,4,2,0,10,3,6,8,3,5,1,38,2,2,11,1,78,1,1,2,3,4,2,7,7,5,1,25,5,16,12,0,35,6,3,24,5,2,1,13,5,2
2013/07/19,8,2,3,20,2,4,3,3,3,5,8,2,6,7,12,17,1,15,35,1,6,0,9,5,8,9,19,4,11,2,1,6,1,5,2,1,37,4,0,13,14,0,3,0,1,38,6,5,7,1,0,4,6,0,3,5,17,12,2,4,2,1,7,10,8,7,2,5,0,32,2,6,10,3,78,0,2,3,5,0,1,3,9,1,0,43,12,19,8,0,27,2,5,26,8,3,2,15,2,2
2013/07/20,8,1,3,12,1,3,4,2,2,7,9,3,11,5,4,14,5,12,26,4,1,8,16,4,3,0,36,2,12,6,0,3,3,2,2,1,46,6,0,16,11,3,6,2,0,83,11,3,5,0,3,5,15,2,4,4,16,17,4,5,6,0,15,16,8,4,1,4,2,21,3,7,13,4,102,0,7,4,2,0,0,2,8,6,3,28,8,13,10,5,36,4,22,25,15,3,0,14,5,1
2013/07/21,7,3,2,5,4,2,2,5,4,2,10,1,6,10,6,23,5,14,28,3,7,0,15,1,7,6,20,2,12,1,1,7,7,6,3,1,51,5,3,15,16,3,6,1,4,83,3,8,6,4,3,7,12,0,7,4,14,29,3,3,4,0,9,6,7,6,4,2,0,36,2,5,17,3,109,0,0,2,6,7,0,10,13,3,1,27,17,18,7,3,38,3,3,31,9,6,1,17,7,7
2013/07/22,11,2,3,14,1,9,3,7,7,6,7,0,15,3,0,27,2,5,24,2,6,3,10,1,0,9,12,1,16,1,2,7,10,0,1,4,40,6,0,11,16,3,5,0,0,45,9,5,4,3,4,0,8,0,0,7,13,18,3,4,4,5,12,5,7,16,0,1,2,26,2,5,11,1,63,2,7,0,2,5,0,8,6,4,0,37,7,13,8,0,21,2,2,8,7,2,1,6,0,3
2013/07/23,8,0,5,10,2,7,5,3,5,5,13,3,14,3,5,11,6,9,18,2,9,1,10,1,0,5,30,4,11,4,2,3,3,0,0,1,32,4,5,12,12,3,3,2,0,31,9,5,5,3,5,8,9,0,5,4,15,15,1,5,1,1,6,14,6,13,0,5,11,30,2,6,13,10,50,0,2,2,4,4,0,4,7,6,0,20,8,19,5,1,31,0,0,17,11,0,2,6,0,3
2013/07/24,7,1,7,5,4,5,3,2,5,4,7,2,11,4,16,8,2,6,27,3,5,3,7,1,4,11,27,0,12,3,0,7,6,1,4,6,26,3,2,16,15,3,2,1,3,64,4,4,4,1,8,8,8,0,0,5,11,20,2,3,9,1,7,4,2,3,1,6,10,25,1,3,9,2,56,1,1,1,1,1,1,1,10,5,0,11,10,36,4,2,21,3,4,19,14,0,2,6,0,1
2013/07/25,10,0,7,3,2,3,0,9,1,3,9,0,12,6,0,16,1,2,20,4,9,1,8,0,5,14,20,2,13,2,1,4,7,2,1,2,44,2,4,12,6,1,2,2,5,43,6,5,4,0,4,5,16,0,5,6,11,27,5,0,2,2,9,6,6,4,4,4,1,44,0,4,15,3,64,9,1,2,5,6,2,6,6,2,0,17,8,18,10,3,32,1,6,9,9,2,0,12,1,2
2013/07/26,13,15,4,11,0,5,4,1,4,6,5,4,8,5,0,15,0,10,28,2,10,5,4,3,2,7,10,1,8,6,1,6,4,0,3,6,27,2,4,14,9,1,3,1,0,46,8,8,3,3,2,3,5,1,4,0,13,13,1,2,1,0,6,1,7,5,1,4,2,35,2,5,11,0,75,0,2,3,5,3,0,7,10,0,0,17,11,20,7,2,23,2,11,8,12,1,0,6,4,4
2013/07/27,9,1,8,22,1,7,4,3,5,3,13,2,24,3,3,17,3,8,19,2,7,4,8,2,1,0,25,5,15,4,0,4,6,4,1,1,54,7,3,12,15,1,6,2,4,62,1,5,3,0,5,4,8,0,2,3,10,20,4,0,1,0,8,5,5,6,1,3,6,42,1,7,16,5,98,1,5,2,6,10,3,2,12,5,1,34,12,16,9,3,30,2,6,7,10,1,2,15,1,5
2013/07/28,10,0,2,7,4,7,2,8,3,2,4,4,11,7,2,17,2,9,32,2,6,6,10,6,3,20,21,1,11,3,5,8,7,3,2,2,39,5,3,19,14,0,5,0,6,41,0,19,6,1,8,8,7,1,2,3,10,20,3,6,2,2,18,8,6,6,2,4,7,35,0,3,19,2,78,2,3,5,1,4,2,6,8,4,3,29,12,17,8,5,44,3,12,9,6,0,2,9,3,0
2013/07/29,6,2,5,6,2,6,3,3,1,3,16,2,10,5,0,10,4,5,19,6,4,3,8,0,8,14,23,3,8,1,4,5,10,2,0,8,50,6,0,13,5,1,2,0,1,52,11,6,4,2,1,8,8,0,0,6,17,20,1,9,1,2,3,4,5,10,2,3,9,25,1,10,17,2,69,0,1,1,15,5,2,5,6,2,1,14,18,24,10,2,22,1,17,56,4,3,2,6,2,0
2013/07/30,7,4,9,7,1,6,3,4,10,2,11,3,11,3,2,16,2,3,12,4,6,10,11,0,3,6,12,1,14,1,3,6,3,4,3,3,32,2,2,10,7,0,4,0,2,32,8,7,3,0,3,3,4,0,1,6,8,8,1,3,0,1,6,6,7,6,0,6,3,25,2,3,14,0,47,6,2,0,3,2,2,4,8,1,0,15,2,21,9,3,23,3,2,40,9,1,0,10,7,2
2013/07/31,5,3,2,4,5,4,2,5,0,1,10,4,5,1,5,11,1,5,20,6,6,8,3,0,5,5,17,3,12,2,2,4,4,3,1,3,22,2,1,14,9,0,2,1,2,34,8,5,7,1,3,5,9,0,1,3,10,13,1,0,0,3,2,7,3,3,7,3,5,22,1,3,13,1,44,4,2,5,1,3,0,6,6,3,1,13,7,9,5,3,16,0,4,10,6,1,2,8,1,0
2013/08/01,8,5,8,7,4,7,4,4,8,3,9,4,5,7,5,21,1,12,32,5,9,3,24,2,4,2,26,6,16,2,2,5,7,5,3,5,38,2,1,15,8,2,5,2,4,58,9,12,5,0,3,5,11,0,1,5,14,15,5,8,4,2,8,6,6,4,5,3,9,29,2,4,14,5,79,4,4,2,3,7,4,3,9,2,3,28,19,15,11,0,22,3,0,59,10,1,0,12,7,2
2013/08/02,8,1,8,9,1,3,0,1,6,5,17,3,1,4,6,18,8,10,27,7,7,15,15,1,3,0,15,3,9,5,0,4,8,1,2,2,41,3,3,15,15,0,5,2,3,52,7,0,3,0,3,5,11,0,2,4,28,28,2,5,1,0,6,9,5,3,3,2,13,41,0,6,13,3,72,0,0,1,7,8,1,9,11,0,0,31,13,12,9,0,24,1,9,146,13,3,2,8,6,1
2013/08/03,12,6,9,7,2,4,2,6,4,6,17,2,13,4,8,21,4,4,45,5,6,6,18,5,3,6,26,8,24,4,0,13,6,3,0,8,40,6,2,7,20,7,3,0,6,71,12,6,6,1,4,9,6,0,3,3,17,16,3,9,29,2,6,8,7,3,5,2,6,50,2,1,9,2,98,0,2,6,17,5,0,10,13,18,1,32,13,18,9,1,40,6,6,24,12,3,1,9,6,1
2013/08/04,9,3,2,11,1,11,6,7,3,4,2,11,16,5,4,35,4,9,44,8,12,14,11,2,5,4,30,3,20,4,2,5,9,1,6,1,53,5,1,10,7,3,0,2,4,80,16,7,5,2,7,7,3,1,2,8,15,34,5,2,1,4,16,9,3,3,0,5,6,39,2,9,20,2,82,1,4,0,7,10,2,7,13,4,1,35,15,14,6,5,39,7,9,37,5,3,3,12,7,5
2013/08/05,18,2,4,11,1,6,3,4,3,8,10,6,9,5,5,29,5,15,48,9,1,7,12,2,4,2,24,4,14,0,0,16,9,2,1,2,55,5,1,13,12,2,2,1,5,57,0,10,8,1,0,6,5,0,1,1,11,22,4,7,0,4,2,11,4,16,2,2,13,53,2,7,27,4,91,7,5,3,6,2,0,6,9,2,0,30,3,19,5,1,28,17,6,54,0,8,2,9,4,1
2013/08/06,13,2,3,13,10,6,2,7,3,4,11,4,2,3,6,18,5,9,39,8,0,4,23,2,0,4,20,3,0,4,0,10,4,4,1,3,46,9,5,18,11,1,3,1,0,45,9,10,1,2,6,4,6,0,3,4,11,16,3,1,0,1,1,7,1,5,1,6,6,37,5,1,12,1,68,0,4,3,6,5,3,4,13,4,0,20,4,8,8,1,27,0,5,18,0,2,1,23,1,0
2013/08/07,15,2,6,7,1,11,3,4,6,7,2,3,4,10,2,11,2,7,17,5,0,10,24,9,5,6,17,2,0,3,1,10,6,1,2,0,47,4,6,15,9,3,1,0,3,54,9,6,7,2,1,2,3,0,1,7,17,16,2,8,3,1,2,8,1,2,2,4,10,41,1,6,13,4,80,6,3,1,0,2,2,2,5,1,0,35,17,11,4,5,19,8,9,25,2,3,0,15,4,1
2013/08/08,22,5,1,6,4,16,4,9,2,5,4,4,2,6,9,12,5,6,38,9,13,10,7,1,5,10,15,3,0,2,3,2,2,6,1,2,41,2,0,11,14,3,2,0,2,39,3,6,5,0,2,8,6,0,3,5,17,21,6,7,4,0,4,7,3,5,2,2,4,40,2,2,15,5,93,4,2,0,0,5,4,0,4,3,0,29,9,13,6,7,32,7,5,54,8,4,1,13,3,3
2013/08/09,8,1,0,13,2,14,1,7,3,4,12,4,26,9,4,9,2,7,27,4,10,8,22,0,4,3,18,2,0,3,1,7,6,4,1,1,52,3,7,16,10,0,5,2,5,54,7,13,3,4,4,8,12,0,4,4,19,25,7,1,6,5,9,8,6,1,0,4,13,50,1,6,21,3,79,11,2,2,0,5,0,0,15,3,0,19,24,5,9,4,20,3,10,20,10,1,0,7,7,1
2013/08/10,7,5,4,9,3,10,3,4,6,2,8,2,23,5,7,20,8,21,29,3,7,6,17,5,3,7,28,5,0,7,2,9,3,5,6,0,64,2,5,15,12,3,8,2,5,64,6,6,9,2,1,6,7,1,6,4,13,22,3,7,0,2,8,4,7,3,1,1,8,52,1,4,20,0,87,3,5,2,2,7,2,3,17,4,2,40,15,7,9,0,45,7,13,57,9,4,2,9,6,3
2013/08/11,4,1,5,8,5,13,5,2,1,1,15,3,21,9,4,11,4,5,40,4,12,6,11,3,6,0,32,3,0,0,2,18,3,1,3,2,49,1,5,21,11,1,7,0,5,79,8,15,0,1,6,7,9,1,3,7,18,30,2,4,0,0,7,13,8,5,2,0,6,38,2,8,14,3,115,1,6,6,8,2,1,10,17,6,0,41,14,1,9,3,35,4,0,14,7,4,4,8,6,1
2013/08/12,15,3,4,10,5,2,0,8,1,1,7,2,23,5,2,13,5,12,26,6,12,3,11,3,6,1,29,3,17,5,2,8,4,7,0,4,0,4,0,8,11,4,2,1,4,73,5,8,9,2,4,1,0,2,4,6,13,21,2,9,5,2,7,2,8,5,1,2,4,49,6,3,15,3,87,3,3,1,6,4,5,0,9,1,3,29,0,0,9,5,44,1,8,22,3,2,0,16,0,5
2013/08/13,5,2,1,6,0,10,5,1,3,5,6,1,23,1,4,17,5,8,27,5,4,7,13,5,5,7,26,2,23,1,1,4,7,1,2,0,47,5,0,11,10,3,0,1,1,70,9,5,3,0,0,5,4,1,7,7,14,28,8,0,6,0,4,13,10,4,0,4,8,44,8,6,12,3,116,1,5,2,1,4,1,0,10,4,0,31,16,0,9,4,37,1,3,14,8,3,2,5,3,2
2013/08/14,2,1,9,11,6,2,3,3,5,3,15,6,12,10,0,12,4,7,21,10,2,0,7,1,5,2,20,3,8,0,0,6,4,3,2,4,46,0,2,12,13,2,2,1,1,66,5,2,6,2,0,5,11,0,1,4,19,22,3,4,1,2,7,0,3,3,0,0,11,31,1,6,20,0,82,0,4,0,1,2,4,0,13,6,3,28,14,0,10,3,31,2,6,24,8,3,0,11,8,2
2013/08/15,5,0,10,1,2,3,2,3,8,0,8,3,7,4,2,8,2,6,25,2,9,1,15,1,4,9,30,2,0,3,1,2,3,4,0,2,43,0,1,17,9,1,3,1,4,58,17,6,6,1,0,10,8,0,3,6,17,23,5,3,0,1,6,5,5,11,1,1,5,41,2,2,16,3,99,0,1,2,1,3,0,0,7,4,0,36,9,9,10,1,34,3,6,23,8,3,0,11,6,1
2013/08/16,3,0,6,9,2,8,3,5,8,3,2,5,17,4,4,8,4,8,17,4,12,19,10,0,1,3,26,1,0,3,2,3,5,3,1,9,56,1,0,24,8,5,16,1,5,78,6,6,3,4,2,4,1,0,5,4,20,29,13,5,0,10,1,9,3,12,6,0,5,45,1,0,11,4,95,1,2,1,3,8,1,4,10,4,0,25,19,11,9,0,56,8,5,15,6,0,1,16,5,2
2013/08/17,8,2,9,8,1,14,2,1,4,1,7,3,18,7,2,15,5,15,19,5,9,9,21,3,4,13,33,1,0,0,2,16,1,3,2,1,55,0,4,21,10,7,4,1,4,83,5,8,7,5,5,6,0,0,4,5,15,38,5,9,3,0,13,9,7,7,4,0,10,43,3,4,25,2,109,3,5,2,4,6,2,1,8,4,0,32,18,21,15,5,38,3,10,29,7,0,3,8,4,2
2013/08/18,8,3,1,10,0,7,4,4,3,2,4,1,4,8,15,19,4,8,24,6,9,4,23,3,4,9,36,5,0,0,3,15,3,2,3,3,53,0,2,30,17,4,6,1,1,121,13,9,8,3,5,6,9,0,4,3,26,44,5,3,4,2,7,9,7,7,1,3,10,76,4,4,23,3,118,1,2,4,5,10,5,4,18,5,0,55,25,15,10,3,69,2,6,10,6,1,3,21,3,1
2013/08/19,1,3,4,4,6,2,3,8,0,6,13,1,7,3,3,11,4,7,29,1,3,5,13,2,4,3,23,2,16,0,1,12,3,3,1,1,28,2,4,23,11,0,4,4,2,67,8,5,9,3,4,6,8,2,3,8,8,26,4,10,2,2,7,4,4,16,2,0,2,63,3,6,20,3,94,4,3,1,1,9,5,8,17,1,0,52,6,18,10,1,28,1,0,6,7,3,3,6,3,1
2013/08/20,6,1,3,4,4,8,0,7,0,3,13,2,8,1,8,15,5,10,13,7,2,4,15,1,0,0,13,14,11,0,1,11,5,8,0,1,43,1,1,15,15,4,4,1,2,74,10,6,3,1,5,9,6,0,1,3,15,20,3,7,13,0,8,5,4,9,1,0,2,34,1,3,9,6,84,2,4,3,3,0,0,11,15,7,6,29,16,20,9,3,22,1,8,7,6,3,0,3,5,2
2013/08/21,8,0,4,4,1,4,4,2,0,4,10,2,12,5,8,2,4,6,9,3,0,0,15,2,4,0,16,1,21,5,2,12,6,2,0,1,31,0,3,12,12,4,3,2,1,41,7,7,6,0,3,3,8,0,4,11,7,20,4,3,0,0,5,13,7,6,2,1,5,35,0,4,14,0,59,2,4,2,7,6,1,2,5,4,1,24,10,9,5,4,22,3,1,60,6,0,1,7,4,0
2013/08/22,1,5,8,3,7,3,0,3,5,2,10,3,5,3,4,5,1,5,11,6,0,0,11,0,0,0,11,1,25,4,0,7,3,2,0,6,2,0,2,13,11,2,2,3,3,45,6,3,5,0,3,5,8,0,0,1,13,14,8,7,0,5,6,5,6,3,4,0,8,33,0,5,15,1,48,1,4,9,1,6,0,5,7,4,3,23,9,19,1,8,17,1,16,6,6,0,0,3,5,1
2013/08/23,3,1,12,5,3,3,2,4,2,1,16,1,14,3,0,10,1,4,26,3,7,0,9,1,0,1,11,1,17,1,2,3,5,8,6,10,1,0,5,11,7,3,2,4,3,50,6,5,2,3,5,2,1,0,0,0,12,18,2,9,2,1,6,6,3,4,0,0,1,26,1,4,17,3,67,1,2,3,0,1,1,1,12,4,1,19,4,26,0,0,27,1,9,18,2,2,2,2,3,1
2013/08/24,4,4,2,5,5,9,4,3,4,0,4,1,16,2,9,9,2,12,11,3,6,9,18,1,4,10,20,2,17,0,5,14,6,2,1,0,33,0,3,18,12,5,10,4,9,57,11,5,5,1,8,5,8,2,1,11,10,24,3,7,9,1,7,6,6,1,4,1,5,36,2,4,12,1,75,1,1,0,2,3,1,3,15,3,0,32,13,14,2,0,44,2,11,21,7,3,0,9,3,2
2013/08/25,4,1,2,6,3,6,3,3,2,3,18,5,12,7,3,17,2,6,26,4,0,11,22,5,0,5,18,0,18,3,2,18,12,3,0,5,38,0,7,20,5,0,4,2,0,78,12,7,6,3,5,4,8,6,1,9,21,25,0,11,3,2,11,10,5,0,2,1,7,43,2,6,17,4,105,1,6,2,3,7,4,7,10,6,0,34,14,1,8,3,57,3,2,30,4,2,2,8,4,3
2013/08/26,1,0,2,6,1,2,3,4,3,1,9,1,17,12,4,10,2,10,18,5,10,2,12,7,0,3,10,3,27,7,5,6,5,1,2,0,29,0,1,8,8,4,5,2,1,35,6,11,5,1,6,8,6,4,2,8,15,24,1,6,1,5,10,6,3,17,1,0,3,31,3,0,15,5,64,5,3,3,0,4,3,4,14,2,1,22,28,15,5,5,23,3,2,30,9,1,4,6,2,0
2013/08/27,3,0,8,3,2,0,2,6,7,0,8,3,4,9,0,8,3,9,17,3,2,3,4,2,4,3,19,1,14,1,2,4,1,1,4,8,13,1,2,7,7,1,2,1,7,58,10,6,2,2,2,0,6,0,0,2,16,26,4,2,4,2,4,9,7,1,1,0,8,39,0,0,18,2,63,2,3,2,0,3,0,1,10,4,2,23,6,3,6,1,27,1,4,9,2,0,2,32,1,1
2013/08/28,0,1,7,10,3,7,2,3,4,0,11,2,7,0,0,9,1,5,20,1,0,1,10,1,2,4,22,4,12,4,2,9,5,0,1,1,21,1,1,10,7,3,1,3,4,44,14,2,6,1,4,9,3,3,4,6,16,20,2,6,4,1,4,2,3,0,0,0,4,49,0,4,8,4,67,1,3,3,3,4,0,7,8,11,2,10,6,1,3,7,24,0,5,5,7,0,3,5,1,0
2013/08/29,5,2,6,3,5,3,1,3,5,1,4,1,6,4,5,5,2,6,17,2,0,1,14,2,3,2,20,0,16,0,6,8,4,2,1,2,13,0,2,11,7,4,4,0,4,39,11,5,2,0,2,2,6,5,2,4,9,12,1,4,3,4,1,18,5,2,0,0,3,17,1,3,10,5,63,4,1,1,1,5,0,6,5,1,6,14,6,2,4,0,17,2,10,9,5,1,1,0,8,0
2013/08/30,1,3,6,11,1,5,5,3,4,7,8,3,9,2,3,9,3,8,18,4,4,4,15,5,1,0,28,2,17,4,2,1,4,4,4,3,19,0,0,20,6,2,5,2,0,82,3,9,2,2,5,3,5,3,8,2,15,20,2,5,2,3,10,6,5,7,3,0,3,41,1,3,9,2,72,2,0,4,7,8,1,10,18,8,2,27,12,7,3,0,37,4,0,11,4,3,1,3,8,2
2013/08/31,5,5,4,7,8,5,4,6,4,0,13,2,10,8,2,7,4,5,16,0,2,7,2,1,2,7,17,6,12,4,1,8,6,6,3,4,30,0,2,15,18,5,2,2,5,87,8,8,4,5,5,6,5,4,5,4,19,25,7,1,7,1,9,11,6,4,3,0,6,46,1,2,10,1,69,1,1,3,2,6,2,9,10,7,3,17,9,1,5,7,38,3,10,5,6,0,1,26,4,2
2013/09/01,0,1,10,8,1,2,2,4,4,7,7,2,7,4,4,9,2,10,20,1,5,3,14,0,4,3,21,1,16,2,1,20,5,1,3,8,27,2,3,17,10,2,1,3,4,72,6,8,4,1,3,8,5,4,1,5,29,19,4,9,6,1,12,13,5,2,3,2,6,53,4,0,10,3,76,5,1,7,3,0,0,0,8,7,10,22,6,12,4,1,50,4,11,34,1,1,11,13,4,3
2013/09/02,4,5,8,4,3,6,1,6,3,2,11,3,3,3,5,22,6,13,31,3,0,12,15,3,2,4,27,3,14,4,2,21,12,4,2,6,35,5,0,20,15,1,7,2,5,72,7,5,2,1,6,9,11,15,3,8,7,26,1,5,4,5,5,8,7,3,9,6,6,42,4,5,14,4,96,2,0,3,4,5,2,12,13,6,6,23,13,12,2,4,47,5,3,26,0,2,2,18,11,3
2013/09/03,0,5,10,9,5,3,3,10,8,2,9,1,2,5,1,14,5,9,25,5,0,5,14,4,3,6,15,4,11,2,0,10,4,2,3,2,24,5,1,11,10,3,2,2,2,53,11,7,2,6,6,4,10,4,1,3,13,20,2,5,0,1,11,6,5,17,9,5,6,45,1,4,14,1,83,1,5,3,3,1,1,4,9,0,3,27,10,14,9,2,29,1,0,25,2,1,0,18,2,2
2013/09/04,4,2,3,8,5,5,2,3,0,5,7,3,6,12,6,7,1,8,30,10,0,6,13,1,5,13,14,1,10,4,4,13,7,1,0,0,30,7,1,17,14,1,3,2,1,39,8,11,2,0,3,5,0,7,3,2,20,23,0,5,1,2,13,7,10,3,2,5,10,31,1,2,3,2,83,8,2,2,4,13,1,2,8,1,1,26,15,3,3,2,16,16,0,13,7,1,2,15,3,2
2013/09/05,3,2,4,5,18,1,4,7,3,4,6,4,3,4,2,17,3,11,30,3,10,12,13,5,0,9,21,5,15,3,5,4,7,5,2,1,16,5,0,13,6,2,5,3,7,44,11,6,2,0,3,3,8,2,1,3,13,21,2,4,3,3,5,1,1,4,0,3,5,28,0,3,9,0,65,2,4,3,2,2,0,10,3,0,2,18,10,9,6,0,31,2,0,18,7,1,1,14,4,2
2013/09/06,3,0,4,2,2,2,1,2,2,0,11,6,1,5,6,6,7,9,27,1,7,15,16,1,4,12,21,0,16,5,2,15,5,2,1,0,20,5,2,13,7,8,2,0,2,57,4,3,2,0,2,8,7,0,4,7,15,23,2,5,0,2,3,6,7,6,13,4,7,44,0,1,9,3,78,1,0,2,7,5,0,0,9,0,5,22,6,8,5,8,29,1,3,30,9,3,3,22,3,3
2013/09/07,0,1,12,0,4,4,9,5,6,2,7,1,1,5,5,18,3,19,19,5,5,5,24,1,0,8,26,1,13,0,0,4,5,2,1,4,42,1,3,19,29,4,2,0,6,102,6,6,9,1,8,4,6,10,7,5,15,33,1,16,1,3,14,11,9,5,0,4,7,64,1,8,10,6,113,1,5,4,9,3,2,9,6,0,3,22,13,7,5,0,53,1,10,16,9,0,3,4,6,1
2013/09/08,3,3,0,4,3,3,1,7,4,0,24,7,8,14,9,15,8,20,44,5,15,9,17,3,4,18,28,6,21,5,1,28,2,7,2,1,30,8,5,18,18,4,6,4,0,83,7,10,11,2,8,11,3,10,4,8,18,36,6,14,6,4,5,5,6,9,5,4,10,45,5,7,17,2,106,0,6,4,4,6,1,5,11,0,4,43,16,5,5,4,54,4,1,62,15,0,1,9,7,3
2013/09/09,12,0,6,1,6,6,4,5,8,3,12,7,8,8,2,8,3,16,30,8,16,20,10,5,3,9,16,2,16,1,0,4,6,3,2,5,24,3,1,19,12,0,2,0,2,76,3,13,7,2,1,5,0,5,3,4,10,17,5,7,2,0,5,11,3,8,1,6,10,58,5,4,14,2,85,0,3,2,5,0,1,0,9,5,1,21,16,13,6,4,38,5,0,37,7,1,3,13,4,1
2013/09/10,5,4,6,6,0,0,1,12,1,0,13,0,5,9,4,13,6,10,24,5,7,13,16,1,5,11,15,0,2,3,4,2,0,4,2,2,13,4,6,14,7,1,3,2,4,58,8,2,1,0,3,5,10,5,0,5,17,17,6,7,5,0,4,5,7,0,3,3,11,31,0,2,12,3,68,4,3,2,2,10,0,13,7,6,0,28,27,7,4,4,23,13,10,1,11,1,5,13,3,3
2013/09/11,5,0,9,5,3,3,2,7,0,1,18,2,8,8,7,3,5,9,13,4,11,15,17,3,0,10,22,2,20,2,0,7,6,1,0,1,15,6,4,8,6,2,3,1,3,47,6,8,7,0,5,4,3,4,3,7,22,18,2,7,0,2,9,9,3,3,0,4,8,26,0,4,0,1,85,2,0,3,9,7,0,4,11,1,2,27,6,9,1,2,22,8,4,37,5,1,1,20,4,2
2013/09/12,1,3,10,15,3,1,3,2,8,2,10,2,14,7,0,0,4,6,0,3,8,4,13,0,5,3,12,2,4,6,2,8,0,2,3,6,15,4,2,9,7,1,2,0,4,48,13,11,5,0,3,2,10,5,3,4,12,21,2,11,1,0,6,4,3,5,0,3,5,17,0,1,12,2,39,1,5,1,6,4,1,3,11,0,5,19,7,11,3,2,11,0,6,198,9,2,2,5,5,0
2013/09/13,2,1,5,1,0,2,3,9,0,0,13,7,5,5,5,0,2,11,0,2,9,3,8,2,3,7,27,1,15,1,2,6,5,1,1,2,28,6,2,15,7,5,3,4,2,51,10,6,2,0,5,7,1,4,1,4,13,27,3,1,3,1,4,5,6,4,2,3,13,33,1,9,12,3,57,4,6,3,1,3,8,3,10,3,2,35,8,11,8,5,39,1,3,11,7,0,1,10,2,1
2013/09/14,9,3,2,2,0,3,4,4,0,3,3,3,3,3,4,14,7,9,13,1,7,14,11,6,3,22,17,2,17,0,2,12,5,2,1,7,25,2,6,8,10,7,5,1,5,48,11,17,4,1,3,6,7,5,1,3,17,19,3,10,10,2,4,6,5,6,2,1,7,33,0,3,9,2,86,1,4,8,2,6,2,12,8,7,1,23,13,12,6,6,31,3,11,0,10,3,3,9,3,1
2013/09/15,2,0,2,3,2,1,3,4,5,2,12,2,2,11,5,11,6,9,27,2,0,5,18,0,3,1,22,0,12,2,1,9,2,2,2,0,31,8,8,20,12,3,7,0,4,71,8,12,4,0,7,12,3,12,3,3,12,27,7,8,3,2,3,8,4,4,3,3,10,42,1,7,21,3,108,8,2,2,7,6,0,3,8,2,5,35,15,4,13,5,41,5,11,1,9,2,3,18,7,2
2013/09/16,2,1,6,0,1,2,3,3,2,1,10,1,1,2,13,11,1,6,25,4,4,5,12,1,8,7,14,0,15,0,2,11,8,4,1,0,22,3,14,14,14,4,3,0,1,57,9,7,7,0,6,0,8,4,2,4,14,21,18,7,1,2,10,5,2,5,2,4,4,27,3,0,5,0,73,2,3,0,5,6,3,9,8,5,6,22,14,19,9,8,24,2,5,0,6,2,1,8,3,3
2013/09/17,7,2,7,2,2,5,2,4,11,1,10,2,6,6,2,15,6,9,15,5,6,10,6,0,2,12,14,2,10,1,4,5,4,2,1,4,16,5,9,12,6,1,0,0,1,34,4,10,4,0,12,4,7,1,0,7,11,26,6,9,3,4,3,10,7,12,0,4,6,29,4,6,13,2,61,1,3,6,1,0,0,3,6,2,5,27,6,13,1,0,20,1,3,0,8,2,2,5,2,0
2013/09/18,0,0,5,2,3,2,2,1,2,1,8,2,0,2,5,18,1,5,26,2,5,5,10,0,0,11,14,2,24,0,0,9,6,2,4,6,22,0,1,12,13,2,2,2,4,45,3,8,3,4,8,4,6,2,1,5,20,13,4,7,7,2,3,9,8,0,2,2,6,30,0,4,0,1,63,4,3,2,5,6,1,2,9,6,0,18,7,7,1,8,30,3,6,0,9,4,2,17,1,5
2013/09/19,7,1,7,3,3,5,2,4,5,9,4,5,3,2,0,10,5,3,24,1,10,5,12,6,3,7,15,1,7,3,2,11,2,4,2,8,22,3,9,16,13,1,6,1,3,48,6,10,3,1,10,3,6,3,4,2,16,17,2,0,0,2,12,5,8,0,1,1,7,34,0,2,11,3,71,1,6,4,1,3,0,12,6,2,2,16,18,10,16,7,27,4,6,28,9,0,1,12,4,3
2013/09/20,1,1,4,2,3,3,0,2,2,3,16,3,0,8,2,10,3,7,28,2,4,7,12,0,6,4,25,3,11,1,1,0,4,5,1,2,20,1,3,12,11,7,3,2,4,45,7,2,5,0,4,1,11,3,3,3,12,27,4,5,4,1,8,5,5,4,0,2,8,30,1,3,9,2,65,3,4,1,0,5,0,2,9,7,1,23,9,8,8,8,22,1,0,8,8,3,1,6,1,1
2013/09/21,6,2,6,2,2,1,2,4,7,3,5,2,3,7,7,15,3,20,19,5,7,1,20,0,2,3,20,2,19,0,0,4,4,4,1,2,27,3,2,12,11,2,6,2,4,42,6,3,1,1,7,3,10,2,1,3,14,25,0,3,2,1,4,16,4,8,3,3,11,31,1,3,12,2,73,2,0,3,7,2,1,0,13,7,4,36,18,11,13,1,34,2,0,23,14,0,5,9,4,1
2013/09/22,2,0,5,2,2,1,6,0,8,3,6,2,4,4,6,10,2,8,33,11,0,14,28,5,4,0,19,2,21,2,2,15,4,0,1,10,35,7,4,12,14,3,5,0,4,57,4,6,6,0,6,11,14,4,3,8,7,21,2,16,4,4,3,7,6,8,1,4,7,34,3,7,12,3,108,1,2,3,8,7,2,3,5,6,5,28,12,14,4,2,35,2,0,17,7,0,2,9,1,0
2013/09/23,1,0,10,3,2,2,3,4,2,3,13,1,1,5,1,7,4,10,28,6,8,8,14,1,4,0,8,2,21,2,2,3,4,3,2,6,26,6,1,14,8,3,0,1,3,31,10,10,3,4,4,7,2,1,3,5,18,10,11,3,3,1,6,7,4,8,0,6,3,26,1,4,3,4,59,4,6,2,4,0,1,2,8,6,3,14,8,15,4,6,29,3,7,20,4,1,0,14,6,0
2013/09/24,1,2,5,1,4,1,1,3,0,2,13,1,3,5,0,15,4,10,26,3,8,3,13,2,4,8,20,2,14,0,4,11,3,0,3,5,22,4,2,13,7,3,3,0,1,33,6,2,4,1,3,3,6,3,1,1,8,14,8,7,6,4,6,11,4,18,2,1,5,34,1,8,10,5,48,1,3,1,2,0,0,10,9,2,0,20,5,3,3,0,15,1,8,8,8,4,4,12,3,0
2013/09/25,1,1,6,0,5,4,4,4,8,6,13,5,7,6,0,13,3,5,30,0,5,8,9,1,4,13,9,1,18,1,0,1,5,0,3,6,21,3,2,9,5,1,1,2,6,29,15,6,0,1,5,0,12,2,10,3,6,14,10,6,3,1,7,5,4,9,1,3,4,31,2,0,14,4,46,0,3,4,2,2,0,3,5,3,0,11,14,6,5,1,13,0,4,6,8,4,4,7,0,2
2013/09/26,0,3,8,1,2,3,2,5,2,5,9,20,7,4,5,11,4,15,20,3,3,4,11,1,0,1,8,1,16,0,1,5,6,2,1,8,27,2,1,14,13,0,2,2,4,56,11,5,3,4,2,7,5,1,3,3,9,15,2,6,3,1,6,5,4,18,2,4,3,27,3,0,0,2,67,0,5,1,1,6,1,3,5,1,3,23,11,9,5,3,26,1,2,148,4,0,0,5,1,1
2013/09/27,2,1,6,2,2,2,2,1,2,3,12,2,1,2,5,10,1,6,25,4,7,6,15,2,4,0,19,0,13,0,2,6,3,1,5,4,20,3,1,6,14,2,2,1,2,44,6,5,1,1,2,5,9,4,1,3,13,18,4,10,0,0,5,7,9,6,2,4,9,31,0,4,12,2,62,0,3,4,3,6,0,15,11,2,2,36,5,12,8,6,28,4,8,1,7,0,7,6,5,2
2013/09/28,6,2,8,5,3,2,5,4,2,2,12,2,3,6,9,18,3,7,22,2,5,6,10,0,4,6,31,3,14,1,0,7,5,2,4,1,15,0,4,12,12,4,6,2,5,61,9,4,11,3,5,7,4,4,2,2,20,28,1,9,3,5,8,4,8,11,4,1,2,35,2,6,7,0,76,0,6,3,2,3,2,6,8,10,2,35,14,11,3,8,31,1,4,21,15,4,1,18,4,5
2013/09/29,4,2,2,4,2,1,5,2,11,2,4,0,0,13,8,26,6,13,33,6,0,7,20,0,4,8,23,10,12,1,1,14,2,1,1,3,35,6,4,13,11,2,9,2,3,56,11,13,5,0,6,5,12,9,7,6,14,15,5,9,1,2,19,9,6,12,3,3,5,38,3,5,15,6,93,3,4,8,2,1,3,3,5,9,6,28,15,5,4,1,48,7,8,10,8,1,3,8,1,4
2013/09/30,2,1,5,2,0,4,2,0,1,0,4,1,0,8,1,18,4,5,23,2,0,12,11,0,4,21,17,0,12,3,3,8,5,1,2,1,18,4,7,8,5,2,5,2,4,27,12,2,4,0,6,7,7,3,5,3,12,14,4,4,3,0,10,11,3,28,4,0,5,20,3,3,11,3,54,1,1,5,0,0,0,3,7,2,2,14,11,24,7,7,20,0,4,21,5,3,1,5,2,1
2013/10/01,1,0,0,3,2,2,4,6,4,0,10,0,2,10,20,16,4,9,21,3,0,7,18,0,4,4,20,1,15,2,2,7,5,5,0,2,29,6,4,11,7,4,1,3,1,34,9,0,4,0,2,12,8,5,1,4,15,12,11,6,4,1,11,11,5,5,3,4,5,19,2,2,1,2,61,1,1,0,8,0,1,0,16,3,5,15,5,6,4,0,18,7,8,23,6,3,3,13,10,3
2013/10/02,2,1,8,3,1,4,1,3,4,2,17,3,1,9,2,12,5,12,25,2,0,16,16,1,2,7,13,1,16,0,1,11,9,4,1,1,16,4,10,9,3,2,3,3,2,40,12,3,2,1,3,1,6,2,4,1,11,20,3,6,3,3,1,4,5,3,1,4,10,47,1,4,11,2,57,8,6,3,2,2,1,6,7,6,0,26,4,8,3,3,28,12,3,7,5,2,0,9,4,0
2013/10/03,0,1,4,3,1,2,2,2,0,0,10,1,2,7,3,9,2,17,26,3,9,11,22,2,3,0,23,4,11,5,1,12,5,2,1,4,31,2,1,10,7,1,2,5,1,40,9,9,2,0,4,3,4,5,0,3,11,20,4,5,5,1,2,3,6,10,2,5,7,31,0,4,1,0,90,2,5,2,10,4,1,5,7,0,0,29,7,14,2,4,20,4,4,0,11,1,1,18,6,6
2013/10/04,1,0,7,2,4,3,2,6,7,1,13,20,4,9,6,20,4,9,27,6,8,12,16,3,4,9,24,4,10,1,4,8,8,4,3,2,34,2,2,10,9,2,1,0,5,61,3,7,5,0,5,3,7,5,5,3,23,19,9,6,5,2,6,11,9,6,3,2,7,39,2,5,12,1,83,3,1,2,5,4,0,1,10,6,0,32,10,6,5,6,30,0,6,0,12,2,1,18,6,5
2013/10/05,5,2,2,3,2,3,4,5,7,2,11,0,4,9,9,15,5,8,35,6,7,17,25,7,5,6,30,4,13,0,1,4,2,7,4,2,33,1,8,16,21,4,8,0,5,72,10,2,6,2,4,8,13,2,9,5,23,34,5,7,8,4,12,13,5,21,3,4,10,50,1,7,7,4,87,1,2,7,1,0,1,11,10,6,4,45,14,10,7,0,40,7,10,0,9,3,3,6,5,2
2013/10/06,3,2,1,5,0,1,2,8,0,4,9,0,1,9,8,14,6,13,25,8,0,13,20,1,8,24,34,1,24,18,0,20,8,8,1,1,44,7,10,17,16,3,7,1,3,94,12,12,8,6,3,8,7,7,7,8,18,30,9,12,5,5,12,11,6,14,4,5,16,67,3,3,17,7,104,2,5,4,0,0,3,12,9,5,6,37,17,12,7,3,57,5,14,0,5,4,4,15,12,2
2013/10/07,1,1,6,2,2,2,1,4,7,2,6,0,1,11,9,16,6,15,33,4,5,7,14,0,1,6,24,3,14,9,16,13,10,3,0,3,31,4,13,19,14,3,1,2,3,53,17,2,9,0,6,5,10,6,3,0,13,22,20,12,0,0,18,17,13,13,0,3,5,57,2,3,0,5,66,3,11,3,7,0,3,8,6,9,3,35,15,17,8,0,42,8,9,1,11,1,2,7,3,2
2013/10/08,2,0,3,6,2,4,1,3,7,6,4,3,3,8,8,17,1,8,40,3,8,13,26,3,4,18,17,5,14,4,19,12,6,3,1,1,25,3,2,12,16,1,0,1,3,53,2,0,3,0,1,6,8,7,7,8,13,16,7,11,11,4,8,3,12,14,2,4,6,37,0,6,12,3,73,1,5,3,0,6,2,6,13,3,2,21,11,9,5,2,24,4,13,0,16,0,0,13,8,1
2013/10/09,0,1,6,2,3,6,2,4,1,2,7,0,9,5,9,20,5,15,26,6,10,14,19,1,5,8,9,5,17,8,9,4,5,4,1,2,16,2,2,8,12,4,0,1,2,37,12,12,7,3,3,3,6,2,1,0,12,14,2,6,1,1,9,9,7,9,2,3,8,25,1,3,0,1,86,2,4,3,8,5,1,12,4,5,4,24,22,14,4,0,33,12,10,0,7,0,0,8,9,2
2013/10/10,5,2,9,1,7,3,2,3,3,1,12,7,8,13,0,11,3,14,29,4,1,9,23,2,2,12,20,0,22,8,12,11,5,3,0,2,27,1,9,10,12,1,3,0,1,55,11,10,5,0,4,3,10,2,2,4,12,23,0,9,1,1,14,5,4,22,0,4,4,35,4,3,12,1,78,2,11,4,3,6,0,12,15,0,3,25,11,6,4,0,27,0,1,0,11,0,0,9,5,3
2013/10/11,5,6,6,5,2,1,2,7,3,1,12,4,2,8,11,16,7,13,23,4,0,7,18,3,4,11,22,2,14,11,7,9,4,1,5,4,32,5,5,11,10,4,7,4,1,40,14,2,2,1,5,6,3,3,3,0,11,23,6,8,6,1,4,4,7,11,0,5,6,34,0,1,11,1,77,4,2,4,0,7,1,7,10,6,6,27,10,12,1,5,32,3,6,0,3,5,2,17,5,1
2013/10/12,4,1,1,1,2,4,1,1,2,7,15,2,4,17,1,25,4,13,32,4,8,8,10,0,5,15,14,6,13,14,8,6,8,5,3,5,22,4,2,12,13,2,6,3,7,47,9,11,6,5,3,9,11,3,9,3,16,19,4,16,4,1,1,1,4,11,0,2,3,42,1,11,0,1,83,0,1,3,6,12,1,5,19,5,2,30,19,6,8,2,33,3,10,0,0,0,1,21,3,0
2013/10/13,8,11,3,0,1,4,3,8,5,3,5,2,1,11,0,11,7,16,25,2,13,10,12,3,4,11,18,2,19,7,15,9,13,3,2,2,29,4,6,14,14,4,1,0,2,68,8,7,4,4,4,3,12,5,6,5,12,29,2,13,2,1,0,6,10,6,1,2,5,45,1,3,19,8,77,5,2,2,4,0,1,8,15,10,4,31,9,6,2,7,35,1,8,33,0,4,10,18,1,0
2013/10/14,3,3,7,1,2,9,2,1,2,2,12,5,2,2,3,23,2,10,23,10,3,22,11,3,3,7,18,1,22,10,16,4,15,1,2,1,21,7,4,9,10,1,1,2,0,49,12,6,8,0,2,8,14,7,2,2,9,20,11,0,1,1,21,9,6,12,4,4,11,37,9,2,11,2,64,1,1,5,2,0,0,8,8,4,4,26,3,8,10,4,19,7,18,27,2,1,2,10,1,2
2013/10/15,4,2,4,5,1,3,1,1,7,3,8,3,2,6,6,10,6,8,23,7,0,8,9,0,1,9,13,2,12,9,9,5,15,3,1,4,28,5,4,13,10,4,1,0,4,40,7,5,4,0,3,3,7,8,4,5,16,21,3,11,0,0,15,1,8,5,3,5,9,50,0,0,10,5,78,2,3,2,6,0,1,6,7,3,1,32,4,4,2,2,22,6,12,15,3,2,0,18,5,3
2013/10/16,3,1,7,1,2,2,4,4,4,3,14,1,1,12,0,7,3,6,21,2,8,9,10,0,2,4,21,3,15,8,6,5,8,3,3,1,31,0,4,9,8,2,1,0,3,49,5,6,2,2,5,5,12,9,1,7,9,17,2,5,5,1,3,4,5,2,1,0,3,48,0,7,11,2,74,1,5,3,3,0,1,6,6,4,1,15,17,6,3,1,24,4,5,5,3,6,0,6,3,0
2013/10/17,1,3,10,1,1,0,2,6,3,4,7,0,1,4,10,7,4,16,23,2,7,7,25,3,6,10,17,2,10,10,25,7,5,1,0,5,16,2,5,8,15,0,1,2,0,39,5,4,3,0,1,2,9,2,4,4,11,23,0,4,1,2,4,18,3,6,0,4,6,35,0,1,13,1,73,3,7,1,0,18,1,9,3,3,0,18,3,5,7,2,29,0,9,24,2,2,1,6,5,2
2013/10/18,2,4,6,1,1,2,2,5,0,2,11,2,2,3,2,4,2,6,14,2,5,8,14,2,0,8,16,6,7,7,16,3,1,3,0,0,24,4,4,11,9,3,0,0,4,50,5,7,3,0,2,2,17,2,2,3,7,15,3,3,1,0,1,1,8,1,1,3,3,47,1,6,8,1,74,0,1,2,3,0,1,0,14,2,1,26,2,9,3,2,20,0,11,47,10,2,2,9,3,2
2013/10/19,11,2,4,4,2,3,2,4,5,4,12,0,2,9,9,7,2,12,16,6,4,10,10,3,4,9,23,0,25,8,16,7,6,6,1,2,24,2,3,13,4,3,10,0,5,56,7,6,5,2,3,7,3,4,1,9,18,15,6,8,3,1,6,4,3,4,4,2,11,48,1,3,11,7,91,1,0,4,1,0,4,1,14,7,1,21,10,3,5,2,32,5,5,5,12,1,3,8,3,3
2013/10/20,7,2,9,2,1,2,1,3,1,4,3,3,11,10,0,13,1,13,24,4,10,10,22,1,2,7,17,0,13,11,8,8,7,0,1,2,38,6,8,15,16,2,4,2,3,53,17,2,2,2,10,5,12,5,2,6,6,24,1,14,2,0,7,5,5,4,2,4,8,49,5,11,16,4,95,3,3,6,4,0,2,8,10,1,4,22,13,5,3,8,36,3,17,3,15,2,5,8,6,0
2013/10/21,2,1,3,2,1,4,9,6,4,2,12,2,9,7,5,12,4,8,31,5,2,5,21,4,3,13,18,2,16,7,20,13,2,1,3,1,26,3,14,9,7,4,2,1,2,33,10,8,7,4,6,4,10,7,1,5,10,14,3,8,1,1,9,5,5,26,0,3,11,37,1,3,13,1,70,4,1,4,3,6,0,8,5,4,4,24,4,10,9,1,29,3,2,12,11,5,2,7,3,1
2013/10/22,3,2,3,1,4,4,1,2,5,1,16,3,9,6,1,11,0,8,13,1,0,6,14,3,2,3,18,1,10,5,11,7,4,2,3,1,23,3,1,7,12,2,3,1,2,59,7,5,2,1,4,0,9,2,3,2,18,23,2,2,1,1,5,6,5,14,2,4,1,32,2,3,11,3,57,2,2,0,0,2,1,3,5,7,3,12,9,3,5,2,17,1,8,22,2,1,1,4,1,4
2013/10/23,1,1,3,4,9,4,3,1,9,1,16,2,2,3,9,5,5,5,23,4,7,8,9,0,2,3,11,1,7,6,13,8,6,1,1,0,24,5,2,8,8,1,1,4,1,46,3,6,2,1,1,4,6,2,3,4,9,23,1,7,20,2,8,1,9,8,2,1,5,31,2,5,9,3,52,1,5,0,2,4,3,7,3,2,0,21,6,3,9,7,15,2,2,61,3,6,6,8,5,2
2013/10/24,1,0,10,5,1,4,3,1,0,0,7,10,0,3,10,9,4,8,18,2,5,7,17,1,2,7,21,1,14,8,11,4,5,1,1,2,12,0,4,11,9,2,1,0,1,33,13,8,3,2,4,9,12,4,2,7,16,19,3,12,0,0,8,8,5,6,3,3,2,27,0,9,9,2,48,0,0,1,6,4,1,4,7,5,4,16,11,4,8,3,13,2,4,22,10,1,1,15,4,0
2013/10/25,2,5,10,1,2,2,2,1,0,3,8,2,2,4,1,3,2,8,22,2,4,6,3,3,4,5,24,0,7,5,6,10,9,1,2,3,21,6,7,9,11,1,3,5,3,46,8,6,4,2,7,8,14,1,2,4,12,17,7,2,0,2,9,6,1,14,0,1,5,40,1,10,11,0,75,3,4,6,2,6,1,3,6,4,1,27,7,4,4,7,28,3,3,39,2,0,0,6,0,5
2013/10/26,4,5,3,5,0,0,5,3,0,2,14,2,2,4,0,12,6,6,20,2,5,9,17,3,4,5,13,0,12,4,9,11,4,4,1,2,26,1,2,16,15,1,3,1,5,65,6,6,4,0,2,7,3,5,3,6,15,33,2,11,0,1,8,5,10,1,1,1,8,52,1,7,18,2,83,1,4,3,2,2,1,4,14,8,2,17,12,8,9,8,41,3,12,26,9,1,0,6,3,0
2013/10/27,1,0,5,3,3,6,6,7,8,4,9,7,4,4,8,16,3,5,23,4,3,11,18,4,5,8,14,1,16,5,12,11,10,5,3,1,33,7,1,13,14,4,4,1,4,50,10,5,5,2,3,4,17,7,0,7,15,21,2,6,8,2,2,9,4,9,1,5,5,32,4,0,11,6,75,4,7,2,1,5,1,9,10,5,3,25,6,9,5,4,26,4,8,54,2,3,3,9,2,3
2013/10/28,1,0,5,1,0,7,9,1,0,1,20,6,3,5,6,14,8,9,20,4,0,4,31,0,3,9,17,1,22,2,21,10,5,1,3,5,23,4,2,10,10,1,2,1,2,41,8,9,3,0,4,7,12,5,4,1,10,21,4,8,1,1,5,11,1,6,3,9,4,29,4,6,11,0,62,4,4,2,2,5,1,3,7,5,4,22,6,13,5,2,17,1,12,41,7,1,3,5,2,2
2013/10/29,3,2,2,3,3,0,7,1,0,5,9,4,2,4,5,12,7,2,15,2,0,7,12,0,1,9,21,1,17,3,13,19,14,2,3,4,13,6,4,5,5,1,2,0,1,36,5,12,1,1,6,6,4,1,1,5,12,21,3,5,1,2,7,2,2,12,0,5,5,27,1,7,19,0,58,6,4,4,0,4,1,1,8,2,3,11,6,11,3,8,16,0,7,7,15,0,2,5,1,3
2013/10/30,2,1,0,3,2,0,6,2,3,4,14,2,2,2,6,3,3,7,21,4,6,7,5,2,1,3,15,3,12,6,14,20,3,2,4,0,18,7,3,8,11,4,4,1,2,48,11,9,4,2,1,5,7,2,2,3,18,17,4,7,3,2,8,9,4,2,0,6,8,36,2,4,14,2,79,6,11,2,0,7,1,3,13,6,3,32,14,5,4,0,20,4,7,11,11,3,2,12,1,5
2013/10/31,0,0,1,3,0,1,2,3,1,2,6,4,0,5,6,5,4,3,9,2,5,5,9,0,1,5,11,1,8,2,6,1,2,2,6,0,27,3,3,12,4,0,3,0,4,54,7,10,5,2,0,1,7,0,1,3,14,17,4,4,0,1,10,3,4,2,0,2,8,27,0,7,5,0,52,4,1,4,1,4,0,5,4,5,4,21,11,2,3,3,19,3,5,19,7,2,1,2,1,3
2013/11/01,4,2,10,0,0,2,2,2,0,1,20,3,0,13,6,9,2,8,21,6,6,9,16,1,6,14,20,2,14,2,3,9,5,1,3,2,27,3,4,8,8,1,1,0,5,40,5,5,6,3,4,2,8,4,4,1,19,21,3,6,2,3,2,3,5,6,5,2,10,37,1,8,12,2,73,1,2,2,0,4,0,3,13,4,3,32,7,5,2,1,31,5,5,33,5,3,0,8,6,0
2013/11/02,0,1,5,0,15,2,2,2,9,1,19,1,2,8,2,18,5,15,30,5,13,16,13,3,6,10,17,3,20,5,12,9,3,3,1,4,31,5,4,18,7,3,7,0,2,53,6,14,6,1,2,9,13,2,1,9,14,28,0,1,3,3,4,7,10,0,3,1,9,38,4,6,11,1,92,6,1,4,0,3,0,9,7,6,2,24,14,7,6,3,36,9,8,25,0,0,1,5,5,2
2013/11/03,2,1,7,2,4,4,2,11,0,2,8,3,1,10,1,18,4,15,47,3,1,4,24,0,5,4,17,2,23,3,19,17,7,1,3,2,40,4,5,20,8,2,1,1,3,63,13,10,2,1,7,12,10,2,3,5,11,28,4,12,4,4,5,13,4,6,1,4,6,51,1,8,0,7,75,3,4,6,10,8,2,5,12,3,7,31,12,6,6,5,31,3,11,26,0,4,6,7,2,4
2013/11/04,9,1,6,1,0,4,4,2,5,3,20,4,1,7,13,23,4,11,18,6,7,16,34,0,1,7,17,3,22,8,11,14,7,4,3,5,31,8,4,5,4,1,3,0,3,33,15,12,6,0,4,15,8,4,1,4,8,13,7,8,3,2,5,11,4,19,2,4,7,31,1,7,11,4,57,4,4,0,1,7,0,10,7,5,2,17,18,10,6,0,22,16,5,39,3,0,4,18,5,2
2013/11/05,3,0,3,2,1,1,1,4,4,2,4,2,0,2,6,16,2,8,28,5,5,8,12,2,2,11,11,0,14,2,12,8,7,3,6,3,35,2,5,6,14,0,2,2,0,31,1,1,2,1,7,4,15,1,3,3,13,18,4,7,8,5,2,5,4,2,1,1,7,31,0,4,1,1,62,1,2,6,1,4,2,5,4,6,5,17,15,14,2,3,25,4,1,30,17,2,0,7,1,3
2013/11/06,0,0,3,3,0,1,6,2,1,4,14,4,2,8,2,14,6,5,17,6,6,8,17,0,4,12,12,2,0,8,18,6,3,2,0,1,28,6,7,16,8,3,1,3,1,40,7,8,3,7,3,5,11,5,1,4,11,17,3,2,0,0,5,3,5,6,4,3,8,41,1,6,19,2,75,2,1,3,0,2,1,5,5,5,1,23,7,7,6,4,33,5,8,31,7,2,3,15,3,1
2013/11/07,1,0,2,0,0,1,1,1,0,0,7,1,1,11,0,13,6,13,28,7,7,4,20,0,3,10,17,6,0,1,14,3,4,1,3,1,23,4,2,11,7,2,0,0,3,38,4,4,1,0,7,3,8,2,1,0,16,15,8,7,2,2,6,3,5,13,0,3,2,32,2,6,10,4,59,2,4,0,3,8,0,12,7,4,2,19,18,7,2,4,25,1,5,74,9,0,1,10,4,4
2013/11/08,8,1,2,3,4,2,3,2,0,5,11,4,0,11,12,10,5,16,30,5,4,13,18,0,1,7,18,2,14,3,14,2,4,7,3,1,26,3,1,6,5,1,5,1,4,53,6,11,2,1,5,7,13,14,7,2,18,19,6,13,1,3,7,2,6,10,9,1,5,30,0,11,15,1,58,2,0,2,3,7,2,3,8,2,3,24,17,16,2,2,23,0,8,17,14,0,2,14,2,1
2013/11/09,2,0,4,1,1,1,6,2,8,9,18,2,2,8,9,8,6,17,31,4,7,11,16,3,3,13,16,2,17,0,10,13,2,1,2,5,35,3,5,12,12,6,5,2,3,69,15,8,3,1,2,8,10,5,5,1,16,23,4,12,4,1,14,6,5,8,2,10,4,44,3,8,4,5,103,0,2,2,4,6,1,2,7,6,2,33,19,10,6,3,38,3,6,32,7,0,4,7,5,1
2013/11/10,1,1,3,1,0,1,2,4,0,8,4,2,1,6,2,25,7,12,38,9,12,16,25,1,2,7,14,2,12,4,14,10,3,2,5,1,47,5,14,9,12,1,1,0,5,60,16,4,5,3,4,6,9,4,5,10,16,27,4,8,4,1,3,10,5,15,2,2,8,37,4,6,24,1,98,1,1,5,1,2,3,10,5,4,5,35,8,8,17,7,43,2,7,27,5,3,0,11,3,1
2013/11/11,2,0,6,1,2,2,2,5,0,5,12,0,1,10,8,10,5,15,32,3,10,6,10,1,5,11,22,6,26,7,16,14,4,3,1,10,29,6,5,11,9,2,1,1,2,32,11,7,2,1,1,1,10,2,5,4,13,20,4,6,2,2,4,9,6,8,1,2,4,45,0,2,10,3,73,4,2,3,3,5,1,2,3,4,2,22,1,10,3,0,36,5,6,16,11,2,4,10,8,3
2013/11/12,5,0,2,0,3,1,5,2,0,3,11,2,1,4,15,3,3,10,21,3,4,7,12,2,1,5,9,0,13,0,17,6,3,2,0,4,20,5,8,14,9,5,1,0,1,27,7,7,2,0,3,3,3,6,3,2,15,14,10,3,1,0,6,4,4,7,2,2,3,36,0,2,7,1,43,0,3,0,1,2,2,8,7,0,0,15,11,8,4,4,17,0,5,109,19,5,0,3,3,2
2013/11/13,5,1,5,1,1,0,2,1,3,4,9,1,2,8,1,14,4,2,17,5,6,14,12,0,2,4,14,4,14,7,9,16,2,1,2,0,18,5,3,14,8,3,0,2,3,26,9,4,6,3,4,6,6,4,5,2,19,16,2,4,3,3,3,5,2,4,0,3,5,24,1,3,12,1,52,2,1,1,3,9,1,4,3,7,1,15,6,20,3,1,15,0,2,8,11,0,1,2,0,0
2013/11/14,10,2,5,0,1,12,7,1,4,12,10,9,2,4,0,3,5,7,17,4,7,3,7,0,2,9,16,0,17,0,7,0,0,1,0,4,17,2,2,6,6,2,2,2,2,35,8,2,2,1,2,7,7,6,7,1,7,11,3,6,1,2,3,5,3,3,1,1,0,30,5,3,5,3,46,1,11,1,3,4,1,3,11,3,2,20,4,5,4,6,11,1,3,1,4,2,0,6,0,1
2013/11/15,9,3,6,0,4,1,11,2,1,2,13,3,1,5,1,6,5,10,21,3,5,9,11,0,5,3,18,0,17,1,20,7,0,2,0,0,30,5,3,9,3,5,1,1,3,32,4,8,6,0,3,2,10,6,5,2,10,18,7,11,2,2,4,8,5,5,0,1,4,32,4,2,12,0,50,1,2,0,0,4,0,2,6,12,3,28,5,11,10,1,22,4,1,19,7,4,2,12,1,2
2013/11/16,11,3,6,1,2,3,3,3,0,3,14,2,2,5,4,12,3,16,31,5,6,5,14,0,6,5,17,0,11,6,9,2,0,3,4,1,36,4,8,13,10,3,3,2,4,44,12,8,0,3,1,7,10,0,7,7,15,19,3,5,0,4,0,4,5,4,3,3,8,39,0,6,14,4,78,2,1,2,1,4,0,11,2,9,5,21,11,8,2,2,45,2,5,12,11,3,2,12,10,0
2013/11/17,12,4,8,1,1,0,4,2,3,7,8,4,5,6,0,11,5,18,22,5,8,10,18,8,4,7,22,2,17,8,11,14,0,0,6,2,45,5,8,14,6,2,5,1,5,41,11,8,5,2,2,7,11,7,4,6,16,20,5,11,1,3,4,6,4,3,0,3,4,21,2,4,12,5,95,2,3,4,1,0,0,3,7,5,4,31,14,17,7,6,30,1,3,11,9,2,1,15,15,2
2013/11/18,8,0,1,0,0,0,5,2,1,3,4,0,1,1,6,14,2,5,29,2,9,3,11,1,0,4,12,3,23,4,23,11,0,3,2,7,24,3,2,11,4,0,1,1,4,35,5,7,4,1,4,6,9,1,1,5,5,19,6,4,3,0,5,8,4,6,4,3,5,35,1,4,11,0,72,1,4,3,2,3,3,3,11,7,2,18,13,12,7,1,16,4,7,41,4,3,1,6,1,3
2013/11/19,5,4,5,4,1,2,7,2,4,4,10,1,0,3,16,6,3,3,18,4,7,12,22,1,5,8,20,1,8,0,12,3,0,2,2,7,16,4,11,10,12,1,2,1,1,27,7,6,4,0,3,2,10,3,2,2,10,16,1,8,3,1,5,3,11,2,1,0,3,27,0,4,14,2,85,1,2,4,2,3,0,1,11,3,2,14,9,15,4,6,24,4,4,14,8,3,0,2,4,4
2013/11/20,9,1,8,0,3,2,3,6,4,3,18,1,1,4,3,8,0,7,12,2,6,8,3,1,4,1,10,1,7,0,20,9,7,0,3,1,19,5,5,15,5,3,0,0,1,28,5,7,3,1,0,7,6,3,2,2,11,13,6,4,0,2,0,4,0,7,0,1,10,19,1,2,14,3,54,2,0,1,5,4,0,3,3,1,1,15,12,18,2,1,11,0,1,10,9,1,3,5,3,4
2013/11/21,2,2,9,1,0,0,1,0,3,1,8,1,3,6,11,10,1,7,20,4,5,14,17,1,3,5,10,4,10,4,15,2,1,1,4,4,23,2,0,14,4,6,0,0,1,24,5,4,4,1,0,2,9,3,1,4,18,13,4,6,2,1,9,9,5,5,1,3,2,32,0,3,13,2,68,1,1,1,1,2,1,2,5,1,0,6,13,21,7,4,24,1,3,75,13,3,0,6,1,0
2013/11/22,2,0,7,5,1,2,1,1,0,2,15,2,4,8,8,10,3,6,20,1,7,8,8,7,2,19,19,6,11,0,6,14,5,1,1,3,22,2,3,11,8,2,3,1,1,42,3,3,7,2,1,4,12,0,5,2,15,13,2,3,3,2,3,4,5,5,1,1,4,30,2,6,10,5,68,0,3,3,0,5,2,10,8,3,3,21,2,14,2,1,21,1,2,9,6,2,1,6,6,1
2013/11/23,4,4,1,7,1,1,2,9,5,0,11,3,2,5,5,12,5,9,9,1,6,11,12,1,3,14,17,2,12,2,10,4,3,2,2,3,19,6,2,16,7,5,5,1,1,48,9,11,5,0,0,8,9,3,1,9,12,29,2,7,1,0,5,5,5,5,1,1,8,41,3,7,21,2,90,2,8,8,1,1,2,7,10,8,3,30,10,24,3,5,30,4,6,19,12,1,2,10,3,4
2013/11/24,6,10,4,4,0,3,5,3,3,1,9,3,3,4,3,15,4,9,22,4,10,3,24,1,3,14,21,0,19,1,6,3,5,2,2,1,32,0,7,10,9,4,6,3,6,40,13,6,3,2,0,7,12,4,3,4,11,32,5,11,5,0,6,11,4,4,2,4,6,41,1,1,13,4,94,0,1,5,6,6,1,7,4,6,2,24,7,20,3,3,34,2,7,27,2,2,2,3,1,4
2013/11/25,7,2,2,6,3,4,5,1,0,0,14,17,4,2,13,2,0,12,17,4,9,9,14,0,4,15,20,1,13,3,15,5,2,3,4,6,24,4,5,6,8,4,1,1,2,49,12,13,5,1,0,3,3,8,5,0,12,16,2,7,2,2,9,9,5,9,2,3,3,34,1,3,12,1,70,0,3,4,3,0,0,2,7,4,2,13,10,24,7,3,25,1,8,8,4,1,1,3,0,1
2013/11/26,4,1,8,2,7,1,5,1,0,3,4,0,1,3,2,15,5,7,17,2,9,9,14,0,1,4,31,3,16,3,16,13,6,2,4,5,34,3,5,11,8,1,3,3,2,34,7,3,2,0,0,7,18,3,3,3,14,24,4,2,3,2,1,7,3,10,0,4,6,33,4,8,9,4,62,2,1,2,0,3,0,0,10,6,0,24,8,19,12,2,22,6,10,1,3,3,4,4,6,4
2013/11/27,0,2,5,4,2,0,7,1,0,1,9,1,6,3,1,8,1,8,15,1,6,4,3,2,2,5,15,1,8,1,8,2,3,8,5,1,44,0,2,12,9,6,3,3,2,44,13,6,3,4,3,6,12,3,5,2,16,25,4,1,3,3,6,17,3,6,0,0,8,38,0,3,2,0,76,2,2,3,0,1,2,6,10,3,3,25,12,15,7,2,26,1,2,7,4,0,0,4,1,4
2013/11/28,2,1,5,1,0,1,2,1,0,1,14,1,1,1,1,5,1,3,3,0,4,0,1,4,2,2,21,0,2,3,6,0,0,5,4,0,50,4,1,18,18,3,2,0,3,98,4,2,6,2,1,2,10,6,6,1,33,32,1,3,2,2,4,6,6,2,0,0,11,53,0,1,8,2,100,0,0,1,0,0,2,0,10,0,0,41,7,3,2,0,67,0,3,2,3,0,0,0,1,2
2013/11/29,5,2,3,0,2,1,3,2,0,2,9,4,4,0,0,3,2,3,8,1,3,6,7,0,3,7,31,6,8,0,10,4,5,3,2,0,16,0,3,17,19,2,2,0,1,30,4,8,5,0,4,5,3,4,13,5,17,49,4,2,2,1,5,3,4,2,0,2,7,35,0,1,17,0,82,0,0,2,0,1,11,9,8,0,0,29,7,2,5,1,50,5,9,20,2,0,1,1,0,0
2013/11/30,15,1,8,2,0,1,3,6,7,1,7,6,9,6,2,14,2,5,17,6,5,6,10,1,1,4,10,2,10,1,15,4,1,3,3,2,22,0,1,10,7,4,1,7,4,57,11,6,4,1,2,2,4,3,0,1,14,21,3,5,2,1,5,6,2,4,0,0,5,20,0,2,13,1,63,2,0,1,0,3,4,0,6,0,1,34,10,9,2,3,28,2,8,56,7,2,2,4,2,2
2013/12/01,11,0,6,6,3,2,3,8,0,3,7,2,3,9,16,10,5,6,23,4,9,11,12,2,3,4,15,2,13,3,20,18,7,2,4,1,34,3,5,13,7,1,5,1,2,64,3,7,6,2,3,9,16,7,0,8,11,40,1,5,3,0,5,5,7,9,2,6,4,16,1,2,6,2,80,6,0,2,2,6,2,4,5,2,2,29,4,10,8,1,20,6,8,31,3,3,1,11,3,2
2013/12/02,6,1,4,1,2,0,4,5,7,1,21,0,8,9,5,9,5,9,25,5,5,16,17,2,2,6,17,4,17,10,12,15,3,3,1,2,26,5,11,9,15,2,3,1,2,29,14,6,4,2,5,2,11,1,0,3,16,25,1,15,0,3,6,1,6,6,1,2,6,23,1,5,17,0,53,2,3,1,0,3,1,6,10,6,0,20,8,14,3,8,23,3,2,23,6,3,1,8,4,0
2013/12/03,5,0,2,3,3,4,1,5,1,3,5,3,2,8,10,18,7,11,37,4,13,8,18,1,4,11,23,3,17,4,24,9,3,1,0,3,24,6,2,8,10,0,0,1,2,26,12,13,5,2,6,5,9,3,0,3,9,24,0,5,12,1,6,12,4,5,4,0,8,30,1,6,16,2,75,1,5,3,4,1,0,8,4,4,3,24,9,15,5,0,14,3,5,24,2,1,2,24,4,1
2013/12/04,6,2,2,3,2,1,13,6,0,3,16,5,2,2,2,16,2,18,27,1,9,8,6,0,2,17,18,1,15,0,11,1,5,2,3,5,19,2,2,10,12,1,0,1,3,35,11,7,2,1,4,0,8,2,1,8,10,11,3,9,2,2,12,4,4,9,2,1,6,27,0,4,14,2,58,2,3,1,5,0,0,6,3,4,3,19,5,10,2,0,16,0,4,25,10,1,1,4,4,0
2013/12/05,8,2,4,1,2,1,4,0,1,3,9,7,10,4,8,8,4,12,24,6,7,14,11,4,3,11,18,4,1,2,6,8,4,3,0,3,17,3,4,12,11,2,6,4,5,45,5,7,7,2,4,4,12,3,5,5,12,27,3,7,1,2,5,3,1,3,1,2,5,39,1,4,13,0,75,3,0,1,4,6,0,7,11,0,3,21,5,10,6,8,21,6,5,6,1,0,1,6,6,1
2013/12/06,3,0,3,4,1,3,4,2,0,5,9,7,4,6,5,8,8,9,20,4,13,12,12,2,5,12,27,2,1,1,14,8,4,3,0,1,16,1,4,17,10,4,4,0,2,60,8,5,4,0,2,3,14,2,2,5,20,31,4,7,0,1,10,5,2,11,2,1,4,48,1,8,13,3,87,0,1,2,2,6,2,7,3,4,3,23,10,17,2,2,25,6,3,35,11,1,6,11,5,2
2013/12/07,15,3,1,11,4,2,3,7,7,3,22,2,9,7,8,14,9,15,32,6,9,16,16,3,4,6,21,5,0,3,16,7,8,3,1,1,25,3,15,16,11,5,9,0,2,50,8,11,6,1,5,10,10,3,0,4,27,31,5,9,5,2,10,5,6,8,0,4,13,57,3,8,13,2,74,0,0,0,5,6,1,11,10,8,3,37,13,8,4,3,45,7,5,27,14,1,0,10,5,2
2013/12/08,23,1,3,0,0,1,1,2,1,4,11,3,6,11,10,13,7,13,40,6,8,21,31,3,7,8,23,3,0,1,11,3,0,3,1,2,28,3,6,16,12,3,5,2,3,51,11,7,6,1,4,7,6,6,1,6,16,32,6,12,4,2,14,7,5,0,5,1,9,49,4,2,20,3,86,1,0,4,3,5,2,2,6,0,4,34,8,11,6,2,36,5,13,35,3,0,6,3,7,2
2013/12/09,11,1,6,2,0,8,3,1,5,2,11,9,1,10,3,9,5,14,23,6,9,8,14,9,1,8,13,3,0,22,15,8,4,1,0,3,19,4,10,22,7,3,0,0,1,24,12,11,5,1,10,6,8,5,0,3,13,21,5,10,3,1,3,5,4,25,0,5,7,44,2,2,11,1,66,4,4,2,1,6,0,4,9,6,2,29,16,19,6,3,27,0,3,15,11,4,3,12,5,1
2013/12/10,5,0,2,3,3,4,8,4,9,2,6,7,3,3,2,21,1,11,28,10,4,9,23,2,4,14,19,2,0,13,16,13,3,3,1,1,27,6,6,14,13,1,2,3,0,34,11,12,3,5,6,4,9,3,2,7,16,24,10,2,0,1,4,2,5,11,0,1,5,49,2,5,24,2,78,4,3,5,10,6,5,3,6,6,3,26,11,18,6,1,16,12,2,13,7,1,1,11,1,1
2013/12/11,1,2,5,2,6,1,3,8,2,3,6,1,5,5,2,8,7,11,14,3,11,16,9,5,3,4,24,3,11,23,15,9,5,6,5,2,13,1,1,15,11,0,3,1,1,40,13,9,4,1,3,9,9,1,2,4,12,25,9,1,2,1,3,4,6,8,0,4,5,31,0,2,12,1,70,2,1,2,4,5,1,5,11,8,0,23,9,23,10,3,21,1,1,6,19,2,0,6,3,0
2013/12/12,4,1,2,3,4,3,3,9,0,1,2,0,8,6,3,5,4,3,22,3,3,4,10,5,3,12,14,1,8,10,9,9,3,2,5,0,19,1,6,17,10,3,1,1,3,32,2,10,2,0,6,6,9,2,1,1,22,22,4,8,1,0,4,1,4,6,1,1,5,33,0,1,9,4,69,1,0,0,6,1,0,2,8,3,2,33,9,12,4,2,15,1,9,64,20,1,0,5,2,0
2013/12/13,7,18,6,27,16,10,6,8,10,18,6,0,16,3,8,11,3,17,19,4,15,11,19,3,4,3,22,4,16,21,14,8,2,3,2,3,0,5,8,8,12,6,0,0,4,48,7,9,3,2,4,2,9,3,0,4,20,26,6,7,2,0,10,12,9,4,0,2,4,44,0,6,17,1,78,8,1,3,1,6,0,9,7,2,0,32,13,36,0,6,29,3,10,27,7,2,0,14,7,3
2013/12/14,11,4,10,6,9,6,1,6,6,11,6,11,6,6,6,15,5,18,27,3,13,16,13,0,3,1,19,1,11,18,15,8,4,2,6,0,1,2,3,14,10,6,0,0,6,55,10,9,2,1,1,3,13,3,3,1,16,26,3,9,4,0,12,7,5,7,2,1,6,30,2,2,14,6,91,1,1,3,4,5,1,0,12,5,6,36,7,13,0,2,49,1,8,11,12,3,3,12,5,2
2013/12/15,19,2,1,12,5,8,4,5,7,8,11,7,5,12,12,15,3,13,29,5,3,18,19,2,3,23,18,4,17,8,10,7,6,3,3,0,1,4,7,11,8,3,6,1,1,61,4,5,6,1,4,11,11,3,5,4,20,30,3,11,1,1,8,10,4,10,4,3,6,50,1,4,15,1,83,0,1,3,2,4,0,7,10,6,0,22,13,26,1,8,38,9,10,28,14,4,2,7,0,3
2013/12/16,18,0,1,9,2,2,1,1,0,1,10,1,1,0,13,13,5,9,22,3,4,6,18,2,4,1,25,3,17,6,16,12,5,2,1,2,2,7,8,9,7,2,4,0,2,40,12,11,3,1,4,7,12,1,3,6,12,24,17,6,1,2,4,6,6,6,3,2,6,52,0,4,13,3,76,2,3,7,1,2,0,4,8,2,3,24,7,48,1,3,19,0,11,23,18,1,4,10,4,1
2013/12/17,8,6,3,12,1,4,3,5,0,4,16,5,1,3,2,7,1,4,10,6,8,5,13,1,2,10,17,1,13,14,14,2,6,1,0,1,3,2,14,11,9,3,1,1,3,34,9,7,2,0,4,2,11,3,2,4,16,32,4,2,2,0,1,5,0,7,0,4,4,49,3,1,14,1,84,0,5,1,1,0,0,0,8,1,2,25,10,21,1,3,21,0,12,9,9,3,1,17,3,3
2013/12/18,16,4,5,6,1,2,0,4,7,12,11,2,6,1,5,2,2,3,16,5,7,3,10,3,3,1,20,2,17,5,13,3,2,0,0,3,1,3,9,14,7,4,2,0,3,35,14,9,2,0,3,7,10,1,5,0,9,27,4,7,2,2,8,1,8,2,0,0,2,35,1,3,10,1,67,3,14,4,3,6,0,3,5,2,0,21,7,5,5,4,21,1,9,20,20,1,2,7,3,2
2013/12/19,3,2,13,5,6,5,1,7,17,6,7,1,3,5,0,14,4,8,12,3,4,3,10,4,3,4,17,0,12,7,14,5,1,3,2,3,2,6,11,12,10,3,1,1,4,48,6,12,4,0,3,5,12,2,2,2,12,27,3,5,2,3,6,9,5,0,0,3,3,52,0,6,19,0,83,2,0,1,0,1,1,3,6,2,1,18,10,1,1,1,31,0,4,12,19,0,4,3,2,4
2013/12/20,19,1,8,7,3,5,1,9,0,5,20,7,4,4,14,3,6,9,13,1,9,3,14,2,4,10,28,0,8,9,7,3,0,3,0,1,1,1,4,10,8,5,2,1,0,55,3,2,2,1,3,4,7,4,2,3,21,12,2,3,1,0,9,5,4,12,0,1,10,45,2,3,8,3,78,1,0,4,3,0,1,8,10,3,2,30,6,10,1,3,31,2,11,21,12,1,1,3,3,1
2013/12/21,13,3,2,11,2,10,4,9,0,8,10,8,3,4,4,13,2,9,19,6,9,7,20,1,4,12,25,0,10,6,10,9,3,4,5,10,0,2,2,16,13,5,1,2,0,79,18,24,2,1,3,2,9,2,2,3,26,42,3,2,0,1,6,3,12,5,0,0,8,56,0,3,22,1,117,1,0,6,2,0,1,1,10,4,1,30,13,15,12,1,46,0,9,7,15,1,0,5,2,1
2013/12/22,12,6,5,15,8,5,4,12,0,15,9,1,0,10,2,9,4,7,17,5,8,10,12,0,0,14,21,1,12,4,19,0,4,5,4,0,0,2,7,11,7,6,9,1,4,70,10,1,4,1,4,3,11,2,4,4,16,34,3,4,5,4,5,6,2,2,2,1,7,63,0,2,16,3,108,4,1,4,1,6,3,7,7,2,0,39,8,15,0,3,42,6,1,27,7,0,0,5,2,4
2013/12/23,10,4,4,7,12,5,6,17,3,8,11,2,21,3,6,11,1,5,15,4,10,10,19,5,4,5,31,0,12,4,21,4,2,7,2,0,0,2,6,15,15,4,4,1,3,44,3,0,8,1,5,14,8,3,1,0,13,39,2,5,1,0,13,8,1,9,1,1,8,55,1,9,11,0,111,2,0,1,2,5,2,3,7,2,3,32,8,19,0,4,40,3,6,14,5,1,1,2,3,5
2013/12/24,5,2,2,4,3,5,2,4,0,7,19,1,13,1,7,4,5,6,7,3,14,11,9,1,2,2,22,1,4,6,12,6,4,4,3,6,0,0,1,13,10,3,3,1,4,37,1,1,0,1,0,4,8,5,0,0,20,30,3,2,4,2,10,7,4,2,1,0,6,25,1,3,5,1,62,0,0,0,0,2,0,1,10,1,0,35,10,8,0,0,29,2,8,9,11,0,1,5,3,3
2013/12/25,0,0,0,0,0,0,0,0,0,0,0,0,0,0,0,0,0,0,0,0,0,0,0,0,0,0,0,0,0,0,0,0,0,0,0,0,0,0,0,0,0,0,0,0,0,0,0,0,0,0,0,0,0,0,0,0,0,0,0,0,0,0,0,0,0,0,0,0,0,0,0,0,0,0,0,0,0,0,0,0,0,0,0,0,0,0,0,0,0,0,0,0,0,0,2,0,0,0,0,0
2013/12/26,10,1,5,0,4,3,4,4,5,3,16,4,7,4,3,7,6,5,15,4,3,2,13,1,4,9,19,6,18,5,16,8,7,3,1,6,17,2,3,13,14,1,0,0,0,37,4,8,0,1,3,4,12,0,0,4,12,29,2,6,1,1,9,7,4,1,0,3,0,48,0,3,9,2,69,4,0,1,0,6,3,4,6,5,3,28,13,4,1,2,33,3,4,15,18,2,1,2,1,1
2013/12/27,6,2,10,3,2,1,7,2,7,2,7,5,6,2,10,6,0,7,24,5,8,11,17,0,2,29,30,2,17,0,18,10,4,0,6,3,14,5,1,12,9,5,2,4,2,41,5,3,0,2,0,5,6,1,3,2,9,16,5,5,0,0,5,1,3,2,1,1,4,30,1,5,13,1,74,1,10,1,1,3,2,2,5,6,0,20,7,22,0,4,25,4,11,1,7,1,1,3,1,0
2013/12/28,11,1,0,0,2,4,0,5,1,4,0,0,13,2,3,7,2,8,16,5,15,8,14,2,4,15,18,1,12,2,30,6,5,2,1,2,24,1,1,14,9,0,0,4,0,52,9,8,4,0,3,9,9,3,0,5,8,16,3,7,0,4,5,8,5,3,0,2,11,33,2,5,20,0,77,0,1,4,1,5,3,9,5,4,3,24,4,10,7,5,24,1,7,14,10,2,2,4,3,3
2013/12/29,4,0,0,1,1,2,0,7,0,3,0,3,11,10,3,10,4,7,14,5,5,5,10,5,4,4,12,4,13,3,18,8,0,2,2,3,24,4,4,12,14,4,7,0,3,52,10,7,7,0,3,7,11,2,6,9,13,22,4,3,8,7,6,10,7,5,0,0,1,36,1,3,11,2,85,0,0,5,0,0,1,3,5,4,1,16,17,3,2,2,26,3,10,17,19,2,2,8,5,5
2013/12/30,13,7,8,2,5,1,1,3,0,5,4,2,4,13,10,18,6,11,19,5,5,10,14,0,3,9,12,1,15,13,22,6,6,1,1,2,29,3,3,11,7,3,4,0,2,44,5,12,1,1,5,6,16,2,6,5,17,27,1,3,2,3,3,8,4,13,0,0,9,30,2,4,14,2,51,2,0,1,1,0,2,4,11,5,0,24,8,9,3,7,30,2,12,11,7,5,3,2,3,2
2013/12/31,13,2,2,5,7,1,3,4,0,6,11,6,2,5,10,7,5,6,19,3,9,14,28,3,1,2,17,1,10,6,16,1,3,12,1,5,46,0,1,12,10,10,3,1,3,38,7,6,0,3,4,6,11,1,4,6,18,24,2,6,0,0,2,8,4,7,0,0,6,35,0,5,5,2,61,1,0,3,1,1,0,6,6,3,3,24,13,16,7,3,29,2,2,32,3,1,1,7,1,1
2014/01/01,9,0,4,10,3,7,3,2,0,3,8,0,6,5,6,9,3,5,16,4,3,2,17,0,8,4,12,5,6,7,6,8,3,4,1,0,18,4,1,10,7,1,2,0,0,31,6,9,4,0,4,2,2,1,1,1,13,16,1,2,3,0,9,6,4,0,0,0,3,32,1,2,7,1,54,0,1,3,7,0,0,4,2,3,4,24,6,9,2,1,20,2,3,14,9,0,1,10,7,0
2014/01/02,6,2,5,3,2,2,3,5,0,3,11,2,12,2,3,16,7,18,23,5,15,14,5,8,3,16,11,3,17,9,19,6,0,8,3,2,24,3,7,13,10,2,4,2,4,45,9,4,6,1,1,8,10,5,1,4,9,27,10,2,0,1,3,2,7,0,2,1,10,41,0,3,8,1,81,5,2,2,3,0,0,9,6,0,0,18,13,9,9,2,9,12,7,41,6,1,1,18,3,0
2014/01/03,9,2,3,4,8,1,4,3,8,2,10,4,4,11,4,11,5,12,29,11,12,9,11,0,1,13,19,5,48,6,16,6,3,7,1,1,21,3,3,9,6,6,2,1,2,53,4,7,6,1,8,6,9,4,1,5,20,27,7,7,5,2,1,7,7,0,6,3,4,47,1,4,13,3,69,9,0,2,1,0,0,10,7,3,3,26,7,7,4,3,34,1,4,27,10,0,1,6,4,1
2014/01/04,9,4,3,0,6,2,8,5,0,8,11,3,17,7,7,17,4,18,47,6,13,14,22,3,4,4,22,2,0,29,9,7,9,11,2,5,0,3,4,0,14,13,3,0,4,46,9,9,0,1,1,4,11,5,3,3,8,24,0,15,3,2,7,4,1,1,2,2,0,31,4,5,9,2,67,3,0,4,2,0,1,3,0,6,1,0,14,10,0,0,37,0,3,34,13,0,3,13,5,2
2014/01/05,16,3,3,9,3,3,5,4,0,3,7,16,8,8,9,18,3,11,42,5,8,18,25,5,8,10,23,2,0,12,17,12,0,4,9,2,0,4,7,0,8,8,10,0,2,56,10,15,4,2,8,5,15,4,1,11,14,30,2,12,3,1,3,12,8,0,3,3,0,62,2,11,14,3,105,2,0,2,1,8,3,9,0,3,4,0,16,10,0,0,23,6,14,42,6,4,2,9,1,5
2014/01/06,4,0,2,2,1,4,1,3,5,1,9,2,17,3,31,11,6,13,29,9,12,12,11,4,4,15,26,2,22,1,21,11,8,2,1,3,15,2,8,2,10,5,0,0,3,36,7,5,4,2,2,8,10,6,0,0,12,20,13,4,5,1,11,12,2,2,1,3,3,35,3,1,12,5,64,2,6,2,3,5,1,7,3,6,1,15,9,17,1,1,13,8,10,24,4,1,1,7,2,2
2014/01/07,2,6,5,15,3,1,1,1,3,1,7,0,12,8,0,1,5,5,15,5,10,14,14,2,0,4,17,4,1,12,14,5,9,6,2,1,13,2,12,5,3,6,1,2,4,32,10,8,5,1,2,8,5,2,1,3,11,22,7,0,0,1,4,9,2,4,1,3,6,30,0,0,7,0,60,4,4,3,1,0,2,5,8,5,2,19,8,11,1,1,23,6,4,45,7,1,4,16,9,4
2014/01/08,7,1,5,3,1,2,17,1,8,8,10,11,8,5,12,16,3,13,33,3,11,13,10,2,4,4,25,3,17,6,11,6,7,4,0,3,12,2,2,7,9,4,3,0,0,25,14,9,3,4,1,9,15,5,2,5,7,18,1,8,8,0,6,4,4,1,2,2,5,33,0,7,16,1,71,0,1,0,5,1,2,0,2,3,4,14,4,6,3,4,20,5,13,63,18,2,2,24,7,0
2014/01/09,7,1,5,3,4,2,8,3,0,11,9,6,10,4,0,9,1,8,21,3,12,8,11,2,1,6,11,3,9,7,10,12,7,4,1,4,14,5,2,5,8,4,3,0,2,33,7,4,4,1,3,1,3,2,4,6,4,28,1,9,0,3,15,6,1,1,0,4,2,31,0,5,16,3,57,1,1,0,3,0,1,6,4,0,1,19,24,8,2,3,29,0,5,9,3,1,0,6,4,2
2014/01/10,15,2,4,4,0,2,1,1,0,6,7,1,6,6,3,17,3,13,23,5,11,19,22,0,3,12,17,4,10,3,18,12,3,3,3,0,16,6,7,7,11,7,1,2,5,41,2,8,3,2,9,6,13,2,2,4,0,18,4,7,0,2,1,6,0,2,3,3,9,44,5,3,12,1,67,1,2,5,6,0,1,6,7,1,1,18,8,9,6,3,23,0,1,23,6,4,1,4,4,2
2014/01/11,14,5,0,3,5,6,4,4,2,7,13,4,8,15,1,9,5,6,29,9,10,11,14,3,8,9,28,3,0,3,17,13,8,6,0,2,28,2,3,12,9,8,7,2,4,53,11,10,5,1,3,10,12,2,3,6,12,36,2,7,11,0,18,7,9,1,3,0,6,50,9,4,23,9,99,3,5,5,1,0,1,7,10,8,2,18,19,16,4,3,19,4,4,18,5,4,2,8,2,3
2014/01/12,11,1,0,8,0,2,1,5,11,3,12,4,6,6,12,10,6,19,4,8,15,14,22,3,4,12,21,3,0,3,20,3,8,10,4,4,35,3,2,9,13,7,5,0,2,42,9,14,4,0,6,13,12,5,3,8,10,21,3,5,0,3,7,6,9,1,1,0,3,40,0,10,12,4,102,0,3,4,3,0,0,5,11,9,2,30,11,7,2,6,26,2,5,13,3,2,4,11,2,3
2014/01/13,11,1,1,3,2,2,4,4,7,3,9,5,17,9,8,1,5,8,0,5,4,7,7,0,2,2,20,2,17,1,24,12,9,2,2,4,12,5,9,7,5,6,3,1,0,30,7,6,4,4,7,3,6,1,1,4,10,22,9,2,2,0,4,5,7,1,2,1,3,20,0,7,11,3,72,0,2,3,2,0,1,5,8,4,2,23,21,19,3,1,16,3,5,11,10,0,3,13,6,1
2014/01/14,8,4,8,3,4,4,6,2,3,5,10,2,2,14,24,0,2,7,0,5,11,3,11,7,4,1,13,0,18,2,16,6,7,2,1,1,14,2,7,2,13,3,4,0,4,29,2,2,8,0,4,5,8,0,2,4,7,23,5,2,6,0,7,10,9,3,0,4,6,36,0,4,9,2,69,1,0,1,0,4,1,0,8,0,2,22,18,6,3,3,17,1,1,8,6,0,0,22,3,1
2014/01/15,11,3,5,11,2,7,3,3,8,3,10,5,12,3,9,0,6,9,0,5,3,10,7,1,5,3,21,1,8,5,15,10,3,1,1,5,25,4,1,9,6,2,1,1,3,30,5,7,0,2,5,5,11,8,3,4,12,22,1,8,0,0,4,4,7,4,1,1,1,34,0,9,7,2,68,1,2,3,2,2,0,3,5,5,1,32,9,6,1,0,12,0,8,18,9,1,1,15,2,3
2014/01/16,3,1,5,2,3,2,3,6,8,10,18,5,9,2,0,0,1,6,0,4,4,10,1,1,5,5,12,5,12,1,10,1,7,0,1,2,22,2,8,5,5,2,5,0,1,28,7,6,4,1,1,8,6,0,3,4,9,20,6,6,4,0,12,6,5,1,1,2,2,30,2,6,5,3,52,7,2,1,3,6,2,4,9,1,0,16,10,6,10,0,16,2,4,165,11,2,0,6,0,1
2014/01/17,3,0,4,9,1,4,1,3,0,1,9,3,9,5,3,8,1,17,20,6,7,3,9,2,0,8,14,1,12,4,14,2,7,6,2,0,14,2,3,13,5,4,5,1,0,42,6,4,4,0,7,2,9,1,3,6,9,26,5,5,3,0,9,3,7,2,0,2,2,32,0,6,15,0,71,2,6,1,0,0,0,1,6,12,1,20,9,5,2,8,16,0,5,13,12,0,2,4,2,2
2014/01/18,9,4,5,8,6,6,4,5,3,3,6,5,11,6,2,4,4,13,22,4,9,12,13,6,4,6,18,0,20,5,23,20,0,15,4,1,26,1,3,13,12,20,1,0,1,44,7,6,5,1,5,2,11,5,6,7,11,24,4,9,3,2,8,2,8,8,1,0,7,37,1,6,19,1,72,7,6,6,2,5,4,6,2,5,2,26,10,8,12,2,40,3,13,18,9,3,1,9,0,4
2014/01/19,9,1,3,3,1,1,1,2,6,10,14,2,4,7,6,10,4,7,27,9,8,6,23,1,4,0,26,3,19,0,17,7,0,11,1,2,30,2,6,11,10,20,10,1,3,41,12,8,3,0,5,7,15,4,2,7,11,27,4,5,2,2,10,11,5,0,2,2,3,37,0,7,17,1,75,2,4,4,2,3,1,2,6,0,5,20,12,10,7,4,23,5,8,8,17,1,0,9,3,3
2014/01/20,16,1,6,5,3,4,0,3,4,8,6,2,9,3,8,12,3,12,22,6,10,17,14,2,0,0,12,1,19,4,15,3,5,1,2,3,22,4,11,12,10,6,0,2,4,29,9,16,6,0,2,5,9,4,4,4,12,17,4,6,4,3,9,10,3,10,0,2,5,22,2,8,2,1,59,0,1,1,1,7,0,4,3,1,2,15,7,9,4,3,22,3,6,12,9,4,1,4,5,2
2014/01/21,11,1,6,4,1,1,2,1,3,4,15,2,6,3,1,6,4,10,12,3,7,12,12,4,0,0,23,3,8,0,8,0,6,4,3,3,21,4,3,14,7,2,1,1,4,26,14,8,2,0,5,2,10,2,1,4,7,13,2,1,12,0,7,3,4,14,2,0,2,20,0,1,12,3,49,0,0,4,1,0,3,4,4,0,2,10,11,11,5,1,15,13,6,19,12,0,2,6,4,1
2014/01/22,9,0,4,10,1,1,12,8,7,7,6,5,2,3,6,10,2,10,26,2,8,12,10,2,0,21,11,1,11,0,16,0,0,4,2,2,26,2,8,5,3,1,1,1,2,29,7,6,4,0,3,6,17,4,2,4,10,14,1,5,0,0,9,1,7,10,0,0,4,27,3,5,14,1,48,3,2,3,1,4,1,3,7,3,3,7,8,4,7,2,14,0,0,7,17,2,0,6,8,1
2014/01/23,6,0,4,5,1,2,2,3,6,4,13,2,4,3,3,2,4,6,13,4,8,6,13,1,4,10,14,1,13,1,23,0,1,4,3,1,16,4,1,9,9,4,2,0,4,24,3,4,4,0,3,6,3,2,0,4,15,15,1,4,1,3,6,5,7,2,0,1,2,21,1,4,12,1,58,0,0,4,0,5,1,4,3,3,3,24,7,8,5,5,14,0,3,17,9,0,1,3,3,1
2014/01/24,8,0,5,7,2,1,5,2,3,1,13,5,0,6,3,11,5,8,20,4,3,9,17,0,3,8,18,4,9,3,10,0,6,8,1,5,22,3,4,3,12,5,2,5,1,31,6,5,4,1,7,6,13,3,1,4,10,15,1,6,0,2,8,6,4,3,2,3,3,29,1,5,9,2,50,2,1,2,0,5,0,6,9,4,1,23,9,9,6,3,17,1,2,19,10,2,0,9,5,1
2014/01/25,11,1,2,8,3,4,5,5,5,9,15,1,4,11,13,22,5,7,26,6,10,14,11,2,1,10,19,5,20,4,17,18,7,6,7,2,30,1,6,5,4,5,7,1,2,53,9,10,6,2,6,6,7,3,2,5,14,26,4,12,2,1,12,5,4,0,0,2,4,35,0,4,18,5,73,1,2,2,2,1,0,4,8,3,2,21,21,7,5,1,32,2,4,4,10,2,5,13,1,0
2014/01/26,10,5,3,4,4,2,3,2,11,3,6,6,3,4,9,12,6,14,25,6,7,2,12,1,7,12,17,4,17,6,13,11,3,6,3,4,29,4,6,8,7,6,2,2,6,44,15,15,6,2,5,6,9,1,4,6,11,18,4,1,3,0,8,8,5,0,2,1,9,40,0,4,19,3,84,9,1,6,4,3,2,7,6,5,2,20,20,9,6,0,43,2,11,25,10,1,3,8,3,5
2014/01/27,30,1,1,4,0,2,4,1,1,4,13,5,3,4,1,12,1,14,16,2,6,0,9,3,4,5,17,0,11,1,15,10,6,2,0,3,16,2,0,8,6,5,0,2,1,36,4,4,0,1,2,5,11,5,2,4,9,15,6,7,0,1,15,11,4,5,3,1,4,18,2,7,14,4,61,48,5,0,1,11,0,4,4,5,2,15,8,6,7,3,15,2,7,15,8,3,1,3,5,1
2014/01/28,5,2,3,1,2,0,2,4,7,2,20,4,12,4,0,5,4,5,0,6,4,1,11,1,3,6,15,1,20,1,12,0,4,5,2,0,14,0,5,7,2,4,2,1,1,42,5,10,0,0,3,3,10,5,1,8,9,14,3,5,3,1,1,3,5,3,1,1,6,20,2,1,9,1,59,20,1,3,5,4,0,4,7,1,1,15,7,6,3,6,12,1,3,9,6,4,4,2,2,2
2014/01/29,3,0,5,5,1,2,3,5,6,1,8,9,3,2,7,7,0,7,0,0,3,9,3,4,3,5,14,6,9,1,21,4,7,3,1,5,16,3,1,4,7,5,3,1,1,27,7,5,1,0,4,4,13,2,1,2,7,10,3,3,3,0,9,1,2,2,0,2,4,29,0,1,7,2,51,20,2,7,2,6,1,4,5,3,1,20,8,8,6,1,15,1,9,12,8,1,1,3,2,2
2014/01/30,7,1,7,2,1,2,1,5,2,3,15,4,17,5,20,1,2,2,0,2,4,0,10,1,2,7,23,0,8,0,15,4,2,4,2,10,14,0,0,8,6,3,2,1,3,30,2,4,6,0,4,3,7,3,7,5,6,13,3,3,4,1,6,7,1,2,0,1,4,23,1,5,13,0,61,24,3,2,0,8,2,3,5,1,1,19,19,17,4,6,17,1,6,22,20,1,3,3,1,1
2014/01/31,9,0,6,5,1,9,5,2,0,7,21,2,19,5,3,6,5,6,0,6,2,9,15,2,4,5,15,1,9,1,11,0,3,6,3,1,18,0,7,7,5,6,2,3,0,37,2,12,1,0,2,5,9,1,1,6,13,13,2,2,2,2,1,8,9,7,0,1,4,27,0,10,10,2,57,20,5,6,4,3,1,2,8,2,1,16,7,9,10,1,30,2,2,31,12,0,2,4,1,1
2014/02/01,7,3,3,5,1,3,2,4,8,2,19,1,9,7,1,12,6,12,31,4,13,9,15,2,4,8,12,2,19,5,15,9,2,13,2,1,16,3,5,9,7,13,5,1,2,47,7,7,4,1,4,5,12,3,1,5,11,26,3,10,5,1,9,4,10,1,0,1,2,32,2,3,14,1,74,37,3,0,3,1,1,8,6,7,2,32,5,7,2,2,24,1,4,24,10,1,0,13,7,3
2014/02/02,17,6,1,12,5,4,4,11,5,8,10,4,5,7,10,12,6,14,27,9,3,14,26,3,3,18,15,0,9,5,20,8,5,19,4,4,48,2,9,8,10,24,8,1,1,20,20,8,6,2,3,9,14,6,2,4,11,19,6,6,4,3,6,5,3,2,1,5,2,28,2,4,22,2,87,41,2,1,4,1,0,7,7,8,5,19,11,9,3,6,20,14,5,13,6,1,3,6,5,1
2014/02/03,15,1,7,3,1,2,2,3,3,9,9,4,12,12,10,12,4,11,24,7,9,10,4,0,2,0,14,3,1,2,18,8,3,4,1,1,22,0,3,11,9,4,2,1,1,35,5,6,6,1,5,8,6,6,1,4,15,16,4,8,4,0,5,10,5,15,1,1,6,36,3,4,14,2,72,59,4,2,5,9,1,2,7,3,4,24,10,10,8,7,21,0,11,0,8,0,2,10,5,3
2014/02/04,10,5,4,2,2,5,1,3,0,6,14,5,13,5,14,8,3,15,37,5,6,12,10,1,6,12,12,5,0,1,14,27,0,1,0,1,17,0,4,8,7,4,2,3,5,32,8,2,1,0,5,6,12,2,0,2,7,18,13,4,1,1,1,1,3,1,0,2,2,25,0,7,16,0,66,45,3,2,3,0,1,4,3,10,3,20,6,8,6,4,19,5,7,19,12,0,4,12,2,1
2014/02/05,6,2,7,1,1,3,1,4,0,6,8,0,12,10,6,15,9,9,31,6,12,10,23,1,1,6,16,2,17,3,23,0,6,6,1,1,23,0,4,10,6,7,5,1,2,30,11,9,3,1,6,7,9,2,2,7,14,14,5,7,13,0,7,5,2,1,1,4,4,29,2,4,14,1,58,34,4,3,1,3,0,8,1,2,3,20,3,8,9,2,0,4,3,15,4,5,1,25,4,3
2014/02/06,9,0,5,2,10,4,4,3,0,2,9,2,3,4,6,8,7,8,32,11,7,6,11,3,2,7,15,2,19,0,10,0,3,6,2,3,25,3,2,3,8,5,0,1,8,29,7,15,4,0,2,9,10,2,2,3,8,18,3,7,2,1,18,4,4,0,1,2,2,25,1,3,11,2,71,39,12,4,4,1,0,5,3,6,1,9,10,10,3,3,0,0,4,22,10,0,1,7,4,0
2014/02/07,7,6,2,14,2,4,3,6,0,3,8,2,3,7,11,12,1,14,22,11,9,8,15,5,3,8,20,7,17,0,13,10,7,3,2,0,21,3,8,8,8,5,5,1,1,28,3,6,4,1,3,9,13,2,0,4,8,23,8,10,3,3,8,3,5,0,1,2,3,19,3,6,9,4,56,36,2,0,0,7,0,8,11,1,2,20,11,4,4,2,0,1,6,9,0,0,1,6,6,3
2014/02/08,21,7,3,8,2,7,6,2,11,5,9,2,7,6,6,11,9,15,42,5,15,13,13,2,3,15,23,1,18,3,16,15,9,5,1,2,34,5,7,14,11,6,8,0,3,65,10,8,6,7,6,5,12,3,0,5,18,21,6,4,3,3,9,10,6,2,6,3,5,51,0,4,16,2,81,65,4,3,2,4,1,5,7,9,3,28,12,12,6,5,25,4,4,50,13,0,2,9,6,4
2014/02/09,16,1,4,12,10,4,4,9,5,6,4,5,7,4,8,18,8,22,18,5,13,19,0,10,5,21,17,6,0,5,23,16,7,9,2,4,19,4,7,10,9,6,6,0,4,39,17,9,7,1,10,10,11,8,0,8,14,22,3,4,9,2,7,19,5,1,2,1,5,52,4,8,24,3,100,41,3,4,3,8,0,7,12,1,4,32,22,6,8,3,37,4,0,76,16,0,3,10,3,0
2014/02/10,9,3,5,6,2,4,1,1,17,3,12,5,13,10,16,17,1,10,31,10,12,10,0,4,4,0,17,1,26,1,15,7,6,5,3,4,0,2,22,10,4,4,1,2,2,39,18,9,2,4,4,4,7,3,0,8,12,23,18,8,2,0,6,6,6,3,9,0,5,31,4,1,21,0,69,21,2,3,4,1,4,10,10,2,1,18,0,19,3,1,18,1,0,7,13,3,0,19,2,2
2014/02/11,4,3,3,1,2,3,12,5,0,1,7,0,4,1,7,9,3,7,15,5,5,8,9,3,2,0,10,3,10,0,28,5,1,8,0,2,25,3,8,9,5,4,3,0,1,35,5,10,5,0,2,5,8,3,0,2,7,15,9,5,12,0,6,12,10,6,1,8,6,20,2,7,11,5,74,27,6,4,3,6,1,9,4,0,4,18,9,10,12,5,33,0,9,0,7,3,3,6,4,2
2014/02/12,5,2,7,5,4,1,5,8,0,8,25,2,10,4,6,8,2,19,13,1,9,3,15,0,2,14,20,0,8,3,16,3,6,10,0,3,14,10,6,10,7,1,1,1,2,36,3,6,4,0,4,5,4,1,3,5,11,15,4,9,0,0,1,6,6,1,0,3,4,35,0,6,14,4,67,39,8,1,3,0,0,2,4,1,3,26,4,7,4,2,22,1,21,0,7,2,0,7,4,4
2014/02/13,10,2,8,3,1,4,0,3,8,8,8,4,7,6,3,6,2,9,30,3,7,9,8,1,6,10,14,1,14,6,10,9,6,4,4,3,14,6,3,10,7,7,2,0,1,65,14,11,7,0,1,4,9,8,2,4,12,20,2,10,2,1,4,3,4,1,1,9,6,47,1,4,12,1,116,57,4,3,1,6,0,2,9,7,3,26,8,10,5,5,26,1,4,169,12,1,0,5,5,1
2014/02/14,11,1,7,4,0,2,2,15,0,14,15,5,11,8,4,8,3,2,14,2,4,10,14,0,1,8,14,1,10,0,8,13,6,8,2,0,21,5,2,6,10,4,2,0,1,47,16,7,5,2,1,5,5,2,2,2,10,15,2,7,2,2,3,3,5,2,0,2,9,54,0,1,10,4,80,32,9,2,3,6,0,2,6,4,4,18,5,4,0,2,18,2,2,4,6,3,2,1,2,1
2014/02/15,7,1,8,6,0,2,3,0,7,1,12,6,8,5,3,13,7,9,28,7,8,15,12,2,5,15,10,2,16,0,18,5,3,5,0,6,29,1,5,8,7,7,3,0,5,41,5,6,6,0,4,6,9,4,1,5,15,26,2,1,0,1,4,6,9,0,3,4,3,36,1,3,6,0,67,44,4,8,3,1,3,8,7,2,3,25,11,9,13,2,24,1,6,12,11,0,2,6,4,6
2014/02/16,11,4,5,8,2,4,4,1,5,1,8,4,9,1,6,8,3,17,20,8,15,7,14,0,3,3,32,4,14,4,17,1,5,7,2,7,29,4,4,16,10,5,0,0,2,55,7,7,4,1,2,7,14,2,1,6,6,13,1,4,3,0,10,5,7,1,1,0,10,44,7,5,17,2,83,55,1,1,1,0,1,17,4,2,0,17,8,3,5,2,34,4,2,4,13,7,1,7,2,3
2014/02/17,6,4,2,7,2,3,7,1,3,5,6,4,11,6,12,13,3,8,28,5,14,11,10,6,2,5,10,3,15,2,20,7,6,4,4,4,29,5,5,7,4,1,4,0,0,45,5,6,3,0,4,4,11,3,6,3,13,15,3,12,3,1,5,9,5,5,2,4,9,36,0,6,13,2,76,45,2,1,4,6,1,5,9,2,5,20,8,6,2,6,30,5,9,0,8,0,0,10,6,4
2014/02/18,7,1,3,5,1,5,12,2,0,4,10,4,7,2,11,7,4,5,17,3,11,4,13,4,3,7,11,0,15,4,24,3,6,4,0,0,22,2,10,13,7,2,2,1,2,34,8,4,6,0,2,9,16,5,1,5,14,11,6,7,0,2,3,6,5,4,0,2,6,33,0,2,9,1,64,44,1,2,2,4,1,14,7,1,3,9,17,19,4,3,19,3,5,9,9,0,0,4,8,1
2014/02/19,9,3,13,4,2,0,3,0,0,3,4,1,7,5,5,4,2,4,17,3,5,0,22,2,2,3,11,2,11,1,20,3,4,3,1,1,17,2,2,14,9,2,1,0,3,37,7,5,3,1,1,4,8,2,5,4,10,10,2,5,47,0,6,9,6,0,2,1,7,28,1,7,13,3,35,41,1,2,2,7,2,2,4,5,1,16,6,7,2,2,25,0,3,26,11,2,0,11,4,8
2014/02/20,9,5,7,9,4,6,1,2,0,2,15,1,7,7,14,9,4,10,16,3,8,6,3,1,2,4,14,9,9,1,16,2,4,2,1,2,16,1,2,8,7,2,0,1,2,37,4,13,4,0,5,3,10,1,5,4,5,15,5,4,1,0,11,5,2,0,0,0,4,23,1,4,17,2,79,35,3,3,1,0,1,7,10,1,7,10,10,12,4,1,24,0,3,104,7,3,0,3,1,3
2014/02/21,3,0,6,4,2,6,0,7,0,8,12,3,7,6,2,11,2,10,18,7,6,3,8,1,1,3,22,4,12,2,15,0,4,5,1,7,24,2,4,9,7,6,3,1,1,61,4,14,5,0,4,6,6,3,3,4,9,22,3,5,0,4,8,6,4,7,3,3,6,46,3,6,21,1,68,44,0,5,1,6,0,0,7,1,4,19,12,13,2,2,24,0,5,22,15,3,0,4,1,1
2014/02/22,11,4,3,5,0,1,2,2,6,5,17,1,3,2,14,8,3,9,24,7,6,4,8,4,4,6,17,3,18,2,14,16,6,3,2,2,18,6,4,12,20,8,5,1,6,57,12,7,9,1,2,4,9,6,1,4,16,30,8,8,2,1,7,2,5,3,2,2,6,47,0,2,14,2,75,42,3,2,2,5,3,11,6,3,1,29,15,7,4,2,31,4,6,15,13,2,0,7,5,1
2014/02/23,10,0,1,9,0,5,7,7,3,2,8,6,2,7,12,7,3,13,24,9,9,14,7,8,2,3,15,0,15,2,15,15,3,5,1,3,31,8,8,8,11,6,4,2,0,50,11,8,4,1,3,7,18,2,1,5,10,15,5,9,0,1,3,12,3,0,1,4,5,50,4,6,16,3,93,54,1,1,5,1,1,7,8,6,5,16,6,16,2,7,31,1,7,1,15,2,3,9,5,5
2014/02/24,6,0,3,0,1,2,8,11,0,1,21,0,3,5,5,14,3,3,24,2,7,8,10,3,0,14,23,0,15,2,11,7,4,3,0,2,26,6,3,5,9,3,3,4,3,38,5,4,0,1,5,5,10,0,1,8,11,16,6,5,2,1,6,5,12,30,3,3,9,46,3,9,9,1,63,40,2,5,1,0,0,3,5,4,0,20,15,17,2,4,17,0,11,0,18,0,8,0,3,2
2014/02/25,8,1,3,4,4,6,1,1,2,7,12,4,9,4,7,5,2,7,16,2,7,1,14,1,2,15,15,1,9,1,20,0,3,7,0,1,26,5,5,4,7,5,3,1,0,45,6,7,3,1,3,5,9,4,2,3,8,22,4,5,2,0,8,5,3,10,1,1,1,25,0,5,8,1,66,27,0,3,0,3,2,4,7,4,1,16,6,14,2,0,24,3,11,42,14,0,3,3,5,0
2014/02/26,1,1,2,3,6,11,7,3,6,5,6,2,2,3,0,8,2,9,9,0,8,10,8,1,1,5,15,1,7,3,15,3,6,5,1,3,13,1,7,3,5,1,1,3,4,17,11,4,1,3,8,5,6,0,2,6,9,13,2,6,2,1,9,3,1,4,3,3,2,26,0,1,14,4,37,27,0,2,0,6,0,5,7,1,0,14,2,7,12,4,10,8,4,14,13,1,2,9,4,2
2014/02/27,5,1,3,0,2,1,4,3,0,1,8,2,7,2,4,9,3,9,18,3,3,0,8,0,3,4,14,5,5,2,21,3,3,1,0,4,18,0,3,9,9,3,1,0,1,37,8,6,2,0,6,7,8,1,8,5,11,19,2,7,1,0,2,5,1,11,2,4,6,44,2,4,8,2,62,35,1,2,3,2,2,5,8,2,0,16,5,6,2,2,13,0,7,14,9,1,0,4,3,2
2014/02/28,12,2,5,3,1,3,11,2,5,5,12,0,7,4,5,4,0,4,17,7,8,4,13,0,2,4,13,1,8,2,8,0,7,4,3,5,18,1,0,8,6,5,2,2,1,24,10,5,1,1,2,6,6,2,5,4,9,16,4,3,3,0,6,6,2,1,7,1,2,26,0,6,10,2,51,25,2,2,2,4,5,4,8,3,0,19,8,9,6,3,27,0,2,6,14,0,2,3,2,0
2014/03/01,12,9,10,5,3,5,2,3,7,5,13,7,10,15,6,18,5,14,25,5,9,8,12,2,4,4,16,1,26,8,23,3,1,4,2,2,25,4,7,10,11,7,6,1,3,60,7,9,0,1,2,7,10,2,15,5,12,28,2,6,6,2,2,4,2,0,4,4,7,35,1,6,18,3,87,47,1,4,1,6,5,10,5,5,2,25,16,17,8,7,51,2,1,51,16,3,0,7,1,1
2014/03/02,5,2,8,5,2,1,3,7,3,9,16,6,12,6,6,15,2,15,37,9,8,19,24,8,0,6,18,2,13,0,17,8,6,7,2,3,26,5,12,12,18,7,5,0,5,51,20,14,4,1,10,10,17,7,5,5,12,24,6,10,4,1,5,10,3,2,5,5,7,54,3,8,17,4,78,55,1,8,6,1,1,8,11,4,5,32,20,20,4,2,36,4,21,40,13,1,5,6,2,2
2014/03/03,7,1,5,3,0,1,11,4,1,5,14,2,11,6,15,18,10,9,45,7,9,12,7,5,1,2,21,6,17,2,21,13,14,2,0,1,17,1,5,8,8,6,4,0,2,28,8,12,6,1,10,10,16,3,4,4,21,11,4,8,2,10,6,1,5,4,7,2,7,37,3,2,15,4,65,60,9,2,2,0,6,14,11,10,2,22,14,13,3,0,17,0,10,33,14,0,2,6,0,3
2014/03/04,12,0,2,3,2,4,2,7,0,9,26,2,4,4,1,9,4,13,31,2,1,3,21,5,0,11,19,6,23,0,19,8,1,3,3,0,18,3,5,12,7,4,2,2,0,38,2,3,5,5,2,7,9,5,3,0,17,19,4,7,3,1,4,8,2,1,1,0,4,32,0,7,15,1,84,42,1,2,8,0,5,7,9,3,2,25,13,13,8,3,24,2,10,61,12,0,2,7,7,2
2014/03/05,9,1,7,1,2,3,7,3,0,5,10,1,8,5,4,10,0,10,20,2,8,7,12,3,4,6,11,3,24,3,18,7,5,1,0,1,16,4,4,5,7,3,4,2,2,53,6,4,3,3,7,4,14,1,7,4,11,15,3,9,4,1,3,5,2,9,4,4,4,42,0,4,7,2,63,38,2,3,3,0,6,5,6,2,1,25,16,12,6,3,18,1,13,18,6,0,1,5,0,0
2014/03/06,10,3,8,4,7,10,6,3,0,8,12,4,6,4,10,10,2,5,25,4,14,7,2,1,4,4,16,1,17,0,11,8,0,3,0,4,15,3,1,8,4,2,1,0,4,35,3,4,1,1,3,6,9,1,7,5,17,12,2,8,4,1,8,6,4,4,1,1,2,42,1,10,10,4,79,39,3,7,1,0,2,6,7,1,0,20,4,6,4,4,23,6,7,23,14,0,0,8,5,1
2014/03/07,12,4,5,0,5,3,11,1,4,3,11,0,6,6,3,12,5,11,21,4,12,11,16,10,3,2,21,5,24,0,9,10,6,2,1,4,21,4,4,17,3,3,1,1,3,48,5,5,4,0,7,4,9,1,11,4,17,15,3,7,2,3,13,13,4,1,2,2,5,37,1,2,21,3,72,40,0,5,2,0,8,8,16,3,1,19,7,6,1,2,27,3,24,24,14,3,1,7,5,5
2014/03/08,10,3,5,3,2,2,3,2,7,4,12,1,5,4,6,12,5,13,19,3,14,8,23,8,4,7,18,2,12,1,15,7,6,2,2,4,37,7,7,10,10,9,6,1,1,68,2,5,1,1,7,11,9,7,10,1,22,22,1,9,5,1,12,6,8,0,4,0,5,47,1,4,11,0,78,47,4,1,0,0,4,9,9,5,0,20,16,20,6,6,36,0,4,30,10,0,3,5,7,1
2014/03/09,14,3,5,7,2,8,3,2,10,4,12,3,15,12,17,22,2,16,33,10,9,6,21,3,4,9,20,0,24,0,15,5,6,2,1,4,34,0,5,17,13,5,4,0,3,97,8,14,7,3,11,7,12,11,15,4,23,36,2,8,1,2,8,5,8,2,1,6,5,43,2,7,21,1,97,57,0,4,2,6,8,12,7,2,1,35,9,13,5,7,47,3,6,23,17,0,4,2,10,4
2014/03/10,4,3,2,4,7,3,6,5,7,2,3,3,17,7,24,15,4,18,36,4,12,20,13,2,3,13,21,0,23,1,17,8,4,1,2,2,30,5,5,10,7,1,2,1,1,43,7,16,1,3,14,5,13,11,6,2,19,22,10,4,1,3,13,9,6,34,5,3,3,34,3,3,16,3,94,39,2,2,2,6,7,13,12,3,1,36,15,14,12,5,22,3,11,15,7,2,2,9,8,1
2014/03/11,11,1,5,1,4,4,1,3,2,4,10,1,16,5,12,10,4,12,27,1,3,2,5,1,2,0,10,1,11,2,15,18,2,6,1,3,22,5,14,14,8,4,2,3,3,50,15,8,4,4,7,4,22,3,4,3,14,20,2,4,2,0,8,3,1,9,6,2,5,40,3,3,15,1,72,41,3,0,3,0,3,12,11,5,4,24,13,11,5,4,15,0,5,10,16,3,3,22,1,4
2014/03/12,5,1,4,6,1,3,14,1,2,2,22,20,6,6,0,14,4,3,22,2,7,8,14,3,6,11,14,1,18,1,14,2,2,5,6,3,5,0,4,13,10,3,3,0,0,53,4,5,1,2,6,4,9,1,2,4,12,18,2,5,2,2,5,7,3,2,3,4,5,35,0,2,7,1,68,25,5,0,3,0,3,4,15,2,2,27,16,11,2,4,31,1,5,29,7,3,0,1,3,2
2014/03/13,4,11,3,4,0,4,3,2,0,5,5,2,13,4,10,9,3,5,20,6,5,7,13,3,1,5,21,0,15,0,31,2,1,1,3,4,0,1,4,5,13,0,0,3,0,42,9,6,6,0,6,7,8,5,13,4,12,24,2,9,5,3,14,5,3,2,1,0,3,37,2,2,12,0,80,29,1,0,0,0,12,4,11,2,3,9,9,11,0,0,22,5,7,28,8,0,1,0,2,4
2014/03/14,11,7,10,3,3,5,3,0,0,2,8,2,15,1,2,10,1,6,16,2,6,3,13,3,4,9,12,2,20,1,17,7,2,3,1,0,0,1,1,9,11,3,1,0,4,50,10,6,3,1,8,9,16,2,10,5,15,23,10,6,4,5,8,4,4,0,2,1,5,44,1,4,19,1,74,31,2,0,3,0,6,7,9,3,4,26,6,19,0,8,26,1,9,17,6,0,0,6,3,2
2014/03/15,10,3,6,7,4,3,5,1,3,7,12,2,6,2,8,10,2,9,15,3,10,4,6,4,4,13,20,4,14,5,14,5,3,2,3,4,0,1,4,15,5,4,4,2,4,84,13,4,4,3,4,4,14,3,12,5,9,21,3,5,4,6,16,11,6,1,0,2,5,39,1,10,17,0,77,30,1,8,1,6,7,5,8,0,1,33,19,10,0,0,38,3,4,19,15,0,2,5,1,3
2014/03/16,4,2,6,2,3,4,1,1,13,1,14,3,14,2,4,0,6,10,0,5,11,6,12,2,0,10,18,1,9,5,35,7,3,9,1,2,2,4,3,12,15,2,3,1,1,55,8,6,5,0,13,4,15,7,13,2,18,31,3,7,3,3,17,9,3,3,3,3,5,43,2,6,20,4,102,43,0,6,4,0,4,8,3,4,5,28,15,21,1,0,45,2,6,29,13,0,2,9,2,0
2014/03/17,9,0,6,3,2,5,4,3,6,5,12,3,12,1,14,0,2,6,0,5,5,2,9,1,4,0,15,3,27,2,19,2,2,3,2,3,4,2,7,10,9,0,1,0,3,37,11,3,6,0,5,4,23,0,4,4,16,12,11,3,3,1,10,5,8,4,0,2,0,37,0,5,9,1,70,35,6,3,2,0,11,8,7,1,1,22,7,14,2,5,23,1,8,7,9,0,2,5,2,1
2014/03/18,13,4,10,0,2,5,1,1,2,3,14,2,9,4,8,1,4,6,0,3,3,8,14,3,0,17,16,2,18,1,32,1,0,2,4,9,0,0,12,4,7,3,2,0,3,38,4,4,4,0,4,4,11,4,2,4,10,21,1,3,0,5,5,9,7,4,5,3,3,31,0,3,15,1,57,36,3,1,3,0,1,12,7,4,2,26,14,13,2,4,19,3,4,2,18,4,1,5,3,3
2014/03/19,1,4,8,2,2,1,1,11,0,1,1,0,4,4,0,0,0,10,0,1,8,2,10,1,2,4,12,1,13,0,12,8,5,2,4,3,12,2,2,13,5,1,6,3,0,46,4,4,2,0,5,7,19,0,5,4,11,20,2,13,3,2,8,6,4,0,0,5,9,30,1,8,12,1,46,36,2,1,2,5,4,3,6,3,2,18,20,6,8,5,26,3,4,5,10,2,1,4,6,6
2014/03/20,6,7,7,7,4,0,1,5,3,2,15,3,7,3,1,0,1,8,1,1,4,10,10,3,4,9,16,1,18,3,14,3,1,1,1,0,0,5,5,6,7,2,1,1,1,20,12,4,5,1,3,3,10,2,7,0,10,19,2,4,1,4,8,1,2,0,0,2,3,31,0,5,18,3,46,38,2,2,5,0,7,3,8,6,1,21,6,7,1,2,22,1,3,9,15,5,3,3,3,1
2014/03/21,6,3,6,0,3,2,3,6,4,2,17,5,5,2,0,0,5,17,1,2,6,10,7,0,6,7,21,0,28,1,23,1,2,4,2,0,0,8,12,6,8,8,3,0,1,49,2,8,2,1,2,3,18,11,8,5,15,16,2,4,5,4,12,4,2,1,0,3,3,22,2,2,12,1,73,37,5,1,2,0,4,4,8,1,3,18,8,13,6,0,20,2,5,8,15,3,2,9,2,2
2014/03/22,22,4,3,6,4,2,4,5,8,3,11,0,8,4,1,0,2,9,0,2,6,13,6,0,0,17,21,0,12,4,14,0,2,1,2,4,5,7,2,13,9,4,7,2,5,56,10,4,4,3,4,5,13,2,12,3,13,21,0,5,1,2,7,15,6,0,0,4,6,45,0,6,14,2,85,44,4,3,2,0,6,3,11,3,1,19,7,11,2,4,29,1,12,31,14,1,1,4,3,1
2014/03/23,8,4,3,3,8,3,3,4,5,5,9,7,8,4,16,20,5,13,20,8,12,4,14,3,0,7,18,3,14,4,19,12,3,1,6,1,1,1,8,10,15,4,4,3,2,37,7,3,6,3,18,7,17,7,7,8,13,22,3,8,8,3,7,11,3,1,0,3,11,29,4,5,19,4,82,60,3,4,3,6,5,8,9,2,4,33,8,15,1,4,28,2,2,27,12,4,1,15,5,4
2014/03/24,3,3,5,3,4,4,2,7,0,2,6,0,11,4,3,8,0,13,16,4,10,4,9,0,3,9,17,0,8,0,21,8,2,3,0,1,3,3,5,11,8,5,2,0,4,38,9,8,5,1,14,5,19,6,5,0,14,13,7,6,0,2,6,8,6,2,0,3,1,27,9,5,16,5,62,39,1,5,2,6,7,3,11,2,0,22,10,10,0,5,24,1,7,21,9,1,2,7,0,4
2014/03/25,9,7,5,1,4,2,1,5,3,4,21,0,5,6,14,6,6,8,21,2,1,7,9,4,4,0,11,2,13,3,12,6,2,4,3,4,0,0,8,2,5,3,3,0,3,29,4,2,4,0,6,2,18,3,5,3,13,16,6,2,6,1,4,7,4,8,1,0,5,25,0,3,12,1,62,40,6,0,2,2,2,8,6,4,0,21,5,0,4,4,9,0,9,5,8,4,2,7,5,4
2014/03/26,4,1,3,1,1,4,3,4,2,2,12,0,5,3,6,16,2,4,14,3,5,7,6,0,5,10,12,1,14,1,14,12,1,4,4,2,0,1,6,9,12,4,0,0,0,31,7,3,4,1,3,2,13,13,5,5,15,7,2,6,1,0,7,2,6,2,2,0,3,33,2,5,8,3,58,27,1,3,3,10,3,4,3,2,0,19,1,4,1,4,24,0,4,14,7,1,1,5,1,2
2014/03/27,3,0,1,1,0,7,2,6,1,6,6,1,6,1,7,15,4,6,15,3,6,6,14,2,0,2,7,3,14,1,24,3,1,4,2,0,1,3,7,5,13,3,0,1,1,37,7,2,1,0,2,7,10,3,10,5,8,13,2,6,0,2,13,5,7,2,1,1,2,22,2,2,13,1,62,27,3,3,2,0,1,5,4,0,2,16,0,4,6,2,15,1,8,9,7,2,1,5,3,3
2014/03/28,7,5,3,7,6,2,2,6,8,3,9,6,10,2,2,10,4,7,16,5,3,10,9,0,4,4,12,2,16,2,12,4,3,4,0,0,7,5,4,11,12,3,0,1,0,39,8,1,3,2,2,6,13,4,5,0,14,17,3,3,2,0,11,1,4,1,3,2,5,23,1,4,15,4,66,23,3,1,6,0,5,5,8,1,2,16,0,8,3,0,22,1,9,20,13,3,1,10,2,3
2014/03/29,9,2,6,0,24,2,3,2,5,2,8,1,1,5,4,6,3,8,17,4,7,5,18,8,2,7,13,3,13,5,13,1,5,4,3,8,4,2,7,9,5,3,5,1,0,39,8,4,2,0,4,5,13,3,6,2,12,12,2,3,7,3,17,4,1,1,0,2,3,24,0,2,10,2,62,43,7,5,1,5,7,8,7,2,2,19,15,8,1,1,28,0,9,15,9,4,2,1,4,1
2014/03/30,9,3,2,0,3,4,5,9,1,4,5,2,7,2,4,14,3,11,40,1,9,15,19,3,2,0,20,1,20,0,22,11,7,4,4,1,0,7,9,12,11,5,0,1,8,48,4,6,2,2,10,14,20,15,5,8,11,28,8,11,7,1,10,11,3,0,5,1,3,41,3,10,12,3,93,67,4,4,1,7,5,6,9,4,3,27,12,10,9,3,23,3,13,24,16,3,1,8,1,3
2014/03/31,12,3,6,5,4,1,4,6,6,6,12,2,8,5,4,10,5,9,12,2,3,3,6,0,5,0,13,4,18,0,10,11,1,2,3,4,1,2,5,3,5,2,3,0,2,21,12,3,4,0,5,4,22,1,5,4,10,12,4,10,0,1,4,4,2,16,0,1,5,21,6,7,7,3,49,53,4,2,0,6,4,2,3,4,2,22,14,17,5,4,12,2,5,1,10,4,1,4,3,2
2014/04/01,14,4,2,4,6,0,7,5,2,2,19,3,10,7,12,17,5,9,30,7,4,4,15,0,4,5,7,6,19,3,17,24,4,10,1,2,9,3,4,7,10,6,5,1,1,25,7,8,4,2,6,5,10,5,4,6,10,18,6,4,3,1,13,12,2,5,4,1,2,37,3,0,15,2,76,60,0,5,8,0,2,6,5,3,0,16,6,9,0,3,18,1,11,6,6,0,2,4,3,2
2014/04/02,8,1,5,3,18,3,13,7,4,1,11,4,6,5,2,17,1,12,18,5,10,9,14,3,4,11,17,4,21,2,11,4,5,2,1,5,4,2,5,8,5,3,2,0,3,31,6,6,0,2,6,4,10,8,2,3,12,19,4,3,2,1,8,12,3,2,6,4,2,25,1,5,11,3,68,30,3,6,7,6,2,6,4,5,0,26,6,17,1,4,21,5,21,14,10,0,1,13,10,2
2014/04/03,4,4,6,4,7,3,5,7,3,1,13,1,4,2,2,10,6,9,20,5,5,7,15,2,0,4,15,0,16,3,18,5,1,6,1,2,3,5,9,9,12,4,0,1,5,44,10,5,0,1,8,3,13,6,4,4,11,14,2,5,3,1,9,13,3,1,1,0,6,33,2,4,14,3,68,21,5,6,3,6,5,7,8,3,1,27,17,8,2,10,19,5,10,27,8,2,0,3,5,0
2014/04/04,7,1,10,1,3,3,5,2,0,13,13,1,5,2,9,16,5,18,20,7,11,6,18,1,3,25,15,1,20,3,13,7,3,4,3,0,6,1,4,5,8,10,8,0,1,31,10,5,2,1,14,2,14,7,9,4,7,19,4,7,1,0,14,7,10,0,4,2,3,43,1,3,11,2,62,36,2,5,1,8,2,12,15,0,1,18,11,8,1,5,21,3,3,26,7,4,4,3,5,4
2014/04/05,8,7,3,1,16,7,7,7,8,7,4,8,3,7,2,19,5,6,31,2,10,16,10,6,5,4,21,4,20,0,14,7,4,6,4,6,0,8,3,15,11,8,5,1,3,48,7,5,3,2,7,11,16,6,12,4,5,30,6,9,6,2,5,7,5,0,8,3,13,42,5,3,8,1,79,40,1,1,9,6,3,4,15,5,2,31,12,17,3,6,34,0,18,60,7,2,2,9,3,0
2014/04/06,16,5,3,6,1,1,3,10,3,6,10,1,8,9,8,18,7,13,41,6,9,10,11,4,4,5,31,4,13,0,14,10,7,5,5,3,0,1,6,11,6,4,2,1,2,57,11,4,4,2,3,11,9,4,4,3,16,25,4,12,6,1,26,9,4,0,0,6,7,47,3,6,24,3,91,43,2,1,5,2,5,14,12,4,1,25,23,13,1,3,47,4,10,21,17,2,1,10,8,4
2014/04/07,7,3,5,2,7,2,2,3,4,1,8,1,2,4,13,26,1,4,44,4,10,6,10,3,0,6,19,1,22,1,16,13,0,0,4,3,0,7,5,8,6,3,1,1,4,75,5,8,4,0,5,9,18,11,5,4,12,26,3,0,1,3,12,11,2,6,2,2,4,50,0,4,20,5,75,49,0,2,8,6,8,8,9,5,1,21,12,17,2,2,33,8,0,67,7,4,0,9,1,0
2014/04/08,3,2,6,1,3,4,2,2,0,2,16,3,8,5,10,8,5,14,41,6,11,15,7,1,4,15,23,7,18,1,21,15,5,1,5,2,0,5,1,18,10,4,0,2,2,73,11,10,3,4,11,1,16,9,4,5,15,37,2,6,4,1,16,8,6,0,3,2,7,63,2,2,16,4,91,34,8,3,6,7,8,8,8,10,3,21,13,32,4,7,49,3,2,23,12,4,1,8,2,2
2014/04/09,9,2,12,4,3,0,5,9,1,3,12,2,11,0,9,0,2,0,1,4,5,4,0,1,4,5,22,1,20,2,13,3,3,0,2,9,0,3,2,5,6,6,3,2,2,51,15,2,0,3,8,3,14,7,11,8,14,19,2,7,2,1,13,5,4,1,2,2,4,36,2,5,11,0,58,39,3,3,2,3,6,3,7,1,1,20,27,22,0,2,39,1,7,67,10,0,1,12,3,0
2014/04/10,4,5,8,0,7,2,3,5,4,4,3,1,3,0,4,0,4,0,0,4,10,1,0,0,2,4,17,3,18,1,10,2,8,3,7,4,0,2,8,11,9,3,1,0,4,56,8,6,4,0,7,8,17,8,3,4,15,14,3,3,6,0,22,5,1,6,3,0,1,38,0,8,17,1,88,29,3,5,2,4,5,8,13,3,2,23,16,28,1,2,19,0,11,2,17,2,0,20,1,3
2014/04/11,6,5,2,1,3,6,1,10,9,4,11,6,2,0,6,0,3,1,0,5,6,1,0,3,1,5,17,1,9,2,6,8,12,5,7,2,25,6,6,8,6,7,3,0,3,46,3,7,4,0,8,1,15,7,4,2,9,23,3,10,1,1,9,5,8,2,1,2,5,38,0,3,5,2,82,43,5,5,8,6,1,5,9,3,1,25,7,24,5,0,29,2,3,21,21,3,2,7,4,2
2014/04/12,13,8,2,7,25,0,3,0,2,4,21,5,4,0,2,0,6,3,1,4,5,7,4,0,3,8,12,2,16,3,23,6,12,9,2,2,30,2,7,11,9,1,5,3,4,61,10,8,4,1,8,4,15,13,5,2,12,19,1,6,2,0,11,14,7,1,8,1,6,49,3,4,22,4,77,33,2,5,1,7,2,5,10,0,4,29,13,30,4,3,28,0,9,24,3,1,2,14,2,2
2014/04/13,2,2,5,1,4,2,2,6,0,4,9,8,7,1,3,0,4,2,0,6,10,9,2,0,6,1,17,1,8,2,21,11,8,5,3,1,39,10,4,12,8,3,3,3,0,62,10,5,4,0,7,8,16,13,7,8,18,21,1,6,4,0,7,14,9,0,2,4,7,35,3,11,14,4,93,55,3,3,2,5,3,4,5,5,1,34,7,27,7,6,48,2,3,22,8,2,3,12,4,1
2014/04/14,5,2,0,3,2,4,4,1,1,4,24,3,13,1,21,1,1,0,1,5,8,11,10,0,3,3,19,0,12,0,11,6,10,1,3,2,31,4,12,10,7,2,2,0,2,54,10,5,4,1,7,8,18,0,6,1,11,18,6,5,3,0,11,10,7,10,2,5,7,45,0,4,18,1,59,39,3,2,1,6,4,3,9,2,3,24,11,34,3,1,28,1,23,21,8,0,2,8,4,1
2014/04/15,10,0,5,0,4,5,2,8,7,1,11,0,20,0,10,0,3,0,0,5,8,7,8,0,1,10,10,1,13,0,23,5,6,6,5,2,20,2,4,5,7,1,10,2,3,59,12,5,8,0,7,5,15,1,3,10,9,30,12,8,2,1,13,9,6,2,2,2,7,35,0,10,18,4,73,35,3,3,4,3,2,4,4,4,0,15,6,17,4,11,24,0,17,15,6,0,0,14,3,3
2014/04/16,5,0,2,1,0,8,11,6,0,0,11,1,7,3,6,8,2,5,23,2,11,5,5,1,1,10,22,2,12,2,8,13,10,2,3,3,18,6,6,7,11,6,0,1,0,58,8,6,4,2,2,8,16,10,3,4,12,22,5,6,1,1,12,1,2,8,0,4,10,33,0,2,15,0,66,43,1,4,3,8,2,1,6,3,1,24,7,13,3,0,23,1,8,14,12,3,2,12,0,2
2014/04/17,12,1,4,2,2,7,5,2,3,3,7,0,10,5,0,16,6,4,21,1,9,9,20,1,2,0,16,1,14,2,16,6,7,3,3,4,30,3,5,8,8,5,4,4,1,20,6,4,1,1,3,6,18,7,2,4,13,17,1,5,0,1,13,8,4,0,4,1,7,34,1,3,13,0,71,32,3,2,1,1,3,6,2,1,3,24,9,12,6,4,23,1,10,26,10,0,0,8,1,3
2014/04/18,13,2,5,6,7,5,3,6,5,6,22,7,2,4,10,19,3,10,17,3,5,10,10,3,3,0,23,0,13,7,14,5,1,7,3,1,38,3,9,11,12,7,1,0,3,0,6,3,3,1,3,3,16,6,4,1,11,29,2,5,2,0,10,3,7,1,3,3,10,36,1,1,9,4,77,24,3,1,8,5,10,1,7,7,2,17,7,19,6,5,41,1,6,21,13,2,0,5,2,3
2014/04/19,19,5,6,2,25,2,3,14,3,0,9,4,5,2,1,8,5,6,37,11,8,5,7,5,6,0,27,0,18,23,15,4,6,5,4,4,63,3,9,14,6,5,6,5,3,65,12,5,1,0,12,4,17,13,21,4,22,22,4,7,2,1,19,22,9,2,2,9,15,65,2,5,17,5,95,40,3,9,1,0,9,13,16,3,0,26,18,33,9,2,52,2,12,52,12,4,4,8,5,6
2014/04/20,4,4,1,3,15,0,2,3,0,2,8,3,3,4,5,12,4,3,13,3,4,0,13,2,0,24,27,0,14,17,13,6,4,4,3,8,76,4,4,18,18,3,5,4,0,84,12,5,7,1,8,7,12,10,8,6,9,27,7,4,0,5,11,13,6,0,1,4,8,58,3,4,11,1,114,44,1,1,0,10,6,5,18,2,2,27,21,13,6,3,46,3,3,17,14,0,2,7,3,3
2014/04/21,4,0,3,6,2,1,9,7,1,2,10,1,15,1,10,7,1,11,29,1,1,8,13,4,3,0,10,5,11,17,13,4,7,2,1,4,27,4,8,3,7,0,4,0,4,42,9,3,1,1,6,9,29,2,4,1,11,15,2,4,3,0,6,9,4,6,3,2,3,30,0,6,5,2,60,38,5,4,1,6,3,0,8,3,2,17,8,11,2,2,27,0,9,13,9,0,1,8,3,1
2014/04/22,2,0,6,4,3,1,4,4,1,1,15,2,6,1,34,8,1,6,36,8,5,2,6,0,1,12,11,3,20,14,22,9,8,2,1,1,34,3,10,5,4,3,0,1,2,29,2,1,4,0,8,2,18,3,7,0,8,5,3,4,3,0,14,0,4,5,2,0,1,39,0,1,13,1,60,44,0,0,3,6,2,3,7,3,2,22,7,18,3,4,19,2,10,17,7,0,0,3,2,1
2014/04/23,3,1,6,2,2,1,2,1,5,2,8,4,2,1,0,16,3,2,21,3,3,1,17,0,4,20,13,2,8,10,19,1,4,1,0,1,26,1,3,7,9,1,0,0,2,40,9,7,3,2,7,7,24,2,5,4,13,11,3,5,1,0,8,7,4,2,0,0,5,28,0,4,18,3,58,32,6,5,6,5,2,8,7,3,0,16,12,17,5,2,25,3,2,70,4,0,2,2,1,5
2014/04/24,4,4,5,2,1,1,4,1,1,5,7,4,2,2,0,4,1,10,22,4,8,13,12,4,4,2,13,6,15,10,15,0,7,0,1,6,15,1,5,13,10,3,3,3,1,30,7,2,2,3,7,2,22,7,6,3,11,11,2,2,0,2,11,10,4,1,0,2,7,33,0,5,7,2,80,27,0,2,0,7,2,7,9,4,2,26,11,10,3,0,21,0,1,26,7,4,1,8,7,5
2014/04/25,5,2,5,9,4,2,3,2,2,3,13,1,7,4,2,8,2,9,14,7,7,7,5,1,3,3,12,2,11,9,10,7,6,4,0,5,29,1,4,7,9,3,2,1,5,35,5,5,4,2,2,5,16,7,6,3,8,9,4,3,6,0,7,3,3,1,2,0,7,32,0,7,11,2,46,25,1,3,1,1,3,8,5,3,1,8,13,14,5,1,14,3,3,27,13,1,5,9,3,0
2014/04/26,14,1,9,2,26,2,11,5,6,3,11,1,5,3,2,23,4,7,30,6,6,1,12,1,1,2,18,6,14,11,8,16,4,3,3,0,29,1,4,13,9,2,2,2,4,45,10,5,4,0,7,5,13,1,20,2,11,19,1,4,2,1,14,7,1,0,5,0,4,37,3,1,23,2,62,46,4,4,3,5,9,3,14,4,2,25,5,14,7,1,21,2,5,38,13,0,3,8,0,2
2014/04/27,10,0,7,3,2,2,1,4,8,4,11,9,5,8,9,15,4,10,33,4,7,6,2,2,5,9,11,4,13,10,12,10,3,5,8,8,32,6,9,9,18,4,12,1,6,52,12,4,5,1,9,5,17,4,12,3,13,24,6,10,6,1,21,16,2,0,2,1,6,44,3,6,14,5,80,50,3,5,0,6,6,6,8,3,3,25,11,13,7,0,38,9,28,0,10,3,3,3,1,3
2014/04/28,5,1,3,6,1,1,4,0,6,0,4,0,1,1,2,12,3,12,22,3,10,4,7,1,3,8,16,0,13,3,19,6,9,1,2,1,18,1,8,7,3,2,0,2,2,39,9,3,2,2,8,4,15,3,6,4,9,14,1,5,2,3,7,12,2,5,2,1,7,27,3,6,15,1,53,41,4,5,1,5,5,3,12,1,4,20,15,10,4,3,26,2,5,0,7,0,0,5,2,3
2014/04/29,2,0,5,3,6,0,2,6,11,1,17,9,1,0,1,4,2,8,14,4,2,11,6,1,2,6,14,1,10,7,15,0,6,1,1,2,14,2,3,13,5,1,2,1,3,43,6,4,2,1,4,4,17,1,6,4,17,14,1,2,2,2,10,2,2,8,0,3,2,29,0,0,11,4,64,22,3,11,8,8,3,2,9,2,0,18,17,8,4,4,25,0,4,0,5,1,0,7,1,0
2014/04/30,3,0,7,5,1,1,1,1,0,2,13,2,7,3,4,14,1,4,10,2,9,6,15,2,2,14,13,4,6,7,9,1,4,3,1,4,18,3,4,11,6,3,2,0,2,49,12,2,1,2,6,8,16,3,9,6,17,16,1,2,2,0,5,6,2,1,1,1,7,39,1,5,8,2,66,27,7,5,4,2,8,4,5,3,0,22,10,12,4,1,35,2,8,0,7,2,3,3,1,0
2014/05/01,3,4,3,11,5,2,9,7,0,2,27,6,5,2,4,15,0,9,24,3,3,4,20,2,4,6,23,5,15,5,15,7,3,5,2,2,32,17,5,8,11,2,3,1,3,63,11,4,4,3,6,4,8,0,12,4,17,20,2,10,8,1,8,6,8,5,1,8,7,44,3,6,6,2,74,39,4,3,0,4,9,10,7,1,3,23,19,23,7,7,46,5,12,0,9,2,0,7,4,4
2014/05/02,8,0,4,2,8,4,4,5,0,0,6,5,7,9,4,11,5,9,13,4,6,5,19,3,3,25,14,3,9,7,10,4,4,4,1,4,38,2,6,11,8,2,5,5,8,66,4,5,2,0,13,9,19,9,8,3,19,32,4,9,3,5,3,3,6,1,8,3,9,44,0,7,6,3,82,35,1,5,2,2,12,3,7,1,2,21,13,18,4,3,36,2,14,24,3,2,2,17,3,0
2014/05/03,46,5,6,1,22,0,8,5,5,0,17,3,6,2,6,17,2,13,17,6,14,10,5,5,3,12,24,2,10,6,16,5,3,2,4,3,32,5,5,17,13,4,12,3,0,58,3,0,5,0,8,2,8,4,5,5,16,13,4,4,13,8,13,23,3,3,4,4,4,27,4,3,9,1,82,57,1,10,11,5,12,10,12,4,3,28,22,22,7,0,24,4,4,38,13,0,2,12,9,4
2014/05/04,9,4,3,1,1,1,8,1,2,0,9,1,4,3,9,25,8,13,36,7,17,20,19,10,6,5,42,1,12,9,13,22,0,7,3,3,37,8,4,10,7,4,5,3,5,51,8,2,5,1,10,7,22,4,12,4,13,15,2,0,2,1,12,10,5,1,3,4,2,33,1,9,12,3,80,52,2,1,10,10,6,0,10,1,2,20,14,32,5,4,36,1,7,103,10,0,0,9,3,3
2014/05/05,1,1,6,5,3,3,6,5,0,2,7,4,3,8,13,16,8,11,39,3,7,0,22,3,2,7,15,6,14,2,25,9,2,3,1,3,31,3,5,13,8,6,2,2,3,37,11,9,2,4,7,9,18,6,3,4,8,14,2,8,0,1,4,6,2,19,0,2,8,49,2,2,15,6,80,59,1,6,1,4,10,2,8,3,3,16,12,27,2,8,12,4,16,29,8,2,3,5,7,6
2014/05/06,8,1,8,2,5,3,2,1,0,4,15,0,6,5,13,20,4,13,31,4,4,12,25,1,2,8,15,2,18,9,17,9,1,2,3,4,25,3,3,2,8,6,4,0,5,38,8,5,6,1,5,18,18,8,5,2,11,17,3,11,0,1,9,7,6,5,1,3,4,36,2,4,10,6,72,32,5,4,15,6,7,8,7,3,2,22,16,32,4,1,27,5,11,26,4,3,1,8,7,3
2014/05/07,2,1,1,7,9,3,2,7,0,0,6,3,9,3,8,9,3,18,28,5,12,7,6,6,2,16,12,0,22,4,16,3,1,1,0,5,16,4,4,11,7,4,1,3,3,48,10,1,2,2,6,4,15,1,4,4,9,22,2,3,4,2,21,7,7,6,5,0,4,25,1,7,8,1,75,46,7,3,0,6,2,2,5,3,1,14,8,24,6,1,17,2,11,24,18,2,0,5,7,2
2014/05/08,8,4,2,6,4,3,1,2,0,1,10,1,4,3,5,10,1,12,32,6,7,14,14,4,4,9,14,3,16,5,8,7,6,1,1,1,24,3,7,10,11,2,5,2,5,41,9,3,6,6,6,5,26,2,8,2,14,14,1,2,1,4,14,6,4,1,5,3,6,25,0,7,6,2,66,35,3,2,4,6,6,8,11,3,3,11,10,23,4,3,23,4,13,42,8,1,0,5,3,5
2014/05/09,15,6,2,0,4,2,1,5,2,0,10,3,3,5,4,16,1,8,18,11,14,1,18,9,2,4,23,2,16,2,14,0,5,8,3,3,35,3,5,5,12,7,3,4,4,46,6,3,4,1,6,6,13,1,4,3,9,24,2,6,4,2,2,3,5,9,1,3,14,46,0,6,13,3,82,37,3,3,4,8,0,8,8,3,2,23,13,31,5,4,37,2,2,15,9,2,1,13,2,6
2014/05/10,7,0,0,4,23,3,6,2,3,3,9,1,3,2,4,14,5,16,16,5,7,5,33,8,2,8,26,1,18,4,16,8,9,3,2,6,41,8,9,9,3,5,8,3,7,56,6,4,4,2,5,5,11,7,5,5,15,22,5,9,1,2,12,7,5,2,0,5,4,46,2,7,7,4,70,32,1,1,2,6,8,4,3,9,5,15,10,35,7,3,17,1,7,32,8,0,2,8,3,5
2014/05/11,4,6,4,2,2,8,4,7,1,4,9,0,7,11,1,14,4,11,22,9,8,7,7,5,2,46,16,0,17,2,14,10,2,1,3,9,40,7,4,14,4,3,2,1,0,64,8,6,3,2,7,5,11,4,11,4,13,22,1,5,3,1,14,11,3,0,0,3,10,54,2,5,13,5,76,25,3,5,1,6,7,6,4,4,5,23,11,24,2,1,41,3,39,21,14,2,3,12,4,2
2014/05/12,4,2,0,1,3,1,3,9,10,3,3,1,0,4,8,20,1,15,18,4,10,6,1,8,3,13,17,1,20,0,12,8,8,1,3,2,31,6,5,6,7,2,3,2,3,65,5,3,5,4,1,7,15,6,6,5,6,21,1,4,4,4,9,14,8,7,0,2,10,46,11,3,12,9,81,45,4,4,5,6,2,3,8,2,0,31,10,36,5,1,34,1,6,19,12,0,1,4,3,1
2014/05/13,2,0,0,1,4,3,7,4,0,0,12,0,0,0,19,10,1,5,21,0,10,1,14,5,5,11,22,2,13,1,8,9,4,0,1,6,21,3,5,11,12,2,5,0,3,88,5,4,5,1,6,13,13,2,9,5,8,25,2,3,3,1,5,9,2,8,1,2,9,54,1,5,12,0,82,38,0,1,6,4,5,6,13,1,2,19,15,28,10,3,37,1,10,11,17,0,1,12,0,2
2014/05/14,6,2,0,2,3,5,1,4,3,1,13,3,2,3,2,8,3,5,17,2,12,8,11,1,3,13,22,2,15,2,15,6,2,3,6,3,23,2,7,10,10,2,0,6,5,71,19,8,3,1,4,7,12,4,7,6,9,25,3,4,2,0,11,0,3,1,5,4,6,39,2,3,17,2,72,41,0,5,7,8,1,3,10,9,1,20,12,18,6,0,36,2,9,31,9,2,0,10,2,8
2014/05/15,13,0,0,0,2,1,3,1,7,3,12,2,6,6,3,10,5,10,27,2,9,6,12,10,4,22,27,0,13,2,17,6,5,2,0,3,25,5,4,10,12,2,4,0,4,63,4,3,4,0,5,3,15,2,14,4,20,21,3,3,8,0,13,10,3,6,2,1,5,47,1,10,7,2,88,22,0,7,7,5,0,1,4,3,1,26,8,8,4,4,28,5,8,6,19,2,1,7,4,3
2014/05/16,5,0,2,5,7,3,7,1,6,4,7,1,1,0,4,16,2,9,19,8,3,9,14,4,3,2,22,2,9,0,11,0,1,4,2,4,31,4,6,7,13,3,1,0,2,59,10,3,4,1,2,6,15,5,4,4,20,13,2,4,5,1,11,6,4,9,4,3,6,44,1,5,8,5,73,21,2,7,4,4,7,11,11,2,5,20,11,29,6,2,22,1,9,21,15,0,0,17,1,1
2014/05/17,7,1,8,2,5,2,2,2,0,3,9,2,6,4,9,6,5,18,26,5,10,18,18,2,3,7,18,6,5,3,13,5,3,5,1,3,26,1,0,10,10,1,8,0,4,57,6,2,4,2,9,0,15,5,5,4,15,20,3,7,2,3,11,6,4,0,0,1,5,36,0,8,13,2,71,43,3,3,1,3,3,3,5,3,1,20,24,10,5,1,25,1,1,16,16,1,2,6,7,2
2014/05/18,9,0,0,7,10,4,3,5,0,3,5,0,8,9,9,13,6,11,26,5,10,12,16,4,4,6,6,4,23,0,14,6,3,1,5,1,31,3,4,3,9,6,8,2,4,45,12,5,5,4,3,5,18,3,19,4,13,14,0,5,1,3,14,11,5,2,6,2,3,42,0,5,18,4,91,40,2,1,4,6,5,4,8,6,3,21,23,11,8,1,29,0,6,14,17,3,0,15,3,1
2014/05/19,5,2,6,0,1,1,5,3,0,4,6,0,2,0,5,12,4,11,16,3,7,0,16,4,3,4,12,1,12,0,12,12,3,2,4,2,27,1,6,7,6,3,3,3,2,34,4,5,6,4,4,2,26,6,3,4,9,14,6,5,1,0,15,7,8,9,0,1,4,32,0,4,13,3,58,33,2,4,2,1,1,2,13,3,2,17,10,38,4,2,20,0,3,9,16,0,3,7,0,3
2014/05/20,4,1,4,0,0,4,8,7,0,0,11,3,2,1,9,5,3,0,18,2,8,9,20,2,4,4,11,1,8,0,16,5,4,2,2,3,25,2,9,7,4,4,2,0,0,41,4,6,3,2,3,5,15,4,6,1,12,14,5,0,1,0,7,3,7,1,2,2,10,25,2,3,13,5,60,35,7,6,3,5,3,4,5,7,0,14,16,32,6,2,24,0,17,21,11,2,0,12,1,1
2014/05/21,4,1,1,1,1,4,8,8,0,2,12,2,4,0,8,12,1,13,13,3,4,9,18,2,0,2,22,2,15,2,24,2,6,3,1,3,24,2,8,9,4,2,4,4,6,32,4,6,2,0,4,4,16,3,2,1,11,13,1,5,0,1,6,7,2,0,2,3,3,34,0,9,8,6,52,33,9,4,8,5,5,3,9,1,1,12,6,44,5,1,16,0,6,53,8,2,3,8,0,3
2014/05/22,3,1,4,1,1,4,4,1,0,1,11,2,8,7,0,9,1,13,12,0,3,4,17,1,4,13,13,1,24,0,12,9,1,5,1,4,23,2,6,6,6,2,1,0,4,46,6,3,8,2,3,2,23,0,5,6,11,20,1,8,0,3,10,9,4,1,2,5,6,24,3,6,17,3,46,33,0,3,3,5,1,2,10,1,2,17,10,52,4,5,20,0,6,13,7,4,1,4,2,2
2014/05/23,6,1,3,0,8,2,9,3,3,1,18,1,0,10,1,16,2,6,21,5,6,5,18,0,3,5,17,0,13,3,10,2,0,3,3,1,31,0,7,9,5,6,0,0,5,54,5,2,4,1,0,4,9,3,6,5,12,19,2,4,8,1,12,14,4,0,2,1,6,36,1,3,13,3,74,31,2,0,0,7,3,2,13,2,0,31,5,51,5,2,27,1,15,35,10,3,1,0,1,1
2014/05/24,12,3,0,2,21,4,0,5,0,5,4,0,5,2,3,4,1,14,8,3,2,8,16,5,2,1,16,1,8,1,12,3,2,4,4,3,38,1,6,11,6,2,4,4,6,68,8,6,0,3,3,2,15,2,11,6,20,23,3,2,1,1,10,7,4,0,5,2,11,35,3,4,11,2,61,34,4,2,4,5,4,1,11,2,5,33,13,42,4,3,35,0,11,13,13,2,0,0,2,5
2014/05/25,9,0,0,9,7,2,0,6,3,6,15,3,6,5,3,21,3,12,27,5,5,10,19,1,1,23,15,5,14,0,13,6,1,2,5,5,29,2,3,10,5,2,3,3,1,63,14,6,7,2,4,8,13,5,5,2,9,23,2,6,4,0,10,11,2,0,4,0,6,55,4,9,10,4,92,37,2,6,2,6,4,1,10,3,0,21,12,34,3,0,43,12,14,4,13,0,2,4,1,2
2014/05/26,3,0,0,8,1,1,3,0,2,7,9,2,2,1,11,12,5,13,22,1,1,0,16,1,1,0,16,2,7,0,10,3,2,4,2,1,36,3,4,13,4,4,4,2,4,55,9,8,2,6,4,5,24,5,4,1,11,24,5,4,1,1,7,7,9,4,0,2,4,35,0,5,9,4,85,38,3,7,4,7,5,10,6,2,3,19,25,28,7,1,37,3,16,15,13,1,3,3,1,3
2014/05/27,8,0,0,3,5,1,14,4,2,12,0,4,4,1,10,8,3,10,16,2,4,10,17,3,5,0,20,4,23,2,10,11,4,2,1,1,8,1,2,12,7,2,0,4,2,24,6,3,4,1,5,5,14,0,1,5,9,13,1,6,3,0,13,10,5,0,5,0,0,23,1,7,14,8,64,35,3,2,2,8,4,3,11,6,0,11,15,26,3,3,23,1,11,9,10,0,1,4,3,5
2014/05/28,11,0,1,3,9,1,0,1,0,1,0,2,6,2,5,6,3,5,10,6,2,8,8,5,4,0,18,2,17,0,15,5,3,6,0,5,17,1,3,7,8,0,4,0,3,44,8,5,6,2,6,1,19,2,2,1,21,13,3,5,5,1,8,0,5,11,0,2,3,24,0,4,14,2,56,18,2,3,3,4,3,8,3,1,4,15,5,11,3,3,18,3,5,27,7,4,0,4,6,1
2014/05/29,6,0,4,4,1,1,0,4,3,6,0,2,1,5,7,5,0,5,15,2,6,5,8,2,2,0,16,3,18,2,18,1,1,2,1,0,22,1,2,4,7,1,1,2,9,40,7,2,4,2,2,3,21,2,2,6,13,19,2,4,4,0,10,5,3,2,1,0,5,24,0,0,3,1,67,27,1,3,2,7,2,4,7,4,0,21,9,16,6,1,36,1,1,8,7,1,1,3,2,3
2014/05/30,7,1,5,4,4,2,0,2,2,7,0,2,2,5,7,14,2,9,12,2,5,9,14,7,2,0,5,4,12,1,14,3,2,4,1,4,28,1,1,8,16,4,1,1,3,42,6,1,4,2,2,4,16,6,0,3,12,23,1,3,4,0,5,8,6,1,0,1,7,41,0,7,16,0,73,45,3,2,4,0,4,3,8,4,0,18,12,26,5,2,20,3,18,5,11,1,1,4,5,1
2014/05/31,21,1,0,4,22,0,6,5,0,3,17,4,15,2,14,13,3,18,13,2,10,14,18,4,2,4,20,3,17,4,22,5,0,3,2,7,42,3,9,15,15,3,8,5,3,69,10,4,2,1,5,5,18,5,14,4,13,17,2,4,1,2,12,16,2,1,1,2,10,46,1,4,9,1,93,35,2,7,1,4,3,1,8,1,3,25,14,28,6,2,41,0,8,13,14,1,0,4,1,1
2014/06/01,7,2,0,7,5,5,0,4,4,3,21,0,1,6,5,13,4,17,24,3,8,5,30,6,3,3,13,0,15,2,7,6,4,4,4,1,39,2,7,18,14,4,3,1,6,64,11,8,7,3,14,7,24,11,7,7,16,25,2,4,5,1,7,6,7,1,7,7,6,38,1,6,18,2,94,57,3,5,9,6,4,0,14,8,3,37,14,27,4,1,55,1,12,48,11,1,2,16,4,3
2014/06/02,3,3,5,2,7,0,4,2,4,1,7,3,4,2,3,16,3,16,32,6,16,3,13,2,4,7,26,2,16,0,22,9,8,3,0,2,28,4,5,10,6,3,3,2,5,44,11,10,2,2,3,7,15,7,2,2,11,24,3,4,2,2,14,5,5,0,3,1,6,38,0,5,18,7,77,40,2,4,3,8,3,6,8,3,3,21,18,34,8,2,23,4,12,65,7,0,0,11,4,2
2014/06/03,8,1,5,6,7,2,11,2,1,5,7,6,3,3,7,16,3,9,41,6,6,18,19,4,3,13,21,0,19,3,14,5,8,6,3,5,31,1,4,4,11,0,3,3,2,53,12,7,5,2,11,7,17,3,2,5,6,19,4,8,4,1,9,7,7,3,8,1,7,33,0,13,13,6,75,43,4,5,3,3,2,4,14,2,2,16,12,33,9,3,23,0,10,17,13,0,2,11,5,2
2014/06/04,7,3,3,6,5,12,3,5,0,5,14,3,10,1,1,8,2,15,27,1,10,7,12,7,3,9,14,1,10,1,21,6,7,5,3,0,20,4,7,4,7,4,2,0,5,67,10,1,4,1,13,3,19,4,5,6,21,7,3,8,2,0,9,4,4,2,6,3,5,31,2,7,22,6,60,46,5,2,12,1,2,0,6,5,5,25,14,31,11,2,31,10,5,24,11,1,9,8,5,2
2014/06/05,2,2,3,4,6,5,6,2,7,8,10,1,2,4,1,13,5,11,16,7,10,5,19,7,1,10,11,4,17,1,16,2,4,4,1,7,24,0,10,4,5,5,0,0,5,68,14,5,2,0,6,7,14,5,8,5,18,23,3,2,2,1,9,9,5,0,2,2,5,46,0,5,11,5,73,50,2,3,12,6,8,0,6,0,1,29,8,40,8,0,32,0,7,21,5,2,2,11,5,1
2014/06/06,4,2,5,5,9,1,1,1,0,3,12,1,2,2,12,13,4,15,23,5,8,19,12,3,3,4,25,7,9,1,10,2,8,4,3,1,34,3,9,5,9,2,3,4,4,61,11,2,3,2,7,5,22,7,7,5,10,13,1,4,6,3,7,8,2,4,0,0,3,46,0,6,17,2,77,44,3,3,0,6,5,0,8,6,4,18,19,36,5,2,39,0,8,23,10,2,0,7,0,3
2014/06/07,2,0,8,9,28,1,9,3,0,3,9,0,3,3,5,21,4,14,28,7,10,12,24,5,5,7,18,0,13,1,22,4,2,4,4,2,40,3,9,14,12,8,4,1,3,83,6,4,5,2,7,4,16,6,8,4,15,25,1,8,13,1,6,6,5,1,0,2,7,58,1,5,20,2,110,38,4,7,6,7,6,10,6,8,1,30,14,44,0,8,35,0,3,14,20,1,2,4,2,3
2014/06/08,7,3,7,0,5,1,1,1,7,1,13,1,15,6,1,8,3,16,36,10,9,15,18,1,6,3,19,0,14,1,12,4,3,7,5,10,0,4,6,17,10,6,3,1,4,66,13,5,3,1,6,6,21,14,14,0,12,29,5,6,0,3,10,11,7,0,8,2,9,60,3,6,13,0,109,44,2,3,4,0,11,2,8,2,8,31,21,35,0,6,52,2,9,29,14,1,1,12,8,5
2014/06/09,3,0,4,5,2,3,5,4,1,7,10,10,4,5,16,14,9,17,31,6,7,7,22,4,0,6,25,0,19,1,17,6,3,3,0,4,0,3,6,9,16,7,2,2,2,92,9,11,8,5,13,10,20,7,11,7,12,29,4,2,0,0,7,10,7,11,3,3,12,57,3,5,23,8,120,57,3,5,8,0,8,2,20,4,1,22,25,38,1,6,48,6,14,72,14,1,2,10,2,6
2014/06/10,5,0,4,4,1,1,4,2,0,5,12,5,6,5,9,15,5,9,25,4,8,27,18,2,4,4,20,4,8,3,19,10,9,8,3,3,0,0,3,11,8,1,1,0,3,58,4,3,5,4,3,7,17,1,0,7,15,19,4,4,2,2,11,5,3,2,3,0,7,39,0,2,14,0,87,34,5,6,3,4,2,10,13,2,2,20,17,31,1,0,25,3,4,31,14,2,1,9,7,1
2014/06/11,2,1,5,3,5,3,12,1,4,2,11,6,3,3,7,12,1,7,22,3,5,10,9,7,4,7,16,1,13,2,17,11,5,6,2,2,0,6,5,12,6,8,0,2,5,53,3,1,3,0,9,8,12,6,0,6,13,23,1,4,1,2,6,5,3,8,0,0,4,35,0,3,11,2,80,41,3,3,9,8,4,1,8,4,1,18,10,24,4,0,23,1,10,24,11,3,4,6,2,1
2014/06/12,4,2,6,3,0,3,7,2,4,3,11,2,2,1,9,18,1,9,15,6,5,0,10,2,3,3,16,1,22,1,13,0,3,4,2,1,0,3,7,14,14,3,5,1,0,51,7,2,4,2,3,8,22,10,8,0,12,15,3,4,8,6,10,2,5,1,2,2,6,43,1,3,15,2,82,35,5,2,1,6,3,6,5,1,0,19,11,19,3,0,15,1,5,10,11,3,0,0,3,3
2014/06/13,11,1,1,7,6,2,6,5,0,2,24,4,3,4,13,7,1,12,11,5,5,9,19,2,2,5,14,2,10,0,16,2,7,3,2,11,0,5,4,7,5,2,2,4,4,58,4,7,3,2,3,3,17,8,2,5,17,19,4,4,6,0,7,7,4,0,2,6,5,35,1,5,14,0,95,38,2,0,3,3,3,3,9,0,1,19,5,41,1,5,38,4,5,18,14,1,0,1,8,2
2014/06/14,11,0,9,4,30,0,3,2,0,4,10,4,2,5,8,13,6,22,26,8,5,12,13,5,2,8,15,1,15,2,13,8,0,8,2,2,3,1,13,9,15,5,11,3,2,83,5,1,4,1,7,7,21,5,8,3,17,34,5,2,5,1,10,18,9,3,2,2,6,55,3,5,17,5,96,43,3,6,2,3,4,6,11,4,2,16,15,43,14,2,42,1,3,11,15,3,1,9,3,7
2014/06/15,3,1,8,1,2,0,7,1,4,4,18,4,5,5,8,8,3,17,23,7,10,5,22,5,5,4,11,2,8,4,14,4,3,9,3,2,3,2,1,14,14,2,9,3,3,57,9,6,4,4,4,6,18,1,8,6,11,23,1,5,0,3,14,9,6,0,4,1,12,36,1,8,19,4,84,62,0,5,0,6,5,8,13,4,4,26,9,28,5,4,33,2,0,36,9,2,2,5,2,1
2014/06/16,2,1,5,1,4,1,5,2,4,3,18,7,3,0,27,9,2,10,21,0,10,12,14,3,4,0,15,1,17,1,19,1,3,2,1,2,6,2,7,11,3,1,3,0,2,36,8,6,3,2,10,10,18,4,2,2,9,11,3,0,2,3,7,2,5,4,0,0,8,32,7,5,18,2,61,43,6,4,3,5,3,0,4,4,1,28,11,35,1,2,26,4,4,17,14,3,0,9,0,0
2014/06/17,3,2,0,2,0,9,14,4,0,4,8,2,8,4,12,11,3,10,16,3,8,14,13,2,1,3,21,3,16,1,20,2,1,7,0,6,2,3,6,8,7,3,1,2,4,46,9,4,3,3,9,8,23,4,4,1,5,14,2,5,1,0,12,0,3,4,0,0,5,35,2,6,15,0,73,41,0,3,3,1,0,0,11,2,2,22,11,26,2,1,17,2,2,15,7,0,0,12,2,6
2014/06/18,5,2,6,1,1,14,2,14,4,12,17,2,2,3,0,16,1,8,26,3,6,10,17,2,3,6,11,1,4,1,13,2,7,3,5,4,6,3,3,4,10,1,2,3,4,49,12,3,2,1,5,8,18,2,1,4,11,13,2,1,5,7,11,3,1,0,7,4,7,29,2,5,15,5,73,43,2,5,0,5,10,0,4,1,6,11,8,24,4,2,25,5,8,30,19,0,0,10,5,0
2014/06/19,4,0,1,0,0,1,3,3,1,3,16,2,2,2,7,11,1,12,12,3,7,5,17,0,4,5,16,0,18,1,23,5,3,4,2,6,2,0,5,8,9,4,0,0,4,37,6,0,3,5,3,7,11,1,7,4,12,11,1,1,0,1,14,6,4,0,1,2,6,43,2,3,11,5,86,45,0,3,8,6,3,5,7,1,4,24,21,40,3,2,26,0,11,19,10,3,0,0,3,2
2014/06/20,5,1,6,8,1,0,2,4,3,2,13,1,9,3,3,9,1,9,18,6,4,7,9,5,2,8,15,2,14,3,14,9,2,5,4,2,12,1,7,7,6,2,3,2,2,76,9,3,3,1,5,4,19,5,4,6,15,20,4,3,1,2,10,5,9,0,4,1,3,45,1,4,13,1,99,39,5,2,11,5,3,6,9,0,1,23,13,36,11,7,39,6,12,27,11,2,1,5,1,2
2014/06/21,8,0,5,9,28,3,4,3,3,4,17,0,6,3,10,16,3,21,28,1,6,0,20,4,2,6,17,1,8,1,17,7,2,3,2,3,1,1,7,5,8,5,8,0,2,50,13,3,5,2,3,7,12,11,3,3,12,23,7,4,0,5,5,9,2,2,0,2,7,31,0,8,21,1,77,49,3,5,1,7,4,7,5,3,3,22,18,39,0,4,24,0,4,24,15,3,1,10,5,0
2014/06/22,1,0,6,6,1,1,4,4,3,0,10,2,4,5,19,16,4,11,18,5,11,0,23,6,8,5,15,2,23,3,16,9,2,5,2,1,5,4,5,8,11,1,6,1,3,53,9,4,7,1,13,10,15,19,8,6,17,15,4,4,2,3,10,8,4,0,2,2,5,44,1,6,17,4,88,39,9,5,2,5,6,8,4,3,4,19,14,35,6,2,31,2,8,11,9,2,1,6,3,7
2014/06/23,4,0,0,2,3,2,5,2,0,2,9,2,0,7,9,12,3,12,30,2,5,12,16,5,0,7,6,2,25,2,13,12,2,0,3,1,1,2,4,6,6,3,3,1,0,46,10,1,2,3,8,6,30,2,2,3,11,15,20,6,2,1,10,3,8,4,4,1,3,34,1,9,17,2,65,54,2,3,1,5,3,1,7,5,3,23,16,27,7,4,31,0,4,30,11,5,0,14,2,2
2014/06/24,0,0,1,3,5,1,8,1,0,3,20,2,4,4,0,9,2,12,27,3,4,6,29,6,2,9,12,0,15,0,21,0,0,4,0,7,3,1,1,13,10,4,2,2,4,47,7,5,2,2,5,4,20,4,6,5,17,15,2,3,16,1,7,5,4,1,1,2,8,44,0,3,17,0,62,49,3,7,14,2,4,1,4,8,0,13,6,15,0,0,33,1,5,7,11,0,0,2,3,1
2014/06/25,2,3,6,1,6,3,1,4,0,3,8,2,3,1,0,10,3,12,21,2,7,6,20,1,3,3,16,2,15,1,11,9,5,3,2,3,2,1,5,10,9,1,3,0,4,43,8,2,2,4,8,2,16,2,4,5,10,11,4,1,1,0,12,5,4,0,1,1,2,27,3,6,9,2,74,34,7,6,0,6,2,3,11,4,2,17,10,23,1,0,21,0,7,5,12,1,3,11,6,1
2014/06/26,4,2,2,6,8,7,0,7,2,3,11,7,2,4,0,10,2,15,22,0,5,6,11,2,3,6,9,2,10,0,17,3,3,0,4,2,3,2,10,6,5,2,2,0,0,35,7,4,2,0,9,4,29,5,3,5,8,6,2,0,0,1,6,4,1,1,0,2,2,27,0,2,10,5,61,25,0,4,2,4,2,1,4,0,1,12,8,17,2,1,22,0,4,15,12,0,3,4,0,1
2014/06/27,4,0,7,2,6,3,7,3,4,1,12,0,2,7,0,8,3,8,17,2,6,4,10,3,8,8,14,2,23,0,12,5,0,3,1,4,13,0,8,12,3,3,0,0,2,41,6,1,4,0,1,1,10,6,4,2,15,8,2,4,3,3,4,10,5,0,1,1,9,30,0,3,14,7,72,34,1,5,0,8,4,9,5,1,3,21,6,24,3,2,29,2,0,11,8,2,0,11,2,0
2014/06/28,0,1,3,2,22,0,3,4,9,4,13,1,3,2,6,11,1,10,18,2,5,10,25,3,0,14,18,3,11,2,15,0,4,5,0,6,4,1,6,12,17,4,6,5,1,64,13,2,6,0,5,7,21,8,6,4,19,27,1,3,2,0,10,10,7,2,3,2,6,50,3,3,12,3,86,45,4,5,0,4,4,4,12,3,4,20,10,33,4,2,29,2,3,51,10,1,1,4,7,3
2014/06/29,6,0,4,0,5,0,1,4,0,5,17,2,1,6,5,20,3,12,17,7,6,10,24,5,0,13,21,2,17,2,10,7,3,4,7,4,3,1,4,14,11,4,6,0,0,56,9,4,3,2,5,8,28,5,17,0,17,32,5,4,0,0,9,7,4,0,3,0,5,40,1,6,13,4,88,49,3,7,0,2,5,6,9,2,3,35,9,44,4,2,43,0,8,14,4,0,0,8,7,3
2014/06/30,2,1,8,4,0,2,8,5,0,1,8,3,1,10,7,8,3,10,19,4,1,7,15,4,3,4,17,0,12,0,19,1,4,3,7,3,5,1,4,14,9,4,6,0,1,68,9,7,1,2,3,7,17,2,7,4,17,20,9,3,1,2,6,4,5,5,4,0,4,54,2,9,9,1,86,46,0,6,3,4,4,8,9,2,0,37,14,32,10,2,36,2,2,11,3,2,1,5,0,5
2014/07/01,7,4,10,5,2,1,4,6,0,3,12,0,4,7,0,21,6,21,26,4,12,9,22,5,4,5,22,11,23,2,14,3,1,3,0,7,2,3,3,11,6,0,2,2,6,54,3,0,3,2,5,10,27,2,17,3,14,22,2,7,5,2,10,9,5,5,2,0,7,44,0,5,7,4,98,48,4,10,2,6,4,11,10,2,0,24,12,46,3,0,29,1,9,19,7,2,1,12,9,2
2014/07/02,6,1,6,3,1,1,2,2,0,4,5,0,2,6,7,15,4,16,15,5,8,11,19,3,4,8,21,3,12,0,20,7,5,1,6,1,4,3,6,15,10,3,4,0,0,52,6,6,5,3,4,5,22,5,5,5,12,19,5,4,2,5,7,10,9,3,3,5,8,34,1,4,10,2,81,33,2,3,3,4,5,7,10,2,7,21,9,62,1,1,21,3,10,30,6,2,1,16,6,1
2014/07/03,11,5,4,0,24,3,15,6,0,6,15,2,0,3,11,13,5,9,26,8,11,9,18,2,0,3,14,2,15,2,11,1,5,7,3,1,1,1,9,17,13,9,3,2,2,70,9,9,3,2,5,6,17,13,4,2,19,24,8,5,5,5,21,16,5,1,10,1,11,56,1,6,27,2,120,41,1,7,6,6,7,3,15,6,3,27,11,80,6,2,41,2,9,23,17,2,0,0,7,5
2014/07/04,4,0,0,0,5,3,1,4,0,5,11,1,0,2,8,18,4,13,18,6,0,7,11,4,1,12,26,3,10,4,6,9,2,10,3,1,2,3,5,14,10,17,7,2,1,50,13,1,1,3,8,5,21,1,10,6,18,26,4,3,3,1,17,12,9,0,2,1,3,39,2,6,12,4,118,38,5,3,8,7,4,1,7,2,1,31,12,63,0,2,30,1,2,34,15,1,2,12,2,0
2014/07/05,10,0,1,2,26,3,1,6,2,7,16,4,7,5,1,13,4,9,18,7,7,5,14,4,4,10,16,4,10,0,10,4,4,1,2,1,0,0,4,16,8,5,2,2,4,69,8,6,4,4,2,3,13,3,6,4,18,18,4,4,3,0,10,17,6,1,0,1,6,37,1,9,18,2,70,50,2,1,2,2,5,3,13,2,0,20,20,37,0,1,41,3,2,48,9,3,2,9,5,4
2014/07/06,12,1,3,7,6,3,1,8,3,3,12,5,1,7,7,17,3,14,34,2,5,21,10,10,6,14,19,3,20,0,12,5,5,5,4,1,0,3,3,17,22,3,8,0,4,73,13,13,6,5,17,6,19,2,4,3,17,20,4,8,4,3,12,2,3,0,0,2,10,33,3,5,8,0,83,67,3,6,2,6,1,1,9,5,2,29,22,48,0,0,45,4,9,39,11,1,5,10,1,2
2014/07/07,5,0,5,6,1,4,6,4,0,7,13,3,8,11,26,8,3,16,37,5,5,7,27,1,3,11,15,1,15,1,21,4,4,2,6,3,0,4,7,14,7,4,6,2,4,59,7,4,2,2,10,5,27,0,7,3,8,23,8,4,3,2,8,0,8,6,7,0,3,51,1,4,18,6,78,41,1,5,2,5,4,8,10,1,5,38,6,27,0,0,28,0,0,9,3,3,0,5,1,4
2014/07/08,5,0,0,1,13,3,7,1,6,1,14,0,2,5,13,31,7,16,21,9,7,23,32,5,2,1,23,16,6,0,16,11,6,3,4,4,40,3,3,15,16,3,0,1,2,46,16,11,3,3,10,5,30,7,3,6,8,11,2,0,11,1,6,0,9,1,1,1,8,22,1,7,16,3,16,87,0,3,1,1,2,14,8,6,2,34,0,38,5,2,51,12,0,0,15,3,0,11,8,2
2014/07/09,6,0,0,1,11,2,13,6,2,3,6,1,4,0,10,1,9,19,15,4,4,20,22,2,2,9,19,0,18,2,15,10,4,4,4,9,38,1,9,12,9,5,9,0,2,61,4,6,1,3,7,4,10,12,1,5,15,23,8,3,1,1,4,10,1,1,4,0,7,38,0,8,10,6,77,64,0,5,1,3,3,6,11,5,2,21,24,31,8,1,28,0,2,0,7,0,4,1,4,1
2014/07/10,17,1,0,3,7,2,1,6,2,10,3,4,3,6,15,16,4,17,17,5,11,7,24,3,6,7,18,2,14,1,14,1,5,2,6,1,21,1,6,16,13,4,2,0,3,47,10,0,4,3,12,4,20,5,10,6,21,19,3,5,0,2,22,10,4,1,0,0,5,45,1,9,15,4,76,65,6,4,5,2,7,1,10,2,4,32,13,59,9,3,38,0,10,33,8,2,1,15,0,1
2014/07/11,4,5,0,2,4,1,6,1,1,5,8,0,0,4,7,16,4,17,0,4,6,8,12,2,1,2,17,4,16,4,10,7,4,7,2,6,26,1,5,15,4,2,5,2,5,43,8,6,1,2,5,4,12,3,12,3,16,13,4,5,0,4,15,4,5,0,0,1,4,27,2,5,11,2,76,49,0,5,1,4,4,2,9,5,0,26,15,43,3,0,32,1,4,30,14,1,4,9,0,3
2014/07/12,10,1,10,4,4,5,6,3,0,4,9,0,0,3,6,0,5,16,35,3,11,4,18,2,5,29,14,11,23,3,13,24,4,1,3,2,50,2,9,9,5,2,2,2,3,53,5,5,6,2,6,6,18,0,3,2,21,14,5,2,4,1,9,10,7,1,0,3,4,33,0,9,17,3,93,66,4,5,6,2,8,8,10,2,0,27,29,20,6,1,48,7,6,17,15,1,1,2,4,0
2014/07/13,5,1,1,5,2,1,4,6,0,6,12,1,0,11,1,0,3,24,13,5,9,21,19,1,6,8,19,2,28,4,24,0,4,5,2,7,42,1,5,6,12,2,3,3,1,65,9,2,10,5,4,5,14,5,7,6,16,13,3,1,5,6,13,5,1,2,0,2,2,31,2,7,15,8,101,4,4,12,6,1,3,5,12,3,6,33,11,17,4,2,36,2,4,39,11,2,3,6,3,4
2014/07/14,3,0,6,8,2,5,4,5,0,3,8,1,0,1,16,0,6,11,0,6,9,6,22,4,4,0,12,3,28,9,27,0,4,6,1,0,29,1,8,6,9,3,6,1,0,47,12,5,5,3,2,7,8,2,5,2,12,12,10,11,2,3,10,7,6,6,4,2,6,37,2,6,21,2,98,3,3,5,8,0,5,9,7,1,1,26,21,10,11,2,23,2,10,42,10,0,1,11,1,2
2014/07/15,6,2,6,1,7,6,6,1,0,6,11,0,5,4,0,0,1,18,5,4,5,5,21,7,2,6,15,0,23,3,33,11,3,4,0,7,28,4,5,5,11,0,1,0,2,53,9,7,8,0,3,7,0,3,8,5,7,20,2,4,1,1,23,7,0,5,1,1,5,39,0,5,10,1,96,2,4,6,6,3,7,6,8,1,2,20,18,7,15,5,38,2,8,18,11,1,5,5,2,4
2014/07/16,5,4,7,0,4,8,11,1,15,5,10,0,3,3,13,0,4,17,26,5,8,11,31,4,6,8,12,2,8,2,15,5,4,1,2,5,33,0,10,6,2,3,2,2,3,36,8,9,2,0,3,3,10,2,5,6,13,11,3,4,0,7,11,6,5,1,6,1,8,37,1,6,7,1,75,3,2,2,0,3,3,6,5,3,2,23,17,27,13,1,26,1,6,29,8,1,1,5,0,0
2014/07/17,5,0,0,4,6,2,6,3,2,5,6,1,2,4,11,0,4,5,1,2,5,2,5,1,3,2,17,3,14,1,17,3,1,4,0,1,24,1,5,11,6,4,2,1,1,28,4,1,3,4,9,7,15,3,13,2,10,20,7,7,2,2,9,16,12,3,0,1,4,23,0,6,10,0,61,0,3,2,2,5,6,2,8,1,0,26,6,30,7,0,26,8,5,16,9,2,0,22,4,4
2014/07/18,2,0,0,5,6,8,3,1,3,4,14,0,2,0,7,12,2,11,23,1,8,8,19,2,4,7,14,3,21,1,7,3,3,3,6,2,26,1,5,7,9,5,4,2,1,50,8,2,5,2,2,2,22,2,4,4,14,12,6,3,1,2,8,10,7,0,0,1,4,39,1,6,17,3,94,0,4,5,0,0,4,4,8,4,0,23,9,26,4,0,32,5,11,15,12,2,2,9,6,3
2014/07/19,7,3,2,5,5,8,3,5,0,0,13,2,5,3,8,16,6,9,21,4,9,3,13,6,1,4,21,5,19,4,21,5,4,5,2,5,38,1,5,13,9,6,13,0,4,47,10,5,4,1,5,9,16,2,5,4,13,20,2,6,5,5,9,12,7,1,0,1,10,38,0,10,16,4,92,7,0,9,3,1,8,1,12,4,2,27,13,35,10,0,44,1,16,20,4,5,1,11,2,3
2014/07/20,1,3,2,2,4,2,8,1,0,3,12,4,13,2,4,12,3,19,19,1,10,9,15,5,2,3,18,2,16,0,29,4,8,4,5,0,40,3,3,11,16,6,4,1,5,54,8,7,6,2,8,4,24,7,8,5,14,23,2,4,3,2,6,11,1,1,0,2,3,42,0,11,16,6,99,44,5,6,8,5,7,7,9,5,5,29,15,23,6,2,40,2,5,11,1,4,3,9,1,2
2014/07/21,11,0,4,3,7,3,2,7,0,3,8,5,1,6,12,17,4,10,26,4,7,5,16,6,6,2,18,2,13,5,22,5,2,2,1,3,34,1,6,11,8,1,6,3,6,39,6,3,5,3,7,8,28,6,0,5,10,26,13,5,1,1,8,7,2,7,0,0,7,42,1,10,8,7,82,45,1,11,3,1,8,6,8,1,0,20,10,35,19,2,22,2,13,30,10,0,0,4,5,4
2014/07/22,6,4,5,3,9,4,1,6,0,2,13,2,8,7,35,16,5,10,28,4,6,4,15,1,3,4,22,9,11,1,22,4,5,4,0,2,23,2,4,12,7,0,1,5,1,52,8,5,2,1,9,7,29,4,5,3,10,20,0,8,2,0,5,8,3,1,4,0,7,39,1,10,14,1,82,31,4,8,6,6,8,4,17,2,0,18,5,33,4,5,24,2,14,17,11,1,3,6,1,12
2014/07/23,0,2,4,0,3,1,3,7,0,2,9,2,3,4,3,13,2,6,2,1,8,5,10,3,2,6,17,2,10,1,19,2,3,2,4,6,23,4,3,6,13,0,2,0,6,48,5,9,1,3,5,15,25,0,7,5,8,10,0,0,3,0,4,6,7,3,4,0,4,33,1,7,8,3,65,34,2,8,1,0,2,8,8,1,1,19,8,16,6,4,31,1,9,8,4,1,3,14,5,0
2014/07/24,11,0,4,5,7,3,4,3,6,4,8,1,2,3,12,8,1,9,1,4,4,6,17,5,6,13,24,7,14,1,15,8,0,3,3,5,20,0,6,10,9,2,5,0,5,50,2,5,5,4,4,3,14,6,7,5,17,17,3,3,4,1,7,12,6,2,0,1,4,28,0,10,14,2,85,31,2,7,1,1,9,4,9,0,3,16,27,23,1,0,37,1,8,7,15,2,1,3,4,0
2014/07/25,8,4,8,3,15,0,2,7,4,2,13,3,5,3,7,9,4,26,21,3,9,7,24,2,2,2,20,3,13,0,12,5,5,4,1,3,42,1,7,8,9,0,1,2,4,72,7,4,4,1,0,7,10,5,19,3,12,22,4,6,2,1,8,6,7,1,3,1,3,36,0,8,6,5,86,34,1,7,4,3,8,6,10,1,2,28,12,30,5,0,48,5,5,25,12,2,1,6,12,0
2014/07/26,2,3,1,1,12,0,5,3,1,1,5,3,2,7,7,12,6,11,18,3,9,4,17,3,6,20,21,0,22,1,14,5,1,6,3,4,56,3,3,17,10,5,15,0,4,67,10,3,7,0,7,10,29,3,6,4,23,20,2,3,1,1,9,16,3,1,6,4,7,35,0,3,18,4,137,42,3,3,3,8,9,0,8,3,2,38,13,13,6,0,55,2,6,9,9,1,1,5,0,6
2014/07/27,1,0,1,3,0,3,5,9,5,5,18,8,4,7,2,9,0,14,24,4,4,2,22,1,9,4,20,3,24,4,5,1,4,3,6,4,32,3,8,12,4,3,7,3,4,90,7,6,5,3,11,5,11,5,9,7,12,26,4,0,2,2,3,10,1,1,5,1,10,48,1,7,11,4,85,58,1,15,0,3,7,7,8,3,0,33,19,24,7,6,64,1,21,14,6,0,1,11,1,3
2014/07/28,5,1,3,0,3,5,2,1,5,3,3,0,6,2,14,15,0,9,18,1,2,10,17,2,0,2,18,1,23,0,18,11,4,4,1,6,18,2,8,11,12,3,3,2,5,56,5,4,0,1,7,5,20,4,9,1,17,12,7,1,0,4,7,6,3,7,0,1,2,41,4,5,13,0,89,36,5,8,2,3,8,6,3,3,2,15,5,16,6,5,22,2,5,28,1,4,1,1,0,4
2014/07/29,0,4,4,1,1,2,3,9,4,6,14,0,5,5,9,9,4,11,15,3,0,9,15,2,4,3,13,3,15,0,19,3,2,2,1,1,22,2,3,16,7,0,3,0,1,69,8,2,4,4,6,0,19,0,4,4,11,20,2,4,1,0,11,6,7,0,2,1,7,24,2,11,8,4,58,43,2,4,8,0,4,3,6,10,1,15,19,14,1,3,24,5,19,4,18,0,1,3,2,1
2014/07/30,3,0,3,2,4,4,1,1,0,1,12,3,0,2,0,11,0,12,11,4,5,7,15,2,3,8,14,3,10,6,15,8,4,2,2,2,33,2,5,11,6,2,2,2,5,42,5,3,2,2,5,2,13,1,6,3,9,18,5,3,4,1,4,11,1,2,3,2,6,32,1,6,11,1,70,48,5,7,5,5,4,5,7,3,0,24,12,14,4,0,31,3,14,25,16,0,1,1,3,4
2014/07/31,22,0,8,0,1,1,1,2,0,2,13,6,0,12,2,10,2,12,18,3,7,12,20,3,3,10,18,5,20,0,7,1,3,2,1,6,31,1,4,12,7,1,4,1,4,48,12,1,6,2,2,1,11,4,4,5,14,27,5,2,1,3,16,5,2,1,1,2,7,30,1,6,13,0,70,28,1,6,6,1,8,3,5,3,0,15,7,32,10,1,33,2,2,36,9,1,2,5,6,3
2014/08/01,2,0,0,3,0,4,14,0,0,3,13,4,2,4,11,18,3,12,27,3,10,7,14,7,6,25,28,3,24,4,16,6,0,9,1,7,48,2,13,11,13,9,4,5,1,65,5,3,9,2,9,7,17,5,9,8,17,27,2,3,3,2,3,7,5,4,5,1,10,34,1,4,10,4,114,42,4,7,1,0,7,8,9,1,1,41,13,52,12,3,34,19,7,12,15,1,2,11,9,1
2014/08/02,0,3,0,0,8,2,2,10,7,5,21,0,3,4,2,19,4,21,21,2,2,3,36,2,0,20,11,7,11,2,15,3,10,4,6,2,54,1,4,16,5,5,13,0,4,45,9,4,6,1,3,2,16,1,6,4,17,11,2,8,4,4,4,8,2,3,0,3,6,21,1,6,19,4,72,46,2,3,9,2,5,8,9,6,1,33,23,48,5,7,68,0,2,16,10,3,0,17,8,0
2014/08/03,6,1,0,2,4,6,0,5,2,2,17,0,8,4,4,17,4,17,44,6,6,28,21,2,4,8,19,9,10,0,9,14,7,3,6,2,34,6,3,13,18,0,2,3,0,55,10,4,5,6,9,8,12,0,17,0,16,7,5,6,3,0,0,16,7,11,5,5,10,51,2,7,16,5,97,76,3,12,4,3,10,17,15,4,4,36,23,32,8,5,44,8,18,41,4,1,2,6,4,0
2014/08/04,4,5,4,5,3,2,3,5,0,2,20,1,5,12,27,22,8,11,34,5,6,6,19,3,8,9,27,3,4,2,18,5,4,2,2,6,15,4,3,12,7,1,3,1,6,59,10,7,4,1,6,5,19,5,0,3,8,18,0,2,10,2,6,4,6,4,3,2,9,30,5,2,15,1,88,51,3,11,1,3,2,5,6,3,3,26,14,42,5,0,17,1,10,32,6,3,0,1,5,5
2014/08/05,11,5,6,4,5,2,1,6,0,5,9,2,8,4,6,16,5,11,25,10,8,9,25,3,6,2,20,5,0,0,14,4,1,5,1,1,44,2,6,13,18,3,9,1,4,53,3,6,8,0,9,7,17,13,9,3,9,9,7,2,4,1,5,4,9,2,3,3,5,27,1,7,25,2,87,55,4,12,2,4,6,3,16,2,0,25,16,11,1,1,26,4,14,21,12,0,1,8,4,1
2014/08/06,6,1,3,2,8,0,3,3,2,11,10,2,3,3,2,15,2,18,21,3,8,6,29,2,2,12,22,4,10,4,21,9,4,3,4,6,0,3,3,13,9,5,3,3,6,73,2,1,4,3,8,5,14,13,9,6,22,20,3,7,2,2,8,11,6,3,2,1,7,55,1,0,4,4,96,34,5,7,5,0,4,7,7,3,1,21,6,19,0,1,29,5,15,14,15,3,0,11,3,1
2014/08/07,1,3,2,6,5,4,0,5,4,7,9,1,4,10,12,18,3,18,25,4,8,2,23,6,3,3,14,6,15,0,10,5,0,2,0,3,0,5,8,16,13,2,2,0,2,59,13,4,8,2,4,9,13,3,7,5,16,24,2,2,0,1,15,4,5,6,6,2,8,39,1,5,17,3,86,39,5,3,1,9,5,6,6,1,3,26,7,30,0,0,30,6,10,16,10,2,2,14,6,2
2014/08/08,5,0,3,2,7,2,2,3,4,0,20,1,11,2,0,21,3,16,27,6,14,10,13,3,9,5,17,1,16,3,9,13,2,3,2,1,0,2,6,19,11,9,5,0,6,57,6,4,3,5,10,4,18,2,5,6,22,23,3,2,2,1,10,9,8,3,1,2,8,41,0,12,10,2,106,17,5,7,4,3,3,7,15,2,3,23,19,30,0,3,34,4,23,12,15,2,0,6,4,1
2014/08/09,5,6,1,6,9,7,3,11,5,17,11,2,3,4,15,23,5,25,18,4,12,8,12,1,2,15,16,2,22,2,12,15,6,1,1,5,3,7,8,11,13,6,0,4,4,55,10,4,2,2,12,4,14,16,3,2,17,17,5,10,2,3,14,14,7,4,4,2,8,36,1,4,20,4,100,1,0,5,3,0,4,6,6,5,5,44,19,31,1,3,56,2,5,27,10,1,0,5,3,3
2014/08/10,6,3,8,3,7,7,3,5,3,5,10,4,2,8,12,24,5,12,52,10,6,2,23,5,6,8,19,2,20,10,9,4,5,4,2,3,3,1,4,12,19,8,9,0,1,51,18,4,8,3,6,7,16,6,10,6,14,35,7,5,1,3,23,14,5,7,4,3,10,47,3,8,16,3,110,0,0,8,4,4,12,6,11,0,1,32,19,26,2,0,57,1,1,34,9,2,3,7,3,6
2014/08/11,3,3,5,1,4,3,2,5,2,0,4,2,2,1,4,16,4,17,24,2,10,9,14,2,0,0,14,5,19,7,11,1,3,2,2,4,7,7,4,15,9,6,5,2,2,75,9,3,3,5,4,4,22,3,2,7,6,20,0,10,1,0,18,10,4,9,3,0,4,52,4,13,18,4,95,3,2,9,8,2,7,5,8,4,1,31,18,21,10,10,41,4,5,8,6,7,4,7,2,6
2014/08/12,7,1,5,1,3,4,6,5,7,1,14,2,7,3,10,14,3,19,26,3,8,12,15,2,8,3,12,1,15,4,32,8,3,3,1,3,5,0,3,8,8,2,2,1,3,56,7,3,4,1,7,5,25,2,4,5,14,25,2,5,1,0,10,7,6,6,1,0,7,39,0,3,12,4,108,4,3,4,3,6,1,6,5,0,1,23,9,19,8,2,31,5,6,14,10,4,2,8,3,0
2014/08/13,3,2,2,3,4,6,4,8,0,0,6,1,7,4,6,13,2,9,24,1,4,8,13,3,4,10,13,1,16,3,18,12,5,5,5,9,0,3,4,12,14,4,2,4,4,55,4,5,4,3,7,4,9,0,6,3,17,21,6,4,3,2,8,4,3,7,1,3,3,29,1,7,10,2,70,0,4,7,3,5,1,12,3,1,4,24,12,29,3,5,18,4,6,17,4,2,1,11,12,0
2014/08/14,2,1,1,1,0,4,6,3,0,0,7,1,17,1,4,11,2,11,23,5,6,0,8,2,4,8,14,13,8,4,15,1,3,4,4,1,0,0,9,17,9,3,7,0,1,41,10,0,7,2,2,5,21,0,5,6,14,19,4,8,1,0,9,8,8,6,4,1,9,33,0,12,9,3,88,0,13,6,2,1,1,6,9,1,1,13,10,32,2,0,31,1,1,24,8,3,1,14,4,2
2014/08/15,3,1,0,2,8,5,3,3,1,2,14,0,3,1,7,5,1,5,11,2,4,5,16,1,1,5,12,1,11,1,8,6,3,2,0,1,1,0,6,13,8,4,1,2,1,56,4,4,5,2,8,1,28,1,14,3,12,12,3,2,15,2,8,10,6,7,3,2,0,35,4,10,8,0,89,8,4,4,4,5,2,15,4,4,1,17,8,26,2,0,37,14,8,17,11,1,0,4,1,5
2014/08/16,11,7,5,3,6,3,3,4,15,9,12,1,6,2,0,17,4,13,26,3,8,7,21,2,4,7,30,1,8,5,13,3,4,6,1,3,2,3,11,16,15,7,5,2,3,72,8,6,6,0,7,2,13,1,4,5,27,23,4,4,6,3,11,6,4,5,2,5,9,51,2,9,7,2,118,6,4,12,5,6,6,4,11,1,1,28,10,26,3,0,41,0,5,39,14,3,2,5,4,7
2014/08/17,4,4,1,1,8,5,4,5,0,2,12,3,1,5,10,16,4,14,33,3,6,16,21,5,4,8,11,3,5,7,21,3,6,3,3,2,4,3,1,12,8,4,5,1,5,70,20,7,5,0,10,5,19,2,5,7,12,29,3,8,3,1,17,10,6,7,1,7,3,54,3,10,14,0,128,4,5,5,4,1,8,1,5,5,7,32,13,40,5,0,47,3,11,28,8,3,2,8,3,2
2014/08/18,3,3,7,3,3,4,4,1,5,0,12,2,3,9,6,19,3,10,29,2,5,4,20,3,3,11,13,1,0,1,14,12,5,3,4,3,2,5,11,9,3,6,9,2,8,56,4,3,4,2,14,2,13,1,3,4,9,16,8,1,3,0,19,9,5,7,1,5,2,48,2,10,11,4,81,2,1,8,7,6,5,2,10,0,4,26,11,24,3,3,24,2,7,16,13,1,1,8,0,2
2014/08/19,6,2,6,1,2,7,2,5,0,2,7,2,1,7,6,6,7,16,29,3,7,10,20,5,3,7,19,4,0,4,11,16,3,0,4,1,3,1,3,11,11,0,2,1,2,44,13,8,3,2,13,4,17,2,2,2,11,19,1,3,3,0,6,2,5,11,1,1,7,39,1,7,13,2,92,2,1,4,1,6,1,1,10,0,2,20,13,28,6,2,26,0,17,13,9,2,0,4,1,4
2014/08/20,3,0,4,3,3,2,15,1,2,6,18,1,5,2,1,9,0,18,16,5,6,12,14,4,3,13,14,2,14,2,16,4,1,3,1,0,3,7,5,7,3,3,1,0,6,43,6,2,1,3,1,3,17,2,0,2,20,20,8,10,4,0,9,5,5,0,1,0,8,33,1,8,6,2,74,0,1,2,3,6,0,4,7,2,1,25,6,11,4,3,21,3,2,21,9,1,4,2,6,2
2014/08/21,6,1,3,0,2,0,6,2,1,4,16,3,3,1,7,6,0,10,13,2,3,0,6,2,5,3,13,0,16,1,15,5,5,4,2,0,1,2,5,10,6,4,4,1,0,52,6,8,4,1,3,5,16,0,3,4,13,22,2,4,2,0,11,5,5,7,1,0,10,42,4,9,8,0,77,0,3,3,8,0,2,3,5,1,4,21,7,31,3,0,24,5,0,13,9,2,0,4,2,2
2014/08/22,8,2,5,1,7,1,3,2,1,1,16,1,3,7,4,12,2,9,28,5,11,6,23,1,1,3,16,1,12,2,15,9,2,5,6,5,0,5,5,12,14,6,4,3,2,57,8,5,4,4,4,3,21,5,8,3,9,17,4,7,0,3,8,6,5,4,5,0,7,39,2,12,9,1,81,3,4,3,9,2,3,2,11,0,1,19,10,27,3,0,28,3,3,88,6,1,2,7,5,2
2014/08/23,8,3,1,1,3,6,5,2,2,2,10,0,7,4,5,12,7,8,13,1,6,2,14,3,3,9,22,1,18,7,18,8,2,4,5,5,0,6,5,16,14,4,7,1,6,102,2,2,5,3,4,7,21,3,7,6,12,31,3,5,1,1,3,9,6,8,1,0,10,33,1,5,14,2,111,2,0,11,9,2,4,2,11,5,4,25,18,29,1,6,55,1,3,23,10,1,2,11,3,3
2014/08/24,4,3,9,0,6,2,5,7,4,1,24,3,6,3,1,23,3,8,34,4,7,2,30,3,2,7,14,5,12,0,23,14,0,4,3,2,2,6,2,15,14,3,4,2,3,71,9,7,3,1,10,8,14,4,10,7,15,30,7,8,1,4,10,14,5,9,3,7,13,10,2,1,16,3,130,1,6,10,6,7,8,4,7,4,6,29,27,1,1,2,53,1,10,27,11,2,2,7,5,0
2014/08/25,6,1,1,2,2,0,3,2,6,1,16,1,1,3,13,18,3,10,18,2,9,8,11,4,1,13,18,4,11,1,17,5,5,4,7,4,3,7,14,13,9,3,1,2,7,35,5,5,2,3,5,3,18,3,2,2,6,13,9,6,0,3,14,12,3,2,1,2,4,11,2,10,7,4,93,6,7,2,3,0,8,6,10,4,1,25,14,7,5,3,33,1,4,26,8,2,3,4,5,3
2014/08/26,0,3,4,0,4,3,1,7,3,2,11,0,1,7,5,6,2,13,14,1,8,3,23,0,4,9,17,1,13,0,16,9,4,4,2,2,2,7,8,8,9,3,3,0,3,30,5,2,6,1,3,3,14,9,1,4,11,11,0,5,1,3,6,4,5,7,2,6,3,25,3,14,16,0,84,1,1,10,6,0,5,3,10,2,3,21,11,0,5,2,35,0,3,26,6,2,1,7,2,2
2014/08/27,4,5,5,4,3,4,1,2,2,4,10,0,3,3,0,8,2,6,18,0,4,6,16,4,2,7,13,0,0,3,15,12,4,3,1,0,3,7,3,14,8,4,2,0,3,38,5,3,3,5,5,4,15,5,1,3,17,17,3,4,1,2,7,1,5,6,1,0,3,30,0,9,11,5,69,0,4,4,3,0,3,4,8,2,3,12,6,0,0,1,26,1,1,35,5,0,1,7,3,2
2014/08/28,5,1,9,1,10,1,1,5,4,1,10,5,2,3,12,17,2,13,11,0,3,0,11,1,3,4,15,3,0,1,19,5,2,5,1,3,1,3,3,15,2,4,1,2,4,29,2,0,3,1,5,2,22,0,8,5,10,16,2,6,2,2,12,6,3,9,2,6,6,21,1,9,8,2,60,6,4,6,4,2,2,1,10,2,0,24,19,2,1,4,27,4,7,15,9,1,5,2,1,1
2014/08/29,2,2,6,1,8,3,8,3,1,1,20,3,2,5,8,9,1,9,15,1,3,24,16,1,4,5,13,4,10,2,8,10,4,7,4,5,3,2,4,12,10,15,1,1,3,42,4,3,3,1,11,4,21,3,5,4,10,9,6,4,2,2,12,3,5,2,2,2,1,43,1,6,12,1,59,3,2,7,0,1,3,4,9,0,6,26,9,7,0,6,20,13,10,30,10,2,2,9,2,3
2014/08/30,7,0,2,2,18,1,4,3,0,3,16,1,1,12,0,9,0,7,19,3,2,0,12,2,6,6,19,5,11,2,13,3,1,6,7,1,0,1,3,16,15,5,4,1,4,47,7,3,3,4,4,7,14,7,8,3,14,20,0,6,1,0,11,5,6,5,3,3,5,29,3,10,8,1,82,3,1,5,3,2,6,9,11,1,1,27,7,0,17,3,44,3,8,8,14,5,2,11,5,5
2014/08/31,3,2,4,1,2,1,2,9,0,7,11,0,7,6,0,14,1,10,22,2,4,5,25,5,2,13,6,4,3,2,14,8,5,6,1,4,0,5,3,8,4,4,6,1,2,38,4,6,3,4,3,4,19,3,5,5,12,19,3,8,1,3,19,8,2,5,1,2,7,21,1,13,13,3,72,6,3,2,1,1,7,2,6,1,3,23,16,0,4,5,35,0,7,35,10,1,0,10,2,3
2014/09/01,3,3,0,3,1,0,3,3,0,4,13,0,6,6,8,22,5,15,30,4,8,6,28,5,4,5,13,1,0,1,14,6,2,5,3,0,0,3,4,23,12,7,0,2,4,53,9,4,5,0,8,5,18,10,8,2,15,32,3,9,4,1,9,12,6,10,2,4,4,28,1,9,19,4,94,2,3,7,6,0,7,8,9,3,0,36,15,0,5,4,56,2,4,33,10,2,2,6,3,3
2014/09/02,1,0,9,0,3,1,4,2,2,3,8,1,3,3,0,11,7,13,19,2,8,9,17,6,4,7,17,8,0,0,12,14,10,4,1,7,0,3,10,8,9,3,5,1,2,49,9,3,4,3,8,10,17,3,6,4,11,20,10,4,3,3,10,3,3,4,1,3,4,27,0,5,9,3,81,0,2,11,6,6,4,6,8,0,0,14,5,1,1,1,24,5,12,30,9,2,3,7,6,2
2014/09/03,3,1,2,2,2,0,26,2,5,5,8,10,3,7,3,12,5,18,24,5,3,3,11,6,0,5,10,8,23,3,21,8,3,9,1,2,40,4,2,8,10,2,4,1,5,54,9,7,3,1,5,6,18,5,8,3,9,11,5,10,2,2,13,7,8,12,0,4,5,28,1,3,11,5,76,0,5,9,5,5,1,4,11,5,0,15,12,19,14,0,31,2,3,46,3,3,1,4,3,3
2014/09/04,5,0,6,1,3,5,2,3,9,1,16,0,4,5,8,8,5,12,16,3,4,4,14,1,4,4,15,5,19,2,14,8,3,6,2,1,24,4,2,8,10,4,2,0,5,39,5,5,8,2,10,5,6,2,4,8,19,12,5,10,0,1,9,2,2,5,0,3,8,29,0,4,11,5,83,1,4,4,3,6,6,4,10,2,0,18,5,15,0,11,37,1,5,49,9,1,1,11,4,4
2014/09/05,1,1,8,7,5,0,6,2,3,4,6,1,6,6,7,12,4,15,18,4,8,10,16,3,4,3,14,4,15,0,19,4,2,9,5,2,31,3,4,7,10,4,11,4,1,31,8,6,3,4,3,4,14,4,8,5,19,13,2,3,2,3,16,9,4,7,4,4,4,30,0,3,2,4,69,6,1,4,3,1,5,5,10,1,0,21,13,27,2,1,27,2,3,23,6,0,0,10,1,2
2014/09/06,5,1,8,3,15,1,2,3,2,6,17,0,4,6,4,15,9,12,29,1,10,17,20,3,5,6,17,0,9,1,23,7,1,6,1,3,41,8,2,17,9,3,5,1,6,37,5,18,5,2,3,4,14,2,5,2,19,24,3,3,3,2,15,5,2,6,2,2,7,38,1,11,0,3,101,2,1,8,3,4,4,3,4,5,0,32,11,25,18,1,30,2,9,59,7,1,1,1,4,2
2014/09/07,5,4,4,2,0,5,5,7,4,6,16,0,6,6,25,14,7,15,31,5,6,6,18,7,2,11,19,3,21,4,18,17,2,5,3,1,51,2,9,19,10,4,1,0,7,51,16,1,3,5,13,2,18,11,6,2,11,27,7,16,2,0,6,9,4,6,5,8,5,56,3,6,23,3,109,1,0,12,5,8,6,7,14,2,1,28,20,21,6,0,35,2,6,24,8,1,1,2,10,1
2014/09/08,3,3,3,2,1,3,2,6,0,3,10,1,1,3,20,23,2,10,39,5,12,2,22,5,4,8,10,4,26,3,17,7,5,6,1,2,34,9,8,14,9,7,3,0,6,26,9,4,5,0,8,7,19,4,4,4,5,20,4,5,8,0,4,7,6,26,1,1,6,25,4,14,14,3,69,4,0,5,2,6,5,5,11,1,3,20,19,33,8,2,29,6,5,72,8,3,5,14,6,1
2014/09/09,6,4,3,0,2,1,7,7,1,2,7,1,4,6,0,8,0,13,19,6,1,7,26,10,5,3,14,3,15,1,12,8,1,4,3,5,29,2,6,6,13,4,0,2,3,34,4,4,6,4,6,9,12,2,2,3,12,15,7,6,0,1,1,12,4,8,3,1,3,34,0,5,9,4,72,0,2,12,2,0,3,6,5,4,1,24,14,2,2,3,26,2,2,25,9,0,1,8,0,2
2014/09/10,1,8,7,2,0,1,2,5,7,6,19,2,3,7,1,13,2,3,18,2,8,9,22,2,1,12,21,2,21,5,19,7,3,7,1,2,24,0,0,11,4,4,3,3,3,47,14,9,2,4,5,7,10,3,7,4,18,20,2,4,0,1,3,12,3,5,6,0,5,40,2,2,8,1,92,4,2,5,2,5,5,0,10,1,0,28,8,18,1,5,19,0,6,26,6,1,1,12,0,0
2014/09/11,1,3,3,1,2,2,5,5,0,4,14,2,6,6,14,13,2,9,23,6,12,0,7,3,2,7,12,0,14,0,19,11,2,4,4,2,24,0,2,8,12,9,6,5,1,46,11,3,7,0,6,5,26,0,7,2,17,20,9,7,0,1,9,5,0,5,1,0,4,42,1,4,7,1,90,4,0,2,8,1,1,4,9,2,1,16,11,11,3,0,33,2,10,15,11,3,1,1,2,0
2014/09/12,6,2,8,7,14,0,5,3,0,3,16,2,8,5,2,14,5,10,24,2,6,4,15,1,4,5,19,0,13,1,21,5,1,5,4,0,43,0,3,9,2,3,1,2,3,55,5,0,5,1,1,5,9,0,8,9,18,16,2,4,0,0,9,10,4,12,3,0,2,32,3,8,4,1,86,0,0,5,2,4,8,3,7,1,1,24,30,34,5,2,45,1,31,37,13,1,2,6,0,2
2014/09/13,5,0,4,4,16,2,3,3,6,1,21,0,8,0,10,11,6,8,16,7,12,0,17,2,4,8,12,4,17,4,16,14,2,4,3,3,45,6,2,23,14,7,10,4,2,62,5,4,1,0,7,4,12,2,5,2,13,27,1,4,3,3,8,10,4,12,5,1,4,40,1,5,5,3,93,3,3,5,1,2,10,1,6,1,3,18,14,13,10,0,40,3,40,21,15,2,2,2,4,2
2014/09/14,3,0,2,3,3,0,2,2,0,2,14,0,3,9,5,17,3,11,23,3,6,0,17,3,5,6,20,1,24,3,18,12,3,8,1,4,47,5,0,14,8,7,3,1,3,70,6,4,6,1,5,8,17,4,6,0,19,15,1,2,5,1,9,8,2,5,0,1,7,34,1,13,11,5,77,5,1,4,1,5,6,6,9,2,3,27,29,15,7,3,38,0,67,15,15,1,0,4,3,1
2014/09/15,8,0,4,1,1,0,4,4,3,2,17,3,6,6,9,27,2,24,22,5,6,3,22,1,6,2,10,0,14,2,16,9,1,1,0,4,38,7,5,10,8,8,4,1,5,40,7,6,4,1,4,4,12,8,7,3,9,12,4,7,4,4,4,4,5,19,1,2,3,32,2,10,10,0,87,17,0,14,3,3,8,3,6,5,2,17,19,10,5,5,20,4,45,41,14,1,0,11,2,3
2014/09/16,3,0,0,1,6,3,1,5,3,5,20,0,7,6,1,10,8,7,15,4,10,9,18,2,4,4,15,3,13,0,26,5,5,4,3,7,33,3,5,3,6,1,2,2,2,47,9,3,4,0,2,8,4,3,5,5,15,18,4,3,2,2,2,5,3,8,3,0,2,30,1,7,11,4,52,3,1,6,8,2,2,4,3,1,2,16,6,20,4,2,25,5,51,24,7,0,2,8,7,5
2014/09/17,1,4,2,1,1,2,12,4,2,1,12,0,6,0,5,3,4,2,15,1,5,10,18,1,7,9,13,2,10,1,14,2,3,4,5,0,17,3,5,9,7,4,2,2,3,53,3,11,5,1,3,7,11,3,10,3,14,16,8,0,2,7,2,9,4,4,0,3,7,27,2,5,6,3,65,7,6,4,1,4,4,2,5,1,4,25,19,5,2,1,28,0,26,14,9,1,0,4,4,5
2014/09/18,1,0,5,0,0,8,3,3,3,1,12,1,7,0,10,6,2,13,10,0,3,2,12,1,3,32,18,3,9,1,15,2,3,12,2,5,34,1,6,8,7,4,8,2,3,33,9,6,6,0,8,4,13,1,4,5,17,11,5,10,1,3,8,4,3,2,2,2,7,38,1,5,6,2,66,4,0,4,1,7,7,3,6,1,0,22,14,7,2,0,17,1,31,11,12,2,0,6,3,3
2014/09/19,0,1,6,3,9,3,1,2,1,2,17,1,6,4,2,11,3,23,14,1,6,1,12,4,2,5,15,2,19,1,8,4,1,3,3,3,36,2,3,4,7,3,3,0,1,40,8,2,6,1,2,3,12,6,5,2,11,18,2,3,7,4,11,9,4,9,5,3,5,27,0,6,2,1,58,2,0,10,5,6,2,7,6,1,0,20,17,13,7,1,37,7,20,19,14,4,2,9,5,2
2014/09/20,5,3,2,2,2,2,6,8,2,8,11,2,9,5,10,12,4,21,13,4,7,9,21,6,5,17,12,1,10,1,9,2,5,8,6,0,35,2,3,13,12,4,18,1,4,70,5,4,2,0,2,4,15,5,9,7,16,15,2,6,3,2,6,14,4,3,6,3,6,35,0,2,11,8,73,3,0,5,1,6,5,1,6,0,1,19,18,9,11,1,53,0,23,38,4,1,3,8,2,1
2014/09/21,1,3,4,12,3,5,0,6,2,1,22,2,2,9,4,7,1,8,17,1,14,11,23,5,7,6,16,2,10,2,11,6,2,6,6,4,49,10,2,6,4,3,4,0,5,44,7,6,2,0,9,9,6,3,13,7,11,23,8,5,1,2,8,9,2,3,0,7,7,36,2,11,8,4,77,1,2,7,5,6,9,8,14,0,1,20,21,6,4,6,32,1,21,15,3,7,2,18,5,3
2014/09/22,1,2,6,0,4,2,2,5,5,3,19,0,17,4,5,7,1,17,16,1,7,1,15,2,4,3,15,4,9,2,18,11,3,1,2,3,23,6,3,8,10,5,8,0,6,40,6,3,6,1,2,1,11,2,4,3,6,20,5,4,3,2,4,5,4,7,0,5,4,20,4,8,17,1,59,7,0,4,9,6,3,3,12,1,5,13,12,4,1,3,23,2,21,27,5,6,1,5,2,2
2014/09/23,0,0,3,0,11,0,4,4,1,2,5,1,11,2,2,9,5,2,22,4,8,3,11,0,2,11,14,1,16,2,22,6,5,5,2,5,25,4,4,11,5,3,3,1,3,25,11,7,7,1,5,7,9,4,13,5,8,16,1,2,0,3,7,10,2,2,1,1,5,28,2,6,5,1,69,3,1,4,1,5,2,0,4,2,0,17,7,4,2,2,26,1,30,17,4,4,1,8,1,4
2014/09/24,5,5,5,2,3,9,1,8,1,2,14,0,3,2,0,13,2,7,26,3,7,16,11,1,3,9,7,2,11,0,20,4,2,1,0,0,39,2,4,13,9,1,4,5,0,30,11,1,2,1,6,5,15,2,2,2,7,14,3,6,1,4,5,2,1,5,1,0,2,23,1,5,13,5,57,3,2,5,1,4,11,5,3,4,1,17,19,7,7,0,19,0,22,8,9,1,1,3,1,2
2014/09/25,2,0,2,0,2,2,2,3,1,3,12,4,1,4,11,9,2,7,18,2,9,6,0,1,3,8,10,3,17,3,12,4,1,4,1,3,30,2,2,3,5,5,0,0,5,31,12,5,2,3,3,5,7,0,2,2,9,14,3,7,1,3,7,2,5,6,1,4,4,28,0,5,7,2,61,7,4,4,3,4,4,6,6,0,0,18,9,10,4,0,21,3,11,20,7,1,2,0,6,0
2014/09/26,10,0,11,2,7,2,5,2,3,7,15,5,4,8,12,7,0,13,15,1,4,4,30,0,2,2,12,2,5,1,16,6,5,2,1,4,32,3,3,5,6,6,3,3,2,38,5,5,2,4,3,3,17,3,9,4,11,17,2,4,0,1,10,6,2,2,9,4,5,22,3,4,3,1,49,1,6,5,4,3,5,4,6,0,3,17,10,8,6,0,18,2,18,38,3,3,2,6,1,0
2014/09/27,1,1,3,3,9,4,8,2,6,27,24,3,2,3,3,12,2,11,16,4,10,5,18,9,5,9,15,1,10,4,13,4,3,4,1,6,42,3,1,7,6,3,4,0,6,49,9,2,4,0,3,1,8,6,7,3,14,15,3,7,4,4,9,7,3,3,1,2,4,31,1,13,15,2,81,12,1,3,1,5,5,2,11,0,0,22,10,15,10,3,16,11,16,49,9,8,0,7,1,6
2014/09/28,2,7,3,4,7,0,4,2,4,4,17,0,6,6,4,7,2,9,29,7,6,9,17,0,3,2,20,10,16,1,25,7,2,4,4,1,47,4,2,13,7,9,5,0,7,45,11,6,4,2,7,6,13,4,5,3,15,23,3,6,3,3,9,6,4,6,0,3,7,36,1,9,20,3,78,2,1,7,1,9,3,11,8,0,4,24,16,20,5,2,33,6,14,13,11,5,1,2,11,1
2014/09/29,7,0,4,1,3,0,0,5,2,0,14,1,1,3,7,4,3,13,27,1,6,6,20,4,6,5,13,3,15,1,22,12,3,3,0,0,26,3,2,10,8,6,4,0,1,25,6,1,2,4,4,3,12,3,7,1,7,18,9,4,4,1,5,7,4,18,0,4,6,24,2,6,12,2,69,6,4,2,4,2,5,7,5,1,0,17,13,6,2,1,19,1,13,17,4,2,0,8,3,3
2014/09/30,1,0,3,6,10,3,10,2,1,3,8,0,6,4,11,11,4,14,14,4,10,5,10,3,3,1,17,1,8,0,17,9,1,2,2,1,23,5,1,6,7,4,4,1,2,35,7,1,4,1,6,4,5,3,6,8,8,15,1,2,2,0,3,4,4,16,5,4,1,17,1,6,0,2,63,0,2,6,3,5,3,2,6,0,0,10,10,6,3,7,19,1,14,10,1,2,1,6,5,1
2014/10/01,2,3,13,0,5,2,6,2,0,6,8,1,5,2,7,12,7,9,21,5,12,3,0,2,4,5,13,9,17,5,4,2,3,2,6,3,21,0,1,6,7,0,1,0,2,43,11,1,5,2,6,8,3,3,6,5,11,19,4,3,1,1,10,8,5,9,4,3,1,36,0,3,14,4,73,6,2,5,0,1,3,5,7,2,2,30,11,11,6,2,26,3,12,27,9,2,1,6,7,3
2014/10/02,3,8,4,5,4,2,8,4,2,6,10,4,3,2,8,13,4,15,22,2,11,11,0,4,3,2,12,4,20,2,7,10,2,3,3,4,22,4,3,9,8,0,3,3,1,38,7,0,3,1,7,5,8,0,3,0,18,18,1,2,0,4,7,5,5,8,1,3,5,29,1,3,10,4,83,4,1,2,8,9,7,3,7,1,1,24,8,10,6,1,25,2,13,26,4,1,2,12,0,3
2014/10/03,4,1,6,2,8,3,16,4,5,5,12,4,5,5,10,6,7,13,22,10,11,9,19,2,3,5,19,1,11,4,15,8,3,3,3,1,30,2,2,11,16,0,13,1,1,62,1,2,0,5,12,3,13,4,7,4,18,26,10,5,4,2,6,7,7,12,4,1,4,39,1,6,9,4,89,3,6,10,3,7,9,7,8,2,2,23,8,3,8,4,33,3,5,35,20,2,0,12,4,4
2014/10/04,6,1,3,1,12,1,1,8,8,5,8,0,3,1,7,18,2,12,30,5,22,11,27,7,7,17,24,3,14,1,12,12,0,5,0,6,45,5,6,15,11,3,3,2,5,88,2,5,7,6,15,7,9,1,18,0,23,28,1,8,1,3,14,16,6,6,0,3,11,54,0,14,8,4,108,1,4,11,6,2,10,1,10,4,3,24,13,9,4,4,67,3,5,50,12,2,4,0,3,2
2014/10/05,2,2,6,5,4,3,12,5,3,8,15,1,1,3,6,16,7,31,33,9,13,10,20,3,5,6,19,2,18,1,28,9,3,2,4,2,48,7,6,12,13,5,4,1,4,93,10,2,5,3,18,12,15,10,8,6,12,28,2,7,1,1,7,6,1,4,3,4,6,56,3,8,21,3,77,4,5,6,6,0,8,6,14,7,0,46,22,9,15,0,58,3,9,38,12,2,2,16,3,2
2014/10/06,7,2,3,2,0,4,2,0,3,5,10,0,0,6,13,17,2,25,4,3,4,4,21,4,5,8,13,7,17,3,18,9,2,2,5,2,37,10,0,9,7,1,6,0,4,61,9,3,4,3,24,5,10,1,4,6,2,24,1,5,6,1,2,5,5,27,5,9,3,32,0,2,12,1,86,2,4,6,8,11,4,6,6,3,2,38,12,11,4,0,33,3,9,28,4,2,0,7,6,5
2014/10/07,3,5,7,1,8,3,2,3,9,4,19,0,3,11,18,9,7,9,0,3,0,2,7,3,0,16,17,0,10,2,15,3,2,4,4,0,29,10,4,9,10,2,0,1,4,45,5,0,10,1,13,9,12,2,3,0,11,23,3,2,3,1,12,6,6,0,1,1,5,35,3,10,10,4,97,3,0,13,1,5,4,5,7,2,0,19,18,4,4,2,19,4,17,33,11,0,1,2,0,0
2014/10/08,3,0,1,0,2,4,15,3,3,6,5,1,5,6,0,12,5,13,15,2,11,8,14,4,8,4,15,0,23,4,13,12,3,1,0,3,27,3,4,18,9,8,2,3,3,44,8,0,4,4,5,3,8,4,9,4,4,10,3,6,6,2,5,14,8,6,2,5,9,37,1,8,7,7,60,1,4,4,2,1,1,4,7,1,3,16,14,2,5,2,18,2,11,37,13,4,0,2,0,0
2014/10/09,5,0,6,1,3,5,3,3,1,4,8,0,7,2,7,11,4,10,16,3,3,15,18,1,2,1,21,7,11,2,19,9,7,2,2,2,28,3,4,14,5,3,2,0,1,37,9,0,2,5,4,1,6,3,4,4,10,20,1,4,1,2,13,5,2,0,1,4,4,39,1,4,11,5,74,1,3,4,1,0,0,11,6,0,2,22,9,6,4,2,15,1,5,35,11,1,2,4,5,2
2014/10/10,2,1,4,0,1,4,4,1,2,4,16,0,13,3,7,20,5,26,25,2,7,9,15,0,1,4,12,4,10,2,9,9,5,2,4,7,33,1,3,10,8,1,1,0,1,35,3,4,3,4,6,7,13,2,6,3,11,25,5,6,2,1,7,10,5,4,8,4,7,35,0,2,11,0,69,4,1,1,7,6,0,10,7,2,1,12,13,11,4,2,21,0,2,42,17,0,1,16,3,2
2014/10/11,3,5,5,5,13,3,3,7,3,7,15,8,4,2,5,16,5,22,22,4,5,10,25,4,2,1,16,4,12,3,17,13,6,7,4,2,44,5,0,17,13,9,7,0,4,48,9,3,5,1,8,7,15,0,5,8,15,26,1,6,3,1,8,5,4,2,2,3,6,33,0,11,13,0,72,0,1,4,3,8,3,3,12,1,1,21,14,4,12,0,23,1,10,20,6,0,2,10,0,7
2014/10/12,2,3,5,0,0,6,3,3,2,4,10,1,0,5,4,14,8,8,23,6,16,12,13,3,6,9,25,5,11,1,28,3,12,3,2,0,47,5,2,10,13,5,5,0,6,71,12,5,8,1,4,11,17,7,5,4,16,30,1,6,15,5,9,16,2,4,3,6,5,44,0,8,15,8,100,0,3,6,3,7,4,8,8,1,1,26,19,11,3,5,40,4,10,36,9,0,4,5,2,4
2014/10/13,2,0,1,1,3,4,5,4,0,6,12,0,3,1,8,15,2,13,45,1,10,2,17,5,1,2,17,5,17,2,15,13,7,4,0,4,41,7,5,8,6,2,2,0,0,51,3,6,4,0,6,2,15,2,5,7,12,16,2,4,0,1,5,5,4,3,2,4,3,34,0,7,13,2,74,0,1,3,8,3,4,5,7,3,0,21,9,8,7,3,26,3,4,13,6,0,0,10,2,4
2014/10/14,3,2,8,0,5,1,6,3,4,1,5,1,1,4,8,12,3,8,28,4,15,11,21,0,4,0,5,1,7,0,14,2,7,9,1,4,19,2,2,6,4,4,1,0,2,32,4,6,2,3,6,3,10,5,5,4,10,28,1,5,0,3,13,7,4,4,0,0,4,29,0,1,7,4,49,0,4,1,0,5,4,5,6,1,1,22,9,8,12,0,24,4,13,35,4,0,4,4,3,2
2014/10/15,2,2,1,1,3,4,4,1,3,2,15,1,1,2,5,9,6,15,27,4,4,11,20,3,4,0,11,1,17,0,12,7,6,3,0,3,26,5,1,9,7,4,10,3,4,34,9,6,3,1,11,2,8,3,6,4,9,16,3,4,3,5,7,10,7,2,1,3,4,23,3,7,14,2,80,28,5,3,6,6,2,2,5,1,2,18,10,9,4,0,19,1,8,33,4,0,1,7,2,2
2014/10/16,5,1,2,3,0,2,5,4,1,3,7,2,4,6,1,9,3,6,10,4,11,5,23,1,1,0,12,2,15,3,14,5,3,2,0,3,21,1,3,4,9,0,2,0,1,31,5,1,1,0,8,8,18,3,5,5,9,12,3,2,3,0,7,2,3,0,1,2,4,29,1,10,10,1,69,36,1,1,3,6,5,0,1,3,3,12,7,7,4,7,22,0,0,11,5,3,0,4,3,2
2014/10/17,13,5,7,1,1,1,1,8,4,2,15,0,1,3,10,10,1,3,18,1,9,0,23,5,3,7,6,2,12,0,11,5,4,4,1,1,19,2,7,9,10,4,3,1,3,44,4,0,3,2,5,2,12,1,7,3,5,12,6,5,4,1,7,7,1,0,1,3,5,16,2,9,6,7,51,35,1,4,4,4,3,4,5,1,4,18,11,20,5,1,25,0,5,17,1,1,2,7,5,2
2014/10/18,3,4,7,9,26,5,8,7,3,5,16,0,3,3,17,12,0,9,18,2,9,11,22,1,3,6,20,6,16,4,14,5,9,6,2,4,35,8,9,12,9,6,8,0,2,41,4,2,3,0,5,11,10,7,7,5,15,16,2,6,12,1,8,4,5,0,3,2,7,31,3,10,9,5,78,61,0,8,3,4,3,5,6,4,0,24,12,14,0,0,38,8,4,30,3,2,0,10,1,5
2014/10/19,6,5,3,2,6,7,1,6,3,7,13,0,10,4,19,16,4,10,29,3,12,5,16,4,7,9,12,3,10,3,22,23,8,2,2,7,34,10,4,15,5,5,9,1,6,57,4,6,4,3,19,11,19,0,3,4,10,24,6,7,2,7,8,8,5,1,6,2,3,35,4,9,12,5,71,71,3,7,0,6,4,9,10,1,3,20,23,13,4,0,37,14,4,26,4,2,4,7,2,3
2014/10/20,2,0,3,0,5,2,2,3,2,2,14,1,0,3,13,12,4,14,40,4,6,10,26,7,4,2,19,0,17,2,23,1,12,2,2,7,25,4,3,6,8,1,2,1,1,31,9,7,3,0,5,8,12,4,2,2,5,16,6,3,0,0,0,9,3,3,4,1,3,30,2,8,12,4,75,58,1,3,2,5,0,4,4,4,1,15,9,26,7,0,10,1,5,18,0,5,1,7,3,3
2014/10/21,1,3,8,3,5,0,3,2,1,7,10,0,0,7,0,3,3,13,23,3,8,2,10,3,2,9,8,1,13,1,13,5,10,1,1,0,19,0,8,8,7,4,5,1,5,31,6,5,3,2,8,5,9,3,7,4,11,13,4,8,0,1,4,4,6,1,2,7,2,28,1,3,13,5,51,37,0,1,6,6,0,3,3,0,5,9,6,35,3,1,12,0,4,15,8,2,1,5,4,0
2014/10/22,2,0,4,2,2,4,3,2,4,1,13,1,0,3,5,10,2,13,20,4,4,6,15,2,1,14,10,0,13,5,14,2,3,1,0,5,22,2,3,6,4,6,2,0,2,25,5,5,5,1,8,1,9,7,4,3,19,9,3,0,1,1,4,6,7,3,2,0,10,23,1,4,7,0,47,36,1,0,2,1,2,5,6,0,0,17,7,14,8,2,18,1,5,6,7,2,2,3,1,0
2014/10/23,5,1,3,1,3,3,5,3,1,9,10,9,5,6,3,9,4,8,27,1,5,2,9,0,3,3,8,9,9,2,15,9,4,7,3,0,17,1,3,3,8,1,4,0,1,29,9,2,3,2,5,5,20,1,9,4,8,14,1,3,0,0,5,3,1,2,3,3,2,30,1,4,10,1,73,38,2,1,0,3,5,1,5,2,3,11,7,8,1,0,11,0,7,16,10,4,0,4,1,2
2014/10/24,2,0,10,2,7,1,5,2,1,1,14,1,22,2,1,11,0,12,21,2,3,7,21,2,7,10,13,0,8,3,18,2,4,4,3,0,26,7,5,9,9,4,2,6,3,40,7,6,4,0,3,11,10,0,4,6,12,18,6,4,2,1,7,14,4,3,1,5,5,24,2,6,9,6,77,33,0,5,0,1,5,4,6,0,2,16,6,1,6,3,20,0,8,9,13,4,3,1,2,2
2014/10/25,4,4,3,9,21,3,2,4,3,2,14,0,3,1,8,19,3,18,16,3,17,14,19,1,4,6,9,1,9,4,14,6,6,5,4,16,22,4,1,7,12,3,2,0,2,45,8,4,1,2,8,5,15,2,8,3,8,15,4,4,6,0,7,7,1,3,2,3,3,31,0,6,11,0,73,48,1,1,12,5,4,3,3,2,1,18,14,4,9,2,24,2,8,31,11,5,3,8,6,1
2014/10/26,9,3,1,6,4,2,2,4,5,1,10,4,12,3,3,22,3,10,21,2,6,7,18,4,5,7,17,4,4,1,17,11,5,11,1,4,47,4,6,11,14,6,2,0,2,40,13,5,5,0,13,4,23,2,9,2,13,21,1,6,2,3,11,9,1,3,0,4,5,43,2,9,11,1,96,65,1,9,1,6,2,2,8,3,1,32,18,5,3,2,25,5,4,10,15,6,1,3,2,2
2014/10/27,5,2,5,0,12,0,6,2,1,4,12,0,2,6,2,11,3,14,29,3,5,10,15,5,2,0,15,7,8,0,15,7,6,1,2,1,26,4,3,4,5,2,1,1,2,35,12,9,4,2,7,6,15,3,7,3,9,19,0,3,2,1,7,5,7,19,0,2,3,27,5,7,11,4,72,45,2,3,1,2,3,1,1,1,3,21,13,2,5,2,27,0,4,2,8,3,2,2,1,1
2014/10/28,6,1,5,3,4,3,12,5,3,2,7,4,5,3,4,5,2,12,5,2,0,3,14,0,3,2,13,2,4,0,15,4,7,0,2,0,15,0,3,4,9,2,0,1,2,26,8,2,4,0,8,10,13,1,2,2,12,9,3,1,3,4,4,2,4,7,0,3,5,31,0,3,0,4,49,35,0,5,2,2,3,3,6,0,1,10,16,14,1,2,12,1,9,22,13,4,0,5,1,2
2014/10/29,4,7,8,1,3,0,8,8,1,2,14,0,0,2,2,3,0,8,24,0,6,3,17,0,2,13,12,4,15,1,16,0,5,2,2,0,5,1,8,10,4,3,0,1,4,41,6,0,3,1,6,2,15,1,7,4,10,22,1,0,0,2,5,0,1,2,0,1,5,28,0,5,5,1,58,29,3,2,0,0,3,1,8,0,7,11,7,2,5,1,14,2,7,35,14,4,0,0,1,0
2014/10/30,3,5,4,7,4,2,8,0,5,3,17,4,1,0,12,10,1,9,12,0,1,7,16,0,3,5,17,1,8,0,16,8,5,4,0,0,0,7,3,7,9,4,5,2,2,42,7,2,3,1,2,3,19,8,4,2,11,16,6,3,1,0,7,2,0,2,0,7,4,35,1,9,8,3,75,44,1,4,7,7,6,13,4,0,1,26,10,9,2,1,18,3,5,13,15,4,0,9,0,2
2014/10/31,8,1,7,5,3,4,6,3,6,5,8,1,5,0,3,11,0,4,8,4,6,4,13,1,0,5,11,2,8,3,14,0,1,9,0,0,2,4,0,3,8,9,1,2,2,39,0,3,3,0,7,2,13,3,2,3,13,13,2,2,3,1,9,1,2,1,5,1,3,24,2,12,8,1,55,32,0,4,5,4,2,2,5,2,3,14,11,16,5,3,10,7,3,6,21,3,1,7,7,1
2014/11/01,2,1,5,1,3,0,5,1,4,2,21,1,2,9,3,27,1,9,18,2,11,12,28,4,1,9,13,0,23,2,14,4,2,6,2,2,26,3,3,9,12,9,5,0,0,54,8,8,2,1,17,6,13,0,8,1,9,16,1,6,0,5,4,7,5,6,6,3,1,43,1,10,9,3,95,59,2,12,2,5,5,1,9,3,1,23,13,10,9,4,33,1,6,41,5,2,1,12,4,1
2014/11/02,4,3,7,0,2,7,5,3,2,6,19,0,8,11,5,22,3,20,26,7,16,10,26,3,3,10,23,4,6,3,17,11,4,13,1,2,33,3,4,8,11,15,6,4,5,40,7,3,5,2,9,12,20,5,3,5,12,23,7,7,1,1,10,12,1,7,3,6,3,43,2,8,13,2,97,77,2,8,5,2,12,4,5,2,2,25,14,7,4,1,31,2,6,18,15,3,1,6,1,5
2014/11/03,3,4,3,1,6,4,3,4,4,0,9,0,6,6,0,19,11,4,39,3,12,14,18,10,3,4,12,7,17,3,19,5,1,9,1,1,29,3,5,5,10,6,12,0,3,29,6,10,3,0,11,4,19,3,2,3,13,12,3,4,4,0,5,4,6,3,4,2,7,36,0,5,9,5,61,42,1,6,4,6,8,3,7,2,2,17,10,8,10,0,22,4,5,24,5,2,2,2,6,1
2014/11/04,2,6,3,1,10,10,5,2,0,6,4,0,3,0,4,15,5,17,26,5,9,5,22,3,3,1,14,5,9,0,6,7,5,11,1,1,21,4,7,5,8,2,1,0,3,38,7,3,1,3,7,5,11,5,4,5,8,13,4,4,2,2,0,3,4,13,7,2,3,25,1,8,10,2,72,47,2,4,1,5,9,9,4,1,2,15,4,0,5,0,14,14,4,16,5,3,2,10,0,2
2014/11/05,1,1,4,4,3,2,1,0,5,4,9,0,1,3,2,13,1,11,19,1,10,3,9,3,2,6,15,7,21,0,21,8,2,6,0,1,26,2,1,12,8,7,0,0,2,19,10,2,2,0,3,9,21,3,8,2,10,15,1,3,0,0,2,8,7,4,4,1,5,29,3,5,13,2,78,38,2,6,1,1,5,1,5,2,8,17,6,18,3,1,16,0,15,20,8,2,0,9,2,0
2014/11/06,0,0,3,5,4,0,2,4,2,2,14,0,3,1,0,19,5,19,24,3,12,5,23,3,6,5,12,2,15,2,11,8,3,4,2,2,35,4,2,7,3,11,2,2,5,35,4,8,3,3,4,8,15,4,6,1,3,11,1,5,17,2,6,9,2,6,2,1,5,18,0,5,11,2,69,47,6,4,0,6,3,3,5,1,1,13,13,7,3,5,18,3,10,58,8,1,0,4,4,0
2014/11/07,6,4,18,3,2,3,4,2,4,8,25,0,3,3,9,16,6,17,14,7,9,13,24,2,3,4,8,5,15,3,18,4,6,5,0,2,22,3,6,11,5,7,2,1,1,35,5,10,1,2,8,10,12,5,5,3,4,14,9,8,0,0,3,7,6,3,1,0,5,30,1,2,10,1,63,42,0,5,2,6,2,3,11,2,3,12,7,11,0,0,20,1,12,22,7,0,2,7,0,0
2014/11/08,5,1,2,0,6,0,4,2,5,0,6,1,3,8,4,20,8,18,35,5,16,11,38,4,1,5,20,2,14,0,16,12,6,7,4,2,31,4,5,8,10,7,1,0,1,66,11,3,3,3,7,7,16,4,9,10,14,11,4,5,0,1,9,9,5,5,1,4,0,36,0,6,11,4,84,50,0,3,4,0,4,4,10,2,0,29,14,13,7,3,27,2,7,34,11,3,1,2,1,1
2014/11/09,3,1,3,0,3,1,5,2,2,0,7,3,5,5,20,31,7,19,33,5,1,17,37,6,4,18,21,3,23,1,19,11,15,10,6,1,51,4,3,9,8,13,3,1,3,52,5,4,7,5,6,9,8,2,5,4,14,8,3,9,0,0,7,19,3,1,1,3,2,42,3,8,17,5,86,73,2,4,8,6,4,7,9,0,2,26,12,10,7,3,34,3,9,37,4,4,5,6,4,7
2014/11/10,3,0,1,2,5,5,3,5,4,6,10,0,2,10,19,19,1,24,44,2,23,8,0,3,2,22,8,3,18,2,17,4,10,7,0,4,27,2,0,14,7,8,5,1,5,24,12,3,4,3,2,0,24,6,2,0,21,12,3,11,4,0,7,10,6,22,6,4,4,27,1,1,12,2,69,35,1,3,2,4,1,1,8,4,0,26,16,20,7,0,20,5,5,38,13,1,1,9,5,1
2014/11/11,1,0,7,0,2,4,10,2,5,0,8,1,1,1,2,1,5,17,2,3,12,0,19,4,4,1,15,7,11,3,15,3,12,5,0,2,19,4,5,10,2,9,4,2,2,29,10,8,3,1,6,4,11,11,3,2,15,13,4,7,4,4,0,2,3,4,0,1,3,22,1,2,12,4,62,35,0,1,3,6,2,2,8,1,1,16,13,6,2,1,23,2,7,15,6,0,1,3,4,3
2014/11/12,4,1,4,3,10,4,13,0,0,2,6,1,0,2,8,0,6,8,0,5,9,5,12,4,4,1,11,1,22,1,17,9,8,2,2,0,13,1,2,7,8,5,3,2,5,19,3,5,3,0,6,3,7,3,4,0,14,12,2,5,1,4,7,5,5,4,3,3,4,16,2,4,5,1,52,25,0,0,6,0,1,2,8,2,0,14,13,5,5,3,27,2,7,12,13,5,1,17,2,2
2014/11/13,1,2,6,1,3,2,1,0,1,3,11,0,2,3,1,0,3,24,0,2,2,9,12,1,3,0,10,2,14,0,9,9,4,2,3,4,14,3,4,7,5,2,0,0,4,15,4,8,8,0,0,3,9,1,3,0,12,10,2,4,1,1,1,7,3,4,1,3,4,25,3,3,0,2,57,33,1,5,2,2,5,0,4,2,0,23,2,4,2,1,17,0,5,20,3,2,0,0,0,1
2014/11/14,2,0,8,0,1,1,3,1,4,4,19,1,2,4,3,0,2,17,0,0,2,4,19,5,3,6,11,3,18,0,8,12,5,2,0,0,11,2,2,6,9,3,0,2,1,38,0,2,2,0,10,6,12,3,8,5,13,11,2,2,1,4,8,5,1,2,2,3,10,28,0,3,0,2,59,25,2,4,0,2,4,4,7,0,2,14,8,4,3,3,21,5,0,31,5,3,2,2,2,1
2014/11/15,3,0,6,3,4,3,2,2,2,5,10,0,8,4,5,15,2,13,20,2,9,8,32,3,7,7,14,3,20,5,21,9,6,6,1,2,13,5,6,12,7,10,0,2,4,39,0,0,4,0,6,7,21,1,9,2,8,24,2,3,1,3,7,8,7,9,1,2,4,34,0,5,10,4,84,44,6,0,6,7,8,6,17,1,2,33,7,4,5,10,31,0,4,19,10,0,1,8,1,4
2014/11/16,1,5,4,2,4,2,0,3,2,3,17,1,2,5,22,15,5,17,19,5,9,10,24,0,5,4,16,3,9,2,18,17,10,7,4,0,25,7,4,11,6,10,3,0,4,48,0,1,2,2,4,5,24,5,6,5,10,13,5,7,2,1,7,12,3,3,2,4,4,34,0,3,2,1,94,51,4,5,8,3,4,4,6,2,3,18,20,8,5,1,41,4,3,27,12,4,2,3,1,4
2014/11/17,2,3,6,3,7,0,5,2,3,2,13,2,3,3,7,24,1,7,24,0,5,7,20,1,3,5,9,2,22,2,21,0,1,4,0,3,17,8,5,8,5,2,6,0,3,22,0,7,4,4,2,3,18,5,3,0,7,10,2,7,8,2,7,7,2,4,3,4,5,22,4,3,0,2,54,60,4,4,1,3,1,2,8,2,5,11,15,4,5,6,22,0,5,29,5,0,5,5,4,8
2014/11/18,6,0,1,1,1,3,3,2,3,5,9,1,3,5,6,8,4,11,13,0,6,3,22,1,5,9,18,2,14,4,9,2,5,3,2,2,7,3,0,11,11,6,6,0,3,28,12,7,2,0,2,3,11,2,6,4,13,10,6,3,2,0,10,4,3,16,1,0,6,24,1,6,11,3,40,43,0,1,3,3,3,2,7,4,2,14,6,7,2,2,13,1,6,15,8,4,0,8,3,1
2014/11/19,0,0,4,0,2,3,6,5,0,4,17,4,0,2,0,9,3,14,25,2,5,1,13,0,4,5,11,2,13,2,16,8,4,3,3,3,10,0,5,11,1,3,0,0,4,36,7,9,3,0,5,6,8,1,5,0,15,11,2,2,1,2,14,5,2,1,1,2,6,18,2,4,18,5,50,41,4,6,2,5,4,5,5,1,0,17,5,2,2,3,22,1,7,3,8,0,1,6,0,0
2014/11/20,1,1,8,3,3,1,4,3,2,0,8,0,7,0,4,4,1,10,18,2,7,0,11,0,3,13,18,1,16,0,14,7,10,4,4,4,8,2,3,4,5,4,1,0,7,33,4,0,0,1,3,5,14,4,10,1,11,7,1,0,0,0,9,2,5,1,0,0,5,28,0,10,6,0,39,31,1,0,0,1,3,3,5,0,2,12,6,4,3,1,12,1,4,19,7,1,2,3,2,0
2014/11/21,0,2,0,0,3,3,9,7,6,10,14,1,4,3,0,11,1,14,21,2,11,3,13,7,4,8,11,1,15,2,6,4,3,6,3,6,17,1,0,13,2,3,5,0,1,36,9,2,3,2,2,1,14,3,1,2,12,6,4,0,1,0,17,7,2,10,1,1,4,30,0,0,7,3,63,33,1,3,4,6,8,3,5,0,3,18,10,7,3,7,11,1,4,3,15,3,3,5,0,2
2014/11/22,5,2,5,3,5,4,4,0,5,2,20,2,9,1,5,14,3,13,16,2,9,6,23,5,4,5,11,3,16,0,8,1,3,6,5,2,19,1,1,7,5,4,3,3,1,52,6,6,4,3,9,2,16,1,4,1,18,17,1,1,1,0,16,9,2,2,0,0,3,30,1,11,12,2,58,47,6,8,1,0,7,2,7,3,1,30,15,7,5,3,29,0,5,63,14,2,1,3,5,3
2014/11/23,7,1,3,1,1,2,3,5,1,1,13,1,2,5,18,14,1,31,19,0,7,8,25,7,4,4,17,2,11,4,22,2,7,6,1,4,12,7,3,13,12,5,4,1,5,58,8,4,3,0,7,8,12,4,4,3,4,16,3,2,2,0,8,7,2,5,2,4,7,37,0,11,13,4,87,53,11,1,1,8,7,7,5,3,5,26,10,10,0,2,33,1,4,25,16,1,0,5,2,3
2014/11/24,4,1,6,4,4,2,2,1,1,3,17,1,3,4,3,4,5,13,10,2,5,2,18,1,2,1,15,0,12,6,9,3,4,3,1,4,25,2,2,8,9,5,4,0,3,35,13,6,2,3,7,3,10,5,4,0,11,16,1,5,2,2,6,6,2,9,1,5,2,25,2,2,8,2,82,42,4,2,0,3,8,3,10,0,4,23,14,8,8,5,27,3,7,16,17,2,1,6,1,0
2014/11/25,4,4,6,0,10,3,8,9,7,7,14,0,6,5,8,12,2,8,16,3,5,0,9,2,3,16,16,5,12,0,16,6,2,8,1,0,15,3,3,13,6,6,3,0,1,34,6,5,3,1,7,8,17,2,10,0,11,12,2,5,4,1,2,5,3,6,1,1,4,31,0,4,9,4,64,37,2,3,0,5,8,5,9,0,0,25,11,7,15,4,31,2,15,6,1,0,0,8,5,2
2014/11/26,9,0,4,0,4,2,7,3,0,6,10,4,3,2,1,6,1,11,13,2,6,10,19,1,3,6,11,2,16,3,15,4,2,10,3,1,40,1,3,11,6,15,3,4,1,46,4,6,3,0,6,6,14,0,8,1,16,17,2,1,1,0,7,11,13,8,0,2,8,30,1,4,7,0,67,31,0,5,2,2,7,4,5,3,1,27,7,12,4,4,24,1,9,19,12,0,2,2,2,2
2014/11/27,1,4,3,0,3,1,0,0,0,2,13,0,1,0,4,5,1,1,3,0,1,5,5,2,1,6,21,1,8,0,9,0,1,8,4,0,61,0,2,15,11,9,2,1,0,57,2,2,2,0,2,0,4,0,5,4,15,23,1,2,0,0,29,1,3,1,0,0,11,51,0,5,5,0,110,20,1,0,0,1,10,0,6,2,0,33,6,3,4,4,55,0,4,8,24,0,3,1,0,0
2014/11/28,3,0,3,1,3,5,4,3,1,7,8,1,1,3,0,5,3,4,10,2,2,1,6,0,2,3,14,0,4,0,6,12,2,1,1,2,8,1,0,11,8,2,0,0,0,39,1,2,2,1,4,3,4,1,13,3,15,14,3,1,1,0,19,3,3,0,0,1,5,32,0,3,7,0,75,24,0,5,1,2,6,2,4,3,0,25,5,4,2,0,44,0,5,2,12,1,0,3,1,0
2014/11/29,4,0,0,0,0,2,0,8,7,5,0,3,2,1,7,17,2,7,19,2,7,5,9,1,0,3,14,3,13,0,9,8,2,4,5,4,14,1,1,13,8,4,1,0,2,38,4,1,4,5,5,5,12,1,6,2,9,16,4,5,0,1,11,5,5,9,1,2,4,30,0,4,7,0,71,37,0,3,2,6,6,0,12,3,3,28,10,5,9,0,42,0,2,12,10,1,1,1,1,1
2014/11/30,4,4,0,0,6,2,0,0,5,2,0,1,1,4,7,21,4,17,23,2,13,3,20,4,2,6,12,2,15,0,19,7,3,8,6,1,32,2,1,10,11,1,5,0,7,34,9,2,0,3,2,3,19,1,6,2,14,18,0,5,0,4,13,7,2,4,2,4,8,28,1,4,16,4,83,62,1,1,2,8,5,1,3,4,3,20,16,9,2,3,37,10,2,22,15,1,0,5,2,1
2014/12/01,2,0,14,3,9,4,7,2,4,5,6,1,5,6,7,16,5,23,22,2,7,9,29,3,4,2,25,6,19,1,15,5,6,6,4,3,19,3,3,13,16,6,2,1,2,20,7,2,3,1,0,4,16,4,4,2,15,10,3,3,0,2,15,7,4,6,2,1,6,34,1,5,18,2,61,39,0,3,6,3,8,3,5,4,2,24,11,16,4,0,24,4,6,9,4,2,2,4,0,2
2014/12/02,0,0,4,2,1,1,9,4,0,0,8,0,2,6,8,11,1,13,23,2,14,1,5,0,1,6,16,1,8,0,22,3,6,5,6,0,17,2,6,10,11,7,2,0,1,23,8,5,1,0,3,1,9,0,7,6,11,10,0,3,0,0,14,7,0,4,4,3,4,36,1,0,10,2,65,36,1,2,3,6,1,4,4,0,0,16,5,18,4,1,15,2,3,21,16,0,0,4,1,1
2014/12/03,2,1,5,1,4,1,2,1,5,4,10,0,1,3,0,19,5,12,29,4,7,6,23,2,3,4,12,0,20,0,9,8,0,7,2,2,11,3,2,11,10,7,10,0,1,45,9,4,4,3,3,4,20,3,6,3,12,9,2,1,0,0,10,5,2,0,1,4,3,31,1,8,12,4,74,35,0,3,1,10,8,5,9,3,1,19,11,0,4,4,26,0,3,36,12,0,1,9,3,2
2014/12/04,2,0,3,2,6,3,6,3,8,4,12,1,2,2,6,15,11,9,27,2,6,12,20,3,4,4,14,2,27,2,14,5,6,10,2,6,17,3,5,9,6,14,3,0,2,34,9,3,4,2,6,2,13,1,11,2,18,23,2,2,0,1,9,7,8,1,5,4,3,39,0,1,10,2,87,27,1,3,6,0,10,3,5,1,1,21,15,0,2,7,25,0,3,86,11,1,2,20,4,0
2014/12/05,3,1,4,4,5,3,4,3,0,5,10,0,3,7,16,28,2,17,22,5,13,10,18,1,4,4,12,0,16,3,20,2,1,10,0,1,16,0,2,12,8,7,0,0,2,34,5,6,6,1,3,11,12,2,8,0,20,15,1,0,2,0,12,4,6,0,1,0,7,28,2,7,19,1,78,34,0,3,0,5,4,5,11,1,0,24,9,6,4,1,30,4,1,25,7,1,4,3,3,1
2014/12/06,8,0,6,10,3,0,4,1,1,6,14,2,6,9,5,15,6,38,13,1,18,8,23,4,3,3,25,4,28,0,14,6,5,14,0,2,23,3,6,23,6,8,5,0,5,47,12,5,10,1,6,8,9,3,13,3,21,18,7,6,5,2,18,10,6,0,0,6,9,41,2,4,13,1,113,51,0,3,3,9,15,3,6,2,3,23,13,0,7,1,47,1,14,11,18,2,1,9,6,4
2014/12/07,4,1,1,6,1,2,1,3,7,7,14,2,6,3,2,29,6,27,20,4,9,6,27,10,6,6,20,6,26,0,14,5,2,11,10,1,30,4,3,16,9,9,0,0,4,52,5,4,4,2,8,9,10,7,6,5,16,18,1,6,5,2,28,16,10,1,1,2,5,41,2,6,18,2,67,44,0,3,2,8,5,2,8,3,0,30,16,0,3,1,42,3,14,10,13,2,2,7,1,1
2014/12/08,5,0,0,7,18,1,6,1,0,4,11,1,3,10,12,20,3,4,16,4,8,0,23,8,5,14,8,4,15,0,17,22,5,4,3,4,28,6,4,10,7,8,0,1,4,26,4,7,2,2,2,2,10,2,4,2,8,19,4,4,3,1,12,5,3,1,3,3,4,33,1,7,12,4,96,53,8,2,6,6,2,1,6,8,1,31,6,7,5,0,33,1,4,41,12,1,1,11,1,3
2014/12/09,7,0,1,5,2,3,7,8,0,12,9,1,8,5,6,17,3,12,11,5,12,0,26,0,6,5,18,3,0,6,11,12,2,4,5,0,14,4,1,7,11,9,0,1,3,37,5,4,7,0,5,4,10,0,6,2,14,18,0,2,1,3,9,4,3,2,0,2,3,35,0,4,10,0,75,30,5,4,3,3,3,11,11,4,0,11,6,0,9,0,17,2,11,19,11,0,1,3,0,4
2014/12/10,2,0,5,3,3,1,8,6,3,6,7,6,6,7,8,16,4,14,17,3,18,6,25,0,3,9,13,2,21,0,26,0,6,10,4,0,16,5,5,8,1,13,1,0,4,36,10,4,5,3,4,3,13,1,8,1,14,17,1,4,1,1,12,4,4,1,0,2,4,40,0,2,18,4,76,43,0,1,0,7,2,6,7,2,0,10,16,6,2,3,19,4,8,26,15,3,0,4,6,3
2014/12/11,4,0,5,4,5,2,2,5,2,5,11,0,8,1,5,16,7,11,17,1,4,0,6,2,3,4,18,0,19,1,4,0,2,6,1,0,10,0,2,7,4,6,0,2,1,13,4,3,3,1,3,2,9,1,6,1,17,6,1,2,0,0,10,0,2,1,1,1,4,18,1,4,4,1,53,23,0,3,0,6,5,0,5,0,0,10,1,0,0,4,10,2,1,19,9,2,2,4,1,1
2014/12/12,3,0,5,5,11,2,2,7,4,6,13,0,3,8,5,11,3,16,27,2,6,9,17,2,4,2,16,5,20,3,14,5,5,4,0,0,17,2,3,10,9,8,2,1,1,45,7,4,2,3,4,4,14,1,6,2,15,15,4,5,1,3,18,6,5,0,0,4,5,34,0,4,11,1,60,27,1,6,0,6,4,0,11,4,1,24,9,1,1,1,16,1,14,10,13,2,1,1,5,2
2014/12/13,0,1,4,7,5,2,5,4,5,9,12,1,3,4,6,19,2,14,23,3,10,12,30,3,2,5,10,3,14,2,6,6,9,7,4,0,25,3,3,15,10,7,3,2,3,55,6,4,1,1,5,2,14,3,12,2,13,20,6,4,1,3,11,6,5,0,4,2,11,47,0,9,10,2,83,43,0,7,1,5,10,2,8,4,1,34,10,0,7,5,33,0,4,2,14,1,2,10,3,3
2014/12/14,10,0,2,6,6,5,6,8,2,9,14,1,8,11,13,21,1,22,19,1,10,8,18,5,2,3,15,0,15,0,7,11,16,10,3,2,27,8,2,10,4,11,3,1,6,38,8,2,2,0,7,4,9,6,2,2,15,26,5,7,1,0,10,10,7,0,5,2,11,46,0,3,7,0,73,43,2,3,4,6,6,2,10,3,1,28,9,0,6,6,26,2,8,22,10,2,1,3,5,2
2014/12/15,5,0,6,3,6,1,7,3,0,4,12,4,4,5,2,9,6,14,17,2,8,7,16,2,4,6,19,1,20,1,22,14,11,4,2,2,18,2,4,6,5,3,2,4,1,28,9,3,2,0,4,1,13,5,3,4,9,14,1,2,0,1,17,11,0,0,1,2,6,34,1,3,18,0,71,36,2,4,0,5,0,3,8,3,5,12,9,6,5,1,22,1,5,17,12,0,3,6,0,3
2014/12/16,1,0,9,6,2,2,3,1,3,4,14,0,8,2,7,6,3,10,15,2,5,1,11,3,1,5,17,1,21,2,21,1,8,6,4,5,22,4,4,6,7,2,2,0,1,24,7,4,3,2,1,6,13,0,4,2,9,6,2,5,1,0,16,2,3,0,0,2,7,22,2,2,13,2,68,31,0,1,2,7,0,3,2,2,0,17,7,0,6,4,17,1,4,8,9,1,0,5,1,2
2014/12/17,1,0,3,2,8,1,2,3,0,4,20,2,3,1,3,14,6,12,5,2,6,6,21,2,1,3,16,0,15,5,16,1,6,2,5,0,13,2,1,3,4,7,3,0,3,30,8,3,1,0,0,2,12,0,1,1,17,25,4,4,1,1,18,6,2,3,1,2,9,26,0,3,10,0,67,31,4,1,0,7,1,3,5,1,3,18,7,15,1,4,21,0,17,9,11,0,2,0,1,1
2014/12/18,2,1,7,7,2,4,3,5,3,6,6,0,4,6,4,20,2,16,9,1,8,7,19,0,3,1,11,1,11,2,14,10,4,6,3,5,19,1,0,10,9,6,9,1,2,46,6,4,5,0,1,4,11,2,8,0,17,21,5,1,1,3,9,5,4,7,2,4,4,40,1,5,8,0,73,38,0,1,0,7,3,0,12,2,3,20,10,19,7,4,31,2,3,4,16,1,1,5,3,0
2014/12/19,15,4,5,4,5,1,5,3,0,4,14,3,3,2,13,20,2,15,12,3,4,6,14,0,3,4,9,0,20,0,12,1,3,4,3,2,11,1,8,11,11,2,0,0,4,39,8,4,4,1,2,0,13,2,5,4,16,15,1,0,5,2,14,6,3,1,1,2,3,30,0,1,3,0,71,32,1,1,1,5,2,3,11,4,0,17,5,26,4,1,21,3,2,11,19,3,1,10,2,3
2014/12/20,1,0,1,2,7,0,3,2,5,3,11,2,16,3,2,13,1,7,16,1,12,2,19,6,0,4,12,0,18,1,17,24,4,4,3,1,18,2,2,15,16,2,3,3,4,53,7,7,1,0,9,3,17,4,8,2,13,25,0,3,0,0,17,8,5,4,1,1,12,40,1,4,10,0,92,39,0,1,3,1,6,2,4,0,1,23,9,16,6,1,41,0,5,19,15,0,0,2,1,0
2014/12/21,2,0,1,6,4,1,4,7,4,6,14,3,4,0,2,14,1,7,27,3,5,2,15,1,0,2,25,1,13,1,15,4,0,9,2,2,30,2,2,17,13,2,3,1,1,49,7,7,0,3,2,4,9,0,4,2,12,24,1,1,3,2,26,12,5,4,3,4,3,53,0,6,16,2,108,37,2,6,0,3,2,4,4,4,0,16,16,9,2,2,23,1,13,6,15,0,3,2,1,0
2014/12/22,4,4,6,2,7,5,2,11,5,9,15,1,2,1,10,14,2,24,21,3,6,2,12,1,4,3,17,1,13,3,18,0,3,7,4,2,23,1,0,5,10,7,1,2,2,46,8,7,1,0,0,8,17,0,1,0,20,13,3,1,1,1,14,7,3,4,0,2,2,44,3,4,5,0,87,28,4,1,2,5,3,2,12,7,0,24,10,15,2,7,31,0,7,12,9,2,1,14,1,3
2014/12/23,5,3,3,6,6,2,2,3,8,4,16,3,2,4,9,7,3,6,15,0,7,5,11,2,3,6,22,0,9,2,11,4,3,6,2,10,26,0,1,19,5,2,2,1,6,58,12,7,2,1,5,2,8,1,11,4,16,14,1,4,0,1,12,6,5,4,4,4,6,50,1,4,1,2,101,32,2,1,2,5,6,1,5,7,2,17,11,16,2,1,29,2,6,18,13,1,1,6,2,0
2014/12/24,5,3,5,5,6,3,0,7,4,5,13,0,3,0,6,4,3,8,11,3,5,6,12,0,3,1,13,0,6,1,7,2,1,5,1,0,48,0,4,10,8,15,5,1,4,36,3,1,2,1,1,3,3,1,6,0,13,10,0,0,1,2,15,4,2,2,0,0,5,30,1,7,5,1,60,20,0,1,1,4,2,1,4,4,1,21,12,4,6,0,18,0,3,5,18,0,2,1,5,3
2014/12/25,0,0,0,0,0,0,0,0,0,0,0,0,0,0,0,0,0,0,0,0,0,0,0,0,0,0,0,0,0,0,0,0,0,0,0,0,0,0,0,0,0,0,0,0,0,0,0,0,0,0,0,0,0,0,0,0,0,0,0,0,0,0,0,0,0,0,0,0,0,0,0,0,0,0,0,0,0,0,0,0,0,0,0,0,0,0,0,0,0,0,0,0,0,0,0,0,0,0,0,0
2014/12/26,1,2,1,3,1,1,6,2,1,6,7,0,0,1,2,7,2,9,28,2,9,7,27,2,6,12,11,1,8,0,15,0,2,6,2,2,22,2,2,10,5,10,2,4,1,46,5,3,2,0,0,5,18,2,8,3,8,19,1,4,6,0,20,5,2,4,1,0,5,45,0,4,12,0,75,39,1,5,0,0,3,2,6,5,0,13,11,15,3,8,30,0,6,2,16,5,1,3,0,2
2014/12/27,6,3,4,4,1,2,0,1,6,1,14,1,6,4,7,15,0,6,12,0,5,10,14,3,3,4,12,0,11,0,16,5,1,2,1,1,21,1,1,11,8,6,1,2,4,41,4,2,2,3,10,4,13,0,4,1,6,13,1,3,0,2,12,4,8,1,0,1,4,25,0,1,13,1,54,32,0,0,1,4,4,4,4,4,1,19,12,5,3,0,10,0,6,127,15,0,1,0,3,2
2014/12/28,2,0,1,1,2,0,3,1,5,4,5,2,25,4,12,17,1,20,17,1,8,4,10,1,3,5,6,1,13,2,9,7,3,2,8,1,10,3,5,7,7,0,7,0,2,32,6,6,3,2,4,1,16,4,3,9,11,23,3,2,4,2,13,4,2,4,3,0,4,26,0,7,16,3,46,43,2,5,0,7,6,2,5,5,0,13,10,8,2,5,17,2,4,14,18,2,0,0,0,0
2014/12/29,3,1,2,3,6,0,7,3,1,6,5,0,4,4,6,15,3,19,11,1,11,6,26,1,1,1,11,1,12,0,16,4,3,3,2,2,18,0,5,5,5,8,0,0,4,32,0,3,3,3,5,3,13,3,6,2,7,13,2,0,1,1,14,6,5,5,0,1,2,29,2,4,4,2,32,38,5,3,1,2,6,3,4,6,0,18,8,9,1,3,12,1,6,8,12,1,0,3,2,0
2014/12/30,5,2,16,3,2,1,2,4,0,1,7,2,3,5,0,14,0,8,19,2,5,11,15,2,6,4,8,0,16,4,13,0,1,3,2,1,13,2,2,2,8,2,0,0,2,29,7,3,6,2,1,4,5,1,5,5,6,19,0,2,6,0,9,9,1,3,0,1,3,22,1,7,3,0,46,36,0,2,2,3,3,0,9,4,2,9,11,7,6,3,20,10,4,1,9,0,0,0,1,0
2014/12/31,5,1,4,1,2,2,4,3,1,0,16,4,3,4,12,4,2,13,7,4,4,2,12,3,5,2,14,2,11,0,16,3,0,13,3,6,36,2,0,9,5,16,0,0,2,19,5,1,1,0,1,3,11,4,4,0,10,13,2,3,1,0,20,9,5,5,0,0,4,26,1,5,10,4,49,32,2,1,4,6,6,4,7,4,2,13,8,6,5,1,18,2,4,14,25,1,1,1,2,1
2015/01/01,24,6,8,4,5,0,4,19,12,11,9,0,5,5,0,12,2,7,10,2,2,0,18,2,4,11,12,0,9,0,5,4,2,5,2,0,13,3,1,3,2,1,1,0,0,29,3,6,4,1,4,3,12,0,8,5,6,15,0,3,0,0,9,4,1,2,0,1,7,16,3,4,9,1,53,36,1,3,3,5,2,1,6,0,2,16,8,4,4,4,26,0,4,12,6,1,0,2,1,0
2015/01/02,5,1,5,4,2,1,13,4,5,13,10,1,5,2,11,20,7,9,22,4,14,14,15,5,0,19,7,6,14,0,19,2,4,4,5,3,18,0,2,9,3,2,1,1,2,37,5,7,2,1,6,8,14,2,4,1,13,17,1,4,0,1,4,4,6,0,0,0,7,34,1,2,9,2,63,25,2,2,6,2,2,5,5,6,2,24,9,8,1,0,20,3,0,58,7,2,4,4,4,1
2015/01/03,5,1,3,7,5,2,1,4,3,11,11,1,25,7,7,10,4,31,23,3,12,10,27,8,4,4,16,3,11,0,21,0,6,19,4,2,18,5,4,6,6,23,7,4,4,39,7,0,3,1,6,5,14,0,2,2,20,20,1,4,4,6,12,3,6,5,1,2,5,30,1,5,13,0,74,28,1,3,2,8,3,2,8,8,0,26,10,4,4,6,14,1,4,62,8,2,4,6,1,10
2015/01/04,6,3,2,1,3,0,1,5,8,10,7,2,0,9,2,29,5,21,27,1,12,6,15,3,6,8,14,1,17,0,17,8,4,3,6,3,18,6,0,7,7,6,3,3,7,40,6,13,5,1,7,11,12,3,2,4,14,18,1,4,2,1,8,12,8,6,3,1,9,28,2,4,20,1,72,56,2,3,2,8,2,8,13,11,0,34,11,16,2,2,26,3,3,7,15,3,2,3,3,5
2015/01/05,2,1,8,4,4,2,5,4,0,7,14,0,1,7,11,25,5,11,30,4,13,9,25,3,0,11,15,4,13,5,16,7,4,2,3,1,26,3,0,1,9,9,2,4,0,33,8,3,1,1,8,2,24,3,1,2,18,12,3,2,1,0,6,3,6,6,4,2,3,25,0,5,12,1,53,74,1,6,1,6,1,2,6,5,0,19,9,11,3,0,21,2,11,12,1,0,1,6,0,7
2015/01/06,3,0,3,3,4,2,3,4,0,4,8,0,2,6,8,13,5,14,28,3,5,12,17,2,2,7,12,2,19,1,15,2,5,1,1,3,16,6,2,5,4,1,1,0,3,32,11,7,3,4,4,6,13,2,6,4,12,9,1,4,3,2,14,3,5,4,0,2,4,28,0,3,3,1,53,50,5,2,1,2,1,2,16,3,1,18,11,5,0,0,15,3,3,39,2,3,5,1,3,0
2015/01/07,5,4,9,0,5,1,7,6,1,4,11,1,3,4,4,12,3,11,16,9,9,5,20,5,3,9,13,2,18,0,13,8,4,2,1,0,19,5,4,2,5,2,2,0,2,28,14,5,3,0,6,10,16,0,7,6,15,15,1,5,3,0,3,7,4,4,0,4,8,20,1,3,1,1,50,51,5,5,1,4,2,3,5,5,0,19,7,6,3,0,17,0,14,11,2,1,3,7,4,0
2015/01/08,4,0,6,3,13,2,1,3,1,3,25,1,5,6,6,10,3,24,18,5,8,10,21,0,6,6,19,1,32,0,18,8,2,4,4,4,20,4,1,7,7,3,0,3,1,16,6,9,6,5,9,5,9,1,8,4,11,11,1,2,0,2,16,11,5,3,3,0,3,29,1,6,0,3,54,38,0,3,6,5,6,3,6,4,2,20,13,5,3,2,19,0,9,16,6,1,0,5,1,3
2015/01/09,7,3,2,2,2,2,3,2,1,5,9,3,2,5,5,11,2,15,24,1,4,2,14,2,6,9,14,4,33,2,14,5,3,3,3,3,18,0,0,10,2,8,2,1,2,30,0,8,5,0,3,1,4,1,14,0,10,16,3,2,1,2,15,8,3,4,2,0,9,24,0,3,0,2,55,34,0,4,0,6,4,1,5,0,5,22,13,7,1,2,17,1,4,53,14,4,0,6,4,4
2015/01/10,11,0,14,2,2,5,9,4,9,8,10,7,7,7,1,15,9,11,23,0,17,10,32,7,0,6,13,0,19,3,21,1,6,8,4,2,24,6,4,8,7,10,3,1,3,40,8,2,0,1,11,6,19,0,6,0,11,14,4,2,3,1,23,7,3,2,5,4,5,37,1,2,16,3,84,67,2,8,4,6,7,5,10,4,2,22,7,9,21,2,30,3,6,34,17,1,1,12,6,3
2015/01/11,14,2,4,5,9,1,2,2,6,7,10,2,4,13,4,23,1,8,29,0,6,8,13,4,4,4,14,2,11,3,16,9,4,9,8,7,29,4,3,12,6,8,4,0,6,41,7,6,4,3,7,7,8,0,8,4,16,16,1,5,1,1,19,18,3,8,1,3,8,33,2,7,19,2,86,54,4,1,1,7,6,3,6,2,2,25,13,2,9,0,21,0,4,36,12,1,1,1,1,3
2015/01/12,6,1,6,3,2,1,2,2,3,4,14,1,0,4,10,11,3,15,18,0,8,6,17,2,2,9,14,2,15,1,16,5,2,5,1,8,15,5,4,5,6,3,3,2,1,15,10,9,4,2,3,3,22,5,4,3,13,11,3,1,3,0,15,3,3,2,0,2,5,27,2,2,14,1,47,52,1,2,1,4,7,3,4,1,1,14,9,19,0,4,15,1,7,8,5,2,0,2,1,2
2015/01/13,4,0,5,3,4,2,5,6,1,5,13,4,7,7,2,9,8,10,3,6,10,9,20,4,0,9,21,0,17,2,15,7,6,3,7,2,14,4,2,8,4,2,2,0,4,18,4,6,3,0,4,5,15,3,6,5,12,19,1,4,0,1,20,5,3,2,0,4,4,29,1,0,10,0,58,28,1,3,3,6,8,2,6,5,0,19,10,7,9,3,20,0,11,22,6,0,2,8,0,2
2015/01/14,6,0,3,0,0,1,1,6,4,3,9,1,2,3,6,8,2,11,11,0,7,1,14,1,1,7,11,1,13,1,16,10,0,2,1,0,18,1,2,10,3,6,3,1,0,20,2,2,5,4,4,0,10,1,6,3,12,10,0,1,0,2,9,5,1,2,1,4,5,25,0,3,8,0,47,34,1,4,1,8,4,0,7,4,1,14,10,7,1,1,14,1,9,7,5,2,1,2,2,1
2015/01/15,10,0,5,18,3,3,0,6,3,3,13,1,11,3,1,17,4,9,16,1,2,2,11,3,5,6,8,0,7,3,11,6,5,4,4,1,16,1,3,11,6,2,6,1,4,22,5,2,3,0,7,6,8,2,8,2,11,18,1,2,1,0,21,7,4,7,0,0,6,21,2,6,7,2,44,29,1,1,0,10,4,2,12,6,0,7,8,3,2,4,17,1,3,16,9,1,0,1,0,1
2015/01/16,10,1,6,4,1,2,5,4,1,7,15,2,22,3,7,10,2,17,16,0,8,15,21,1,1,11,9,0,21,2,7,3,1,3,8,2,16,1,1,4,2,2,10,1,2,24,3,4,5,3,4,4,17,1,7,4,6,9,2,2,1,1,16,1,6,1,1,1,6,28,0,5,10,2,52,44,5,0,2,2,4,1,8,0,1,6,7,5,2,2,24,0,8,63,16,0,0,3,1,2
2015/01/17,7,2,6,3,3,0,3,0,6,7,18,3,13,3,11,13,3,13,14,3,6,4,20,2,5,13,19,4,14,3,13,6,4,4,7,1,18,3,0,9,12,11,3,2,4,39,5,2,4,3,3,13,12,3,11,4,8,16,1,4,0,1,7,7,2,8,4,3,5,30,0,5,12,3,75,56,2,2,2,7,8,1,9,2,5,21,9,6,3,3,40,0,6,13,16,4,0,5,1,5
2015/01/18,14,4,4,7,5,1,2,5,3,1,13,1,13,7,9,13,1,17,32,2,12,11,22,5,3,7,11,0,12,6,13,8,4,7,16,2,26,3,0,7,10,7,4,0,5,47,12,0,6,2,2,6,16,3,6,0,12,15,1,4,5,2,8,7,3,5,3,1,4,27,2,3,11,4,72,38,3,4,1,1,5,2,8,7,2,18,10,4,7,5,27,2,2,22,7,0,0,8,2,0
2015/01/19,7,4,3,2,8,1,6,1,0,7,25,0,7,6,12,11,3,12,16,2,9,8,22,3,3,14,8,1,20,14,10,2,2,6,6,2,28,3,2,10,7,8,5,0,5,22,4,4,4,0,7,0,19,2,1,4,14,8,4,8,0,1,2,8,4,8,2,2,8,24,2,4,12,0,49,41,0,5,3,0,4,3,7,3,3,15,11,6,5,2,23,1,10,10,5,2,1,6,0,1
2015/01/20,9,3,6,2,2,1,5,6,1,9,10,2,9,6,0,11,3,22,17,3,8,8,22,3,2,2,15,1,11,3,13,8,2,2,4,2,12,6,2,5,8,5,4,2,2,18,6,3,4,0,1,2,12,3,2,2,7,12,5,1,1,2,10,6,2,1,3,2,6,21,2,3,10,1,45,48,0,0,3,0,7,1,6,2,2,8,5,13,6,2,15,1,10,13,0,2,1,3,1,2
2015/01/21,1,0,5,2,2,0,6,6,4,3,7,2,7,3,11,9,3,11,11,0,5,0,2,3,3,4,16,6,13,8,13,3,0,9,6,1,15,2,2,7,8,4,3,2,2,18,4,3,5,0,5,5,7,3,4,3,9,11,2,1,4,3,17,2,6,1,0,3,7,21,1,6,7,2,55,43,2,2,0,0,2,1,6,1,1,20,8,9,3,0,13,0,7,13,9,1,2,2,0,1
2015/01/22,4,2,6,1,2,2,1,1,4,3,15,0,3,4,0,0,0,7,9,0,3,0,12,4,3,9,8,1,24,5,12,1,1,5,3,0,17,3,1,4,6,4,1,0,2,16,7,2,2,2,2,8,11,1,3,2,6,6,4,3,0,5,21,10,3,4,1,1,3,26,0,1,10,1,44,29,0,0,1,0,2,0,3,7,0,14,9,5,2,2,15,0,6,52,4,0,6,1,1,2
2015/01/23,9,7,5,4,4,4,2,3,0,8,17,1,8,3,3,12,2,15,15,0,13,4,12,0,5,9,7,3,12,2,8,2,1,5,3,0,15,3,0,10,8,7,1,1,0,32,2,2,3,1,4,0,18,2,5,3,13,11,3,3,1,0,16,1,4,3,2,2,5,20,0,3,11,2,49,37,1,3,1,0,7,2,5,0,3,16,12,12,4,3,17,1,3,14,7,1,1,4,0,2
2015/01/24,16,1,6,9,5,3,3,4,5,2,14,1,20,2,1,13,2,11,13,7,12,9,17,4,5,6,17,0,12,7,15,7,4,11,8,0,25,6,2,12,2,4,7,6,3,45,9,7,5,0,12,8,16,5,12,7,14,14,3,6,1,1,21,15,5,4,9,2,4,24,0,4,19,3,66,40,2,6,4,0,13,6,5,4,1,22,8,10,2,1,30,0,3,10,7,2,0,6,2,4
2015/01/25,16,3,5,9,10,7,2,12,2,5,14,1,13,3,14,8,4,10,27,3,5,3,25,2,3,25,17,2,14,7,9,6,13,6,5,1,28,3,4,11,11,6,5,1,6,40,11,8,5,1,4,4,13,2,6,4,15,20,1,4,7,1,12,7,3,3,4,4,6,19,0,11,23,1,61,68,2,10,1,12,3,3,7,3,2,33,21,7,6,0,26,1,7,51,13,2,0,3,1,5
2015/01/26,8,0,6,7,1,6,3,5,2,0,7,3,7,0,10,2,2,12,9,3,8,9,14,2,5,0,3,2,13,3,16,5,2,4,4,1,24,5,0,4,2,4,2,0,4,21,11,4,1,1,1,6,20,0,9,3,11,9,0,2,3,1,10,7,4,8,1,1,3,20,2,5,10,4,55,36,2,3,2,6,3,0,9,3,5,17,15,9,1,0,15,2,5,19,9,1,1,10,1,2
2015/01/27,11,0,5,1,1,3,7,6,5,1,16,0,6,2,0,4,6,11,13,4,9,7,11,1,6,1,8,3,14,7,8,8,2,3,2,1,12,4,2,10,5,2,0,1,4,25,3,7,4,2,1,4,10,1,10,7,7,7,1,4,2,0,16,6,4,3,0,1,6,20,1,1,8,4,54,48,5,2,0,0,4,5,9,2,2,14,9,4,4,0,21,0,4,24,3,0,1,3,4,1
2015/01/28,17,2,1,0,4,3,7,5,6,0,5,1,22,1,5,11,2,9,11,0,7,2,10,3,1,7,6,1,8,1,11,2,1,4,4,2,12,1,2,4,1,7,1,0,1,20,6,5,3,3,2,5,7,2,4,3,7,4,1,4,0,0,16,6,4,5,1,0,4,11,1,0,5,1,47,34,1,2,1,4,1,1,7,0,1,16,6,2,0,4,10,0,7,1,11,0,2,3,3,0
2015/01/29,4,0,1,4,1,2,4,3,13,0,21,1,3,1,3,11,3,8,12,0,7,13,14,2,1,8,8,1,9,0,7,2,4,4,3,3,8,1,1,6,8,3,0,0,1,21,4,3,5,0,3,3,13,0,3,4,10,6,0,3,2,2,9,7,1,3,1,3,0,20,1,10,7,2,55,28,1,3,2,5,5,3,2,2,3,12,13,4,2,4,18,3,3,3,8,0,1,1,2,0
2015/01/30,9,7,5,8,12,2,14,10,0,5,10,4,7,5,5,10,2,15,9,1,5,2,22,5,1,5,13,2,13,1,13,9,3,3,4,4,9,2,3,11,6,5,1,1,1,27,8,4,2,2,7,9,11,7,9,5,9,6,2,7,2,1,18,3,5,3,2,4,2,17,0,3,8,2,52,49,1,7,1,8,3,1,9,2,4,19,12,4,5,0,19,3,3,18,5,1,0,8,0,0
2015/01/31,17,6,1,8,2,6,1,7,3,4,8,6,10,7,5,3,2,12,22,2,11,3,16,3,3,11,20,1,7,3,8,16,2,16,6,2,27,2,2,11,11,12,7,2,5,39,4,1,3,0,8,5,14,3,0,3,13,12,7,9,3,3,25,13,3,2,3,1,5,29,0,5,12,5,89,36,5,2,0,9,3,2,7,3,3,24,12,5,3,0,29,15,3,19,16,1,1,6,2,3
2015/02/01,17,3,3,2,5,4,1,9,4,2,13,1,5,7,9,21,4,22,19,5,9,12,25,2,4,12,9,1,16,6,8,27,4,23,6,4,52,4,4,6,5,23,1,5,2,33,9,5,9,1,10,7,26,9,3,5,11,23,2,4,0,3,30,14,5,8,0,2,10,34,2,4,15,2,71,62,1,2,3,7,6,3,5,3,7,16,12,7,3,0,32,1,7,24,22,2,0,8,0,2
2015/02/02,6,1,0,3,2,5,0,1,5,2,1,7,3,2,2,15,2,18,6,2,7,17,22,5,5,0,9,1,15,3,15,11,5,5,2,2,29,4,3,7,1,5,2,2,4,39,10,9,3,2,1,5,12,4,3,4,19,12,3,3,7,2,18,9,7,11,2,2,7,34,3,4,14,6,48,37,1,6,3,8,3,5,6,9,0,18,10,6,1,0,26,1,5,24,13,1,0,10,2,5
2015/02/03,6,0,0,1,4,3,0,3,2,2,0,1,5,3,1,19,1,10,28,0,8,6,19,3,6,10,14,1,17,0,16,7,8,3,7,2,18,4,1,8,7,7,10,1,4,41,8,5,5,4,6,3,12,3,3,4,13,12,1,0,5,2,15,7,3,2,7,3,5,15,0,4,8,0,57,42,1,1,5,3,8,1,7,0,1,12,8,6,3,0,33,1,4,14,12,2,0,4,2,4
2015/02/04,1,1,0,1,0,1,2,1,4,1,11,3,8,3,12,10,5,5,30,3,9,0,12,2,3,0,24,3,13,0,16,1,2,10,1,1,14,1,3,5,6,7,2,2,3,24,6,5,4,0,2,8,12,1,5,4,13,12,0,9,1,2,15,5,4,7,2,2,5,30,0,5,9,1,62,40,2,2,0,7,3,1,9,2,5,20,15,13,7,1,15,0,0,10,10,2,0,8,4,4
2015/02/05,2,0,4,1,1,2,12,1,6,3,14,1,2,3,7,15,1,27,18,8,17,8,18,5,2,0,8,2,10,0,24,0,8,5,9,2,20,0,4,6,6,2,7,1,5,26,4,14,2,1,7,2,11,1,4,2,12,15,0,5,0,0,19,11,3,5,4,0,3,23,0,7,9,0,59,47,0,3,1,10,6,2,4,3,0,13,15,7,7,3,20,2,0,5,7,1,0,3,6,1
2015/02/06,9,1,3,0,0,5,1,5,6,7,13,0,2,11,1,11,4,14,22,3,8,13,29,4,3,0,6,2,9,2,22,5,10,6,3,6,24,2,2,5,5,4,1,0,3,22,2,5,3,1,4,3,6,2,6,0,10,14,2,2,4,1,18,7,2,4,5,7,2,25,2,7,10,1,60,26,2,4,0,3,3,3,4,2,0,12,5,5,3,0,21,0,0,5,12,0,1,1,2,0
2015/02/07,10,5,1,9,8,5,4,5,6,3,18,1,14,6,11,17,9,33,24,2,17,23,38,7,8,3,22,5,15,1,15,5,9,16,1,7,29,8,3,9,9,15,2,0,5,48,6,8,3,4,4,9,18,1,3,3,13,21,6,5,2,3,23,11,3,5,7,7,5,48,0,6,14,5,84,47,7,4,4,6,14,4,7,5,2,22,18,7,3,0,23,1,6,14,12,0,0,19,5,0
2015/02/08,9,0,2,13,36,3,3,5,0,2,9,1,5,5,17,18,5,18,24,6,12,12,31,4,5,9,9,1,16,1,13,13,8,4,6,2,29,4,0,11,8,9,6,1,1,43,12,5,7,5,12,8,5,4,4,6,11,19,3,7,2,0,12,7,3,5,0,1,5,35,1,6,20,2,83,66,5,8,4,6,3,5,10,4,1,25,11,5,3,0,30,4,7,26,9,0,1,9,8,1
2015/02/09,6,0,7,2,4,2,4,10,9,3,16,4,8,5,16,12,8,19,27,4,12,6,20,2,4,5,16,1,16,3,14,2,10,2,5,3,22,3,3,7,10,2,5,0,7,34,5,7,7,0,6,3,15,0,5,3,13,10,6,4,3,0,16,6,11,9,3,0,7,41,1,12,8,2,73,42,0,5,1,7,4,1,7,3,1,20,14,8,7,6,28,2,16,15,13,0,1,4,6,2
2015/02/10,8,1,6,1,1,1,3,2,0,4,10,6,5,4,4,8,3,12,23,7,11,5,36,7,6,11,11,2,9,4,14,9,6,8,4,5,16,1,2,9,5,4,4,1,4,20,11,5,6,0,6,6,5,3,4,3,20,22,6,4,1,0,23,11,3,7,2,7,1,31,3,3,14,0,52,43,4,7,2,7,5,3,12,1,2,25,16,14,0,2,17,1,6,26,12,1,1,6,2,3
2015/02/11,3,0,4,7,3,5,4,10,2,2,8,1,4,2,0,13,5,15,16,0,5,4,16,0,4,7,11,2,8,3,9,4,11,5,4,0,22,0,4,12,3,2,2,0,3,27,10,4,5,1,0,4,10,3,7,4,15,10,2,5,2,1,7,5,2,3,2,3,3,25,0,4,20,3,49,31,1,3,1,5,3,0,7,1,4,33,10,7,6,0,30,2,14,10,17,1,1,6,2,0
2015/02/12,10,3,8,8,4,3,1,5,4,6,8,4,2,3,0,7,5,18,15,2,11,5,24,0,6,6,17,2,12,1,17,5,6,5,7,1,14,0,3,13,10,4,1,0,2,51,5,5,1,1,3,7,4,0,7,5,16,14,0,4,1,0,16,6,3,1,1,1,4,29,1,4,13,1,97,34,6,0,3,6,6,1,3,1,4,34,8,8,3,0,42,3,3,18,16,2,0,8,3,1
2015/02/13,6,0,9,7,4,0,5,2,1,2,22,1,4,2,20,6,11,13,19,2,6,1,11,1,2,10,13,0,15,1,8,6,8,3,3,3,28,1,2,7,12,6,4,1,4,36,3,3,3,2,5,3,13,13,3,0,15,10,4,4,0,2,12,3,4,3,0,5,6,30,1,1,5,3,74,28,2,3,2,6,4,3,6,0,3,22,15,7,4,3,32,0,5,14,7,0,0,7,0,5
2015/02/14,7,2,2,8,0,7,2,3,3,4,3,1,5,2,18,6,2,11,20,0,6,6,15,2,4,8,19,6,11,2,15,5,19,8,6,1,31,3,0,7,8,5,5,2,6,63,3,2,3,7,0,4,9,1,9,9,15,15,1,1,4,0,0,7,7,3,1,2,3,32,1,4,6,0,74,43,2,3,3,5,5,0,7,1,0,20,26,7,2,0,42,3,3,7,16,0,4,4,0,3
2015/02/15,17,2,4,5,5,4,3,3,16,0,12,0,10,8,3,11,6,8,24,6,9,8,26,0,7,12,20,2,14,11,9,8,19,9,8,2,28,4,2,13,14,4,5,3,3,47,6,3,9,1,5,10,8,2,3,3,11,19,0,2,1,4,0,10,6,3,2,1,8,42,4,4,17,1,85,43,0,4,5,8,7,1,7,5,1,23,17,8,8,5,40,5,2,29,20,4,1,13,4,4
2015/02/16,21,2,3,5,6,5,1,4,0,11,10,1,13,5,7,15,1,18,23,3,5,1,15,3,3,7,8,1,14,0,18,10,11,5,3,3,23,2,2,7,7,6,2,1,5,43,5,7,7,1,16,3,12,3,5,4,13,19,0,2,7,1,0,3,6,5,1,0,7,32,0,10,19,2,76,57,2,4,6,6,3,2,8,5,1,17,18,3,11,0,34,0,5,21,6,1,1,14,4,4
2015/02/17,14,2,5,10,1,11,5,1,4,12,11,1,11,3,0,17,4,10,15,5,2,19,20,5,5,2,20,0,17,0,25,2,4,4,5,5,13,1,2,7,4,4,3,0,4,20,5,1,3,1,7,3,1,4,6,6,13,11,3,5,4,1,0,14,2,6,3,0,6,20,0,4,10,5,48,29,1,12,1,6,3,5,5,1,4,19,11,8,3,0,19,0,3,10,12,2,1,3,2,1
2015/02/18,10,2,5,2,1,2,0,0,2,10,4,1,6,4,6,8,5,10,13,4,5,3,14,1,2,2,16,1,16,1,10,3,4,2,4,0,24,3,0,11,6,3,2,4,3,33,6,0,3,0,3,3,15,2,7,1,11,11,2,1,0,1,7,12,1,5,0,1,4,19,2,2,12,0,51,27,1,6,1,7,6,0,4,4,2,14,12,9,3,0,27,2,4,15,13,0,0,3,1,0
2015/02/19,9,0,7,2,1,0,0,1,9,4,10,1,5,2,2,6,3,11,12,1,5,6,11,2,0,2,11,3,5,1,16,6,2,6,5,3,14,1,3,9,6,7,2,0,4,35,1,2,2,0,7,0,8,2,6,3,14,7,2,0,2,1,15,10,8,4,1,0,1,26,4,2,7,1,43,31,0,2,0,4,5,0,6,2,0,12,11,10,5,0,23,1,4,7,6,2,0,8,0,1
2015/02/20,14,6,7,5,6,7,0,4,3,12,17,1,12,4,5,13,0,8,13,1,3,2,5,5,6,5,12,3,10,1,11,0,4,0,2,4,14,0,1,7,2,1,6,0,0,32,2,0,6,1,5,4,6,6,6,3,11,7,3,1,3,2,22,4,5,0,3,0,5,17,2,1,5,1,56,34,2,5,6,11,5,0,5,3,1,15,19,6,3,3,20,2,6,8,1,2,0,4,1,1
2015/02/21,9,3,2,8,14,12,0,17,2,15,7,0,28,3,15,7,4,11,10,2,8,6,15,4,1,7,14,3,8,1,19,12,8,3,1,3,19,0,3,10,6,2,7,3,1,49,7,3,2,1,6,5,6,4,10,2,11,10,1,2,2,4,14,11,6,1,0,1,7,27,0,3,10,2,56,38,2,2,1,8,6,5,4,2,0,16,7,6,3,2,23,2,3,8,14,1,0,2,3,0
2015/02/22,18,3,2,8,4,11,1,11,6,16,15,0,23,3,14,16,2,7,13,5,11,3,27,0,2,12,8,4,6,1,16,13,16,3,9,0,34,5,4,7,10,5,1,0,6,50,7,4,7,1,6,5,14,3,6,7,21,16,3,7,1,1,14,13,1,5,3,6,4,37,0,3,6,2,68,43,1,7,2,5,5,4,4,6,4,22,14,9,1,2,28,1,13,19,18,0,2,8,0,4
2015/02/23,8,5,3,5,4,10,2,9,2,9,7,0,15,1,3,16,2,18,13,2,12,9,17,4,0,5,10,0,9,2,20,5,6,1,2,5,21,1,5,4,10,1,3,0,5,32,2,2,2,1,6,3,12,3,3,3,14,7,2,3,0,2,14,10,4,3,5,2,2,19,3,3,17,3,45,38,8,7,3,9,9,2,7,3,0,19,16,4,4,4,19,0,6,3,11,1,1,3,1,4
2015/02/24,8,1,6,2,4,17,3,7,2,10,14,2,5,1,4,9,3,14,14,2,16,1,11,3,2,0,14,1,10,3,16,2,7,2,2,2,11,4,4,5,5,1,3,1,4,22,6,5,4,1,6,1,5,0,4,3,6,6,2,3,2,0,17,1,4,4,3,2,8,13,1,2,12,1,43,45,2,6,2,8,7,2,3,2,2,16,22,5,4,4,17,0,14,0,11,2,0,4,2,1
2015/02/25,9,0,6,10,4,3,4,1,7,3,7,1,3,3,2,5,0,6,14,2,5,3,11,4,4,1,13,3,1,2,21,4,10,2,0,1,13,2,2,5,8,5,5,1,0,25,7,3,2,2,4,3,6,4,2,4,12,16,2,1,1,0,7,6,6,0,0,1,5,19,1,2,12,0,52,34,0,2,1,8,4,0,7,1,3,15,11,6,2,0,21,2,5,12,21,0,1,6,3,0
2015/02/26,14,1,7,4,3,3,2,3,2,1,8,2,5,2,7,12,2,12,8,1,5,6,13,2,3,2,10,2,8,4,21,9,4,3,3,2,21,1,1,8,1,4,2,0,0,23,11,2,5,0,5,0,5,4,6,4,9,11,1,5,3,1,9,10,4,2,2,3,2,21,0,4,9,0,49,27,8,5,1,6,6,3,9,3,0,16,24,7,1,0,20,1,4,35,14,0,2,5,1,5
2015/02/27,7,0,6,6,4,8,6,8,6,5,17,0,6,5,5,14,2,10,10,1,2,9,17,2,5,6,16,0,10,0,8,1,4,2,0,4,18,3,1,9,3,1,5,1,0,22,2,2,4,0,4,4,10,7,5,4,14,8,0,3,0,3,9,5,7,4,2,1,5,22,0,7,8,2,43,35,0,4,2,11,4,1,8,1,5,16,14,3,5,2,21,0,6,22,15,1,6,8,1,6
2015/02/28,26,2,1,2,4,12,6,6,2,3,12,1,10,2,7,10,3,14,16,2,9,4,21,0,2,12,8,4,14,2,13,5,5,5,6,3,19,0,2,8,10,2,1,3,3,48,3,4,2,1,11,7,7,1,9,2,13,13,0,6,3,2,16,4,5,5,5,0,3,24,3,3,13,3,61,43,7,7,1,7,5,2,9,3,0,27,15,12,4,3,32,1,10,9,18,1,0,7,3,2
2015/03/01,17,7,10,3,7,6,2,14,0,6,15,4,15,4,11,13,4,19,25,6,8,9,30,7,4,2,13,0,23,4,19,19,11,8,3,2,24,7,3,14,8,2,7,2,7,32,9,6,4,1,13,3,7,4,4,5,12,13,4,2,2,5,17,21,4,2,4,6,8,35,4,6,13,2,85,34,2,5,3,10,8,2,3,5,4,25,31,14,3,0,32,1,8,23,21,2,1,7,2,2
2015/03/02,18,6,4,10,4,7,2,10,1,4,8,1,24,6,7,19,2,14,26,0,8,13,17,2,2,4,13,1,23,6,24,8,5,0,1,0,21,2,1,7,6,3,8,2,5,22,10,5,2,0,4,3,7,7,5,1,16,5,0,8,2,3,20,10,5,10,2,4,8,26,1,4,19,2,51,34,1,1,4,8,4,3,10,4,2,14,15,10,8,3,6,0,0,13,15,2,1,2,1,1
2015/03/03,10,3,3,3,5,5,9,2,0,6,14,2,19,8,10,16,3,13,18,6,16,15,19,0,2,14,14,2,10,0,14,14,3,4,4,4,17,4,1,4,11,6,5,0,3,35,10,2,4,4,8,7,12,3,2,8,11,11,3,4,1,6,15,15,5,6,1,1,5,26,2,2,7,2,62,47,0,3,1,14,4,6,8,3,2,15,11,10,0,1,21,2,8,49,12,1,1,5,2,0
2015/03/04,8,5,8,7,3,2,7,2,0,10,9,2,19,5,3,10,7,17,24,3,9,6,16,0,3,3,20,2,16,2,12,2,2,1,2,0,19,2,1,12,6,0,0,6,1,21,11,3,2,4,9,3,4,2,10,4,18,18,3,1,1,4,20,5,7,4,3,3,5,23,0,0,12,1,66,36,1,1,3,7,7,3,7,2,3,17,6,10,1,0,27,4,3,21,10,5,3,10,3,5
2015/03/05,12,1,3,6,9,11,4,12,2,10,9,3,17,4,3,14,2,9,15,2,12,3,16,0,4,9,19,6,16,3,14,6,6,2,4,1,22,7,1,8,7,2,0,0,4,35,2,2,4,2,7,5,11,0,9,5,7,12,5,6,3,3,15,7,2,3,5,7,11,28,2,1,5,3,69,48,2,5,0,14,6,6,4,0,0,18,9,5,4,0,22,14,2,22,18,1,1,9,7,1
2015/03/06,4,2,1,1,0,6,6,5,8,3,23,2,9,6,14,15,1,7,11,0,5,10,10,12,3,16,14,4,9,2,15,4,3,1,0,1,20,0,2,3,5,5,2,2,5,25,2,2,1,0,7,2,7,0,7,3,13,4,2,6,2,3,10,4,6,4,2,0,4,20,1,3,11,1,51,19,1,7,1,7,4,9,5,0,0,19,12,8,8,6,25,1,8,19,13,4,1,5,4,1
2015/03/07,10,5,6,3,9,4,2,7,3,7,7,0,21,7,9,10,4,10,19,1,8,3,27,12,5,17,27,2,13,7,17,7,6,5,3,0,26,3,3,11,7,5,3,1,4,61,2,6,4,2,7,3,4,0,15,5,17,11,2,6,4,2,18,9,5,4,2,1,2,32,1,10,11,5,69,50,0,6,1,8,8,0,9,4,3,16,16,8,7,1,42,0,7,2,21,3,0,6,0,6
2015/03/08,31,7,3,14,14,5,2,10,0,10,14,0,19,9,9,20,3,13,20,2,13,11,4,0,4,3,16,3,22,4,24,9,3,3,1,10,31,2,3,11,3,10,14,0,2,51,7,7,4,5,7,8,11,6,8,4,13,19,2,3,5,2,16,15,5,5,2,6,2,30,4,4,18,1,88,56,3,12,7,15,10,6,10,3,5,23,22,8,5,2,34,2,9,32,18,4,0,10,1,5
2015/03/09,25,1,6,2,4,8,1,3,6,7,9,5,7,7,4,21,1,22,27,4,8,5,20,0,0,13,17,5,14,3,16,12,6,3,0,1,24,9,1,8,4,4,3,1,3,42,9,3,4,1,5,4,11,4,4,4,10,13,3,6,3,0,11,5,7,5,0,5,4,22,2,4,14,1,61,45,0,5,4,13,0,4,5,1,1,16,10,11,3,2,25,4,8,14,11,1,2,10,0,1
2015/03/10,4,3,4,4,2,2,8,4,0,12,6,3,4,7,5,12,2,17,25,0,11,4,20,11,4,5,19,1,12,15,16,6,2,1,2,3,17,6,2,7,5,5,9,2,1,45,8,9,7,3,8,2,4,5,6,5,10,18,2,3,3,3,12,5,4,3,1,7,4,30,4,3,18,6,48,53,0,4,2,10,1,5,3,3,0,9,9,0,5,2,20,2,10,27,21,0,1,10,3,2
2015/03/11,6,1,5,6,7,2,3,1,0,10,5,1,4,0,0,7,5,0,20,3,8,0,11,0,2,5,11,5,17,2,10,4,4,0,6,4,14,4,1,10,12,2,2,4,2,34,2,6,1,0,7,7,6,4,6,2,10,8,0,6,3,2,14,10,2,5,5,2,6,30,1,3,8,0,65,50,0,3,1,9,4,3,6,3,1,14,9,0,3,0,22,1,3,10,12,5,4,6,1,5
2015/03/12,2,1,15,8,4,1,6,10,8,2,11,4,4,0,3,10,5,17,17,3,7,4,14,1,9,0,11,3,7,0,8,1,2,2,1,4,26,8,4,7,9,3,5,5,2,26,9,5,3,2,11,4,4,1,8,4,16,11,2,3,0,4,9,8,3,5,6,1,8,23,1,2,9,0,52,21,0,4,0,5,1,2,5,3,1,11,12,0,4,2,20,0,4,10,19,4,0,3,4,3
2015/03/13,25,12,2,7,6,5,0,13,0,7,19,1,14,3,20,9,0,13,7,2,3,5,15,5,5,9,10,2,8,2,15,6,0,4,6,0,16,6,1,10,6,3,2,0,7,53,7,1,4,0,9,7,4,2,13,6,10,14,3,4,3,1,15,7,7,3,0,0,5,37,1,1,9,0,62,27,3,5,1,6,5,2,8,3,3,19,15,6,2,2,30,3,5,6,13,2,1,11,4,1
2015/03/14,19,8,2,7,5,2,4,3,8,6,8,1,16,7,4,0,0,7,0,0,8,1,18,3,0,9,17,1,8,3,12,9,7,2,6,3,31,2,1,11,4,2,2,0,2,51,11,10,7,1,12,6,8,0,15,3,12,28,0,6,1,0,27,14,2,1,0,1,5,33,1,7,5,3,77,52,3,10,0,6,10,1,9,4,4,20,11,5,4,7,66,0,15,65,17,0,3,8,2,3
2015/03/15,8,5,3,4,9,5,2,3,4,8,14,2,8,7,8,0,5,13,0,3,6,3,16,3,3,3,16,5,18,2,16,7,12,4,9,2,22,4,3,7,5,2,4,1,3,67,9,6,6,1,16,8,16,1,9,8,7,24,1,6,5,1,3,12,8,6,4,5,6,16,1,10,8,0,89,46,1,10,5,17,7,0,7,2,5,27,21,6,5,0,38,10,6,53,16,1,5,7,2,2
2015/03/16,7,0,3,1,4,0,6,5,0,1,9,3,5,5,4,5,3,9,6,1,2,2,20,3,7,5,9,1,15,5,23,5,5,0,2,1,29,9,6,2,5,4,2,2,1,38,6,6,3,1,18,5,6,4,8,3,12,14,6,4,1,1,5,5,4,1,2,4,8,26,1,1,11,1,56,35,0,2,0,5,7,5,10,3,6,23,11,20,6,0,16,1,2,15,10,1,0,4,2,2
2015/03/17,7,4,2,1,5,4,1,7,0,4,21,0,6,2,12,11,1,13,16,3,6,7,30,2,5,11,16,4,13,4,14,5,2,1,4,2,12,4,0,7,2,0,3,1,3,40,9,7,2,3,12,3,4,2,5,2,7,7,0,3,2,1,12,2,6,1,1,2,4,37,0,1,5,0,64,40,0,9,2,10,5,3,3,2,1,7,10,4,4,3,16,1,0,9,10,1,0,2,1,1
2015/03/18,6,2,1,3,3,3,2,2,0,0,8,2,2,2,8,16,2,20,22,1,1,5,20,1,4,3,9,0,10,2,19,2,4,3,0,1,0,2,2,6,2,2,1,0,7,28,1,4,0,1,8,9,5,1,10,1,15,15,1,2,0,2,9,11,4,2,0,4,1,22,3,2,1,0,50,43,2,5,1,9,2,4,15,0,3,8,6,4,0,5,17,0,10,19,12,0,0,10,1,1
2015/03/19,12,2,2,1,1,1,6,14,2,4,9,1,1,4,2,4,0,1,7,1,2,3,9,2,4,7,20,0,10,0,15,4,1,5,3,1,0,0,3,5,1,2,2,0,1,31,5,7,7,2,7,4,4,2,6,4,9,11,2,2,1,1,12,7,3,4,1,6,5,18,1,7,6,3,38,30,2,15,2,9,4,3,12,2,1,21,6,6,0,1,23,0,11,14,8,1,0,4,1,0
2015/03/20,7,1,3,8,3,1,4,4,3,1,14,2,5,3,12,4,2,8,21,2,7,4,17,1,2,1,8,1,9,0,11,10,3,5,2,4,0,4,1,8,5,2,2,1,2,42,5,4,3,2,12,3,5,9,9,3,10,19,1,6,0,1,11,9,7,3,1,0,3,32,0,10,6,0,53,36,0,8,1,8,8,1,8,2,1,16,4,5,0,0,25,0,6,28,19,1,2,6,2,1
2015/03/21,9,2,2,5,4,5,5,8,7,2,9,2,2,2,7,6,3,19,12,1,8,2,17,5,2,5,19,3,7,3,22,1,5,6,4,4,1,3,3,8,5,2,9,3,2,56,10,5,4,1,7,6,9,4,4,3,10,20,4,6,4,4,13,7,3,5,2,0,7,35,0,9,0,1,64,56,2,11,1,10,8,11,8,6,5,18,6,7,1,7,32,2,1,33,25,0,0,7,0,5
2015/03/22,14,4,1,5,33,7,1,3,5,4,18,0,4,1,7,17,1,24,19,4,10,5,28,4,4,15,21,2,14,4,22,30,4,0,6,7,1,5,3,5,10,1,2,1,1,54,12,7,3,4,11,3,13,3,6,4,14,22,1,7,2,1,18,8,10,7,2,2,6,26,2,4,0,4,62,58,0,7,2,15,5,3,12,4,1,13,14,4,2,0,31,3,6,11,20,0,1,16,1,3
2015/03/23,3,0,5,9,4,0,12,6,2,4,7,1,3,2,8,16,2,9,11,0,6,3,20,3,4,4,16,2,10,4,22,0,5,1,4,2,5,4,2,7,8,3,6,1,3,43,4,12,3,3,4,7,14,3,2,3,6,15,2,1,2,3,11,3,6,1,1,2,2,22,1,3,0,1,51,38,0,7,3,5,5,4,6,0,1,10,9,8,1,0,12,2,6,16,8,1,1,10,3,3
2015/03/24,13,3,2,2,6,4,1,6,4,4,21,3,10,3,5,5,6,6,17,6,6,2,12,2,0,6,21,2,9,0,15,2,5,4,3,1,1,4,3,5,6,1,1,1,3,33,0,6,2,1,11,5,6,2,2,2,9,8,3,2,1,0,15,6,3,2,2,4,4,21,0,5,0,0,52,29,0,0,3,7,3,4,10,4,3,10,14,5,2,0,14,1,6,11,13,1,0,3,4,1
2015/03/25,4,0,1,3,1,1,1,0,0,6,15,2,4,6,1,9,7,8,8,0,0,8,12,4,2,3,10,1,16,4,23,6,2,4,2,3,1,3,4,6,14,4,2,0,2,51,7,4,3,2,7,2,5,1,2,0,7,8,0,4,2,2,21,5,2,1,5,0,4,23,0,5,5,3,56,24,0,8,1,9,3,2,10,2,3,12,7,5,0,4,13,3,7,21,12,1,0,4,3,1
2015/03/26,15,1,0,2,0,4,9,10,0,4,9,2,4,0,17,2,4,11,15,0,2,4,12,5,2,0,17,2,13,2,6,9,2,3,4,1,2,1,4,4,3,3,0,1,4,47,16,2,4,0,11,1,9,2,4,5,9,10,0,3,3,4,9,1,5,3,0,1,5,29,2,14,7,3,63,27,7,4,0,7,6,3,4,6,4,18,14,2,0,4,28,0,10,21,8,1,2,3,2,0
2015/03/27,3,1,2,5,1,0,1,1,1,5,22,1,6,6,4,2,3,7,8,0,4,3,9,2,4,1,11,1,11,0,18,7,4,3,3,1,0,5,4,11,5,3,1,1,1,39,1,11,1,0,4,2,5,5,3,2,10,12,1,6,8,0,24,11,5,2,0,1,5,20,0,2,0,1,41,42,0,7,1,12,3,3,9,0,1,18,11,8,0,0,33,2,2,37,13,0,0,6,1,1
2015/03/28,6,6,4,7,2,3,1,1,6,5,9,7,12,3,11,7,5,11,15,2,5,5,9,2,4,4,17,2,16,4,8,12,5,2,3,4,1,2,1,9,4,4,1,2,3,57,0,9,5,0,4,2,10,6,2,9,6,12,0,3,4,2,18,9,3,6,2,3,2,34,3,5,0,4,69,21,0,5,2,13,12,1,5,2,1,20,9,3,3,0,28,4,4,13,20,1,3,10,0,1
2015/03/29,5,3,6,3,9,1,0,9,2,9,14,1,9,5,0,19,1,9,20,2,6,3,31,0,3,4,11,0,15,3,11,3,6,1,10,0,1,2,5,16,7,2,3,1,2,52,8,11,6,1,3,5,8,7,4,1,10,5,2,5,1,0,17,12,4,3,2,3,4,44,1,3,0,0,64,50,1,5,1,9,2,5,8,2,4,20,13,9,1,0,45,0,41,15,2,1,0,8,1,2
2015/03/30,6,1,3,3,3,0,1,4,3,3,10,1,2,4,7,9,2,13,13,6,4,8,8,2,2,3,9,1,1,5,19,6,3,4,4,5,3,3,1,5,9,2,2,1,2,34,5,5,3,0,9,5,8,0,3,5,10,12,3,2,3,0,15,13,9,5,0,2,3,26,0,5,0,3,67,43,4,2,0,6,2,4,7,4,2,18,13,6,1,2,22,2,3,9,0,2,3,1,5,1
2015/03/31,9,0,5,2,1,3,1,5,3,1,15,10,7,3,4,8,2,12,10,2,2,4,12,2,2,3,12,3,9,0,20,4,7,0,3,2,1,2,2,8,7,2,3,0,4,39,11,1,3,1,5,4,12,1,3,4,10,14,1,1,1,0,8,9,3,3,3,2,1,27,1,3,9,0,53,43,3,0,1,9,3,4,12,2,0,14,4,6,0,4,20,3,3,2,0,1,0,6,4,1
2015/04/01,16,3,6,3,0,2,2,3,1,5,20,4,2,2,4,12,4,10,18,0,0,11,9,4,1,8,22,3,13,3,14,4,5,5,3,1,0,2,1,12,5,3,0,1,3,49,11,5,2,3,1,1,3,2,0,3,16,16,0,5,2,4,10,12,5,2,2,5,2,22,0,4,6,5,53,29,2,6,5,8,4,3,4,5,2,19,6,7,0,4,29,0,3,27,0,1,0,5,2,3
2015/04/02,12,6,4,1,6,8,6,15,2,4,9,1,11,8,9,13,6,15,10,4,0,4,20,3,2,2,13,2,14,3,15,8,2,5,2,1,1,4,1,5,3,3,0,2,4,37,1,7,4,2,7,4,3,2,7,8,10,17,1,2,6,1,13,13,5,3,3,2,3,31,1,1,9,1,54,36,3,4,1,10,10,2,3,3,1,12,5,6,0,1,23,3,1,19,0,2,3,5,2,1
2015/04/03,12,1,3,7,19,6,4,12,0,6,12,2,22,4,7,10,2,14,15,0,0,1,17,1,1,3,10,6,14,1,12,4,2,7,5,4,3,3,2,12,12,2,1,2,3,46,4,9,3,1,9,2,7,3,1,1,9,22,0,4,3,4,19,0,9,0,1,3,6,38,1,3,0,0,81,33,2,4,4,10,6,4,18,1,1,26,10,12,2,1,26,2,4,3,0,3,2,8,6,5
2015/04/04,25,0,4,7,22,12,4,17,0,8,15,0,18,3,15,16,6,18,27,2,9,9,31,5,6,1,21,7,11,3,16,13,4,5,4,1,0,1,4,11,13,10,10,8,5,59,10,3,3,2,4,7,10,3,2,5,16,23,2,4,2,1,28,8,5,1,7,2,2,46,1,7,0,2,94,44,3,5,5,11,10,3,7,0,1,24,10,9,3,3,43,5,0,18,0,4,0,14,4,1
2015/04/05,14,3,2,8,12,2,1,5,0,9,20,0,3,4,0,14,3,13,17,5,7,13,27,1,4,0,10,1,11,4,14,5,2,5,4,0,0,4,5,13,6,3,1,1,6,46,8,13,5,1,6,2,12,6,2,3,20,28,2,2,4,2,21,9,5,3,2,2,6,27,3,6,0,6,92,53,3,8,0,8,6,5,6,3,4,30,13,8,1,2,33,4,4,17,7,1,0,11,4,0
2015/04/06,4,0,2,4,6,4,8,0,8,4,10,1,1,8,4,22,5,28,34,1,6,2,24,3,3,1,15,2,14,0,17,9,2,3,5,1,2,1,1,7,6,1,3,1,5,47,9,10,4,1,5,3,10,3,1,4,10,15,4,2,0,2,7,11,6,7,3,2,3,25,3,3,7,3,60,42,5,6,2,12,1,11,5,2,3,17,15,4,3,1,22,1,2,16,12,0,3,2,0,3
2015/04/07,4,1,2,10,1,2,4,4,0,2,20,1,4,10,5,15,6,22,24,4,10,6,15,6,4,1,9,0,11,1,11,10,5,1,10,1,0,4,1,10,5,2,6,0,3,36,6,11,7,0,3,2,9,1,1,4,12,18,3,2,0,5,6,7,4,3,6,1,5,29,0,4,5,1,65,41,2,4,3,12,2,7,3,4,3,19,13,20,0,2,21,2,3,18,13,1,3,7,1,2
2015/04/08,10,1,2,7,4,5,5,3,0,9,6,8,13,2,3,20,4,15,22,3,13,1,24,3,4,2,12,3,13,7,12,16,4,1,5,0,0,3,6,8,6,1,7,0,2,38,10,5,2,1,6,6,8,1,1,1,18,9,0,2,2,1,15,12,5,5,3,1,4,18,1,0,10,1,67,50,0,5,0,10,2,2,6,1,2,14,4,20,0,2,25,0,6,28,21,2,3,4,2,0
2015/04/09,2,6,4,9,2,7,13,1,0,7,11,1,18,0,6,13,2,17,19,6,9,11,17,3,5,0,11,1,14,3,12,11,3,1,3,1,2,2,2,13,8,2,4,0,5,40,3,4,4,1,5,2,7,1,3,3,18,13,2,2,6,1,10,5,6,4,1,2,4,33,0,3,9,2,61,41,0,3,0,9,3,1,5,3,0,8,9,12,22,1,21,1,0,16,9,0,3,6,1,2
2015/04/10,7,5,8,11,8,4,1,4,8,4,15,3,10,4,11,11,3,15,11,4,6,6,25,0,2,5,15,3,7,1,16,5,3,2,5,4,0,2,3,12,1,7,3,0,2,45,3,4,4,1,4,2,6,4,8,3,15,15,1,3,5,0,15,8,7,3,4,2,7,37,3,4,11,0,65,31,3,2,2,14,3,1,4,4,3,15,10,11,1,7,27,1,3,33,9,1,0,10,2,1
2015/04/11,6,3,4,5,7,4,0,10,0,6,18,3,9,10,3,17,1,17,20,1,12,5,21,2,0,2,15,3,17,3,12,5,3,7,3,0,0,4,0,6,8,3,3,2,1,51,4,5,5,3,8,6,3,3,2,5,14,15,1,6,1,2,16,8,4,5,6,3,2,38,1,2,5,3,77,37,1,3,5,8,5,4,5,1,1,20,22,17,4,1,31,4,5,23,15,2,1,14,4,1
2015/04/12,6,0,3,5,3,10,7,8,0,6,19,1,8,5,0,13,5,19,32,2,6,0,23,5,5,6,20,0,11,5,12,4,9,5,6,6,0,5,2,8,3,9,6,0,6,61,12,7,3,3,6,6,11,4,2,6,11,17,3,4,0,0,17,10,3,7,2,2,7,35,1,5,11,1,79,75,3,7,6,20,2,1,8,2,5,17,21,16,1,0,28,0,4,18,6,0,0,4,2,2
2015/04/13,6,2,1,5,2,2,1,0,0,3,15,0,11,3,7,4,1,4,21,3,5,1,14,0,4,1,14,1,13,4,19,1,2,5,4,1,0,2,1,5,3,1,2,1,7,31,8,9,6,1,7,3,8,4,2,4,13,9,1,2,2,3,18,4,5,3,2,2,5,25,1,8,1,4,59,36,1,3,3,13,7,1,6,4,1,15,14,14,1,0,11,14,0,32,13,0,2,4,2,3
2015/04/14,11,2,5,7,4,3,3,8,3,3,9,4,18,2,0,10,5,19,28,0,7,0,20,5,4,5,15,3,8,4,16,4,2,5,3,3,0,2,0,5,6,3,1,4,5,24,9,7,2,4,3,4,12,0,3,7,23,15,1,3,0,2,16,3,6,7,0,3,4,29,2,5,11,1,57,35,0,4,1,11,0,5,6,2,2,14,11,10,0,2,16,0,0,66,12,0,3,3,2,2
2015/04/15,4,2,3,7,1,0,3,0,3,5,6,1,9,9,0,14,3,12,9,0,5,0,7,0,2,1,16,1,9,2,12,18,6,3,5,1,0,1,1,7,6,1,1,1,2,29,4,6,4,1,3,2,6,3,5,5,12,13,2,6,0,0,12,6,2,3,0,1,1,33,0,3,0,0,55,36,1,3,1,11,6,1,4,1,4,8,12,12,0,0,23,0,0,68,8,1,1,1,2,0
2015/04/16,4,5,1,7,1,3,14,4,4,3,15,1,7,3,1,4,2,12,15,0,7,0,10,3,2,3,11,0,10,0,13,4,4,5,1,3,40,0,2,4,6,1,3,0,3,46,12,3,3,0,4,0,7,2,5,2,18,22,3,4,0,1,16,0,2,1,3,0,5,24,2,6,5,1,57,43,1,3,3,12,4,1,4,2,3,14,8,11,2,1,22,0,6,15,12,0,0,7,0,0
2015/04/17,7,1,3,4,1,4,8,4,6,8,12,0,10,0,1,6,3,8,14,0,7,3,17,3,3,3,17,2,10,1,5,3,4,4,7,1,30,2,0,7,10,3,10,0,1,51,3,4,4,0,4,3,4,2,6,2,5,16,3,2,0,1,16,7,9,6,0,3,5,35,2,7,2,0,62,36,4,2,3,7,2,0,8,0,4,20,17,13,1,2,32,2,2,4,15,2,1,4,1,2
2015/04/18,4,5,5,12,0,12,2,5,5,8,9,0,16,5,0,13,3,10,14,3,5,0,15,4,9,1,16,1,9,0,10,6,4,3,2,2,35,3,6,8,6,5,2,3,4,52,4,2,5,2,3,4,9,6,3,5,16,13,0,3,1,3,21,6,1,3,0,0,7,33,0,4,7,3,71,43,1,7,4,12,4,0,5,1,0,12,20,12,3,2,35,1,2,3,17,4,0,1,3,0
2015/04/19,4,5,1,10,7,10,0,15,5,6,12,0,13,2,5,11,2,15,32,2,6,6,18,1,5,0,15,1,12,2,8,13,6,3,4,3,45,2,1,10,15,3,5,0,6,46,9,10,2,2,4,6,9,3,9,3,11,21,0,8,2,1,23,6,2,7,3,2,10,26,2,5,10,2,97,46,2,5,4,9,7,6,4,6,14,26,7,13,7,1,36,2,2,24,4,1,1,11,1,2
2015/04/20,6,1,3,3,1,5,0,3,6,3,5,4,1,4,8,12,2,13,16,4,5,5,18,4,0,2,15,0,9,8,20,9,0,3,4,5,23,1,2,2,6,1,4,0,0,37,8,9,5,2,4,2,9,3,7,3,14,12,2,5,0,0,17,4,0,2,1,1,2,14,0,4,0,5,74,35,1,2,4,8,3,2,10,3,4,13,6,9,2,5,20,1,0,3,5,3,3,6,1,2
2015/04/21,2,6,2,4,3,3,5,5,0,4,10,0,9,12,9,7,3,23,14,3,3,0,12,2,1,0,13,1,13,0,19,8,7,2,1,9,15,2,0,6,4,0,10,1,3,29,4,8,4,0,3,3,3,0,1,1,12,10,2,1,5,2,10,10,4,3,3,2,4,21,0,4,0,1,49,33,2,5,5,9,6,3,8,4,4,13,14,19,0,2,11,1,0,20,22,1,0,8,3,0
2015/04/22,3,2,0,1,1,7,12,3,0,8,6,1,5,1,0,6,4,7,11,0,5,8,18,6,2,3,15,2,15,1,9,8,4,3,3,6,14,7,2,5,5,1,0,0,2,47,5,3,4,1,6,5,7,3,6,4,12,4,1,3,2,1,20,4,2,1,1,4,4,14,2,5,12,1,59,23,1,2,0,6,3,5,5,3,0,11,8,10,4,1,31,1,1,50,15,1,2,10,5,3
2015/04/23,3,4,3,10,3,2,1,5,6,7,4,1,2,0,4,12,4,6,13,0,3,4,19,1,3,5,16,2,13,2,11,6,2,2,3,1,16,4,0,7,11,5,3,0,1,27,6,4,3,2,2,1,14,4,5,5,9,15,0,2,2,1,12,1,4,2,0,3,3,28,1,3,12,1,51,25,3,1,4,23,3,0,9,5,2,11,9,11,5,0,33,1,7,11,13,3,2,3,0,0
2015/04/24,9,2,6,7,4,9,3,8,9,2,17,1,17,5,15,9,3,10,10,0,4,6,16,0,3,0,16,0,8,2,8,10,2,2,8,1,28,4,1,6,1,4,5,2,2,48,6,5,4,1,2,3,4,3,9,5,11,11,2,3,2,3,12,0,5,4,2,1,3,24,0,4,0,1,54,31,0,1,1,7,3,1,3,1,2,17,14,11,4,2,19,0,2,22,12,3,0,9,0,1
2015/04/25,6,0,7,6,2,5,1,5,0,2,8,0,25,8,7,11,6,9,16,2,8,4,14,5,6,2,15,0,13,4,11,7,3,11,4,3,24,3,1,6,5,4,6,0,3,45,9,8,2,2,7,0,6,2,13,3,11,20,1,2,2,0,28,9,2,4,2,2,2,37,1,6,0,3,82,23,1,3,2,12,7,1,6,0,3,18,15,20,0,3,18,0,3,29,15,2,5,6,6,2
2015/04/26,8,4,3,4,6,12,2,12,0,10,2,1,25,6,10,14,2,11,16,3,5,6,23,7,1,0,12,0,11,2,19,7,6,3,7,3,33,2,1,7,5,5,1,4,3,50,10,5,6,2,5,5,12,5,4,5,12,13,1,7,1,2,15,9,8,3,1,3,3,33,1,4,12,2,85,48,4,4,4,9,7,3,6,2,2,15,13,17,4,0,24,2,1,5,21,0,0,9,2,0
2015/04/27,5,1,10,3,2,7,1,11,0,4,19,2,12,6,0,10,1,7,11,2,3,14,8,0,6,0,10,1,15,4,7,2,0,3,4,1,29,3,3,6,5,2,3,3,4,42,10,1,1,1,5,1,8,1,5,7,8,13,5,3,0,1,11,9,2,6,1,0,3,26,2,8,5,2,69,27,1,1,1,7,3,0,6,1,2,20,14,11,5,2,29,2,0,14,9,0,1,3,2,2
2015/04/28,13,2,4,3,2,5,6,5,1,5,6,0,12,6,7,7,1,9,14,2,5,4,9,0,4,0,21,1,12,4,22,3,3,3,2,1,16,1,3,4,7,1,2,1,4,41,5,5,3,1,5,2,16,1,2,2,13,8,0,1,2,2,10,4,2,4,0,1,1,16,1,0,7,2,48,36,2,3,4,7,3,4,10,3,2,7,3,11,9,0,21,0,3,1,18,1,1,5,1,3
2015/04/29,8,3,2,4,1,5,0,3,0,2,15,1,9,3,15,5,1,0,7,0,7,1,5,0,2,2,12,2,10,5,3,1,0,0,1,2,15,0,0,5,10,2,0,1,0,38,7,11,3,0,3,3,4,3,6,4,6,18,1,1,0,3,14,4,1,2,0,0,1,28,0,3,0,1,66,31,2,3,1,12,6,1,8,2,3,12,7,8,3,2,27,1,6,5,15,1,2,3,2,2
2015/04/30,6,3,0,4,1,4,4,1,1,5,7,1,9,2,0,2,1,21,8,3,6,1,18,0,4,1,15,1,13,1,13,5,1,3,7,4,17,0,0,9,4,3,1,0,3,45,8,4,3,0,5,1,6,0,8,5,8,23,1,3,7,3,13,7,3,3,1,0,5,28,2,3,4,3,71,33,3,1,1,7,6,7,3,0,1,8,5,9,4,2,33,0,3,17,10,0,2,0,2,2
2015/05/01,4,5,5,3,0,5,11,12,0,2,8,2,12,3,11,10,2,12,18,0,1,2,21,2,4,0,25,3,20,6,8,9,1,6,8,4,21,2,2,6,8,8,2,2,4,75,5,1,5,4,5,5,10,1,9,7,14,13,0,1,2,0,14,11,5,1,3,0,7,30,0,2,4,1,70,32,1,3,3,14,4,6,12,4,1,22,7,16,1,3,34,3,2,31,24,0,1,6,3,3
2015/05/02,9,1,5,2,8,5,2,5,8,4,10,5,14,8,9,16,3,6,20,0,6,2,20,4,2,9,18,1,13,3,10,11,2,11,5,2,50,3,3,3,9,9,8,9,1,71,5,8,2,1,8,4,14,9,10,2,9,18,1,1,2,3,25,11,2,4,1,1,4,33,1,2,13,3,63,34,1,9,2,9,7,1,6,2,0,14,16,18,4,1,40,2,1,20,19,0,1,4,2,8
2015/05/03,12,5,1,1,6,8,2,4,1,11,14,4,19,6,18,8,4,13,18,3,6,4,24,6,2,1,16,2,15,2,16,6,0,2,0,8,31,5,0,9,11,6,10,1,5,65,4,6,4,2,9,5,8,2,4,4,14,18,4,3,1,2,7,8,2,3,1,3,6,34,5,10,3,2,85,47,2,10,3,10,3,4,5,0,1,20,14,15,8,2,36,1,0,23,5,1,0,6,1,3
2015/05/04,9,4,4,5,8,8,1,6,1,8,24,1,13,6,0,8,4,22,17,4,9,6,23,0,3,2,9,1,13,2,24,4,3,0,3,1,29,2,1,11,3,4,2,0,1,36,9,5,3,1,10,5,10,1,2,5,13,9,0,8,4,0,9,7,3,8,2,5,4,27,5,4,11,3,77,40,2,8,3,6,5,8,5,1,1,22,8,20,8,0,30,2,7,21,12,0,1,5,1,4
2015/05/05,8,2,5,9,1,3,2,2,4,3,5,2,4,1,5,11,7,14,15,5,18,4,15,1,1,3,15,5,9,4,22,13,3,3,2,6,22,1,1,9,7,3,2,1,6,42,4,5,1,0,3,4,9,1,7,7,6,18,0,2,2,0,10,6,2,2,0,1,5,35,0,3,1,1,66,48,3,7,0,11,3,2,11,5,0,14,11,12,3,6,31,4,0,12,17,6,1,10,2,2
2015/05/06,11,3,3,7,3,8,6,7,1,4,16,2,6,5,7,17,4,12,17,0,4,9,11,4,2,3,15,2,16,0,7,4,6,5,2,0,16,1,3,4,9,4,2,0,2,41,9,5,2,0,3,2,9,0,4,4,12,12,3,1,3,0,12,1,6,0,4,2,3,20,3,3,12,1,77,43,2,0,2,9,4,0,4,1,1,12,9,7,4,2,27,3,1,19,12,1,2,5,3,1
2015/05/07,4,4,2,4,7,10,1,4,3,8,16,4,6,5,9,10,5,12,18,0,6,3,15,7,4,1,14,5,9,1,5,6,3,3,1,0,18,3,2,3,5,2,1,3,1,33,4,5,3,2,3,2,3,0,3,2,8,6,1,2,3,2,16,6,5,12,1,4,2,16,0,3,11,0,66,33,1,2,0,8,5,5,3,0,2,16,7,11,4,0,16,3,3,5,8,2,0,3,3,2
2015/05/08,10,1,1,7,7,11,1,9,0,7,8,0,11,4,6,12,1,13,25,3,7,6,15,0,6,2,16,2,7,1,12,5,3,1,2,1,22,1,2,4,4,3,0,2,3,50,7,4,5,1,5,6,3,0,8,1,13,7,3,6,7,1,10,7,4,0,1,2,8,27,1,3,11,3,66,35,3,4,4,7,8,0,8,0,1,28,11,13,2,0,35,1,3,9,13,1,1,10,4,0
2015/05/09,16,0,4,1,12,8,1,10,0,6,6,4,5,7,9,8,2,10,20,1,5,6,24,1,3,1,19,0,15,0,4,6,4,7,5,0,25,4,0,8,12,6,5,1,5,61,3,5,2,3,2,8,7,3,4,6,23,16,2,5,1,0,14,10,5,3,3,4,4,37,1,9,10,2,104,50,1,7,1,17,6,0,6,3,1,15,14,20,5,0,35,2,0,15,17,0,5,8,3,1
2015/05/10,7,5,1,2,8,6,0,3,7,4,16,1,8,1,10,6,5,12,16,0,2,7,17,4,3,2,4,2,15,4,7,4,5,6,3,2,32,7,1,8,13,7,1,0,3,46,7,2,5,1,4,4,13,1,6,7,4,18,1,2,1,0,14,7,4,3,2,1,7,42,2,1,8,0,105,47,1,7,3,11,8,1,7,2,4,24,10,15,4,5,21,2,4,31,13,0,2,2,3,7
2015/05/11,5,0,4,3,1,7,2,2,8,0,14,1,12,12,2,19,4,12,20,1,8,10,17,3,1,3,15,2,14,5,13,8,2,2,7,2,26,4,2,9,10,2,1,0,3,42,10,9,3,2,6,4,12,1,8,1,9,12,0,2,1,2,8,5,8,5,1,7,8,35,1,8,6,1,78,56,1,4,3,8,3,2,9,3,3,20,9,14,7,1,18,2,1,3,9,2,2,7,2,2
2015/05/12,5,0,3,2,5,8,5,4,0,4,18,4,7,1,11,8,2,9,18,5,8,8,12,4,2,2,18,0,9,4,16,12,4,3,2,0,16,3,3,3,3,5,3,3,3,36,8,6,4,1,4,2,9,0,5,4,7,14,1,6,0,1,7,10,1,4,0,3,3,23,2,6,12,1,68,43,0,4,0,5,1,4,9,4,3,11,9,15,4,2,20,5,5,9,10,1,0,3,3,1
2015/05/13,3,1,4,2,2,7,3,8,6,2,20,0,8,9,1,9,3,15,13,1,4,2,16,0,2,3,14,2,13,3,19,8,5,3,0,1,17,1,1,6,3,6,2,1,4,31,4,6,5,0,2,1,5,1,4,2,13,17,1,2,0,0,11,9,8,3,1,1,3,33,1,2,10,2,68,40,2,2,7,11,7,2,3,2,2,9,8,13,3,4,23,0,2,8,18,1,1,2,1,0
2015/05/14,3,2,0,1,1,7,5,5,1,10,7,0,9,4,8,2,1,6,8,0,4,2,20,0,1,4,15,0,10,0,16,0,4,0,1,4,19,3,2,9,9,6,3,0,2,27,7,5,1,3,4,3,2,0,3,2,7,15,0,1,1,0,11,7,4,1,2,1,2,15,1,3,6,2,68,38,1,9,2,8,3,1,3,2,5,15,7,16,5,1,20,1,2,39,7,4,0,1,0,0
2015/05/15,4,5,5,2,0,5,1,5,3,3,15,2,8,4,2,8,1,10,19,0,8,5,19,0,3,3,12,0,20,4,3,0,2,1,4,3,27,1,3,6,13,1,5,1,1,38,3,4,5,1,4,1,8,3,7,5,8,12,0,3,5,0,22,8,4,3,1,3,5,24,0,5,9,0,94,34,0,5,0,11,4,5,4,2,2,12,3,16,6,1,21,5,1,4,15,2,2,6,7,3
2015/05/16,6,2,1,2,1,1,2,11,9,4,2,1,15,4,4,9,2,13,9,1,8,3,21,0,1,4,26,3,13,2,13,1,5,5,2,7,24,4,2,11,17,6,1,4,3,40,4,8,3,1,2,5,4,0,3,3,16,24,3,4,3,2,23,8,7,2,1,2,5,26,2,5,11,1,96,49,2,7,4,6,5,7,10,1,3,14,9,9,6,1,32,1,3,5,10,1,0,1,2,2
2015/05/17,6,4,1,2,7,3,6,8,1,4,15,2,15,3,11,17,3,25,17,1,4,6,21,2,3,0,12,4,17,2,21,5,10,5,1,1,27,6,4,13,9,2,4,1,2,58,12,9,4,2,0,9,13,4,7,3,13,12,1,3,5,4,29,6,0,2,3,0,6,41,1,4,11,3,101,35,0,8,0,13,7,3,4,3,1,21,14,8,1,4,37,1,4,16,10,0,1,10,8,2
2015/05/18,0,5,2,2,3,12,3,5,1,4,18,5,6,4,9,9,1,7,16,1,6,6,25,3,4,0,17,0,10,4,13,12,3,3,4,1,17,5,2,4,7,2,1,1,4,28,6,6,2,3,4,6,7,3,3,4,13,8,0,1,0,2,14,12,3,4,0,5,3,26,1,3,8,1,75,29,1,0,0,15,5,2,11,3,0,17,12,7,3,3,20,0,3,17,7,2,0,7,1,2
2015/05/19,6,1,3,3,9,4,1,11,0,10,12,4,19,3,5,5,0,10,13,1,2,5,11,1,3,2,19,1,9,0,4,4,2,3,6,3,16,0,1,3,5,6,7,4,2,31,8,6,1,1,2,4,6,2,8,5,8,17,1,0,0,0,23,4,5,5,2,3,5,25,2,6,11,0,71,34,2,4,1,12,4,4,6,2,1,8,9,9,4,1,21,3,1,2,8,2,0,0,1,1
2015/05/20,8,1,4,4,4,6,2,0,0,3,11,1,4,5,8,13,2,6,9,3,2,7,10,5,1,5,14,2,10,1,8,14,2,3,3,3,21,0,2,3,5,7,0,0,4,30,4,7,3,1,1,2,9,2,12,1,11,17,2,1,7,1,11,8,7,0,2,1,1,30,0,1,13,0,57,30,2,1,1,6,3,2,4,4,4,15,6,17,7,4,15,3,2,16,7,1,2,4,1,0
2015/05/21,10,1,5,5,9,5,3,2,1,10,8,0,11,2,6,5,3,9,12,0,7,7,8,0,4,2,22,0,11,1,14,2,3,5,0,1,21,5,5,7,10,5,4,1,4,47,2,2,4,1,3,1,2,0,9,3,13,7,2,4,4,3,16,4,5,6,2,2,5,25,1,2,5,2,73,25,1,3,3,5,4,5,4,1,2,11,4,36,0,7,15,0,3,2,4,0,0,2,0,1
2015/05/22,5,2,1,2,2,5,4,5,7,8,17,0,20,6,7,7,3,5,19,1,5,9,22,2,4,2,15,3,11,3,26,0,6,7,4,2,16,2,3,6,17,3,3,1,5,29,6,3,7,1,2,3,10,1,3,8,8,18,1,3,0,1,18,7,4,2,3,2,6,26,1,2,5,2,53,23,2,2,2,3,7,4,7,0,4,20,16,38,16,2,20,1,10,5,12,2,1,4,1,4
2015/05/23,4,1,0,1,10,7,4,8,7,10,14,1,33,2,10,11,3,6,5,4,4,6,14,3,4,6,12,0,13,3,11,5,5,10,5,3,25,3,0,10,8,8,12,0,3,49,14,6,2,0,4,2,8,5,6,1,6,14,0,6,2,2,22,14,5,2,0,0,1,31,0,2,11,1,92,25,0,5,4,6,11,2,7,2,2,10,16,26,3,0,34,3,0,1,21,2,0,3,5,0
2015/05/24,6,4,4,8,0,10,1,14,5,11,11,5,18,13,7,6,4,9,10,1,7,9,11,4,4,0,15,1,13,2,14,7,2,13,4,3,35,0,1,7,11,9,2,0,1,49,4,9,5,1,2,2,9,0,8,6,8,15,1,2,4,2,13,7,1,3,0,1,7,33,0,7,7,2,83,44,1,5,1,4,5,3,5,0,2,23,11,25,12,4,28,1,0,7,12,1,2,5,7,2
2015/05/25,8,2,7,6,11,14,5,11,3,6,13,3,19,0,10,8,2,19,17,0,4,8,15,3,1,2,15,0,17,0,19,5,9,6,3,5,33,3,3,14,11,11,0,2,5,46,8,5,3,0,6,1,11,4,11,4,10,15,2,4,3,1,10,15,4,2,1,3,1,31,2,5,8,3,94,40,1,1,0,9,7,4,6,1,3,16,12,24,9,3,30,0,0,7,5,2,0,4,0,2
2015/05/26,2,0,1,2,1,4,3,3,0,4,21,2,10,0,0,12,6,11,13,0,5,21,13,0,2,1,13,0,12,1,8,9,6,4,4,0,24,1,2,7,7,5,1,3,2,37,7,2,2,0,1,2,7,0,3,1,7,14,5,8,0,1,20,6,3,6,3,1,2,26,4,6,8,1,55,29,4,4,2,8,13,1,6,3,2,13,8,8,7,2,20,1,3,21,9,0,3,5,1,3
2015/05/27,8,0,0,1,6,3,0,6,0,2,1,0,13,0,7,5,1,16,12,2,2,10,9,0,4,3,13,0,8,2,15,1,0,9,0,1,17,1,2,5,4,2,5,0,6,23,7,6,3,1,5,4,7,1,4,4,10,9,3,3,1,0,7,4,3,1,0,5,1,7,3,0,14,0,55,28,3,4,1,8,3,0,10,1,2,14,6,13,0,2,19,1,5,2,9,1,2,1,0,1
2015/05/28,2,2,0,1,3,3,0,1,6,8,0,3,15,2,8,3,0,12,10,3,5,7,13,9,2,3,9,2,11,1,7,8,1,4,7,7,17,0,2,6,10,3,1,2,5,28,7,8,2,1,3,3,7,1,3,4,2,6,1,3,2,0,14,11,4,2,4,2,1,17,1,10,8,2,47,28,5,4,0,16,7,0,7,2,0,15,7,37,4,0,23,0,6,12,15,1,0,6,1,1
2015/05/29,4,0,0,2,3,7,0,5,1,11,0,1,25,4,4,9,1,2,8,0,9,2,24,3,2,6,11,0,12,3,10,5,1,5,2,2,15,3,1,3,9,1,2,3,3,41,7,8,0,1,4,3,14,2,9,4,11,15,2,4,0,2,16,5,5,1,2,1,3,27,0,4,7,0,62,27,1,3,0,2,4,0,7,2,0,10,5,23,2,4,19,1,1,5,11,0,2,0,0,0
2015/05/30,14,3,0,2,2,6,5,12,5,5,13,0,5,4,8,6,0,16,12,3,5,4,19,0,5,12,12,2,12,5,11,7,2,3,3,0,17,4,4,7,4,4,6,0,6,47,10,6,2,0,3,3,8,3,10,3,10,22,2,2,0,2,18,5,5,0,0,3,6,26,0,3,9,1,55,30,3,4,2,8,10,1,8,1,2,9,11,28,3,3,27,2,4,6,17,2,2,7,6,3
2015/05/31,5,4,3,1,3,0,6,7,12,5,7,3,15,2,6,17,3,10,8,1,4,6,20,0,2,1,22,1,15,3,7,12,4,3,5,2,29,3,1,6,16,3,6,0,3,63,6,3,4,0,11,3,8,1,14,6,15,10,1,2,4,1,17,13,9,1,1,1,4,29,3,2,11,2,56,44,3,12,2,8,11,3,7,1,5,19,18,28,7,1,47,2,1,17,11,4,0,3,2,3
2015/06/01,4,0,6,0,3,8,3,5,0,5,7,0,18,1,11,18,1,4,19,3,6,15,24,4,2,0,9,2,9,2,12,3,2,6,1,2,27,1,1,4,7,6,2,1,7,41,2,7,2,2,10,3,11,1,10,3,10,18,0,5,3,3,16,11,3,13,0,3,5,24,0,2,9,3,81,55,5,2,4,9,6,3,8,2,4,14,15,29,3,3,37,0,4,6,16,1,2,0,5,5
2015/06/02,5,3,1,10,4,8,1,9,0,8,14,7,13,7,14,19,3,24,18,2,4,3,17,5,3,0,11,2,18,3,17,7,2,0,2,3,24,3,0,8,5,6,5,2,1,26,6,8,1,2,5,7,7,2,10,2,12,14,3,7,3,0,13,8,7,3,3,4,4,17,1,3,9,1,56,42,7,4,1,14,7,8,4,5,3,9,13,26,5,3,23,3,8,30,8,3,2,11,3,1
2015/06/03,11,4,3,5,2,5,0,7,0,5,17,1,12,3,5,14,4,8,13,2,6,10,12,2,2,3,18,3,16,1,12,12,1,4,3,2,24,1,2,9,8,4,1,9,3,39,7,10,1,1,5,6,9,5,4,2,11,17,0,1,2,4,11,7,2,1,6,3,6,19,2,6,12,0,53,34,1,1,9,11,7,2,17,2,7,17,13,13,7,1,27,1,4,27,10,2,0,6,2,12
2015/06/04,6,2,9,2,5,4,2,4,9,5,16,0,11,4,2,7,7,12,21,0,1,6,15,1,2,5,23,0,13,1,15,3,9,2,4,2,16,1,2,7,8,5,10,5,3,41,7,4,2,1,3,3,9,0,11,2,18,14,1,3,2,1,8,8,1,3,0,0,6,34,2,3,9,0,60,36,1,9,2,8,13,1,3,2,2,21,11,25,3,1,28,3,3,7,11,0,0,3,3,0
2015/06/05,11,0,5,2,1,6,1,2,8,7,17,1,12,4,3,12,3,8,28,1,3,7,15,0,2,4,19,2,14,3,12,5,8,4,4,1,14,3,0,6,5,6,0,1,1,71,6,4,2,2,9,2,3,1,6,3,9,21,1,2,1,4,20,6,8,4,3,1,6,33,1,3,8,2,83,30,1,3,2,9,5,3,8,0,1,26,8,26,2,3,41,3,1,10,20,2,1,9,5,1
2015/06/06,12,5,5,5,4,10,0,5,8,6,14,1,16,8,2,4,2,16,16,5,4,11,15,0,3,6,10,3,20,5,9,7,1,6,0,0,41,2,2,11,7,8,6,0,5,57,10,7,6,5,7,7,14,0,11,7,10,13,1,2,4,1,22,11,5,9,1,5,9,35,5,3,15,2,77,23,0,9,3,15,12,9,4,4,3,18,12,38,0,1,44,0,4,10,10,1,1,5,1,3
2015/06/07,7,0,6,1,4,7,8,4,3,3,17,4,16,6,4,15,0,10,24,1,4,8,20,6,4,3,9,3,2,5,16,14,4,6,0,2,32,2,1,8,6,10,0,2,4,65,5,8,8,1,13,2,11,3,10,7,11,12,3,3,1,1,19,19,2,3,2,2,10,39,0,4,15,0,82,48,2,1,7,20,10,2,8,1,8,27,17,30,0,5,43,3,3,40,3,0,2,10,5,5
2015/06/08,6,1,3,3,15,1,1,15,0,9,10,7,14,3,7,14,3,15,35,4,8,3,25,6,3,9,19,1,17,0,14,4,8,6,1,0,0,7,1,13,11,9,2,0,5,123,5,4,4,0,17,7,12,3,20,5,13,18,2,6,2,1,18,9,4,8,0,1,7,51,1,7,7,4,122,56,1,11,2,7,10,1,8,12,4,30,8,20,3,2,34,2,3,23,1,3,1,14,2,2
2015/06/09,5,2,1,1,5,3,2,6,0,7,17,2,4,4,1,8,1,11,20,0,4,13,13,0,9,4,12,1,16,5,10,10,16,1,4,1,0,4,4,11,5,6,3,3,1,64,7,7,7,1,5,2,10,1,11,8,13,21,1,5,1,2,2,12,5,4,5,0,5,36,1,4,10,4,84,60,0,9,6,12,9,9,5,7,1,19,11,35,0,0,25,7,7,10,0,1,2,8,0,2
2015/06/10,6,1,6,3,5,8,1,13,0,4,6,1,12,7,9,10,5,22,20,5,5,5,15,0,4,1,17,3,16,3,16,15,10,1,1,6,0,7,1,12,8,4,5,2,5,38,5,5,7,2,11,2,4,0,5,6,18,14,0,0,1,3,7,2,3,2,1,0,6,29,1,0,9,3,76,40,1,11,2,9,9,10,5,14,1,13,8,25,3,4,24,0,2,14,9,2,1,9,3,0
2015/06/11,5,2,4,0,3,10,7,3,8,3,11,1,10,1,3,5,3,9,13,1,6,2,13,0,2,2,15,2,13,2,17,3,16,4,8,5,0,3,4,6,4,3,3,2,1,46,4,2,2,0,5,1,5,0,14,1,7,15,4,1,4,2,11,6,6,0,7,0,3,32,1,5,12,1,73,45,1,10,2,8,11,1,2,11,2,10,8,29,1,4,37,2,3,14,20,2,0,5,1,1
2015/06/12,13,2,2,1,3,8,2,10,6,7,18,0,9,1,2,8,2,6,11,2,9,4,19,0,2,0,23,1,11,2,21,4,11,8,0,7,0,3,2,14,11,4,0,0,0,64,4,10,3,1,10,3,5,6,15,3,11,20,2,2,3,1,21,9,7,3,3,2,4,33,0,3,9,0,104,34,3,5,3,13,9,1,5,9,6,25,9,25,8,2,43,2,1,4,6,1,2,3,4,0
2015/06/13,16,0,9,7,7,17,8,12,5,17,13,2,3,5,8,9,3,14,17,0,5,4,19,3,4,6,15,4,17,3,17,5,9,7,1,1,0,2,4,9,14,6,5,3,3,94,0,5,3,1,8,3,7,2,16,6,12,22,2,4,4,1,22,8,8,2,4,4,5,35,0,7,11,4,73,34,2,8,3,12,15,3,7,14,3,28,16,30,0,0,52,1,6,2,24,2,4,2,0,4
2015/06/14,5,0,2,7,5,3,3,4,2,11,9,5,12,6,1,17,4,15,17,1,6,8,19,1,0,6,19,0,15,2,20,10,15,4,6,2,1,5,4,16,10,4,1,3,5,102,11,2,7,1,19,3,7,2,11,6,20,17,2,5,6,0,17,14,3,2,2,2,9,29,2,6,13,2,92,47,3,4,1,8,19,2,1,17,0,42,13,30,3,2,84,1,0,0,13,0,0,6,0,5
2015/06/15,8,0,5,5,1,2,7,4,11,6,9,2,20,0,19,10,4,8,13,2,3,0,18,1,2,1,13,0,15,4,16,11,5,5,0,2,1,1,4,11,5,5,2,1,2,31,12,6,5,2,10,5,2,0,4,3,9,11,4,3,6,0,2,8,6,4,1,1,10,31,1,3,10,5,56,41,3,5,3,10,4,6,3,9,1,8,12,25,0,2,19,2,10,0,14,0,0,9,3,5
2015/06/16,6,0,1,11,3,4,3,6,0,8,18,1,18,3,15,14,1,5,15,1,5,4,9,2,2,4,17,0,8,0,11,1,2,3,6,2,7,3,3,10,6,1,4,1,5,33,8,5,5,2,6,3,8,0,3,4,6,9,0,4,5,1,4,6,0,2,1,5,3,23,2,0,16,0,69,26,5,2,9,5,3,0,11,4,5,12,7,23,2,0,33,2,1,8,15,4,0,3,0,6
2015/06/17,5,1,0,2,2,5,5,2,2,6,11,4,19,2,0,10,1,8,15,4,2,8,16,2,0,4,9,1,9,1,16,5,3,2,3,1,1,2,0,4,6,3,4,3,2,47,7,10,2,0,4,8,11,0,8,7,13,12,1,2,0,3,9,5,1,2,6,3,1,30,0,2,12,2,78,27,2,4,0,8,3,0,5,0,3,18,12,20,2,0,56,0,1,14,13,2,1,9,0,1
2015/06/18,10,1,9,12,1,10,9,8,6,11,13,5,15,3,15,10,1,23,9,3,7,5,15,2,4,6,18,4,8,5,13,1,4,4,1,0,1,4,1,8,9,2,5,0,3,51,1,10,2,1,2,4,4,0,4,3,12,18,3,6,1,2,12,5,7,2,0,1,3,28,1,4,0,3,73,31,5,7,3,10,5,2,5,3,0,11,14,26,6,0,28,1,5,11,21,1,1,0,6,3
2015/06/19,13,0,4,9,1,8,5,5,5,8,14,0,21,2,1,6,1,10,11,1,4,1,13,4,3,1,19,0,13,3,12,7,4,3,5,6,0,1,1,8,16,7,1,1,5,54,8,12,2,0,2,7,5,0,7,2,11,12,2,1,1,2,14,6,1,3,1,1,3,20,1,0,12,1,64,40,3,2,0,6,4,4,9,6,0,19,8,16,3,3,45,0,3,33,20,0,2,3,0,5
2015/06/20,23,0,7,6,6,6,6,3,5,7,17,2,13,4,17,7,1,13,15,1,5,8,12,3,5,3,15,2,9,4,11,7,3,5,7,2,1,2,2,6,17,4,4,3,1,63,5,1,5,2,0,3,15,2,13,4,12,14,0,4,3,2,25,15,3,1,2,0,12,24,0,7,9,2,95,48,3,7,5,12,5,3,8,6,0,19,13,18,2,0,64,7,3,13,20,1,0,3,1,2
2015/06/21,10,0,2,11,1,9,5,4,4,12,8,0,16,4,4,14,7,15,19,1,2,5,23,1,3,4,13,3,15,2,14,2,3,4,2,0,2,1,1,4,13,5,9,0,5,57,5,5,3,1,2,1,8,2,4,6,8,14,0,4,3,0,15,12,3,3,3,0,1,36,1,6,14,0,85,27,2,5,1,5,2,3,5,3,1,17,11,15,8,1,36,5,1,25,23,3,2,8,2,1
2015/06/22,9,1,2,6,1,3,2,5,1,5,6,0,12,5,8,6,3,11,19,1,3,4,26,1,4,3,14,3,17,5,8,9,8,2,3,2,0,1,5,13,3,2,0,0,1,35,1,1,5,1,2,5,9,0,6,4,12,16,0,4,7,1,13,5,8,7,1,0,2,30,0,5,7,7,77,39,9,3,6,10,5,2,6,5,3,13,7,13,9,0,25,2,5,13,13,1,1,5,1,1
2015/06/23,17,1,3,3,2,11,10,3,4,5,8,2,12,2,6,11,1,28,12,1,3,3,10,3,4,0,12,1,9,1,12,3,11,4,7,0,7,1,0,7,5,3,2,1,5,37,8,4,2,2,4,0,8,0,2,1,9,13,2,1,1,4,9,2,1,2,1,1,1,22,4,3,13,1,72,38,12,4,0,7,5,8,8,3,7,14,9,13,1,2,21,0,2,9,9,2,1,2,1,1
2015/06/24,9,0,4,9,3,4,0,12,1,9,34,1,8,2,4,9,0,9,11,3,4,0,9,1,2,2,4,3,17,0,6,9,5,3,7,5,0,1,5,8,9,3,3,0,1,51,5,3,3,3,3,5,8,0,6,6,17,9,0,2,0,3,8,4,3,2,1,1,3,21,0,7,11,1,75,15,3,0,0,15,6,0,3,1,0,11,15,37,2,1,20,0,4,5,13,0,0,13,3,5
2015/06/25,10,1,3,3,4,2,2,1,3,8,18,0,10,0,2,5,1,4,10,1,1,5,15,0,3,3,22,1,18,5,14,1,8,3,2,0,2,2,1,11,7,5,1,0,3,61,7,3,4,2,2,6,12,0,6,3,8,10,5,2,0,0,13,2,4,2,3,0,0,29,0,6,4,2,89,31,2,12,1,5,6,2,5,9,2,17,4,31,16,1,43,3,1,40,23,0,0,4,1,4
2015/06/26,7,1,5,2,6,9,4,5,1,10,10,0,3,9,4,7,1,6,5,3,1,4,21,3,4,1,7,1,12,9,11,2,9,7,3,6,0,1,0,13,6,7,2,0,0,54,3,5,6,0,7,5,7,0,7,5,11,9,0,3,1,0,14,7,4,5,2,1,5,37,0,7,8,4,96,27,3,3,11,4,12,1,7,4,1,19,11,34,0,2,29,1,4,13,7,2,2,8,1,0
2015/06/27,13,2,4,4,1,10,2,4,8,18,15,0,8,2,5,9,2,16,13,4,6,4,11,0,6,7,13,1,3,0,10,1,4,2,4,3,0,1,3,8,11,5,0,1,2,69,9,4,4,0,2,4,8,6,9,8,7,22,4,2,3,2,23,9,5,2,2,1,1,20,0,5,14,0,115,40,8,6,3,7,10,5,7,1,5,21,20,22,7,5,50,2,2,8,16,0,0,3,2,4
2015/06/28,17,3,3,9,2,5,6,5,11,10,5,1,9,2,6,9,2,14,16,5,4,0,8,6,2,3,10,1,15,0,29,16,11,7,6,4,0,3,4,12,20,1,1,0,3,74,13,4,7,3,3,5,11,2,8,7,12,13,2,2,1,0,10,14,1,3,4,2,3,32,0,6,11,3,87,42,4,5,3,13,6,2,5,6,2,20,10,34,0,1,35,1,5,0,17,1,2,4,3,1
2015/06/29,9,1,4,10,1,5,9,3,4,7,19,1,20,2,1,8,0,12,21,0,1,3,10,2,3,2,23,3,7,1,14,6,8,1,2,2,4,2,3,6,9,6,2,1,4,46,4,5,5,1,2,3,6,0,3,2,10,15,1,2,2,4,12,3,1,0,1,2,4,33,2,4,10,1,61,21,4,2,1,7,4,8,7,6,2,12,6,41,1,0,33,4,4,0,10,1,1,7,4,3
2015/06/30,6,3,3,6,0,15,7,5,4,7,18,1,17,5,8,6,4,9,13,2,5,4,14,3,5,0,21,0,17,4,13,2,9,3,4,1,3,1,4,16,12,9,1,0,5,70,6,2,4,2,3,2,7,0,7,5,15,15,2,0,7,0,7,9,5,2,2,0,5,43,0,5,5,4,81,31,6,2,7,8,6,2,6,0,1,18,13,44,2,0,34,2,1,0,17,0,1,8,3,1
2015/07/01,5,1,6,10,0,16,0,4,0,4,8,0,21,2,2,10,5,12,14,0,5,4,19,5,2,4,14,2,6,1,7,7,8,6,11,6,5,2,4,14,14,5,4,2,0,56,9,8,2,0,5,1,10,0,13,3,13,17,0,2,9,1,24,13,9,4,2,1,6,35,0,8,13,2,73,34,6,10,1,9,9,3,4,1,4,13,5,57,7,7,51,6,3,190,14,2,3,8,2,2
2015/07/02,12,4,5,10,2,9,7,0,1,14,9,0,22,3,10,0,2,10,3,2,5,11,24,2,3,0,16,2,19,2,7,2,8,9,9,4,0,1,2,10,6,4,3,1,1,50,3,4,1,0,2,4,9,0,12,3,13,17,0,5,2,1,23,12,3,2,0,0,9,34,0,5,9,3,96,37,0,2,0,13,3,0,11,2,1,22,15,98,2,1,28,3,3,0,7,0,1,10,4,2
2015/07/03,20,4,7,4,3,10,2,10,0,8,24,2,29,4,8,0,1,13,2,2,8,13,14,1,1,5,14,0,14,7,12,6,7,16,8,3,1,2,1,18,12,10,7,1,3,91,5,3,10,0,7,4,11,1,6,7,11,33,3,2,0,0,29,12,6,2,0,0,3,43,2,9,16,2,121,51,2,7,6,7,9,8,8,4,3,25,19,81,18,2,58,0,2,0,33,1,2,11,5,1
2015/07/04,8,2,3,4,7,20,2,14,6,9,5,3,18,1,2,7,4,11,10,0,2,5,11,4,6,0,20,2,15,2,15,1,5,11,7,1,0,0,2,9,17,16,0,4,3,59,5,3,5,0,6,1,10,2,10,8,12,21,0,4,2,3,35,5,3,2,0,0,10,38,1,5,5,1,87,36,8,7,4,11,8,2,9,6,1,13,17,48,0,4,44,1,1,0,14,1,1,11,1,2
2015/07/05,21,0,8,2,1,14,3,7,4,9,11,2,21,6,5,9,3,19,24,3,4,3,19,4,7,0,14,1,16,2,14,1,8,4,5,2,0,1,2,10,4,6,7,1,2,81,10,6,5,0,5,6,11,0,5,6,11,11,1,3,1,1,20,10,5,3,0,4,4,30,0,8,12,2,88,50,4,6,3,12,7,2,7,6,2,21,12,39,13,1,47,1,12,0,22,2,1,16,3,1
2015/07/06,4,0,5,2,12,11,5,5,2,6,21,0,5,8,3,10,5,13,28,3,6,12,19,3,1,10,10,2,14,2,17,14,8,7,3,3,0,3,1,8,12,5,3,0,2,54,7,4,4,4,5,3,7,2,4,3,18,10,1,2,4,4,1,6,4,9,4,0,4,30,0,8,12,2,74,38,4,12,4,6,6,4,6,14,6,33,0,33,3,1,42,3,6,2,12,1,1,6,3,4
2015/07/07,11,0,5,1,6,3,6,2,3,10,12,0,6,3,7,13,2,24,18,3,2,5,23,1,5,11,14,0,21,4,8,8,5,1,6,2,76,1,4,7,8,9,4,0,3,37,4,3,4,2,3,3,11,1,7,4,15,10,1,2,1,1,13,4,6,2,0,2,4,24,0,3,12,2,72,45,5,3,2,9,5,3,7,7,2,25,0,48,0,2,33,1,0,55,10,0,3,3,5,2
2015/07/08,15,0,5,6,4,5,2,10,4,7,7,3,5,5,2,17,2,28,22,2,6,2,19,1,5,13,12,0,13,4,13,3,6,4,6,1,46,1,4,5,11,6,0,0,3,30,7,1,5,0,5,2,3,0,10,2,16,3,1,1,1,2,25,0,4,3,2,2,4,25,1,3,9,1,73,43,6,7,7,5,4,6,13,2,2,9,0,52,0,1,29,0,0,17,15,0,1,9,3,1
2015/07/09,14,0,4,5,2,6,3,12,3,11,10,1,10,7,13,10,3,20,18,1,2,7,22,3,2,4,11,2,11,4,11,0,2,7,4,2,20,2,2,6,3,2,6,1,1,31,5,6,6,0,6,5,8,1,11,7,14,2,3,5,4,1,9,4,5,4,2,2,4,33,1,8,11,4,66,34,2,2,1,11,3,1,15,8,3,17,29,56,9,1,16,1,4,32,14,0,1,5,1,3
2015/07/10,15,0,4,5,6,11,7,6,6,6,11,0,5,2,8,8,2,12,22,5,11,15,16,4,3,11,14,0,14,3,10,10,6,5,5,4,33,1,1,12,8,2,1,2,3,36,0,2,9,5,11,6,9,0,16,1,16,11,1,2,3,0,16,4,8,1,3,1,7,37,0,6,10,4,79,32,4,8,4,12,7,0,13,2,0,17,13,28,2,2,25,1,0,35,23,0,1,14,2,2
2015/07/11,15,1,2,6,3,16,2,9,6,10,18,5,9,6,13,9,1,10,24,2,6,7,15,3,5,4,27,4,6,4,13,3,10,5,6,2,22,1,2,11,5,11,6,2,0,71,8,2,8,1,3,4,11,0,8,3,17,15,1,2,0,3,18,8,7,1,0,5,7,33,0,6,11,2,90,38,3,13,4,16,7,1,6,3,9,23,12,30,9,2,50,7,6,4,18,1,2,2,4,2
2015/07/12,19,4,5,6,0,6,4,12,2,10,6,1,7,4,4,14,1,5,27,3,7,8,23,2,5,3,9,0,8,2,24,14,19,3,3,1,50,8,1,5,9,6,2,2,3,58,6,5,5,0,6,4,10,0,11,8,7,24,0,3,2,0,18,15,3,3,3,0,5,26,0,5,13,3,107,62,14,7,3,7,11,0,4,1,3,25,14,21,7,5,40,0,1,14,24,0,4,8,4,2
2015/07/13,12,0,2,4,2,5,3,12,6,10,3,2,7,1,5,12,1,9,12,3,2,0,21,6,5,4,18,5,15,2,2,3,8,3,9,4,33,4,2,11,8,6,1,4,2,39,4,2,3,1,11,5,4,0,7,2,9,17,1,2,1,3,13,5,3,5,0,1,9,19,0,6,20,2,81,39,6,2,1,12,6,3,6,5,3,22,16,32,4,1,31,1,3,10,15,0,0,1,1,1
2015/07/14,19,0,4,4,4,5,7,3,1,10,6,1,3,3,5,6,3,9,14,3,3,4,14,0,2,3,13,1,10,3,10,0,3,7,6,1,23,2,3,13,3,3,3,1,3,44,3,4,2,3,14,6,8,2,6,1,9,15,2,2,1,0,14,7,2,3,4,2,4,19,1,4,7,1,74,43,3,6,0,7,4,3,12,1,2,13,9,20,4,2,28,4,2,6,30,0,1,5,0,1
2015/07/15,16,2,3,1,4,10,4,13,4,6,9,0,9,1,10,6,1,10,14,3,3,2,21,6,6,2,15,0,9,2,22,3,3,6,4,6,27,0,2,6,8,4,4,0,8,39,3,5,5,0,6,5,11,1,7,10,11,16,1,5,0,1,17,6,6,2,2,0,9,29,1,3,14,4,70,35,6,6,3,11,6,1,9,3,3,21,13,42,6,3,36,1,6,9,18,0,0,5,1,0
2015/07/16,8,3,6,6,2,9,6,12,1,16,14,0,12,2,13,10,0,21,23,2,6,8,18,5,2,6,14,3,9,1,10,3,6,4,3,3,20,2,2,5,9,3,3,0,5,53,5,5,7,0,3,2,2,1,10,5,13,18,1,1,1,1,11,11,7,2,1,1,5,23,3,0,8,1,84,44,1,4,0,10,6,2,5,2,0,21,12,44,4,2,35,1,7,7,18,0,1,6,5,2
2015/07/17,15,1,6,7,0,6,7,6,8,4,11,2,19,2,4,11,1,15,11,3,6,5,23,4,7,0,17,14,8,6,7,2,9,5,3,2,29,0,2,13,22,4,4,9,3,55,3,4,5,2,8,2,6,8,10,4,12,17,2,5,2,0,18,12,7,2,1,2,3,29,1,5,7,2,95,37,2,6,2,8,4,1,5,2,7,21,13,38,6,2,45,5,2,20,14,1,2,4,0,2
2015/07/18,8,5,3,2,6,2,4,18,0,11,14,1,13,5,11,8,2,4,15,1,5,6,17,1,0,2,23,1,13,4,12,3,2,5,5,2,42,2,1,12,5,4,5,3,2,69,6,4,5,2,7,3,5,2,11,4,10,13,0,2,6,4,22,16,4,3,0,2,4,35,1,11,11,1,90,32,19,8,1,10,10,3,12,1,4,19,20,38,13,3,49,0,5,8,22,0,3,4,1,2
2015/07/19,13,0,4,2,1,21,5,16,5,7,15,2,21,2,11,11,0,13,15,2,5,6,23,1,3,3,20,3,12,3,30,7,3,5,10,1,23,0,3,13,6,4,6,2,5,86,8,6,3,8,5,4,6,1,13,6,15,15,2,3,2,3,29,10,3,1,2,2,4,40,2,6,11,4,91,39,12,8,14,8,12,2,5,3,3,26,6,31,4,2,67,2,2,10,20,0,0,7,2,4
2015/07/20,9,2,8,0,2,5,5,4,6,6,14,1,9,1,2,9,1,12,17,0,2,5,19,1,4,14,12,0,16,2,20,5,1,4,6,2,38,1,1,7,9,6,13,0,0,77,4,1,5,0,7,2,4,2,12,3,15,14,2,3,4,2,14,7,7,0,1,2,6,44,2,7,17,2,69,37,5,4,3,5,8,4,6,5,3,17,13,33,8,1,39,1,3,11,14,0,0,6,2,2
2015/07/21,6,1,5,3,1,4,6,9,2,6,14,0,8,2,4,11,5,12,15,4,7,3,16,3,3,5,14,1,8,0,18,5,5,4,4,1,19,1,1,4,6,3,7,0,3,42,6,5,0,1,3,3,7,2,7,6,11,19,1,4,1,0,13,6,4,3,0,1,4,18,0,3,13,0,93,31,3,5,0,6,8,6,7,4,0,15,8,26,6,1,32,1,4,8,8,0,1,5,4,2
2015/07/22,9,1,4,7,1,2,0,10,0,11,14,2,5,5,2,4,2,7,16,2,5,5,16,0,5,2,12,1,13,0,15,2,14,8,3,1,22,2,1,11,6,5,1,2,0,25,5,3,1,0,5,4,6,3,13,3,9,6,0,1,3,1,15,8,5,0,0,4,7,7,0,5,5,4,56,36,10,4,3,7,6,1,7,4,0,13,13,18,2,7,22,2,3,52,27,0,1,3,6,2
2015/07/23,3,2,5,16,2,7,2,13,2,5,14,1,17,5,7,9,1,12,13,0,1,1,10,2,4,22,10,2,11,0,13,5,1,1,6,3,20,3,1,9,10,1,4,2,1,34,11,3,4,1,7,4,3,1,10,3,10,10,0,4,2,0,19,16,2,1,0,1,7,11,0,3,8,1,77,36,15,2,0,9,11,2,4,6,0,16,7,33,8,0,32,3,6,5,9,4,2,7,2,2
2015/07/24,3,1,3,12,5,12,4,6,4,12,21,2,14,2,3,11,0,18,12,0,4,1,17,5,1,2,14,0,10,0,8,0,4,5,10,2,38,2,3,11,9,2,0,1,5,45,4,1,1,2,12,2,7,4,13,3,12,13,2,2,1,4,14,6,5,5,3,5,2,25,0,3,14,3,76,23,9,5,3,4,7,2,6,2,3,17,13,22,6,3,37,4,5,11,11,1,1,3,7,1
2015/07/25,13,1,6,11,4,9,5,9,9,10,7,4,1,7,13,8,0,10,13,0,8,8,25,9,4,8,18,1,15,1,13,6,3,7,3,4,39,2,4,9,10,5,4,0,5,64,3,3,2,4,7,4,4,4,11,5,15,13,2,3,4,3,17,12,5,5,3,3,2,23,0,8,13,0,87,39,9,8,4,8,8,1,3,2,2,20,21,17,1,6,37,3,5,12,15,1,3,9,0,3
2015/07/26,11,1,8,3,6,6,1,8,4,9,10,1,2,1,3,11,3,23,22,0,3,6,22,2,3,1,21,2,16,0,16,11,3,10,5,2,39,1,2,6,8,3,3,1,3,54,6,2,4,3,12,6,13,6,6,3,8,17,1,4,0,4,19,12,6,1,5,3,1,31,1,7,15,0,97,57,6,7,1,12,9,6,7,8,8,17,3,16,2,2,46,1,1,31,20,2,0,9,0,2
2015/07/27,17,0,5,9,0,14,2,5,1,6,15,5,20,7,8,11,2,13,13,1,2,4,17,1,4,1,15,4,14,0,18,4,8,3,9,1,36,6,1,5,5,1,4,2,4,42,9,3,3,2,10,7,5,1,4,2,11,6,0,2,4,1,16,7,5,1,2,1,2,28,0,2,12,2,89,37,13,3,1,6,4,2,6,10,1,21,8,7,2,3,32,3,4,36,17,0,2,3,3,2
2015/07/28,9,3,2,5,4,9,4,11,4,7,12,0,12,0,6,6,3,4,7,1,2,3,11,1,3,4,10,4,9,0,11,4,5,2,1,2,30,1,3,9,8,8,5,2,1,82,4,6,4,1,3,2,8,3,11,5,9,12,1,2,4,2,13,8,1,6,0,3,1,20,1,1,14,3,79,40,8,5,0,11,13,3,3,3,3,14,10,6,5,3,51,0,5,10,10,0,0,0,0,3
2015/07/29,6,0,4,20,2,16,2,15,0,4,8,1,8,0,0,8,0,6,12,0,6,10,12,3,1,3,13,1,14,1,17,0,6,7,6,3,23,2,7,10,3,5,0,1,3,42,4,3,1,0,5,4,8,2,15,4,14,4,2,1,1,0,12,5,3,0,0,0,0,17,1,5,9,2,56,32,10,7,3,6,7,6,3,3,0,11,13,17,4,10,58,1,4,3,12,5,0,2,1,0
2015/07/30,6,0,5,8,0,8,5,8,5,8,7,0,3,1,0,3,2,9,13,0,6,3,11,0,6,6,15,1,8,1,15,1,7,6,1,0,26,3,0,11,9,3,2,0,3,48,3,11,3,0,2,6,7,0,10,0,12,16,1,1,2,2,17,7,3,5,2,1,2,16,0,9,13,4,91,35,11,8,1,5,9,2,5,4,0,12,12,25,3,8,32,1,4,5,20,0,0,6,0,2
2015/07/31,5,5,4,14,5,10,4,6,11,8,25,2,6,2,8,8,2,8,5,0,5,9,18,4,3,1,22,3,16,1,9,6,4,4,1,5,23,3,3,4,10,5,6,2,0,51,7,0,3,0,5,3,11,0,13,4,14,10,1,4,3,2,8,8,4,0,3,1,3,15,0,2,7,3,59,44,12,11,0,11,10,1,2,6,3,21,12,13,3,0,34,14,7,25,11,2,1,8,1,1
2015/08/01,12,4,5,21,7,12,6,16,0,14,8,4,13,5,5,5,3,11,12,0,5,7,19,10,5,2,23,1,14,4,13,2,9,11,1,1,39,2,6,9,12,15,6,0,1,72,6,5,4,1,9,6,10,0,14,6,11,17,3,2,3,7,17,12,4,1,1,1,1,33,1,8,14,1,93,23,10,7,3,7,6,1,8,5,1,28,21,10,13,0,51,0,8,18,19,1,1,10,3,4
2015/08/02,8,3,7,12,6,8,4,9,0,13,10,2,21,2,13,12,2,14,19,4,9,2,26,6,6,4,18,6,9,2,16,3,8,8,0,1,45,10,5,12,7,14,0,1,4,74,3,4,4,4,9,6,6,5,13,3,17,21,1,2,3,1,23,6,6,1,0,3,3,39,1,4,12,2,105,66,13,18,4,13,19,3,7,3,4,19,7,10,6,0,51,0,18,19,21,0,1,8,1,0
2015/08/03,6,0,5,5,4,3,15,9,0,9,20,0,14,4,9,11,4,39,17,4,12,5,25,6,4,2,18,2,19,0,13,4,4,11,1,0,28,4,0,5,7,9,3,1,2,42,9,2,5,2,12,2,4,0,11,4,14,10,3,5,2,2,17,7,6,0,4,1,2,34,3,6,11,2,74,50,9,2,4,7,12,6,7,3,2,18,7,22,5,3,35,0,6,14,18,4,1,7,8,3
2015/08/04,10,0,2,10,9,8,5,14,0,12,10,3,12,5,5,10,3,23,24,4,8,10,22,1,3,12,5,2,17,1,20,1,5,6,2,3,30,3,3,4,10,7,9,0,4,43,2,3,2,2,8,6,2,1,6,3,16,15,2,2,4,1,10,8,3,2,2,2,1,27,0,6,12,0,74,34,1,4,1,8,12,3,6,3,6,11,11,23,7,0,34,3,16,28,10,1,1,14,0,3
2015/08/05,8,1,4,10,1,8,0,8,0,12,13,4,5,1,2,10,5,12,15,2,3,16,14,3,4,6,9,2,12,0,13,1,7,7,9,6,25,0,4,5,6,6,1,0,1,51,14,6,2,5,3,1,9,2,10,3,12,18,0,3,1,0,14,4,5,1,1,3,4,37,0,6,10,2,80,40,6,5,3,10,10,0,5,4,1,19,10,12,1,1,29,1,7,20,14,1,2,2,1,5
2015/08/06,6,2,5,9,3,11,2,11,1,3,11,1,5,5,8,6,0,15,14,3,2,6,23,4,3,2,20,0,12,7,10,4,8,8,6,0,25,3,1,4,8,12,0,4,3,50,0,3,4,4,5,1,3,4,10,4,15,17,0,3,5,2,19,6,3,3,2,5,0,31,0,3,10,0,85,36,0,4,6,14,9,4,7,3,1,10,13,4,5,12,39,1,13,3,14,4,2,9,0,3
2015/08/07,19,4,9,6,2,5,4,20,3,8,22,0,11,2,0,11,1,7,16,3,8,4,23,7,2,6,15,0,14,3,12,5,3,11,7,6,26,10,3,6,12,7,1,2,1,45,0,4,3,3,4,2,3,3,10,1,8,29,2,6,1,1,15,12,2,3,1,4,3,52,0,7,10,2,96,31,0,9,4,12,11,1,6,2,0,17,11,22,6,2,43,0,18,23,14,1,3,6,0,2
2015/08/08,13,2,7,13,9,11,4,4,3,12,12,3,36,4,11,15,3,15,18,3,3,9,25,3,3,9,12,3,11,4,14,1,7,13,3,3,33,3,3,11,10,12,5,0,1,76,7,4,5,2,4,1,6,2,14,4,23,26,0,1,2,1,24,8,4,2,0,4,3,47,2,4,4,0,93,55,0,9,2,7,17,3,8,5,2,27,17,15,0,2,62,1,13,8,15,0,3,3,3,1
2015/08/09,9,5,0,15,2,10,4,12,5,13,22,4,12,6,4,8,3,18,22,3,1,6,17,6,10,2,15,2,15,1,18,5,11,10,0,4,47,4,5,14,8,12,3,3,7,79,11,8,5,6,4,8,11,1,12,8,16,16,0,5,2,2,12,16,3,1,2,6,6,58,3,9,8,1,114,47,0,12,10,11,9,1,6,6,7,23,2,11,0,4,54,3,14,15,15,0,1,7,4,5
2015/08/10,9,1,0,16,0,12,3,7,1,4,5,0,11,3,8,12,4,11,24,2,6,8,26,6,2,4,25,1,11,8,12,11,9,10,0,0,0,3,1,13,7,8,5,0,1,68,8,5,1,1,0,6,14,3,8,1,14,13,2,5,0,7,18,10,3,7,4,4,4,32,1,8,7,1,107,46,1,4,4,22,12,8,5,3,5,22,12,14,6,0,48,2,9,12,16,0,1,7,2,2
2015/08/11,7,4,0,6,7,17,6,7,3,9,22,2,11,1,1,14,1,11,22,4,6,7,16,1,3,5,13,3,14,10,19,6,7,7,9,0,0,8,2,11,8,4,3,1,5,41,8,5,6,2,5,3,9,4,9,7,8,10,0,4,5,1,14,8,3,5,2,2,9,26,0,3,6,0,66,35,0,6,0,5,7,2,5,1,2,21,6,8,3,2,41,2,7,17,4,1,0,9,2,0
2015/08/12,6,4,0,8,3,9,7,13,0,10,7,0,15,2,0,8,2,27,7,0,0,1,11,1,3,1,18,1,11,11,11,7,8,3,6,1,0,7,2,7,7,14,0,0,2,64,2,4,5,2,5,3,8,1,10,5,15,22,2,2,1,1,17,5,7,1,2,13,6,32,1,4,14,0,84,29,1,0,2,16,10,7,7,2,4,20,7,17,5,1,45,1,8,9,18,0,1,6,7,0
2015/08/13,8,1,3,6,4,13,6,10,10,7,5,2,6,2,9,13,2,16,12,4,4,5,21,3,0,2,11,1,8,7,6,9,11,5,6,0,0,7,4,14,13,5,5,2,7,36,7,2,1,2,0,4,3,0,16,1,10,22,0,4,1,0,8,4,5,3,2,2,2,37,1,7,9,0,81,41,2,4,3,12,12,1,5,1,1,12,5,29,2,2,39,0,6,17,8,2,2,2,4,3
2015/08/14,12,0,9,12,3,20,5,5,10,7,25,2,5,3,0,10,1,11,10,0,1,6,16,1,2,0,13,0,11,4,12,5,1,6,3,4,0,3,1,11,10,12,2,2,3,53,5,5,3,2,4,3,4,0,9,6,12,14,3,5,2,2,20,9,5,2,3,5,4,21,0,8,2,0,91,31,1,5,0,13,12,2,5,5,4,15,11,36,8,2,46,4,23,7,23,0,0,6,2,1
2015/08/15,9,1,6,9,7,23,2,15,2,12,6,2,4,4,3,5,1,15,14,1,5,9,21,1,3,7,20,2,13,5,20,5,9,14,6,9,5,11,2,15,11,5,5,4,2,138,8,6,6,3,4,4,7,1,16,5,13,32,0,3,3,2,28,7,6,1,0,8,2,45,0,3,21,2,142,41,5,7,1,9,18,4,12,5,5,23,7,16,5,3,59,6,14,20,17,1,0,6,1,2
2015/08/16,14,0,2,17,3,14,5,7,2,11,8,0,4,5,7,6,7,17,22,3,8,8,16,6,6,3,26,1,10,4,10,11,7,10,9,1,3,12,5,25,12,7,8,2,7,84,5,0,1,2,10,7,10,5,21,7,18,29,3,5,1,0,9,20,7,1,2,12,5,43,1,6,13,1,122,56,0,6,5,13,11,3,7,7,3,38,9,18,1,4,82,1,18,76,18,3,2,8,2,5
2015/08/17,17,0,4,10,2,17,3,3,6,11,23,1,22,4,8,8,0,8,10,1,6,10,19,4,8,5,22,6,10,5,19,14,4,7,4,4,3,12,6,12,11,5,5,0,6,81,6,0,4,1,8,2,6,2,7,4,15,24,0,4,1,0,12,8,6,2,2,9,2,25,2,0,4,0,107,40,2,2,6,7,3,6,11,7,4,16,12,6,6,5,62,8,5,30,16,3,0,10,4,2
2015/08/18,11,1,2,9,2,12,2,5,2,10,8,1,27,1,4,6,1,15,12,3,3,4,21,1,0,1,17,1,11,3,15,6,4,4,3,1,1,4,2,9,7,5,0,0,5,49,1,4,2,3,4,2,6,3,11,4,9,12,0,3,1,1,9,8,5,1,3,5,1,25,2,4,10,2,98,38,2,1,2,5,16,5,6,7,1,23,5,15,10,3,43,1,9,7,4,2,1,5,0,7
2015/08/19,20,0,1,6,2,8,6,8,0,12,12,2,17,1,0,5,1,9,17,1,2,2,25,3,3,0,13,3,8,3,10,7,6,1,4,2,0,3,0,6,12,4,1,1,1,40,7,2,2,1,2,1,10,3,9,4,10,9,2,6,4,0,12,10,4,3,1,3,0,19,0,2,10,1,73,45,5,7,1,12,6,2,7,10,0,19,1,17,22,8,28,0,6,16,8,2,0,10,2,2
2015/08/20,10,1,3,12,6,7,11,5,8,7,4,4,17,3,4,13,2,8,9,2,4,1,5,4,5,2,21,2,10,3,11,4,3,7,5,1,0,0,1,8,4,16,3,0,7,44,8,5,3,1,3,2,2,1,9,4,10,8,2,1,2,0,18,7,0,1,0,0,9,12,0,3,6,1,54,29,4,9,4,5,13,2,4,6,2,19,1,16,0,2,34,2,11,19,15,1,3,5,3,2
2015/08/21,11,3,2,14,8,15,6,7,1,1,16,0,27,2,2,1,3,10,5,2,4,5,16,6,4,2,11,2,10,1,9,7,9,8,4,7,7,1,1,3,9,10,3,6,3,38,4,1,5,1,3,1,7,1,13,2,11,11,0,2,1,1,15,2,0,2,0,1,2,25,1,3,14,2,65,25,7,3,0,7,5,6,8,4,1,16,7,18,0,0,34,0,14,9,6,2,3,1,3,5
2015/08/22,11,8,6,26,7,27,3,13,8,11,18,2,32,4,8,8,4,11,17,2,4,5,12,3,3,3,17,2,16,1,8,5,4,9,5,3,4,3,4,14,15,7,7,3,1,72,5,2,1,3,6,5,9,3,12,5,12,14,1,9,4,1,16,13,3,5,3,1,4,37,1,5,5,3,66,43,6,1,8,6,11,9,10,1,2,21,14,31,0,5,58,1,11,31,26,0,0,11,1,3
2015/08/23,14,0,2,18,2,15,5,2,7,7,8,1,39,4,21,12,3,25,12,1,7,12,16,2,1,2,14,4,16,4,21,13,7,10,6,4,0,6,5,5,10,10,1,2,1,85,4,9,3,2,5,7,9,0,11,5,13,23,2,4,0,1,11,16,4,3,1,4,8,41,0,6,13,2,113,43,4,4,3,12,8,1,6,4,10,27,13,13,5,2,47,2,12,23,24,3,1,9,5,7
2015/08/24,12,1,11,8,2,15,3,4,0,2,15,0,9,2,5,12,0,15,16,1,5,2,26,4,8,0,12,0,8,0,18,2,8,3,0,1,0,5,4,9,9,2,7,2,4,49,2,3,4,1,1,4,7,1,11,4,11,10,5,4,4,2,13,8,8,1,4,4,7,20,1,1,6,1,80,39,0,4,6,11,6,3,4,6,4,26,10,8,6,4,43,3,13,17,12,1,1,6,4,1
2015/08/25,6,1,5,14,0,5,3,5,0,10,10,0,17,2,4,6,1,8,15,2,7,6,15,5,4,2,13,0,15,2,19,3,9,3,2,1,1,2,2,8,8,4,1,0,5,60,7,5,4,0,3,1,12,0,7,2,10,25,1,4,1,0,14,6,4,1,0,3,4,33,1,5,9,0,75,28,1,9,1,9,9,1,6,3,3,16,5,3,1,3,29,1,8,2,11,2,0,5,0,1
2015/08/26,15,4,7,7,7,2,0,5,0,10,10,0,23,3,1,5,0,6,12,3,3,3,10,2,4,5,16,0,9,1,10,11,9,3,4,1,2,4,3,5,9,2,3,1,1,53,3,4,6,1,5,3,5,0,10,5,12,13,0,1,1,1,15,2,3,3,0,2,1,38,1,2,11,1,84,31,1,3,1,7,10,1,9,1,1,11,9,3,8,1,41,0,9,9,9,0,4,3,0,0
2015/08/27,11,0,8,10,7,7,5,3,4,6,11,1,15,1,1,8,1,15,7,1,4,3,10,6,0,3,11,1,6,4,9,7,6,6,4,2,0,7,2,3,5,9,1,4,4,64,4,1,2,2,5,4,6,1,16,5,11,16,0,5,6,2,17,8,1,1,1,6,7,26,0,5,9,0,64,18,6,2,2,5,10,0,6,2,3,19,10,10,3,3,45,1,11,13,13,1,0,2,0,2
2015/08/28,13,0,5,3,10,2,8,9,7,5,7,0,14,2,11,10,2,7,18,2,2,4,8,2,4,5,20,0,2,0,11,6,7,9,11,8,0,4,2,5,13,5,0,1,4,88,3,7,4,2,4,4,13,0,19,8,10,16,2,3,2,1,14,9,5,0,5,3,6,35,0,4,6,0,83,22,0,2,3,6,13,0,7,6,1,17,20,10,0,2,47,0,14,26,14,0,1,4,2,2
2015/08/29,27,0,3,15,13,5,5,13,9,14,14,2,31,2,0,11,3,9,12,0,2,7,18,5,8,10,13,3,9,1,7,17,6,4,3,2,6,9,5,10,14,13,5,0,1,60,4,2,4,1,4,5,7,3,10,7,9,21,0,4,12,2,6,7,7,5,1,7,5,40,1,5,8,1,82,33,1,5,11,5,5,6,9,7,2,24,11,9,13,3,51,2,30,16,13,0,4,7,7,4
2015/08/30,19,1,3,16,3,12,2,12,3,11,8,3,24,3,0,10,0,7,14,5,3,5,22,2,4,9,17,1,9,1,20,6,8,8,7,1,1,1,4,11,12,3,4,1,6,76,10,3,4,0,3,4,11,4,13,5,10,25,4,6,0,1,2,8,4,2,7,2,5,48,1,5,12,1,103,48,1,8,1,10,16,5,3,2,6,31,5,12,1,7,50,1,15,14,10,1,2,16,2,3
2015/08/31,8,1,3,13,2,6,3,3,0,4,9,0,25,4,3,11,2,14,19,1,2,7,14,0,0,5,19,0,11,2,15,3,12,5,2,4,5,5,2,3,10,9,6,1,1,52,6,0,4,0,3,4,7,2,9,4,12,17,1,2,3,1,16,5,7,14,3,4,3,21,2,3,6,0,74,38,2,2,6,12,13,4,4,3,2,20,0,7,1,1,34,1,8,6,11,0,1,7,1,0
2015/09/01,5,5,2,11,1,10,11,2,0,2,12,2,19,4,2,7,4,23,22,7,2,8,11,0,4,11,17,1,10,0,16,15,6,3,6,1,0,2,2,5,12,2,1,0,3,38,5,10,4,3,9,0,6,2,8,4,14,12,1,6,2,1,16,4,7,3,4,2,4,29,1,0,8,1,73,47,0,8,4,5,10,6,3,1,3,14,11,6,4,3,29,2,11,32,14,0,1,7,1,1
2015/09/02,9,3,2,21,5,7,6,6,0,3,7,1,20,7,8,9,5,21,12,1,7,4,19,1,4,0,17,1,11,3,13,12,3,5,12,3,7,2,3,9,2,4,0,4,2,27,8,1,4,4,7,5,7,0,15,4,10,11,1,4,0,2,11,6,2,6,2,1,1,18,0,3,12,1,71,43,1,5,2,12,13,1,6,5,3,16,4,10,2,5,31,0,13,8,9,1,0,3,0,2
2015/09/03,13,5,4,10,0,7,9,5,6,8,22,0,20,2,3,9,1,15,13,3,3,7,18,4,3,3,17,7,12,1,8,7,5,5,2,7,3,1,1,11,9,3,2,1,2,41,11,9,2,2,3,2,5,3,8,4,11,17,1,5,2,2,14,7,3,4,6,3,2,29,1,6,12,0,70,29,2,6,4,8,7,4,6,2,3,15,15,12,5,8,18,1,14,20,11,2,3,11,4,2
2015/09/04,7,0,6,18,3,16,2,8,7,7,24,0,29,3,13,8,2,10,18,2,4,6,15,9,2,4,13,3,20,2,7,3,8,15,2,4,0,4,5,9,11,4,8,4,1,27,6,4,4,1,4,5,6,7,8,8,14,17,1,4,1,2,12,9,1,3,5,4,0,17,0,5,9,2,75,39,4,11,3,11,8,0,2,3,1,19,0,25,7,7,37,1,19,9,10,1,3,14,0,8
2015/09/05,18,2,1,16,7,16,2,6,2,11,14,1,28,9,12,10,0,14,22,0,3,9,28,6,1,1,21,2,17,0,13,4,3,8,4,2,0,4,1,8,9,18,3,0,4,54,4,0,4,1,13,8,8,5,16,3,11,21,0,3,0,2,5,10,0,2,0,3,6,28,2,7,5,1,103,43,4,8,8,13,19,9,15,2,2,18,9,13,10,1,40,8,28,31,11,2,2,7,1,0
2015/09/06,12,1,2,22,1,6,4,8,0,9,14,1,26,5,5,8,7,18,13,4,4,17,23,2,5,5,15,1,15,3,6,7,6,8,9,3,0,0,1,5,4,8,2,1,3,63,4,2,6,2,4,0,8,3,17,6,13,22,1,3,2,1,3,11,6,1,0,1,1,42,2,5,15,0,106,49,4,4,4,10,15,4,6,5,4,23,9,9,0,0,66,3,17,34,5,6,3,11,2,0
2015/09/07,13,1,2,6,0,11,6,5,0,5,26,1,10,7,8,13,2,24,19,3,0,6,16,13,6,5,19,1,19,2,12,12,12,17,3,2,0,8,4,7,8,13,2,4,6,78,4,9,4,1,12,0,16,2,5,7,8,34,4,7,2,3,4,4,3,4,3,6,6,49,0,5,15,3,88,45,1,15,4,12,8,4,4,9,6,25,11,10,3,0,46,2,13,17,2,3,1,5,1,3
2015/09/08,7,2,5,3,4,4,15,6,0,2,10,3,13,10,10,20,1,20,18,0,0,12,24,2,4,5,22,1,14,1,9,10,7,3,5,0,0,4,3,13,7,5,2,1,2,65,3,0,8,4,7,0,10,0,10,7,8,23,1,1,4,0,11,9,6,11,1,3,6,31,2,4,9,1,91,34,0,7,3,17,13,6,4,2,4,24,7,0,4,4,42,1,11,8,15,0,0,12,3,1
2015/09/09,3,1,13,5,2,11,2,3,0,1,8,0,9,2,6,14,3,6,20,2,9,14,12,0,3,4,14,1,16,3,15,3,5,4,3,1,0,5,3,7,9,7,2,1,4,43,6,6,4,3,4,3,10,4,14,7,13,21,0,5,2,6,17,7,1,2,3,2,7,21,1,7,11,1,93,53,4,18,5,10,15,0,4,3,5,28,12,10,1,2,57,1,20,45,8,1,0,11,4,0
2015/09/10,9,2,4,8,0,12,3,1,6,6,13,2,17,1,4,9,1,10,18,0,6,7,0,1,4,6,17,7,16,2,10,2,6,9,3,2,65,3,5,11,10,8,6,0,2,64,4,4,4,2,7,3,12,1,17,6,9,24,0,4,3,2,13,9,2,1,3,3,6,43,3,7,9,2,89,25,4,5,5,16,15,5,6,1,5,14,11,11,3,2,36,4,16,14,21,4,0,4,7,2
2015/09/11,10,3,2,14,3,14,3,10,2,9,11,1,23,1,3,7,6,11,7,1,5,4,18,5,4,4,12,2,11,2,10,0,6,7,3,2,41,7,2,10,7,3,2,1,4,63,1,3,4,1,14,3,13,2,11,4,12,14,2,3,0,2,19,6,3,1,3,2,2,30,1,6,10,0,77,37,1,7,2,5,10,4,9,1,0,17,8,15,0,6,51,3,15,18,15,0,0,7,11,1
2015/09/12,8,1,4,18,8,11,2,3,1,8,7,1,27,4,11,11,3,17,15,1,6,8,23,7,2,2,14,0,11,3,12,13,7,11,5,3,44,2,2,9,6,9,0,0,2,49,8,0,0,4,19,2,16,2,12,0,10,19,0,6,3,1,5,13,2,5,2,2,2,40,2,3,9,5,79,33,3,10,4,13,10,2,4,4,0,13,15,12,6,2,47,10,16,31,8,1,0,2,0,0
2015/09/13,16,0,4,21,7,18,2,12,1,7,12,1,13,8,10,20,3,20,11,2,10,9,31,2,6,5,10,0,13,4,14,16,14,7,11,1,55,3,2,12,8,5,4,0,5,70,4,7,4,7,9,2,26,4,13,4,13,29,2,5,0,1,4,11,6,6,3,9,8,33,4,7,11,1,109,40,3,8,1,14,8,6,4,5,7,34,13,11,11,2,52,0,20,10,1,1,2,11,0,3
2015/09/14,17,1,2,13,1,4,2,4,3,7,21,1,6,1,6,15,2,7,11,0,2,7,10,5,3,7,17,3,13,1,8,5,13,4,6,12,25,6,0,3,6,6,3,2,0,41,2,2,4,0,8,3,13,1,9,4,9,9,2,2,4,3,5,12,6,12,4,1,1,11,2,1,7,1,52,30,6,8,0,8,10,1,7,3,5,14,2,2,4,0,26,0,12,24,0,1,1,4,1,1
2015/09/15,9,1,1,6,0,19,7,6,0,7,9,2,28,2,0,10,4,10,10,2,4,7,17,3,2,2,13,1,0,5,8,2,1,3,3,1,21,7,5,3,6,3,3,4,2,34,6,6,3,0,7,0,7,1,5,4,9,4,2,4,3,2,11,8,4,2,3,2,2,15,0,1,6,3,54,32,2,3,4,5,12,1,6,1,5,18,8,4,1,9,29,3,8,32,17,0,3,8,2,6
2015/09/16,3,1,8,11,1,14,5,6,3,6,11,2,16,1,3,6,2,6,11,0,2,3,10,3,7,2,13,1,7,2,8,12,5,1,1,1,14,2,3,4,9,5,2,3,1,26,4,5,1,2,4,0,11,1,3,4,9,4,1,3,5,1,8,4,4,11,1,3,3,23,1,3,9,4,62,24,2,4,1,4,6,1,9,3,2,29,5,12,3,10,16,9,9,8,12,1,0,4,3,1
2015/09/17,10,2,0,12,0,10,5,10,0,9,19,1,8,0,5,8,0,9,10,2,3,6,15,0,1,18,11,1,10,1,9,4,1,5,5,4,19,2,1,6,6,1,4,0,1,49,3,6,4,1,7,2,14,0,7,0,7,12,1,1,1,1,11,6,3,2,1,5,5,21,0,4,13,1,66,28,3,2,1,8,4,3,11,2,1,18,6,7,4,3,21,0,16,99,9,3,0,3,1,3
2015/09/18,12,3,9,13,0,6,4,10,1,13,6,1,6,3,3,15,0,16,7,1,0,7,23,5,7,9,21,0,6,0,9,3,4,5,1,3,22,5,2,5,7,5,7,1,3,44,1,2,0,1,11,1,8,0,7,5,11,13,1,4,2,1,22,9,3,0,1,1,9,26,1,1,4,2,81,21,3,3,6,6,6,0,12,4,5,19,12,13,6,0,18,0,10,29,10,2,3,8,1,2
2015/09/19,13,1,4,12,4,16,2,11,3,14,6,1,18,2,14,10,3,13,15,1,3,10,18,4,0,5,18,4,13,0,3,7,6,7,4,6,43,2,0,7,6,12,3,2,1,80,3,5,2,0,9,0,16,1,17,5,10,18,0,4,3,0,26,10,5,5,3,3,3,42,1,1,8,1,106,32,3,1,1,10,15,4,9,4,8,19,18,12,2,0,49,0,9,12,18,0,2,2,3,1
2015/09/20,7,2,2,16,0,8,5,9,3,6,9,3,30,2,12,13,1,11,18,2,2,7,19,5,4,4,15,1,16,8,12,4,5,6,7,4,40,9,2,21,11,4,7,3,4,122,3,6,2,1,11,5,16,4,19,2,12,37,3,6,4,5,18,10,6,4,0,1,7,44,2,7,11,0,108,28,6,5,13,13,18,5,5,3,5,24,0,4,8,5,56,2,11,25,20,0,1,6,5,4
2015/09/21,4,1,5,12,0,14,5,6,1,4,15,4,24,3,9,10,2,12,16,1,3,4,6,4,4,0,13,2,13,3,16,10,0,3,6,3,21,4,1,5,14,2,6,1,3,59,7,3,4,1,11,3,13,3,7,4,5,19,2,3,3,2,10,10,4,13,4,3,3,32,2,0,10,4,105,25,7,4,4,7,9,3,8,5,1,18,8,12,4,3,34,1,19,8,14,0,3,6,2,4
2015/09/22,3,3,2,7,0,9,4,3,0,14,9,0,21,3,0,9,1,9,11,0,1,1,16,0,4,7,17,2,11,2,8,4,2,2,2,1,22,4,2,7,5,3,2,1,4,27,6,6,0,1,5,5,8,3,14,0,8,6,3,4,2,1,9,10,7,3,1,4,3,22,1,0,4,1,74,28,5,1,0,7,5,1,3,0,3,25,11,0,3,3,28,2,11,24,10,0,1,9,0,2
2015/09/23,10,1,7,10,3,20,9,13,2,8,12,3,21,1,4,8,5,11,7,2,4,4,26,0,4,1,8,0,14,1,16,9,5,5,4,0,30,7,0,2,9,4,0,0,5,32,4,5,1,1,10,0,11,1,6,6,6,16,0,4,2,1,20,6,6,2,5,2,1,29,2,0,14,1,50,22,8,0,3,11,7,2,9,2,6,15,4,8,4,8,26,1,8,20,16,0,2,5,1,5
2015/09/24,8,1,4,12,6,12,6,11,2,10,8,2,18,1,1,3,1,18,8,2,6,7,8,1,2,5,20,0,8,4,5,5,1,4,5,2,15,1,2,7,13,2,0,1,4,52,3,3,3,2,7,0,19,0,8,5,8,15,0,2,2,2,9,5,4,2,0,3,1,31,1,3,11,3,62,27,1,6,9,1,12,1,4,1,4,16,8,11,2,6,25,2,7,3,16,0,0,6,2,2
2015/09/25,5,9,1,11,2,9,6,5,3,14,19,0,13,0,7,5,3,10,12,1,3,5,17,1,1,1,12,4,23,2,12,0,4,6,5,2,21,2,3,10,9,5,4,1,2,35,5,6,5,3,8,2,7,0,9,3,12,13,4,2,1,0,12,16,6,3,2,2,3,21,1,6,7,1,72,32,6,0,4,0,3,0,6,1,6,17,4,11,6,2,30,0,12,5,13,2,2,2,2,0
2015/09/26,10,1,3,13,5,24,4,24,4,12,10,3,18,3,6,7,1,15,12,3,4,6,18,4,5,6,19,2,10,4,3,15,7,4,1,0,28,1,1,14,15,6,1,2,0,59,1,6,4,7,5,5,10,1,14,2,13,24,1,5,1,2,21,13,3,1,1,1,4,43,0,7,6,1,91,16,5,0,1,0,5,4,5,0,0,31,10,7,8,4,47,0,5,2,17,0,1,8,1,1
2015/09/27,4,1,3,9,5,11,7,7,3,6,10,3,18,2,4,14,0,8,8,1,3,1,23,0,4,5,20,1,2,0,10,2,4,4,3,6,32,2,2,12,7,4,1,0,0,49,10,8,8,0,8,4,16,8,8,4,10,18,0,5,0,1,19,5,2,7,0,4,1,41,0,2,6,3,92,35,5,0,2,1,17,0,3,4,0,20,11,6,6,0,39,0,21,21,25,3,2,2,4,1
2015/09/28,3,2,7,6,1,11,1,6,7,10,10,1,10,2,4,9,1,20,11,1,3,9,18,6,4,1,17,2,10,4,14,7,1,1,1,4,19,6,1,7,1,2,3,1,0,24,2,4,4,1,7,0,13,0,4,5,14,5,1,6,2,4,15,9,7,4,2,6,0,28,2,5,11,0,60,27,4,0,6,1,7,3,8,0,3,23,10,28,6,0,23,3,1,16,7,5,1,5,2,0
2015/09/29,3,2,3,10,8,8,9,3,0,4,16,1,21,0,12,6,2,6,8,3,8,7,15,4,3,5,19,1,12,1,7,1,3,3,3,0,25,0,2,6,5,0,1,2,2,20,3,4,2,0,6,3,11,0,7,3,9,13,1,2,0,3,17,8,3,2,3,1,1,27,3,1,4,0,40,26,6,8,3,0,6,0,9,0,0,10,7,9,12,2,9,2,4,3,13,1,0,6,0,3
2015/09/30,1,0,6,6,2,6,0,13,3,7,2,2,15,0,8,13,2,9,7,0,4,6,13,1,2,2,8,1,10,3,6,1,2,2,10,2,18,2,0,7,2,1,1,0,3,26,5,2,4,1,9,6,16,2,9,2,2,15,1,2,2,2,19,3,3,1,0,0,1,23,3,4,12,1,46,16,3,10,1,0,4,4,7,1,3,6,8,4,3,14,17,4,12,12,13,0,0,4,0,3
2015/10/01,5,0,6,2,0,11,2,7,1,6,8,1,19,2,0,5,4,6,10,2,7,7,18,2,3,1,11,4,8,4,17,6,6,0,1,4,21,4,2,9,10,5,2,0,2,40,4,6,3,0,9,3,25,2,6,2,9,15,1,2,3,2,10,7,6,1,3,8,2,38,0,8,11,2,57,13,4,5,2,0,3,3,4,0,4,13,7,6,3,2,23,0,6,15,6,1,1,6,5,0
2015/10/02,0,2,9,8,3,17,13,3,5,10,12,1,30,0,12,21,5,9,11,2,6,7,21,2,1,4,26,0,16,2,8,9,5,4,1,2,22,3,0,7,7,2,4,0,1,49,6,1,5,2,4,4,36,3,14,4,4,7,0,2,0,1,7,8,9,0,1,1,1,32,0,1,8,3,87,22,8,10,1,1,11,3,9,1,5,17,14,13,10,4,26,1,8,43,16,0,3,14,3,4
2015/10/03,2,0,3,3,7,19,3,6,1,3,10,1,8,10,12,12,3,14,24,7,9,4,28,6,9,1,16,16,9,7,14,7,8,3,2,2,32,3,2,9,7,6,7,0,2,69,5,3,4,1,13,5,11,0,16,3,16,22,1,5,1,1,20,13,4,6,1,0,1,43,0,5,14,2,99,2,5,10,4,0,9,4,8,1,4,31,9,9,7,2,41,0,40,23,12,3,1,7,7,7
2015/10/04,8,2,2,9,0,13,2,3,6,7,3,5,13,3,3,21,1,23,19,1,12,23,19,4,1,10,13,1,5,3,12,18,4,2,6,5,40,4,4,7,7,9,2,1,1,67,8,7,5,2,9,7,8,3,14,5,10,23,2,7,4,1,7,10,5,6,0,8,0,49,0,6,9,1,107,21,5,11,8,2,19,2,6,0,5,36,12,7,7,0,50,5,8,10,15,0,2,6,3,0
2015/10/05,4,0,2,9,0,16,0,9,0,11,7,3,11,6,5,19,2,22,16,2,10,20,19,3,3,7,15,2,13,1,10,4,9,3,3,1,29,5,2,9,9,6,3,0,2,57,4,5,5,1,14,5,28,4,14,5,9,15,0,2,2,2,13,8,5,9,0,2,2,31,0,5,6,3,98,18,5,4,4,2,15,5,6,4,1,17,22,22,10,6,36,3,16,13,14,1,1,7,2,1
2015/10/06,22,4,6,14,0,4,10,3,0,7,13,1,30,3,12,18,3,16,15,5,7,5,32,6,0,1,20,0,8,3,8,6,3,2,1,2,26,1,0,4,8,0,0,1,2,52,1,8,5,2,9,2,18,0,13,6,10,20,2,6,1,3,3,2,1,1,1,4,6,29,2,2,10,4,86,23,3,4,1,1,4,1,5,4,4,14,6,5,2,2,25,1,4,52,17,0,4,4,1,2
2015/10/07,27,0,5,8,1,12,0,7,3,12,10,1,21,5,6,3,3,3,22,5,1,3,14,4,1,2,13,1,17,1,6,9,3,5,2,0,16,5,2,8,9,0,4,0,1,33,8,5,2,2,10,5,16,0,18,2,10,8,1,1,3,1,21,10,3,14,5,4,5,14,0,0,5,1,60,6,4,6,4,0,14,8,6,2,3,9,12,7,3,0,29,4,8,10,15,0,0,12,3,1
2015/10/08,13,3,4,10,0,6,0,6,0,13,12,0,8,9,6,16,1,5,12,3,7,5,26,1,3,3,12,0,15,2,10,0,3,0,0,1,20,7,2,8,8,0,0,1,2,52,4,4,2,0,9,3,10,3,12,3,8,9,0,2,2,3,15,6,7,0,1,3,4,26,1,8,3,3,73,21,5,10,6,0,9,2,5,4,1,13,14,10,19,8,39,3,7,46,16,0,1,8,4,1
2015/10/09,16,0,3,6,0,8,1,10,5,14,8,10,17,2,3,9,2,10,8,1,5,3,18,1,3,2,17,4,10,2,8,10,5,4,4,4,18,2,2,7,9,3,2,1,1,54,3,6,4,1,7,6,23,10,11,4,11,17,0,3,2,0,11,10,7,7,7,3,4,39,0,1,11,1,93,8,4,11,7,0,7,4,12,4,4,16,17,8,0,0,46,1,5,58,11,1,2,14,5,4
2015/10/10,26,2,1,5,1,7,1,6,6,11,17,0,11,1,8,15,0,14,20,4,9,10,10,7,5,0,15,3,13,5,9,4,10,7,12,1,31,3,0,11,6,7,6,2,4,65,7,5,5,1,9,7,12,3,13,6,17,16,0,7,1,5,3,13,4,1,7,8,1,27,1,3,11,3,89,4,1,5,2,2,14,2,7,5,2,17,10,9,5,0,38,4,11,16,14,2,3,14,4,3
2015/10/11,18,2,6,5,2,11,4,11,3,3,5,0,10,1,7,10,3,4,6,3,0,1,18,6,2,3,13,0,4,2,8,6,6,4,7,0,35,5,0,3,10,5,1,0,1,49,2,5,4,0,9,2,24,0,7,6,5,11,0,10,0,4,0,9,2,1,0,2,0,32,1,5,10,0,80,13,2,2,4,0,9,0,4,2,2,23,8,3,8,1,40,0,12,22,5,3,1,5,3,2
2015/10/12,12,2,5,3,3,10,0,10,0,8,10,0,8,6,18,15,2,20,14,2,4,15,18,0,2,6,14,1,9,2,20,5,7,2,6,6,32,4,0,13,9,0,1,2,0,53,8,2,5,2,8,6,30,1,14,3,12,15,0,1,1,2,16,0,6,15,0,2,0,44,0,6,8,5,100,31,5,6,4,2,12,0,11,4,7,19,0,14,3,6,39,2,14,35,14,0,2,12,4,2
2015/10/13,10,3,6,2,6,7,14,8,1,2,18,2,7,2,4,10,8,8,12,3,3,10,19,0,4,3,19,1,5,0,12,8,4,3,2,2,23,6,0,9,17,1,6,0,3,65,3,8,4,0,2,0,25,2,8,2,8,18,5,0,1,1,25,10,9,0,2,4,0,37,0,1,9,5,84,15,3,6,3,0,9,4,8,3,1,13,8,19,6,3,36,2,5,149,4,3,0,4,0,3
2015/10/14,8,1,5,3,2,10,6,3,1,5,9,0,6,4,12,16,0,8,20,0,5,5,6,2,4,2,18,1,15,1,14,11,4,2,0,4,20,6,0,6,3,5,6,0,0,51,1,4,4,2,3,4,19,3,9,4,6,11,1,2,2,3,13,3,5,2,1,1,0,38,0,6,7,1,64,43,6,10,1,0,3,3,5,3,7,18,9,4,0,6,20,2,4,22,16,2,0,8,2,0
2015/10/15,20,4,4,4,2,3,3,7,0,5,13,2,12,0,9,6,3,6,15,1,2,5,14,1,3,8,16,5,13,1,6,9,3,7,4,1,21,8,0,13,6,1,0,3,0,29,4,3,3,0,3,7,11,2,4,2,9,9,1,4,2,0,10,6,6,3,1,0,1,22,0,6,12,1,79,19,1,7,5,1,12,6,4,0,3,24,6,10,6,10,23,1,6,0,12,0,0,7,2,0
2015/10/16,13,2,8,5,1,9,7,9,5,5,10,1,7,4,1,8,2,13,10,1,5,4,11,0,4,3,15,1,6,0,9,9,11,5,2,2,19,0,1,7,7,2,2,1,4,54,6,2,8,1,3,1,18,1,13,9,10,11,0,4,1,0,18,5,3,3,3,2,2,33,1,3,9,2,84,13,5,5,0,1,16,2,8,1,2,25,5,11,2,1,43,0,5,18,24,1,1,2,4,0
2015/10/17,11,2,7,3,7,14,4,11,3,9,9,1,27,5,14,12,1,8,13,4,3,7,22,5,1,5,22,2,11,1,16,4,4,6,1,2,26,3,0,6,10,9,10,0,1,69,4,9,4,0,6,5,19,0,9,4,13,12,1,0,3,2,13,14,4,1,2,0,2,33,1,7,6,1,95,1,4,12,0,2,10,0,12,3,0,23,12,9,4,4,51,3,9,17,13,1,3,11,3,5
2015/10/18,18,5,6,8,4,6,5,14,0,13,4,1,3,2,6,13,2,8,21,2,10,16,11,3,6,8,9,3,2,2,11,14,4,2,6,1,40,7,4,11,14,5,3,0,3,49,10,8,3,0,2,10,30,7,6,1,11,14,3,4,1,2,18,6,3,2,0,1,1,46,0,3,7,4,108,18,6,11,2,10,6,1,2,4,0,24,5,7,8,1,43,1,15,28,17,2,1,6,4,2
2015/10/19,14,2,2,6,0,2,5,7,0,12,15,2,4,3,1,11,6,3,15,5,6,16,9,1,2,3,11,1,13,0,15,5,5,2,4,6,32,6,0,7,4,2,3,1,1,26,1,8,5,0,2,0,15,2,10,4,11,7,1,6,1,0,20,12,1,8,0,3,2,23,4,5,7,1,61,24,4,3,3,5,5,1,0,1,0,18,5,12,9,0,21,1,12,6,5,4,0,2,2,3
2015/10/20,6,1,2,8,6,7,5,14,7,11,10,1,4,6,1,22,1,11,9,0,1,6,15,0,3,5,14,2,3,1,1,7,5,3,1,1,23,2,1,5,8,2,3,2,1,44,11,3,6,2,0,4,18,2,12,7,9,9,2,5,1,3,9,2,5,5,0,0,1,17,0,2,9,1,57,11,4,4,5,4,11,1,3,3,1,12,8,11,2,8,13,0,17,18,13,3,3,4,0,2
2015/10/21,16,4,4,16,2,5,1,8,1,13,12,2,4,6,6,15,3,8,10,2,0,3,11,3,6,0,9,1,11,1,15,5,1,3,5,1,16,4,2,2,8,2,3,0,1,44,4,5,3,0,1,3,25,0,9,6,15,9,1,2,3,1,15,10,3,2,5,0,3,24,1,7,2,1,49,20,3,4,4,3,10,0,5,5,4,17,7,12,3,8,32,1,17,9,13,0,2,5,4,3
2015/10/22,7,1,4,12,1,2,3,14,0,9,13,3,4,2,6,12,3,11,19,1,9,11,21,1,4,1,16,0,9,2,7,5,4,5,6,2,45,4,2,8,5,4,0,0,3,38,1,4,7,2,4,2,20,1,13,8,7,13,3,3,2,1,11,10,2,0,3,6,3,24,1,8,11,1,74,27,4,4,2,3,5,1,7,2,3,22,6,7,8,0,25,1,6,5,15,3,0,1,1,1
2015/10/23,8,2,14,9,4,2,4,5,3,7,15,0,15,2,4,15,6,11,3,5,5,4,7,0,0,10,13,1,13,2,10,2,3,4,4,3,24,2,0,6,9,5,1,4,2,45,6,3,10,0,2,4,7,3,10,0,8,12,0,5,2,2,25,8,5,0,2,3,3,17,1,4,6,3,69,28,4,2,7,1,9,1,8,1,1,25,13,3,1,0,31,2,9,23,15,0,0,5,4,3
2015/10/24,21,2,2,17,3,7,4,6,5,8,13,2,1,0,10,19,1,7,11,3,8,17,16,2,0,2,21,5,7,0,10,17,4,5,2,0,42,2,3,9,8,6,2,5,3,73,5,7,3,1,6,2,17,1,14,4,9,14,2,3,0,3,5,6,4,1,4,3,3,38,2,3,7,2,73,23,1,3,1,6,10,6,2,1,0,17,1,12,8,0,38,2,17,2,1,1,1,5,3,2
2015/10/25,10,2,1,10,9,22,3,10,0,9,17,5,4,4,7,18,5,7,16,4,3,6,16,1,4,3,14,3,16,0,10,10,12,3,7,1,66,7,2,10,6,4,0,2,1,55,10,6,6,1,6,3,21,2,16,3,16,18,2,3,1,2,7,12,2,5,1,4,3,34,1,10,12,2,104,29,5,7,0,6,14,2,4,3,0,21,0,4,7,0,42,1,19,16,5,1,3,6,4,5
2015/10/26,7,4,6,1,4,16,3,2,0,5,10,0,21,3,3,20,2,10,16,3,6,12,0,1,4,0,14,2,9,1,3,8,9,4,6,5,20,2,2,7,10,2,3,1,1,48,3,3,3,2,4,6,23,3,13,5,7,12,1,3,1,1,0,6,9,11,1,3,2,34,3,6,12,0,80,32,1,3,2,6,11,1,6,4,3,15,6,22,3,3,17,2,12,6,0,5,0,3,0,3
2015/10/27,3,0,2,0,1,10,5,3,0,4,10,0,18,7,3,22,6,4,23,3,5,5,14,0,1,4,9,1,11,1,12,4,3,3,4,0,14,2,1,5,9,5,4,2,1,25,4,6,4,1,2,1,9,0,10,2,9,12,2,6,0,0,2,6,3,3,0,1,2,24,1,8,3,1,71,25,3,3,0,6,8,4,8,9,1,12,6,7,7,5,15,0,14,8,2,0,2,4,0,0
2015/10/28,9,0,7,3,2,7,9,4,0,7,17,1,14,3,2,6,1,5,12,2,3,1,10,3,3,3,10,1,9,4,11,0,8,3,6,9,19,1,2,3,10,4,0,0,5,44,5,5,5,1,7,2,12,4,11,7,10,10,1,4,2,2,8,7,3,3,2,2,1,24,2,6,6,5,54,26,2,7,0,6,7,1,7,3,1,12,7,7,1,4,26,0,18,12,3,0,2,2,3,2
2015/10/29,33,3,11,8,3,6,11,9,9,5,8,3,13,2,9,11,1,4,10,0,4,7,6,1,3,2,20,0,13,0,7,3,5,6,4,1,8,7,2,7,1,4,5,1,4,48,5,6,6,0,4,3,9,6,16,4,14,22,3,2,3,2,7,8,5,1,0,4,4,36,1,6,16,2,88,22,5,5,12,6,13,1,9,3,1,16,8,9,8,0,33,3,11,8,3,1,0,1,0,3
2015/10/30,7,1,4,1,0,9,0,13,7,2,9,0,9,0,1,8,1,6,17,2,9,10,16,0,3,6,14,0,7,3,2,6,2,1,3,2,20,5,0,11,11,3,1,1,1,45,5,3,4,2,5,0,11,4,5,4,8,19,3,5,1,1,18,8,8,1,0,5,1,35,1,8,4,2,100,35,5,9,2,1,6,1,4,2,0,21,3,6,7,4,28,0,19,5,12,0,0,2,2,3
2015/10/31,12,1,3,2,5,5,0,4,0,10,12,0,23,3,13,8,3,5,19,4,4,0,0,3,2,10,19,3,12,0,10,5,2,3,1,2,34,1,0,16,5,9,2,3,2,80,1,1,3,2,5,3,13,3,13,3,16,24,2,2,1,4,9,5,1,0,0,3,2,48,0,1,16,1,99,15,2,8,5,6,10,6,6,5,4,27,11,9,5,1,38,0,14,5,10,0,0,6,0,5
2015/11/01,3,3,4,12,2,3,3,5,0,5,14,0,7,3,3,15,2,18,24,4,0,17,37,1,3,3,14,0,14,2,13,17,12,8,0,4,33,8,0,10,10,9,4,0,2,82,3,5,6,0,10,8,16,2,12,6,9,17,0,7,1,2,9,19,4,2,3,3,1,34,1,7,3,2,100,41,2,4,2,2,5,1,6,5,1,14,5,10,2,15,17,0,26,17,17,2,1,3,0,0
2015/11/02,4,1,2,4,2,8,4,4,0,9,12,2,3,4,0,29,4,5,14,1,7,7,10,0,3,5,19,0,15,3,11,5,1,2,0,1,31,6,4,10,7,2,2,0,1,30,1,4,4,4,3,0,0,0,4,4,11,8,2,4,3,1,11,7,5,13,3,5,0,24,1,4,9,2,73,31,5,7,1,9,8,6,6,1,0,19,6,14,4,0,21,5,5,15,11,0,0,4,4,3
2015/11/03,6,4,3,3,2,7,3,18,3,6,15,6,5,5,11,17,3,3,23,5,4,16,22,1,3,26,20,1,11,3,8,9,7,2,0,0,18,2,2,5,8,8,7,0,4,37,1,1,4,2,8,0,17,1,8,2,8,16,1,5,0,4,13,8,5,2,8,0,1,26,1,3,11,1,59,32,2,7,3,5,7,4,11,3,0,8,8,10,3,3,20,0,5,12,13,1,0,6,3,0
2015/11/04,10,0,12,8,2,1,0,2,5,1,6,0,21,7,2,11,2,4,12,0,15,6,18,2,2,90,14,1,8,3,8,1,3,5,1,2,12,6,0,5,5,1,4,5,1,27,4,8,5,0,2,4,19,2,9,4,7,11,2,2,0,1,4,7,8,0,3,3,0,31,3,14,6,4,57,41,7,7,0,4,8,1,3,4,2,17,7,6,1,5,25,6,5,46,5,4,0,3,2,8
2015/11/05,2,2,10,2,2,5,1,3,0,4,10,1,22,1,5,16,3,5,7,3,2,8,12,0,3,4,14,0,5,2,7,1,6,3,0,0,12,1,0,11,12,5,2,0,2,40,5,3,4,2,1,2,14,1,5,4,11,10,0,3,1,0,2,7,4,0,0,2,1,41,0,10,6,2,62,36,2,2,3,2,8,1,6,1,5,17,4,3,4,0,26,0,4,30,12,1,1,4,3,4
2015/11/06,2,1,5,10,2,13,2,3,2,3,17,0,10,7,5,5,1,7,10,5,9,9,13,4,2,20,17,0,13,1,3,7,3,4,0,2,20,1,0,8,5,3,1,1,0,41,5,2,4,3,3,3,9,1,14,5,12,17,0,4,0,0,9,9,5,2,1,1,0,26,0,4,10,0,56,31,3,4,2,6,13,2,7,0,1,24,9,0,5,4,24,1,10,8,10,1,1,1,0,2
2015/11/07,6,3,4,13,3,15,2,11,6,12,10,0,30,2,5,16,2,21,21,4,8,10,22,4,5,17,9,2,12,1,11,9,17,6,1,3,34,4,5,12,8,6,3,0,3,51,5,0,2,0,8,6,19,1,11,3,14,18,3,7,4,3,7,12,9,7,4,3,3,35,1,15,13,1,88,35,4,6,0,6,12,8,9,3,3,27,7,0,2,6,22,1,14,10,27,1,1,2,1,1
2015/11/08,6,0,1,9,5,11,1,10,6,13,8,3,20,11,9,16,1,8,20,4,9,15,28,9,5,4,10,0,19,6,8,15,16,7,0,2,29,6,1,12,18,3,4,3,4,60,9,11,5,2,9,5,23,5,6,4,10,13,5,3,1,7,17,11,6,3,2,0,0,49,2,7,19,4,119,52,3,14,6,1,11,3,9,4,2,21,5,0,2,6,24,5,16,19,17,2,4,5,3,2
2015/11/09,5,4,9,1,3,7,4,13,2,7,9,1,12,6,4,15,3,9,44,2,10,18,12,0,3,8,10,2,4,2,2,6,8,10,4,5,28,7,2,7,3,3,3,0,1,34,3,4,4,2,7,4,15,3,9,3,9,4,1,2,5,1,17,8,4,5,5,3,0,33,2,12,14,2,62,34,5,4,2,11,4,1,6,2,3,18,6,0,9,5,23,1,11,12,12,1,0,6,1,2
2015/11/10,1,0,6,7,3,8,2,14,4,9,18,1,20,3,4,8,3,4,16,2,8,6,19,3,5,1,12,2,0,2,4,4,7,1,3,2,12,6,0,8,6,3,1,1,3,43,5,5,5,3,4,5,20,3,7,7,15,5,0,6,3,3,17,2,3,8,1,1,1,30,0,3,8,0,68,28,2,3,1,6,5,0,8,1,2,20,5,0,2,3,25,2,10,19,11,1,1,0,1,2
2015/11/11,11,2,1,9,1,7,3,4,2,5,9,1,17,5,11,0,1,3,15,4,8,9,17,1,1,5,16,1,15,0,9,0,2,6,2,0,13,2,0,12,5,4,4,1,0,44,4,3,1,4,3,0,13,1,8,2,7,3,0,0,2,0,11,8,3,2,5,3,0,34,1,4,5,3,62,31,7,8,4,0,6,4,4,0,0,18,7,10,3,8,18,2,11,4,7,1,5,0,2,2
2015/11/12,2,1,3,6,1,5,3,4,3,5,7,0,12,3,5,20,4,5,1,2,5,14,18,4,5,5,12,0,15,6,10,18,0,5,0,0,15,4,1,5,5,4,2,1,3,32,5,4,5,0,3,4,20,2,12,4,13,22,0,3,1,3,18,3,2,13,0,5,0,29,3,7,4,2,68,37,1,2,3,3,6,2,6,0,2,9,3,8,3,0,22,2,12,6,9,2,1,2,1,1
2015/11/13,2,1,4,3,0,4,2,6,3,2,8,1,1,0,5,15,1,3,10,2,2,6,9,7,1,5,11,0,11,2,6,7,3,1,5,3,18,2,0,1,8,6,3,0,0,37,10,6,2,0,5,0,13,1,15,4,10,8,1,3,0,2,17,8,4,4,0,2,1,25,0,2,9,2,70,43,6,2,1,3,6,5,5,0,2,19,10,4,7,8,25,2,10,22,13,2,2,1,0,2
2015/11/14,7,0,1,1,6,7,5,3,11,1,15,0,1,4,14,9,3,10,15,5,7,8,21,2,3,5,19,1,11,3,3,3,0,3,6,0,20,3,3,9,6,4,5,2,0,54,5,1,7,3,1,6,28,0,16,3,9,16,2,4,1,2,19,5,6,2,2,1,5,26,1,6,8,4,89,58,7,7,1,9,14,6,10,5,0,15,14,10,4,1,36,1,13,8,8,2,0,6,3,1
2015/11/15,12,1,2,7,3,4,1,4,0,3,1,1,6,3,6,12,2,4,9,4,2,19,24,0,4,12,17,2,17,2,0,5,5,3,6,4,40,7,2,19,5,2,1,0,4,52,9,4,6,3,8,4,5,2,7,8,8,13,1,6,0,0,28,10,3,1,4,3,2,42,3,5,14,1,117,51,2,2,0,7,8,2,7,6,0,23,3,19,1,3,34,3,20,16,19,1,1,4,1,1
2015/11/16,6,0,5,2,0,4,4,8,0,5,26,1,9,5,13,19,1,6,22,0,4,17,16,1,3,6,22,2,14,0,13,5,1,0,2,4,21,5,2,7,10,1,3,0,2,37,4,10,3,2,5,4,10,0,8,3,10,12,4,4,2,3,13,9,6,17,2,5,6,40,0,5,0,4,61,26,4,3,2,1,11,0,4,5,0,14,6,14,2,9,20,0,9,12,9,2,0,4,0,4
2015/11/17,4,0,2,4,0,6,1,5,5,3,11,1,8,3,0,13,1,11,9,1,10,4,23,0,3,8,17,2,13,2,15,13,3,4,6,4,7,10,0,5,5,4,2,0,1,36,3,6,5,4,11,3,16,0,10,6,4,10,0,3,5,0,20,5,5,0,1,3,4,20,2,5,6,0,74,35,3,0,0,6,4,1,6,1,3,14,7,16,1,2,18,1,6,11,9,2,1,2,2,2
2015/11/18,3,3,5,6,0,2,0,2,3,3,10,2,8,5,12,17,4,5,24,2,10,8,0,1,5,8,13,2,9,2,14,4,2,1,2,0,15,0,1,3,7,3,11,0,2,20,4,8,3,2,1,3,11,1,6,0,10,9,1,9,1,0,8,5,1,0,0,0,2,24,2,5,5,0,56,14,2,1,4,0,5,4,6,4,5,14,4,9,1,7,8,1,7,22,7,3,0,2,11,1
2015/11/19,6,1,6,9,2,10,1,5,0,6,6,1,6,3,9,10,0,11,6,2,2,4,7,1,4,8,11,0,11,2,14,6,3,5,0,1,15,2,2,8,8,3,8,0,2,43,2,0,2,1,2,1,19,1,15,6,4,7,2,0,2,1,19,7,5,2,3,3,3,22,1,7,14,0,66,23,0,2,0,6,4,0,10,3,1,11,7,7,6,1,20,0,10,14,19,0,2,5,2,2
2015/11/20,8,0,7,10,3,7,3,6,4,5,11,2,5,1,5,5,3,7,22,4,3,5,10,0,4,2,11,0,8,4,8,1,0,3,0,0,21,3,0,5,10,5,1,1,0,22,3,1,5,0,3,6,13,1,6,3,6,17,2,3,1,2,18,4,3,3,1,1,2,22,1,3,8,1,57,21,3,4,3,7,6,0,5,1,0,28,7,4,2,1,21,2,9,0,12,1,0,4,1,0
2015/11/21,4,4,5,13,8,13,5,6,5,22,8,1,15,2,13,7,6,6,6,2,6,18,12,1,0,3,20,0,10,3,7,5,2,4,3,2,27,4,3,7,13,6,4,1,3,40,1,4,5,4,1,5,13,0,11,7,10,14,0,8,1,3,28,10,4,3,0,2,5,41,0,3,8,0,105,33,1,0,2,4,15,4,5,9,0,17,12,11,2,15,32,3,15,17,9,0,0,2,2,5
2015/11/22,4,0,8,2,0,9,3,11,15,6,15,2,20,5,6,16,0,4,13,0,15,15,23,0,4,11,11,2,19,4,11,6,2,1,2,7,23,3,1,9,8,6,2,0,3,68,4,11,4,2,6,2,31,3,12,4,6,22,3,4,2,0,23,12,11,3,3,2,4,40,2,4,7,1,111,28,1,1,0,7,15,1,6,0,0,21,8,3,16,1,32,1,20,12,16,1,1,3,0,2
2015/11/23,2,1,3,4,0,5,2,7,0,4,10,1,16,8,7,6,1,10,15,1,8,10,14,2,2,4,17,6,12,1,17,0,2,1,4,3,16,1,2,3,7,1,4,0,1,29,1,6,5,1,1,4,13,2,5,7,8,15,2,4,2,0,9,6,5,5,3,3,3,28,2,11,8,1,79,22,2,1,4,6,5,6,8,2,1,21,6,17,5,0,23,8,10,20,9,0,2,2,3,1
2015/11/24,6,0,6,5,1,10,5,9,0,8,4,2,13,2,12,3,6,8,10,8,0,13,14,3,3,2,14,1,15,1,12,3,4,5,4,1,31,2,0,7,4,4,4,2,1,38,4,0,2,1,0,0,19,3,7,5,11,8,1,0,6,2,11,5,1,6,4,0,2,23,0,3,12,1,73,24,3,4,3,6,12,2,7,3,5,17,11,18,6,0,20,1,8,9,12,3,0,3,0,4
2015/11/25,5,3,1,6,2,15,2,12,1,10,12,2,13,2,10,3,0,10,13,1,6,11,9,0,1,0,31,1,10,5,8,5,2,6,3,0,39,1,2,9,7,7,3,1,3,46,6,2,2,2,3,0,8,1,16,3,20,14,1,2,1,4,15,6,2,4,0,1,4,21,1,2,4,3,72,43,2,2,1,0,6,0,7,4,1,18,14,31,7,0,27,2,14,14,14,0,2,3,0,4
2015/11/26,2,0,0,5,1,3,3,0,0,3,13,0,3,0,4,3,0,1,4,1,4,2,10,0,4,2,13,0,8,2,2,0,1,5,5,0,42,0,0,13,6,4,1,0,2,85,2,1,3,3,3,0,11,3,17,5,18,20,1,2,0,2,27,7,1,1,2,0,5,63,0,3,6,0,100,16,1,1,2,4,15,0,6,2,0,17,3,6,2,5,38,0,13,52,16,0,2,2,0,0
2015/11/27,6,3,5,11,0,18,5,6,0,10,14,3,12,4,10,2,1,5,6,1,3,2,9,0,3,1,20,1,6,2,8,5,2,2,5,0,4,2,0,6,10,3,2,2,0,66,1,4,3,1,3,3,15,1,6,2,9,18,1,2,0,2,25,5,7,1,0,1,3,28,1,3,5,0,92,10,3,1,0,5,11,1,6,1,0,28,4,1,1,2,41,0,10,2,5,1,0,4,4,1
2015/11/28,4,1,0,1,4,8,0,4,0,8,0,0,32,2,6,8,1,16,6,3,4,14,13,2,3,4,15,3,12,4,9,4,4,2,2,0,16,4,1,6,7,2,4,0,1,56,2,4,5,1,5,2,8,3,9,2,5,12,4,3,2,0,21,3,4,2,1,2,2,23,0,5,5,1,63,17,0,0,0,7,8,1,7,2,1,15,3,10,2,1,20,0,24,21,18,0,1,0,1,1
2015/11/29,7,0,0,15,2,7,0,5,0,8,0,1,29,4,5,13,1,3,15,4,10,12,21,4,3,1,9,2,10,0,10,5,0,2,1,2,27,4,1,5,11,3,0,1,1,49,6,4,0,1,3,7,21,3,6,7,5,19,0,6,1,0,25,6,1,1,3,0,3,31,0,5,15,2,92,34,1,3,3,8,5,0,6,1,2,13,10,7,2,0,31,0,9,2,23,2,2,4,0,1
2015/11/30,1,0,0,16,4,5,0,15,4,17,0,0,15,2,5,10,3,6,11,0,6,2,13,3,4,6,8,1,10,3,13,19,1,2,1,3,13,7,0,8,6,0,1,0,4,43,5,3,6,0,3,0,17,2,6,3,9,17,1,2,0,2,9,5,6,17,0,0,5,17,1,3,12,4,66,26,0,3,2,6,7,2,5,3,7,12,6,8,1,0,11,3,18,15,11,2,1,0,2,0
2015/12/01,16,0,2,6,3,6,3,13,7,12,5,0,9,4,13,6,1,11,15,2,12,8,15,1,6,4,20,2,10,1,4,8,1,1,10,1,17,3,3,6,2,3,3,0,1,29,6,4,6,1,3,0,15,1,6,6,9,15,4,3,4,1,12,6,8,5,0,0,2,36,1,3,10,2,60,33,0,1,0,5,3,1,7,2,3,13,9,9,2,4,28,2,7,20,12,0,1,4,2,1
2015/12/02,4,8,12,6,2,1,18,0,12,3,7,2,3,3,5,6,2,2,10,3,3,3,22,1,2,7,9,1,15,3,12,5,3,5,6,2,10,4,3,8,3,2,3,1,4,34,6,9,2,1,0,0,15,2,8,0,7,14,2,8,0,0,7,5,5,4,4,0,6,29,2,1,15,0,53,24,6,0,1,3,6,3,10,1,3,15,11,15,1,9,27,0,17,13,8,2,3,3,1,3
2015/12/03,15,1,0,8,2,3,4,7,1,7,10,0,10,7,8,12,5,20,7,4,6,8,17,2,3,7,7,2,25,5,4,0,1,3,4,2,10,10,4,5,8,4,4,0,1,40,0,9,4,2,3,3,8,0,6,4,11,14,3,3,1,3,14,3,4,4,3,0,3,32,2,5,14,0,64,28,5,0,1,10,5,3,10,2,5,11,6,15,7,3,12,0,9,21,14,2,4,18,4,3
2015/12/04,12,2,0,5,3,7,14,4,8,7,17,5,8,0,3,17,5,0,16,5,6,13,3,1,5,4,11,1,17,1,22,8,4,3,3,0,14,3,4,11,2,7,10,4,1,28,4,1,2,0,3,1,18,2,10,3,9,13,4,3,1,0,19,15,5,3,2,2,2,36,0,5,9,2,71,42,3,4,1,6,9,1,8,1,4,14,10,1,4,0,23,1,8,11,14,1,2,9,1,3
2015/12/05,15,1,3,3,3,4,3,7,0,6,8,2,19,2,6,16,4,1,18,6,12,11,3,1,4,5,20,3,18,0,9,11,11,4,1,9,27,4,2,7,9,3,3,3,1,52,6,7,6,3,7,3,19,2,12,5,7,18,2,6,2,0,18,10,2,3,5,0,6,31,2,4,16,0,86,37,2,3,1,6,8,4,10,2,1,24,9,4,3,0,30,2,7,32,15,1,1,4,2,2
2015/12/06,14,0,4,19,8,17,5,8,0,10,13,2,11,0,12,9,3,0,25,2,0,21,2,1,5,4,10,1,14,2,10,7,8,4,1,2,25,3,3,16,14,1,3,3,2,66,9,5,6,2,5,4,13,0,11,8,13,26,5,4,1,2,29,9,7,5,1,6,2,47,0,4,20,4,108,65,2,0,2,7,7,3,8,4,4,38,9,2,8,0,38,2,21,18,17,1,0,4,0,0
2015/12/07,8,4,2,12,3,16,6,4,0,4,6,6,18,2,23,11,0,0,17,2,6,20,0,0,2,8,8,2,16,1,10,3,3,3,7,2,27,6,3,9,7,4,2,0,1,43,5,5,2,1,3,5,8,0,8,3,12,19,1,7,5,1,20,5,4,7,0,3,1,33,2,6,12,0,65,33,9,0,3,14,2,5,7,1,6,14,6,14,2,0,18,1,18,8,17,1,2,3,0,1
2015/12/08,14,2,3,6,2,8,3,18,0,13,8,13,23,0,5,9,1,0,11,5,7,14,3,0,3,2,7,1,15,0,8,7,4,1,1,2,22,5,0,5,13,1,0,0,2,44,11,7,2,1,2,4,13,4,6,1,16,7,3,1,3,0,20,5,6,1,0,3,1,43,0,1,18,0,73,26,0,0,2,8,6,2,6,4,1,18,11,2,2,0,27,5,14,15,5,1,0,13,4,2
2015/12/09,12,1,1,8,1,10,3,7,0,9,3,2,21,0,0,12,4,2,11,5,8,3,0,0,5,11,15,1,17,2,13,3,4,6,5,1,27,4,3,7,10,3,3,3,0,46,6,3,6,1,3,4,7,0,9,4,9,14,2,1,2,2,13,11,5,3,0,2,0,39,2,3,6,0,63,12,5,4,0,8,9,3,9,2,8,21,12,3,2,1,18,0,12,12,11,1,0,2,4,2
2015/12/10,16,0,7,4,5,6,2,11,4,9,11,2,14,0,4,8,3,0,8,6,12,4,0,1,3,5,16,2,18,2,12,9,5,1,3,4,21,4,2,4,10,6,1,2,0,49,3,6,7,1,1,2,16,4,9,3,9,14,0,4,1,0,23,5,5,2,0,1,1,34,0,3,16,1,85,32,0,6,3,5,6,2,8,2,3,11,9,0,1,2,14,3,13,221,7,3,1,0,0,4
2015/12/11,10,1,10,4,0,20,3,6,9,7,11,1,25,0,10,9,4,0,20,2,3,10,3,2,2,0,14,0,18,2,6,6,3,3,1,1,10,1,4,6,9,4,2,2,1,36,6,4,3,0,1,5,7,0,9,4,3,20,2,3,0,1,29,4,9,2,1,0,3,30,2,3,8,1,55,31,1,3,0,4,8,0,7,0,1,14,10,3,0,5,18,1,9,73,6,2,3,1,0,1
2015/12/12,16,3,3,2,3,7,1,13,4,11,3,4,30,0,9,9,3,0,21,5,7,3,0,0,5,2,24,2,24,1,7,3,1,3,5,0,44,1,2,8,10,8,6,0,0,53,7,4,3,2,2,8,10,0,9,1,15,19,3,4,0,2,16,11,4,3,0,3,3,31,1,9,8,0,100,37,19,7,5,5,11,1,3,1,5,17,8,0,5,0,29,0,16,8,19,0,0,7,1,1
2015/12/13,31,5,4,4,6,13,4,17,5,11,6,1,27,4,8,21,3,11,20,2,9,4,19,7,3,0,13,1,13,8,11,6,2,1,3,0,23,4,0,3,4,6,2,1,2,56,10,9,8,2,7,2,16,1,15,3,11,19,1,7,0,2,26,10,3,5,3,3,3,33,1,2,12,2,93,29,6,6,5,4,6,2,6,2,5,23,15,10,2,1,29,3,12,21,11,3,3,9,3,4
2015/12/14,17,5,3,5,4,11,4,8,5,4,11,1,11,7,9,9,2,19,12,3,7,4,18,0,1,2,10,0,14,4,9,0,4,4,0,0,23,2,3,7,6,1,1,2,3,35,4,6,4,2,1,2,19,2,9,4,5,13,3,3,0,0,12,4,4,4,1,5,3,27,0,6,14,2,67,28,3,0,6,10,7,0,12,7,6,23,5,25,3,6,27,1,15,11,14,2,2,3,0,0
2015/12/15,11,1,3,14,2,14,3,4,3,5,9,1,26,2,3,10,1,5,13,4,3,5,16,1,4,1,14,1,8,6,13,1,2,6,4,1,21,3,2,5,9,2,3,1,1,32,7,10,2,0,6,1,16,3,11,1,15,13,3,3,3,0,18,2,5,2,2,3,4,30,0,1,14,3,82,27,0,2,1,8,7,7,6,2,3,9,3,11,7,2,16,1,4,68,15,0,1,4,0,2
2015/12/16,13,1,7,17,3,14,6,11,1,6,9,0,23,2,1,9,0,4,13,3,5,8,6,0,2,1,17,0,10,0,14,2,12,2,4,1,20,3,1,2,4,4,1,1,1,36,8,1,3,0,4,0,15,3,15,2,13,13,2,8,0,1,21,12,9,3,0,3,2,30,0,3,12,0,76,29,3,4,1,6,11,0,5,3,1,20,12,21,2,4,19,2,7,2,9,2,1,0,0,2
2015/12/17,15,4,5,15,10,11,1,10,10,20,4,3,9,3,20,8,0,8,9,3,8,5,2,1,3,2,23,0,11,1,10,4,9,4,4,0,21,8,3,8,8,4,7,0,1,56,4,6,2,0,6,3,10,5,21,1,13,17,4,2,4,0,8,6,4,3,0,4,2,37,0,3,10,2,85,31,1,4,2,12,7,0,8,1,0,19,10,22,4,3,25,0,13,6,12,2,2,1,1,2
2015/12/18,7,3,6,21,4,15,2,14,8,8,10,1,31,2,3,6,1,9,13,3,8,4,1,5,3,2,11,0,9,5,9,8,12,7,2,1,19,1,3,7,7,4,4,3,1,56,5,4,1,1,4,1,8,2,11,3,15,12,2,3,5,1,14,5,1,3,0,0,2,23,1,1,3,2,59,29,4,0,3,6,7,4,10,0,1,14,10,15,4,7,24,0,7,7,7,0,1,4,3,3
2015/12/19,50,1,5,28,9,26,3,12,5,18,3,5,26,3,10,16,5,8,12,2,5,6,15,1,1,0,23,1,10,1,2,0,23,5,5,1,34,1,0,5,6,3,2,1,2,61,3,8,6,1,2,3,11,0,9,5,9,22,2,5,2,3,21,5,1,6,1,4,1,41,0,3,8,1,87,28,0,0,3,0,14,1,12,6,0,22,10,5,4,1,25,2,14,18,14,1,0,7,2,2
2015/12/20,19,3,6,30,3,24,4,11,0,20,8,10,28,5,10,15,1,13,9,1,7,11,20,4,2,3,20,1,16,1,12,2,20,5,2,0,41,1,7,21,10,4,8,0,2,47,12,4,6,0,2,2,13,4,10,3,12,22,0,0,0,4,15,7,3,2,1,3,3,45,0,1,11,0,117,31,1,4,2,8,8,1,7,1,3,18,9,11,4,1,37,0,11,0,11,1,2,0,7,1
2015/12/21,6,3,4,6,2,7,3,3,3,12,14,0,15,6,8,13,2,7,9,0,7,9,16,1,4,2,18,0,14,2,8,0,10,3,2,0,28,3,5,8,8,0,4,0,2,39,7,2,0,1,4,4,12,4,10,2,17,10,4,1,3,2,15,4,5,5,4,2,2,31,0,1,14,2,76,28,2,2,0,7,15,4,3,2,6,21,3,14,5,7,14,5,6,18,16,1,2,3,1,2
2015/12/22,30,0,1,6,3,7,3,2,5,9,13,1,4,1,12,11,1,10,11,0,9,0,11,2,4,3,17,2,18,3,8,6,12,4,1,3,43,4,6,13,9,4,5,0,2,31,0,9,0,1,4,0,15,2,16,4,6,23,2,0,10,3,19,7,6,8,0,1,2,52,2,1,2,2,93,37,0,2,0,7,6,1,7,2,1,23,9,16,8,3,32,0,8,8,13,0,2,3,0,1
2015/12/23,28,1,6,10,4,9,1,18,0,30,15,0,47,4,6,3,2,9,10,1,6,6,12,0,4,5,19,2,7,0,6,2,11,7,6,5,40,2,3,9,5,4,4,4,3,43,0,0,4,1,6,3,6,0,11,8,8,19,1,2,3,0,15,3,5,4,4,0,5,35,0,3,0,1,77,23,2,3,1,8,9,2,5,2,1,25,9,15,7,1,21,1,14,34,13,0,3,1,1,3
2015/12/24,34,0,4,17,3,4,2,16,3,27,12,0,43,2,5,2,1,17,3,0,7,5,15,1,0,0,15,0,13,0,7,4,12,10,7,1,39,0,1,6,10,10,2,0,1,32,0,0,3,0,3,1,10,1,7,2,9,15,1,0,5,1,20,3,8,2,1,2,3,37,1,4,0,0,82,23,0,1,0,1,4,0,10,3,2,25,6,13,7,0,18,3,4,8,22,1,1,4,0,1
2015/12/25,0,0,0,0,0,0,0,0,0,0,0,0,0,0,0,0,0,0,0,0,0,0,0,0,0,0,0,0,0,0,0,0,0,0,0,0,0,0,0,0,0,0,0,0,0,0,0,0,0,0,0,0,0,0,0,0,0,0,0,0,0,0,0,0,0,0,0,0,0,1,0,0,0,0,0,0,0,0,0,0,0,0,0,0,0,0,0,0,0,0,0,0,0,0,2,0,0,0,0,0
2015/12/26,20,1,8,5,8,18,1,9,2,14,7,7,29,4,9,8,3,6,13,0,8,7,21,0,8,1,16,0,7,0,4,1,6,6,2,1,29,2,2,12,10,0,7,1,0,52,4,8,1,4,2,2,12,0,12,4,8,20,0,3,0,3,19,9,4,4,1,0,1,31,0,2,3,2,75,33,0,3,3,11,11,0,7,0,3,22,20,7,4,1,22,2,10,15,8,0,0,3,2,3
2015/12/27,10,0,2,4,2,7,4,9,4,12,4,1,10,4,8,4,0,6,13,3,7,12,18,2,1,2,24,0,11,4,7,3,16,6,1,1,33,5,3,4,6,4,2,0,0,37,6,6,0,1,4,1,14,4,7,3,11,14,1,3,0,1,23,5,6,2,0,2,3,32,3,2,13,2,77,20,0,1,1,5,6,1,5,0,1,11,17,7,3,6,15,0,13,5,12,1,1,1,1,3
2015/12/28,8,0,2,1,6,7,3,6,5,2,8,2,15,4,11,8,2,5,11,0,9,16,14,3,6,2,10,1,10,3,9,2,13,5,0,0,27,1,1,12,4,5,3,1,3,32,11,3,4,1,4,4,19,0,12,2,5,16,4,2,1,1,15,9,7,14,1,3,4,23,0,2,5,2,50,30,2,2,1,5,4,3,12,3,1,14,14,20,5,4,13,3,7,6,11,1,0,2,3,2
2015/12/29,6,0,2,1,5,1,15,5,1,5,9,7,11,1,9,8,2,4,8,4,12,3,17,1,2,3,14,1,4,1,19,2,3,5,3,3,13,3,1,8,6,10,3,2,3,29,1,9,7,0,5,9,26,2,12,7,10,9,4,2,2,1,18,12,3,4,1,0,6,29,2,2,0,0,42,28,0,2,0,9,9,0,7,1,0,8,19,4,2,9,10,2,14,34,9,0,2,3,0,1
2015/12/30,3,1,4,2,3,4,2,6,14,3,5,2,16,2,1,9,1,7,15,0,6,7,17,2,4,9,5,2,12,0,0,0,8,8,1,0,26,1,1,8,8,8,2,1,0,34,10,2,3,1,3,1,26,0,7,0,8,12,3,3,1,2,20,0,0,3,0,1,0,10,0,1,6,0,50,25,2,1,2,4,3,2,3,4,3,15,7,17,3,0,18,0,5,13,13,0,2,0,1,0
2015/12/31,20,0,3,4,1,11,10,8,0,12,11,3,17,4,31,3,3,6,9,3,1,7,10,2,2,2,17,1,10,4,6,3,2,36,6,0,47,1,3,5,9,28,3,0,3,27,3,5,3,0,2,1,8,1,5,1,8,8,1,7,0,1,18,0,5,2,1,0,3,20,0,7,7,2,56,28,0,6,2,6,6,2,5,2,3,14,13,10,4,0,24,1,9,15,15,2,2,1,1,1
2016/01/01,5,0,9,1,3,8,2,9,6,11,4,2,19,7,0,3,2,4,11,1,9,7,10,4,2,4,14,1,6,0,1,0,18,10,4,0,30,0,2,5,2,10,2,0,0,37,3,3,5,5,5,3,11,3,5,3,8,15,0,1,0,0,12,0,3,1,0,2,2,24,1,3,12,2,52,28,0,0,9,7,3,0,8,2,0,12,5,13,1,3,26,2,4,101,11,0,0,1,2,0
2016/01/02,26,2,3,4,3,12,3,9,2,9,8,5,23,0,16,9,6,8,10,4,14,3,33,1,1,3,11,2,11,5,9,3,6,16,7,2,22,3,2,2,5,10,4,1,1,44,9,3,5,2,4,2,26,6,8,1,14,10,0,3,0,4,19,3,2,2,0,2,2,21,0,5,10,0,54,26,3,0,1,7,14,0,8,4,3,15,13,6,4,5,32,0,13,42,16,0,0,7,2,3
2016/01/03,14,0,2,5,1,3,1,5,0,11,7,6,11,7,9,12,2,19,19,6,5,8,21,5,5,2,12,1,19,2,7,4,7,16,7,2,24,6,3,7,5,12,1,0,1,30,6,4,1,1,2,5,17,2,8,4,8,18,1,5,0,3,16,5,2,0,0,3,1,34,2,4,16,2,73,43,4,2,5,10,6,1,8,3,3,19,10,14,5,0,23,9,13,7,24,2,1,3,1,0
2016/01/04,6,1,3,5,0,7,5,7,0,7,10,2,13,8,16,15,0,0,12,0,7,7,3,3,3,0,3,0,21,1,17,3,7,10,6,2,20,4,1,5,3,6,3,2,0,30,4,6,0,3,2,0,26,3,3,0,14,15,0,3,3,0,17,11,4,5,3,4,1,33,1,1,7,0,64,24,4,4,4,10,5,2,6,7,3,16,13,14,0,0,16,3,17,17,13,1,0,2,0,2
2016/01/05,10,0,3,2,0,1,7,1,0,6,14,4,15,6,0,14,0,16,19,1,5,15,18,0,4,4,15,0,13,0,14,2,9,4,3,0,18,7,0,7,6,5,8,1,1,15,5,3,8,0,1,2,13,1,9,2,12,7,1,6,1,0,14,3,5,0,3,4,2,24,4,2,9,1,45,41,1,4,1,3,5,3,4,1,3,11,12,0,3,0,12,2,6,30,7,2,0,2,1,1
2016/01/06,4,0,3,7,2,3,0,0,0,1,11,5,1,3,10,10,2,11,12,3,9,9,17,6,3,0,12,0,14,1,9,1,4,9,1,0,24,1,0,2,6,10,0,0,0,18,9,3,6,1,2,3,19,5,9,3,8,10,0,7,5,5,18,4,1,3,1,2,0,22,0,3,13,2,57,29,3,0,2,6,5,1,11,0,2,14,16,2,0,0,9,3,13,2,7,1,3,3,2,1
2016/01/07,10,1,2,5,1,4,3,4,0,7,6,0,37,9,19,17,2,9,10,3,9,11,18,1,4,5,13,0,20,4,9,5,1,3,0,4,9,2,3,2,3,9,8,1,1,27,5,4,2,3,1,3,12,1,8,4,8,11,0,4,3,3,10,4,6,2,4,2,0,28,0,0,10,0,54,38,1,3,0,6,5,2,10,8,1,12,12,8,2,0,16,1,8,32,11,1,2,3,1,1
2016/01/08,13,1,0,10,1,5,2,6,7,14,6,0,18,5,2,12,1,7,3,0,2,16,14,3,4,4,11,1,8,1,8,5,1,8,0,1,24,4,1,3,4,11,4,1,0,28,9,3,0,3,3,7,14,0,8,1,9,16,3,2,0,8,11,7,3,3,2,2,2,20,0,0,16,0,46,23,2,5,2,6,4,0,11,6,4,15,12,9,2,0,19,1,10,16,9,0,2,9,4,1
2016/01/09,7,4,6,2,7,14,4,6,7,8,7,2,17,9,8,12,2,10,16,3,12,14,23,6,4,4,17,1,10,3,13,4,4,7,2,0,27,8,0,6,10,10,2,1,2,38,8,5,6,3,5,5,15,2,7,0,18,16,2,6,2,1,14,9,5,1,2,3,2,31,0,7,9,1,69,49,2,3,5,0,12,1,8,6,3,22,11,16,1,6,27,2,8,28,10,3,1,13,2,2
2016/01/10,16,2,1,6,5,9,3,5,6,8,17,0,22,5,19,21,4,14,24,4,11,14,19,4,0,0,8,2,11,1,10,10,8,11,3,9,26,1,5,13,7,13,3,3,0,41,8,4,5,2,8,4,17,3,11,8,10,22,2,4,1,3,16,5,3,2,0,4,1,30,1,4,12,1,70,40,5,6,1,6,11,2,6,0,4,18,15,16,2,2,20,1,15,26,19,3,0,4,2,1
2016/01/11,7,1,1,2,3,8,3,10,3,4,3,0,15,3,18,21,3,9,0,1,7,7,19,6,2,2,11,0,21,1,11,7,2,10,1,1,26,2,5,7,3,6,2,0,0,28,2,3,5,2,3,0,18,4,5,5,10,17,2,4,1,2,11,7,4,8,1,4,4,30,0,2,14,2,60,36,1,1,1,0,2,2,7,3,1,13,12,27,5,0,20,2,18,55,12,6,1,6,6,1
2016/01/12,10,3,2,15,2,11,3,11,9,6,5,7,13,9,16,11,2,11,15,2,7,3,17,0,8,5,8,2,14,2,9,5,0,6,5,0,17,0,1,3,4,3,1,0,1,26,5,3,0,0,2,1,16,0,5,3,9,9,2,4,2,1,10,6,2,4,0,1,1,21,1,5,2,3,41,31,0,0,3,10,4,5,5,2,1,12,15,11,3,8,13,1,8,0,6,1,1,2,2,0
2016/01/13,9,1,1,2,1,5,1,5,0,7,8,2,6,2,1,6,2,6,11,2,6,3,14,3,6,1,7,1,11,2,7,4,3,4,8,0,13,3,2,10,3,2,2,2,0,13,4,4,0,0,3,3,12,0,12,4,6,9,4,2,0,0,16,1,5,0,1,2,3,21,0,0,7,1,32,25,1,0,3,6,3,0,3,3,4,11,5,13,2,8,11,0,12,40,10,1,1,3,1,0
2016/01/14,11,0,4,5,0,4,6,5,0,9,5,0,5,3,4,9,4,6,8,5,5,6,16,1,0,4,7,2,11,2,14,1,2,7,1,2,17,2,1,2,7,3,6,1,0,20,6,0,1,0,3,2,15,0,8,2,9,5,2,3,1,5,22,3,4,0,5,1,1,22,1,2,14,0,33,31,3,2,1,4,4,5,5,1,1,14,19,6,2,0,18,0,5,4,7,3,1,2,1,0
2016/01/15,9,4,4,1,2,8,3,11,12,5,5,1,13,4,5,6,4,7,13,4,6,5,15,1,4,4,4,1,9,5,7,4,6,13,1,0,21,3,1,1,5,8,2,0,0,17,4,4,7,2,1,0,13,1,8,4,14,7,0,4,6,1,15,4,4,3,1,0,1,22,2,3,6,1,49,27,2,3,0,4,9,4,8,2,2,8,9,10,5,0,16,2,16,12,13,3,0,1,0,3
2016/01/16,25,0,0,5,7,5,3,3,3,9,12,1,27,6,10,21,5,8,28,2,4,10,14,6,4,1,17,1,10,2,6,7,3,9,8,3,28,1,2,8,7,11,8,2,3,25,8,3,7,0,4,5,20,4,14,1,6,4,1,4,10,2,13,6,5,2,1,3,4,29,2,0,11,3,71,33,3,7,0,5,7,3,10,2,3,16,18,13,21,3,28,1,7,5,15,1,2,3,1,3
2016/01/17,26,2,4,6,7,10,3,10,4,14,15,3,12,5,7,22,6,19,21,1,8,8,27,11,4,4,9,4,12,5,10,5,2,4,1,0,32,7,2,6,4,10,10,1,0,40,6,7,1,2,5,1,26,2,10,4,7,12,2,6,0,2,27,5,10,4,1,4,0,29,2,5,8,3,71,32,2,0,2,11,7,1,8,1,5,23,10,9,4,5,29,1,2,15,14,0,1,3,0,0
2016/01/18,3,0,3,3,5,3,2,4,13,7,7,0,8,4,5,15,0,13,22,0,5,14,12,0,2,1,15,1,14,0,19,4,3,5,3,0,29,4,3,2,11,3,5,0,2,24,2,6,6,1,5,6,11,0,10,5,6,8,1,3,1,2,18,6,5,3,1,2,4,24,3,1,9,3,61,34,5,4,0,2,10,2,6,3,4,15,15,14,5,0,21,2,25,8,12,1,0,5,3,2
2016/01/19,6,1,1,1,3,3,1,8,0,5,10,0,8,6,3,12,3,7,21,7,15,7,6,2,4,0,9,1,11,3,8,12,11,7,0,4,18,1,2,5,14,3,3,0,1,17,5,3,5,2,2,1,14,2,8,0,8,10,2,9,1,1,12,6,4,5,0,1,1,24,1,0,11,5,55,26,1,2,2,6,2,0,8,4,3,8,10,14,2,1,21,2,14,23,13,2,1,3,0,0
2016/01/20,6,0,6,2,4,15,7,6,0,13,10,0,18,4,7,8,0,5,21,1,4,6,22,2,6,0,13,0,12,2,7,3,0,3,4,1,14,1,1,6,4,2,5,1,3,21,9,6,5,2,6,2,22,1,10,0,9,14,1,3,0,0,9,1,5,5,1,2,1,20,0,4,7,1,47,31,1,1,1,4,11,2,4,2,1,9,11,16,4,0,20,1,13,16,7,2,3,2,2,2
2016/01/21,3,0,6,0,3,4,3,7,2,3,0,0,5,0,2,10,1,7,13,1,3,3,18,3,2,0,14,3,12,0,8,3,1,6,5,0,11,3,1,7,7,3,2,0,0,20,3,4,5,1,4,1,18,1,6,3,6,6,1,3,1,3,12,2,2,0,1,1,1,21,0,2,3,0,41,17,0,1,3,8,9,2,5,3,4,11,6,6,3,0,11,11,12,6,8,2,1,2,0,0
2016/01/22,9,1,7,4,1,11,4,10,1,12,13,4,14,1,2,10,0,8,20,2,7,2,11,2,2,4,14,0,16,3,8,2,2,2,5,2,18,5,1,6,7,6,2,0,3,25,4,2,4,1,3,1,14,0,6,4,11,7,0,3,0,1,19,6,3,0,1,1,4,25,1,0,8,0,34,31,0,1,1,5,6,1,4,1,4,15,8,13,5,0,18,1,27,41,7,2,1,1,1,1
2016/01/23,11,5,4,6,3,4,2,13,12,13,6,3,15,4,10,7,3,21,12,6,7,8,19,1,0,1,23,3,14,2,20,4,4,8,3,3,35,3,2,7,3,16,2,2,0,36,3,7,3,0,10,4,26,3,9,5,13,13,0,2,7,2,12,4,3,10,1,2,3,38,2,0,9,4,58,52,0,3,0,7,7,0,11,0,2,17,15,18,4,5,28,1,11,17,17,1,1,3,1,4
2016/01/24,18,1,2,5,6,12,3,6,1,10,17,2,34,5,9,9,2,10,16,1,5,7,16,3,3,7,7,7,17,3,12,13,14,10,7,2,29,3,1,6,7,10,6,3,0,42,4,10,6,1,0,2,22,1,14,2,7,13,1,8,2,2,23,7,1,4,1,8,1,27,0,2,0,3,80,42,3,10,2,4,4,3,4,4,1,16,14,10,3,0,27,2,16,11,9,1,0,8,1,2
2016/01/25,12,0,6,6,4,1,2,5,0,5,8,1,7,7,17,13,4,15,15,0,6,7,13,1,4,7,10,3,15,1,7,10,4,9,4,2,25,9,3,4,4,3,8,0,0,31,9,3,5,0,3,8,15,4,8,3,8,11,2,7,0,1,21,4,5,12,0,1,3,24,0,0,9,1,60,38,4,2,0,1,3,1,15,10,10,9,19,25,2,3,14,1,13,9,6,3,0,3,6,2
2016/01/26,5,1,5,4,1,4,5,8,6,8,9,2,12,1,3,8,2,3,6,0,8,9,18,4,4,2,10,0,14,0,5,1,8,5,5,1,18,0,2,1,0,3,3,1,2,20,0,3,3,0,2,1,14,2,10,3,6,3,0,3,1,1,18,4,4,5,2,1,2,24,0,1,2,0,60,33,1,4,0,6,4,0,5,2,1,5,12,5,1,1,13,1,13,0,18,1,1,7,0,3
2016/01/27,17,1,2,3,1,12,4,9,6,6,15,0,12,0,4,9,3,5,10,3,5,4,17,1,1,2,10,0,16,7,16,0,4,3,5,1,18,2,1,4,2,3,2,0,0,18,4,5,5,1,2,0,9,1,8,7,13,8,3,2,0,0,11,3,5,2,1,3,3,20,2,2,6,0,52,24,1,2,0,5,4,2,3,3,1,12,1,5,2,4,19,1,7,1,13,0,0,2,0,2
2016/01/28,12,1,4,3,1,6,3,9,3,12,7,0,14,3,3,6,1,4,2,1,7,6,18,2,8,2,10,0,12,0,10,7,4,5,1,1,12,4,0,3,3,8,4,0,1,24,5,0,6,1,1,1,9,3,7,8,5,8,1,5,1,4,14,5,4,2,1,3,2,34,0,7,7,5,48,30,4,0,5,7,7,3,5,9,8,9,17,11,3,3,13,1,8,7,10,2,0,2,0,1
2016/01/29,18,1,6,6,2,6,5,9,0,9,7,1,10,5,13,11,0,5,7,2,4,1,16,0,3,3,10,1,4,1,4,4,6,3,5,1,15,5,1,5,3,7,2,1,0,32,2,7,2,0,3,2,11,0,7,1,8,10,2,3,3,1,12,3,3,1,0,3,0,21,0,1,4,2,58,32,4,3,20,6,5,1,6,3,2,14,15,7,6,1,20,0,9,0,10,0,1,2,1,0
2016/01/30,8,1,8,29,3,9,1,6,0,9,16,2,7,4,6,10,2,6,12,2,12,2,25,1,1,3,15,1,17,6,9,9,8,6,4,0,33,3,2,6,5,6,1,1,1,39,6,2,7,1,4,3,24,1,9,1,8,10,2,1,3,0,19,14,4,1,0,2,3,31,1,0,8,2,79,43,3,3,3,13,7,10,7,2,3,20,9,10,2,4,28,0,13,14,17,0,0,7,3,0
2016/01/31,8,3,6,7,1,10,4,9,0,11,16,7,2,4,9,10,0,7,12,3,10,9,24,4,6,0,11,1,19,1,10,6,8,11,8,1,31,5,1,8,8,9,2,1,2,36,3,7,3,1,2,6,19,3,7,6,11,15,2,5,2,6,11,7,1,5,0,0,3,27,1,4,17,3,67,55,2,0,0,5,15,1,9,12,2,19,12,11,1,2,34,0,9,8,12,2,6,4,0,2
2016/02/01,3,0,7,7,0,7,4,1,0,0,16,1,23,6,4,26,1,10,14,3,9,2,11,3,3,4,11,1,16,2,15,5,9,8,1,3,23,2,5,10,5,11,5,0,0,27,10,8,2,0,3,4,11,2,7,5,7,11,12,3,0,0,10,3,2,5,0,2,4,25,0,3,4,3,59,41,2,4,0,7,4,2,7,3,5,16,23,8,3,1,27,2,8,5,17,0,1,0,1,0
2016/02/02,19,6,7,8,0,7,0,5,0,10,10,1,7,4,15,9,2,10,14,5,11,6,17,3,1,3,10,3,18,3,11,10,4,4,1,1,24,5,2,4,4,1,2,0,3,27,7,9,2,1,3,2,19,1,8,4,17,9,3,2,0,2,10,6,7,6,2,3,2,28,2,0,13,1,57,35,0,1,4,6,5,1,4,2,7,8,10,6,5,2,14,0,10,4,16,2,1,7,2,3
2016/02/03,22,2,6,11,1,4,8,12,0,5,14,1,16,4,8,11,3,14,13,1,5,10,21,2,3,2,8,1,12,1,7,4,4,7,3,6,19,2,2,4,6,2,12,0,0,26,2,5,3,1,2,0,16,0,9,3,10,12,0,5,1,1,15,5,2,2,1,8,1,23,0,4,0,3,61,33,1,1,1,9,4,0,5,2,1,14,10,3,2,5,27,0,8,4,11,2,3,5,2,2
2016/02/04,13,3,9,5,0,3,0,3,15,12,5,0,14,4,14,9,2,6,11,2,4,11,27,4,1,7,10,2,10,2,14,6,9,8,0,1,23,3,0,8,4,3,8,2,2,33,2,0,4,4,3,2,12,1,12,6,10,8,1,4,3,0,11,7,4,3,0,4,6,25,0,5,13,1,55,27,2,1,1,8,7,4,3,2,1,20,11,10,6,0,18,4,9,13,14,1,1,2,1,2
2016/02/05,3,5,5,3,0,7,1,9,7,7,10,0,7,4,7,10,1,8,14,7,6,6,20,0,2,4,10,3,9,2,8,4,3,13,6,1,35,2,2,4,6,11,2,1,3,29,4,4,3,3,3,2,24,0,8,4,5,22,4,5,1,4,16,4,4,13,0,0,2,42,1,5,4,1,54,36,1,5,2,5,9,1,5,4,5,13,5,5,3,0,30,2,8,2,18,1,1,3,4,4
2016/02/06,14,3,2,5,0,10,2,14,10,7,8,1,7,5,10,14,4,17,23,1,9,1,26,4,1,3,15,2,12,2,12,5,12,35,2,3,29,5,1,10,8,17,4,3,2,36,4,2,5,2,2,5,17,2,21,5,12,15,1,1,3,2,16,8,4,3,0,4,3,27,0,2,5,0,90,38,1,1,3,6,12,3,6,6,3,15,16,12,4,1,42,2,11,26,12,1,3,4,0,5
2016/02/07,4,2,0,4,0,9,3,12,0,7,4,1,6,3,0,16,4,8,11,1,7,12,18,8,5,0,14,2,6,4,5,12,8,21,8,1,46,5,4,12,11,17,4,0,1,47,3,5,4,1,5,5,18,4,16,2,5,19,2,5,2,1,22,8,3,0,4,4,2,30,1,8,9,2,83,34,2,4,1,7,3,4,3,2,4,16,31,4,1,2,32,6,14,26,22,3,0,1,4,2
2016/02/08,8,0,0,6,0,4,0,13,8,7,8,2,4,6,21,14,3,7,16,3,1,12,14,3,5,10,11,0,15,0,8,8,11,6,2,1,20,0,1,8,7,5,5,1,3,42,6,1,4,2,3,10,7,0,13,5,12,13,1,5,1,2,21,3,4,2,1,5,2,27,0,4,6,4,66,52,5,1,2,0,8,2,7,5,0,17,12,7,5,2,32,1,10,31,10,2,0,5,1,1
2016/02/09,22,0,4,10,4,5,3,9,8,6,7,1,21,3,13,14,3,7,18,4,1,0,19,3,0,2,12,5,13,0,6,4,7,6,4,2,21,4,3,7,10,2,0,2,2,27,3,0,3,1,2,1,25,1,12,1,16,15,1,4,2,4,16,4,6,0,3,2,4,28,2,6,2,3,58,39,2,1,2,6,11,3,2,2,1,13,12,4,3,3,26,1,15,15,5,1,1,4,3,3
2016/02/10,22,1,3,6,5,10,1,18,6,1,11,2,20,2,13,13,1,3,12,2,10,0,19,1,3,16,8,2,14,1,9,2,12,3,1,4,12,5,2,10,8,6,5,1,0,37,6,5,4,0,0,3,15,2,11,7,7,25,3,4,0,1,21,6,2,0,1,6,6,27,2,2,8,3,67,47,3,4,1,5,14,3,13,4,4,24,15,5,2,2,37,0,5,17,18,0,1,8,3,1
2016/02/11,22,1,3,8,3,4,5,12,9,9,12,3,31,1,6,7,3,11,17,1,8,10,8,0,4,6,14,1,9,1,9,3,9,4,6,2,16,7,0,7,5,2,1,0,1,38,3,3,4,0,1,5,15,3,18,0,16,16,1,10,1,3,11,4,3,3,1,4,2,21,1,4,9,3,67,26,2,2,5,0,19,1,8,6,1,20,5,11,5,6,22,2,16,27,11,2,0,7,0,5
2016/02/12,21,0,7,10,1,9,9,14,1,9,5,0,22,4,3,7,3,11,10,2,5,2,11,1,5,9,9,1,8,3,7,3,2,1,4,0,21,4,5,4,8,5,7,0,2,35,5,8,1,0,2,3,14,0,9,4,11,17,1,5,11,3,17,7,4,1,5,4,3,24,0,3,4,3,53,35,4,1,7,7,7,1,5,5,2,18,13,8,6,0,32,2,12,26,16,1,2,5,1,2
2016/02/13,21,3,3,6,6,20,2,10,0,8,13,6,40,2,3,18,2,9,11,6,6,2,18,2,0,5,14,1,12,1,7,8,8,5,6,0,26,2,3,8,4,1,6,4,5,48,1,6,7,1,3,5,20,3,5,0,14,20,2,8,1,1,23,5,4,2,1,3,11,30,1,12,8,4,92,34,3,1,2,6,10,5,8,7,5,15,16,13,9,0,27,0,10,34,15,2,4,3,1,8
2016/02/14,26,2,0,4,6,8,2,6,0,5,9,0,23,7,1,17,3,7,5,1,6,6,24,4,4,4,14,3,4,0,11,7,4,2,8,2,27,3,0,5,6,6,4,1,3,45,5,3,4,1,3,5,21,2,9,8,14,21,4,4,1,2,29,8,2,3,1,2,7,36,2,5,0,0,82,40,2,3,1,14,6,8,3,6,1,24,15,4,3,0,32,8,9,6,12,2,0,2,7,1
2016/02/15,19,0,0,13,2,8,1,8,0,4,6,8,18,2,13,15,3,14,15,0,4,8,14,0,0,4,16,4,0,1,12,0,13,4,7,1,27,6,1,12,7,6,5,2,1,38,6,2,0,1,3,5,33,0,3,0,7,29,0,5,4,0,24,6,7,2,2,2,4,33,0,1,9,3,77,57,5,1,4,25,6,0,6,2,1,20,19,10,6,1,40,2,13,8,16,0,2,3,0,2
2016/02/16,11,3,4,5,6,8,3,14,0,4,12,2,3,2,11,12,4,12,8,4,7,6,17,2,6,4,8,2,3,1,7,3,13,0,0,0,26,6,2,7,2,1,1,0,1,41,1,4,2,1,3,9,13,3,14,7,5,13,1,3,0,1,13,2,5,8,1,1,2,28,0,5,3,1,64,29,2,2,0,10,7,2,6,4,2,10,13,19,5,0,23,3,14,10,18,1,2,0,2,6
2016/02/17,9,1,3,1,3,7,7,8,3,3,7,1,3,3,16,10,3,8,12,1,11,2,14,2,1,1,14,1,12,0,13,5,10,0,2,1,9,2,4,5,3,1,4,1,2,31,3,5,3,1,0,4,15,2,9,1,10,8,2,4,0,1,16,4,3,4,0,3,3,31,1,0,7,6,67,41,2,0,1,2,8,5,4,10,9,9,11,9,2,3,18,1,11,8,14,1,1,7,3,1
2016/02/18,6,4,4,7,3,12,2,7,12,10,9,1,12,3,4,5,2,9,5,1,4,4,8,2,2,2,13,0,18,3,16,0,11,4,1,0,13,2,0,1,2,0,2,0,1,29,5,11,8,0,0,7,15,1,5,4,6,6,2,3,1,1,15,7,7,5,4,3,3,21,0,2,8,2,44,33,2,2,4,6,3,2,7,0,0,10,8,3,4,4,14,3,10,1,7,2,1,2,1,4
2016/02/19,5,0,7,13,4,6,2,7,3,12,15,2,27,2,1,6,0,6,6,2,4,6,8,0,2,4,12,3,10,3,9,5,6,4,4,5,14,2,1,5,7,5,7,0,3,23,6,3,3,0,5,3,17,1,8,4,6,13,0,9,4,4,18,6,10,8,0,2,4,22,0,0,7,0,45,35,2,6,0,10,8,2,8,6,0,13,10,7,2,0,24,2,10,0,15,1,0,2,4,9
2016/02/20,19,1,2,14,5,9,1,7,2,11,15,2,35,4,2,7,3,18,12,1,8,3,21,2,3,1,15,0,13,0,6,6,11,4,3,8,33,6,2,6,8,4,7,2,3,44,4,8,2,0,4,12,21,5,19,5,10,12,2,4,0,0,19,7,2,1,0,3,3,28,1,3,2,1,69,45,3,2,0,9,10,2,7,4,4,16,11,6,7,0,30,1,18,17,16,2,0,3,0,7
2016/02/21,28,1,4,4,5,13,4,11,13,18,8,0,21,3,12,12,3,14,11,2,11,6,17,7,9,9,13,1,10,2,12,10,7,8,2,1,31,3,2,8,8,6,3,2,4,56,4,2,2,1,5,4,22,2,13,3,10,20,3,5,2,2,19,7,1,1,4,4,3,34,1,4,15,1,65,58,1,3,4,8,13,7,7,9,7,20,14,5,3,0,42,1,23,6,18,2,2,3,4,0
2016/02/22,4,1,3,1,3,13,2,10,6,6,8,3,11,1,10,8,3,12,10,3,8,7,11,6,1,0,16,1,17,4,10,9,7,3,3,2,24,4,3,2,6,6,2,1,2,32,1,3,4,2,3,0,13,3,8,5,3,12,0,2,0,0,21,2,1,1,1,1,4,23,0,3,6,2,58,48,3,2,9,7,7,8,7,2,2,23,11,16,7,5,21,1,5,6,10,3,0,2,5,5
2016/02/23,8,0,3,8,2,7,1,6,8,5,5,0,6,0,4,12,3,6,11,3,1,5,15,1,0,5,7,0,6,1,10,5,13,0,2,0,22,2,4,4,6,3,0,0,4,36,7,8,0,2,2,8,21,2,11,2,9,14,2,4,3,3,16,3,2,2,2,1,3,26,1,5,7,2,41,26,0,5,0,7,9,3,7,2,2,11,12,11,3,1,21,0,20,18,20,0,0,3,1,0
2016/02/24,4,2,7,5,4,7,1,6,0,1,13,0,9,2,4,8,0,5,8,2,1,10,8,5,0,2,6,1,12,1,4,0,12,3,6,0,21,5,1,7,2,2,0,3,0,26,2,4,5,1,3,2,9,0,11,4,9,7,1,5,2,4,20,3,0,4,0,3,0,22,2,4,0,4,41,28,5,0,2,4,10,1,6,1,1,15,10,10,0,3,19,0,10,17,8,0,1,0,1,4
2016/02/25,10,3,3,8,4,19,3,7,3,6,8,2,4,1,12,11,2,8,3,2,2,5,8,3,1,5,13,2,7,2,10,4,4,1,4,1,17,2,1,2,2,3,1,0,0,43,0,6,3,0,3,2,19,1,13,5,11,21,2,4,2,1,11,5,5,0,0,1,3,26,1,1,0,0,70,33,2,3,0,13,7,0,6,2,2,10,12,5,3,5,34,1,5,18,6,0,0,2,1,0
2016/02/26,9,0,4,5,3,18,5,14,0,8,14,1,29,5,9,5,1,7,6,0,2,8,12,1,3,2,15,0,19,1,13,4,10,2,0,2,22,2,2,8,4,1,6,1,4,29,4,3,5,2,4,3,12,1,9,2,7,11,0,7,0,3,26,6,4,1,1,1,3,29,0,1,5,2,52,21,2,1,5,6,10,0,5,6,5,12,6,5,3,1,29,0,18,35,15,1,2,1,0,4
2016/02/27,37,7,1,24,4,25,2,6,8,9,10,2,24,3,9,12,1,9,12,0,4,9,14,0,3,3,16,2,3,6,10,0,8,7,5,1,42,4,1,5,6,12,3,0,1,52,3,5,4,2,2,6,23,3,17,10,12,13,2,5,2,1,27,10,3,1,2,2,4,40,2,2,3,2,69,29,1,3,3,0,13,1,7,2,2,20,13,10,4,1,28,0,8,3,22,3,3,7,1,1
2016/02/28,12,0,4,6,4,22,2,3,3,14,12,3,15,7,1,8,2,8,11,2,3,7,12,1,2,2,17,1,17,4,10,9,10,2,3,0,36,4,2,6,3,5,5,0,1,45,12,3,7,0,10,7,43,3,17,3,4,25,1,7,0,4,23,5,2,2,1,1,1,33,2,7,4,4,80,40,2,5,4,0,9,1,5,5,3,13,21,3,5,5,35,0,9,12,17,0,0,7,2,3
2016/02/29,17,0,3,5,2,8,4,6,13,11,9,1,6,5,1,10,2,11,15,2,5,6,19,0,3,0,14,1,14,1,9,5,6,1,9,2,31,5,2,10,7,2,4,0,0,40,5,1,6,3,3,4,23,1,4,5,8,12,2,2,0,2,16,7,9,0,0,5,4,24,2,6,2,2,58,48,5,3,0,6,4,0,8,7,4,13,21,22,5,3,27,1,17,4,9,0,0,3,2,1
2016/03/01,14,0,4,3,1,6,5,5,1,8,11,2,15,3,4,17,1,7,12,0,9,5,16,2,2,4,17,2,17,0,4,1,5,5,4,1,15,1,1,5,8,6,0,1,3,37,0,9,3,1,4,9,23,3,15,5,12,11,1,3,2,4,20,8,2,3,1,3,3,29,0,0,8,1,68,19,1,3,0,7,12,4,9,4,4,17,5,10,1,0,28,3,20,13,6,0,0,1,2,2
2016/03/02,17,0,2,2,4,4,5,14,2,3,8,0,12,4,1,16,2,8,4,2,3,10,7,1,1,1,9,0,13,2,11,5,6,6,4,2,15,4,3,5,10,5,1,0,4,30,0,8,4,3,4,4,11,0,14,3,9,15,0,5,2,4,13,4,8,1,2,1,1,28,0,3,7,1,57,37,2,4,0,6,15,2,5,7,3,17,7,4,3,2,18,2,5,10,16,2,1,4,5,0
2016/03/03,17,0,5,2,1,4,1,3,4,5,17,2,36,2,0,8,4,15,5,1,0,4,19,4,2,10,14,1,8,0,5,8,7,4,4,1,15,2,3,7,6,1,4,0,1,40,3,8,6,0,2,16,20,0,9,1,12,6,2,3,1,2,15,8,5,1,5,2,7,31,0,3,8,0,60,39,2,3,0,8,9,3,12,7,4,19,5,4,2,1,24,1,13,11,11,0,2,2,1,2
2016/03/04,18,1,6,3,3,6,3,18,6,6,11,0,18,4,3,7,4,9,13,2,6,6,10,2,1,9,10,0,3,1,8,2,0,2,2,8,14,0,1,2,9,3,3,1,0,17,7,2,0,0,3,3,13,0,7,6,9,9,0,2,1,2,14,10,4,3,0,2,2,26,3,3,5,0,49,26,3,5,0,3,6,3,7,3,3,15,9,11,4,3,17,0,23,3,13,2,1,4,3,2
2016/03/05,28,3,13,12,8,7,6,7,8,10,10,2,23,8,3,12,3,16,13,0,7,8,13,1,8,3,14,0,9,2,14,6,12,5,3,0,19,4,0,4,7,5,11,3,1,40,2,11,0,1,2,4,26,3,7,3,6,21,1,6,2,0,18,5,1,6,3,2,1,46,2,4,17,1,65,41,3,3,2,11,7,1,10,8,3,20,11,5,3,2,41,0,21,11,15,2,0,6,0,3
2016/03/06,29,0,0,3,0,5,11,6,8,13,9,8,15,3,10,13,3,9,18,7,11,17,18,12,0,0,11,2,18,1,10,5,15,6,8,0,23,5,1,7,5,2,3,1,3,53,0,1,0,4,6,2,14,4,14,4,12,21,0,8,12,3,23,10,2,4,3,5,2,29,1,5,1,2,80,60,3,7,1,4,4,2,7,9,6,20,20,10,5,4,34,2,6,17,28,1,1,3,5,2
2016/03/07,17,2,4,10,5,10,4,7,1,12,12,0,21,4,3,13,6,6,12,3,0,3,19,4,4,9,18,3,12,3,6,3,7,0,3,0,17,4,0,4,2,4,6,2,2,30,12,3,9,0,6,3,25,2,11,6,11,11,1,5,0,1,15,2,5,2,2,2,2,22,2,1,14,2,75,43,5,2,0,4,4,3,9,2,9,15,15,18,3,4,20,1,6,33,11,4,0,6,3,1
2016/03/08,15,1,3,8,4,19,9,14,3,5,5,3,30,5,10,3,2,7,20,4,3,12,8,0,2,6,12,3,18,3,4,7,7,5,5,0,18,4,1,6,9,4,1,0,4,37,0,8,4,0,3,0,17,1,12,2,7,11,0,3,0,1,25,6,6,4,2,4,3,25,0,2,7,2,59,45,2,5,1,9,2,5,6,5,3,14,15,7,5,0,28,1,11,14,9,1,2,2,1,0
2016/03/09,18,0,9,10,2,10,11,7,1,11,12,4,24,4,8,0,2,13,20,0,3,0,14,0,2,3,11,4,7,0,9,4,4,2,3,0,13,1,0,10,3,2,0,1,2,20,0,5,3,4,5,4,10,0,16,2,11,10,1,4,3,0,10,5,5,2,2,3,4,26,1,5,7,3,56,63,7,2,3,15,8,0,6,1,1,15,14,13,1,2,26,13,11,8,7,1,1,0,12,0
2016/03/10,16,2,7,3,17,8,13,20,1,3,7,2,28,4,1,9,5,15,11,3,8,4,11,3,4,4,14,0,10,2,5,0,2,0,1,3,11,3,1,5,8,2,0,1,2,37,0,5,5,2,4,2,9,1,8,5,10,15,0,3,1,1,14,4,9,2,1,3,3,20,1,5,3,2,45,30,5,3,0,8,3,0,2,2,1,10,10,9,2,2,22,2,9,3,9,2,1,0,1,1
2016/03/11,25,0,4,13,3,11,7,18,11,8,11,2,19,4,3,16,2,12,10,0,4,3,14,1,4,5,20,0,15,0,13,2,5,7,0,2,23,2,2,8,4,8,3,0,2,25,7,1,4,0,4,3,12,1,10,4,9,7,2,4,2,0,16,6,5,2,2,1,0,22,0,3,7,1,55,28,1,3,0,8,7,3,10,8,2,8,10,5,3,0,30,3,2,7,14,2,1,0,0,1
2016/03/12,22,1,5,8,4,7,7,10,0,15,3,3,13,2,6,12,4,15,22,5,10,10,17,3,1,7,14,1,13,1,15,3,8,3,2,1,23,5,2,4,7,6,2,2,1,32,4,7,7,0,3,4,22,1,8,3,7,18,3,3,2,0,23,5,4,4,1,0,7,28,1,3,18,3,72,26,5,2,5,2,9,1,6,8,6,20,16,6,3,3,28,10,12,14,11,1,2,5,0,3
2016/03/13,23,1,6,8,6,7,5,12,3,8,15,3,15,5,0,25,3,15,16,4,7,12,18,0,3,11,19,1,18,2,8,6,11,2,2,0,28,6,1,3,6,5,4,0,5,39,1,13,4,4,5,2,18,3,8,3,9,23,0,5,2,0,23,7,0,4,2,3,4,29,2,7,14,2,92,35,1,5,2,4,7,2,4,19,2,20,20,9,0,0,20,0,8,22,25,3,1,2,4,2
2016/03/14,19,0,4,8,2,16,6,26,6,10,14,7,18,4,15,7,0,5,11,2,8,11,16,0,4,3,11,4,10,10,8,9,5,4,1,1,20,0,3,7,6,3,7,0,5,29,0,7,6,2,7,2,18,2,12,5,15,12,5,0,0,3,13,8,3,7,0,0,2,29,0,6,8,1,52,35,1,0,2,6,10,6,5,10,7,12,11,17,3,2,29,0,14,9,9,0,5,4,3,2
2016/03/15,6,0,3,6,0,5,8,2,6,13,11,0,5,0,4,22,2,3,9,0,3,6,12,1,2,0,13,0,15,0,3,2,4,2,6,0,20,2,0,4,3,4,2,0,2,25,11,6,5,0,4,15,22,0,9,4,11,7,2,3,3,2,23,4,5,2,2,5,4,20,0,0,11,2,41,38,1,3,2,8,5,0,6,2,6,18,15,8,1,3,24,2,10,18,14,0,0,4,1,1
2016/03/16,9,3,3,3,0,3,12,5,2,4,5,2,6,3,0,9,4,6,3,4,6,5,10,0,5,0,12,0,9,0,16,0,5,4,4,1,16,6,6,7,1,7,3,1,1,52,1,4,7,0,2,1,17,2,11,3,8,14,1,4,3,0,17,0,6,3,4,4,4,28,0,2,12,5,50,22,0,2,0,9,10,2,6,7,4,17,14,4,1,2,19,0,1,21,13,0,1,3,0,0
2016/03/17,7,0,9,5,6,8,7,4,4,9,13,0,17,2,0,6,0,8,8,3,7,2,8,6,5,0,13,2,6,3,6,0,9,2,2,1,21,5,0,6,6,4,1,0,2,50,0,5,5,4,1,9,20,0,12,6,8,12,0,3,0,6,22,8,7,2,0,3,2,23,0,3,7,1,56,28,1,2,1,9,6,1,3,2,3,19,10,0,4,0,35,2,14,4,11,0,0,2,3,1
2016/03/18,9,1,2,0,8,9,5,5,7,8,16,2,4,2,0,11,2,8,10,2,5,10,9,2,4,0,15,0,11,1,4,0,6,8,5,0,14,5,1,6,3,5,3,3,6,36,0,7,10,1,7,1,10,1,12,4,10,15,0,2,2,0,24,2,5,3,0,5,1,22,0,2,4,0,45,33,2,2,0,5,11,0,7,3,1,15,15,1,2,0,27,1,16,13,9,0,0,3,0,1
2016/03/19,13,1,2,5,4,7,5,11,7,8,16,6,6,3,0,9,3,14,17,2,8,13,4,4,0,5,14,2,11,2,6,11,5,10,3,3,26,2,2,13,3,9,3,5,1,60,3,4,6,1,4,0,21,2,7,4,11,16,1,3,3,2,41,4,6,1,2,4,5,37,1,5,7,3,57,27,5,3,5,13,8,4,4,8,6,17,7,9,2,0,39,0,15,1,19,1,1,3,0,2
2016/03/20,17,2,3,2,1,7,6,5,2,6,15,1,2,10,2,10,1,9,15,1,0,4,23,3,4,4,6,0,15,1,15,4,7,12,1,1,33,6,0,9,6,6,1,1,0,51,2,7,5,0,4,1,27,2,13,3,14,19,0,9,2,1,16,12,4,3,2,2,3,30,1,6,14,3,72,28,3,3,1,6,8,3,7,6,4,22,21,6,5,3,32,2,5,8,17,3,4,3,2,2
2016/03/21,13,0,6,1,2,7,2,11,2,5,23,2,3,1,8,11,5,6,12,3,4,2,7,0,4,3,13,0,16,1,6,0,5,3,2,2,17,3,1,4,9,7,2,0,4,27,7,8,2,3,2,0,19,3,4,4,9,15,5,6,3,0,12,1,7,8,0,1,2,22,0,6,10,2,39,39,4,3,3,14,6,0,8,8,2,9,18,7,0,1,27,0,6,10,9,2,1,3,2,3
2016/03/22,17,1,7,4,2,6,13,7,10,6,15,2,12,5,0,10,0,10,6,5,2,1,11,2,3,8,9,0,9,4,8,0,4,5,10,3,15,6,1,7,3,2,3,0,0,45,0,10,3,3,3,0,18,3,10,3,14,17,1,6,3,2,17,9,4,2,2,5,3,31,2,5,3,1,59,41,0,4,1,10,8,2,9,5,1,19,9,7,5,5,28,0,9,9,13,2,0,1,1,0
2016/03/23,12,1,4,1,1,4,12,10,4,5,24,7,10,1,26,8,2,11,17,2,13,5,10,4,1,5,14,1,17,1,8,0,3,5,4,0,24,2,1,6,7,4,1,0,1,36,0,10,5,0,7,15,10,2,14,4,6,7,1,4,1,3,17,4,8,4,1,4,1,22,0,6,6,4,63,28,1,2,4,7,7,2,7,8,2,19,11,4,2,0,24,0,6,14,14,2,3,3,0,0
2016/03/24,23,2,3,1,2,6,2,6,0,3,6,2,11,0,2,3,2,9,8,2,3,3,9,1,6,2,7,1,4,1,5,4,8,3,3,0,10,4,1,7,5,9,2,0,3,23,3,1,3,0,1,5,9,2,12,2,12,17,0,3,1,4,19,10,8,2,1,3,4,23,1,2,2,0,68,21,2,3,0,6,6,0,9,1,1,15,11,6,5,0,37,0,14,5,19,0,1,1,0,2
2016/03/25,10,3,2,2,4,13,1,15,15,5,6,3,15,3,0,5,1,12,9,4,3,14,10,4,2,2,19,0,7,2,11,2,4,8,2,1,26,0,1,8,8,4,2,1,1,54,4,3,3,0,4,3,16,2,12,2,8,15,1,5,0,0,23,12,4,2,3,0,1,46,0,4,3,2,66,25,5,1,7,5,6,2,8,3,4,18,8,7,5,0,27,0,2,24,14,2,0,2,0,2
2016/03/26,21,7,1,8,19,10,1,21,6,19,10,2,39,2,9,13,2,4,16,1,5,9,9,1,3,10,14,1,13,1,4,3,6,6,7,3,23,3,0,10,9,7,4,0,2,74,6,5,3,1,3,12,10,1,14,1,10,29,2,8,8,3,18,5,7,6,2,4,1,34,0,2,4,2,100,29,0,2,2,3,5,4,13,5,2,18,14,5,4,0,54,1,9,19,26,0,1,2,11,2
2016/03/27,16,3,4,3,7,13,5,15,1,10,10,5,9,2,1,8,0,10,8,4,4,4,8,0,4,3,15,0,11,4,17,8,5,18,4,4,51,3,1,7,6,15,5,1,0,68,5,5,8,2,6,0,16,8,10,4,8,22,2,3,0,1,21,7,1,4,1,3,2,44,1,8,6,4,110,28,4,2,0,5,10,1,8,2,5,23,19,9,4,7,26,0,3,8,30,2,0,5,2,0
2016/03/28,4,2,7,0,2,3,5,3,1,1,9,0,1,0,23,13,2,18,9,2,5,1,16,3,2,8,14,0,9,2,11,4,1,3,2,0,19,1,2,3,8,3,2,0,1,36,2,5,3,0,0,0,18,0,7,4,5,22,0,5,3,2,14,10,8,4,0,3,0,24,0,3,6,0,60,27,1,5,0,6,6,0,3,2,0,18,5,6,2,0,26,1,3,15,14,0,1,2,1,2
2016/03/29,6,1,10,1,0,2,4,10,1,5,10,3,1,1,0,8,2,14,7,3,5,6,16,0,3,4,9,1,6,2,8,5,2,1,4,1,13,7,1,5,4,5,2,3,1,43,6,7,3,0,7,3,17,0,16,3,10,10,1,1,2,2,20,2,2,3,3,3,1,9,3,9,2,1,53,60,1,3,4,2,11,2,3,5,1,12,17,7,0,4,28,0,9,9,13,2,0,2,1,4
2016/03/30,3,1,7,0,1,5,8,9,0,2,11,1,8,2,3,9,0,8,7,0,2,4,6,0,4,4,12,0,10,0,8,0,3,3,2,3,19,1,1,7,5,2,0,2,3,30,4,7,3,0,1,2,13,0,13,2,7,6,1,2,0,0,22,4,4,0,3,0,1,23,0,4,5,0,44,28,5,2,0,8,7,2,4,2,3,18,6,5,0,4,34,0,11,12,8,1,2,4,1,2
2016/03/31,13,2,8,1,2,4,2,6,11,10,4,0,12,1,2,6,3,8,10,3,5,5,16,1,3,8,2,0,9,1,4,9,5,5,1,1,11,2,2,3,7,4,0,0,0,24,5,6,5,1,2,3,14,2,15,3,9,21,1,6,5,2,14,6,1,2,0,1,2,25,0,8,5,2,42,37,0,3,0,3,5,0,4,3,1,21,6,5,2,1,25,1,12,6,15,0,2,1,0,3
2016/04/01,8,0,14,2,4,4,7,4,21,6,12,3,4,6,1,5,4,15,14,2,7,4,18,4,2,3,11,0,10,2,6,2,4,2,3,1,15,1,0,4,7,6,0,2,0,33,4,5,3,3,7,2,14,0,19,2,13,18,0,3,3,1,14,0,5,2,2,4,1,35,0,7,4,2,62,24,1,3,3,5,12,10,6,3,2,18,7,8,3,0,34,1,11,7,18,1,1,4,1,0
2016/04/02,9,2,4,2,0,4,6,0,0,8,10,1,6,2,6,18,1,6,14,2,9,3,10,0,3,5,19,4,11,5,6,9,11,1,7,1,26,3,0,4,16,7,3,2,1,47,9,5,3,0,1,1,17,6,8,2,11,19,1,10,1,1,25,6,2,1,1,1,1,44,1,2,7,4,72,37,5,2,1,5,11,0,11,0,3,27,10,9,3,0,39,1,25,13,18,1,1,2,1,1
2016/04/03,6,1,3,4,1,6,3,6,0,6,5,6,8,7,11,11,1,9,18,5,8,17,3,0,6,7,14,2,16,1,15,5,17,6,1,5,39,4,2,8,3,10,1,1,4,61,5,6,4,3,9,2,22,1,7,7,13,19,1,2,1,2,19,9,9,2,2,2,4,33,0,4,4,1,73,48,3,3,4,11,13,0,7,6,5,25,17,12,2,6,35,2,31,14,16,2,3,3,0,7
2016/04/04,7,3,3,2,0,0,13,4,2,4,11,9,4,2,3,10,2,14,10,1,6,10,20,2,3,0,14,0,9,0,8,3,10,2,1,3,29,5,0,5,11,3,4,0,1,42,9,9,4,0,4,12,15,3,6,7,14,21,3,6,1,1,19,3,5,18,1,3,3,25,0,5,10,1,60,38,7,1,2,6,5,0,11,2,3,24,11,6,1,0,29,2,15,15,12,0,0,4,0,2
2016/04/05,1,1,13,7,0,1,4,19,8,4,14,0,6,5,2,11,2,11,13,0,4,6,16,6,4,6,11,0,9,2,12,2,13,6,6,3,19,4,3,7,8,3,4,0,3,38,3,12,5,1,5,3,16,2,11,2,8,11,4,6,6,6,16,7,6,0,2,3,3,28,2,11,7,2,70,34,2,9,2,0,7,0,9,2,3,18,13,3,1,2,45,1,19,4,16,0,3,15,0,2
2016/04/06,20,1,1,5,5,6,6,6,4,7,7,1,9,4,1,9,1,12,9,2,4,5,7,0,1,1,13,2,11,6,10,0,6,7,7,0,24,5,1,3,13,1,1,1,3,60,6,2,3,1,9,1,17,0,14,7,12,18,0,3,2,2,25,5,6,3,7,2,3,35,0,2,5,2,75,29,2,5,3,8,6,2,8,2,3,20,18,4,5,8,41,2,13,23,9,2,0,0,0,1
2016/04/07,13,2,4,3,6,7,2,6,2,2,10,0,10,6,1,9,2,10,13,1,5,9,5,3,6,1,15,1,16,2,7,5,9,3,3,0,28,5,2,5,6,4,5,1,1,40,3,6,2,1,2,0,8,1,16,5,14,18,1,4,3,2,16,3,3,3,2,0,1,35,0,5,5,1,69,35,2,2,3,3,12,4,4,1,0,31,11,2,2,4,38,1,20,10,14,0,0,0,1,2
2016/04/08,21,4,4,5,3,2,4,5,8,5,6,1,8,2,3,7,0,9,7,5,7,6,11,2,8,8,9,2,13,0,10,6,11,3,7,0,23,5,3,5,8,1,0,2,0,46,3,2,2,1,2,0,15,2,13,3,11,14,3,4,1,0,25,6,0,3,0,2,2,32,1,2,8,2,58,42,2,7,0,9,9,2,4,0,1,29,11,3,3,1,30,4,15,51,19,2,2,1,1,4
2016/04/09,24,2,4,5,2,7,2,7,0,10,6,1,14,5,15,13,3,19,14,4,12,3,9,0,4,5,15,3,16,1,3,0,16,4,2,4,34,2,2,9,5,2,3,1,1,51,5,8,7,1,4,2,14,0,7,1,11,23,0,4,0,2,10,5,2,5,2,6,5,38,0,3,8,2,84,46,3,6,4,4,11,4,5,2,5,23,14,3,7,0,32,6,8,7,4,0,3,1,5,1
2016/04/10,12,1,5,1,2,2,6,4,1,5,7,5,5,4,10,13,4,20,18,3,6,3,4,7,5,1,13,0,19,1,13,8,15,3,4,1,30,2,4,8,8,5,4,0,2,52,5,8,6,2,13,3,21,2,8,8,10,24,4,5,0,5,21,6,10,1,5,2,2,40,1,9,11,4,85,49,4,7,5,6,6,0,2,9,5,27,17,7,5,6,13,0,21,29,19,3,3,6,0,2
2016/04/11,11,1,4,4,2,9,2,6,0,10,10,4,8,10,0,10,3,15,12,3,0,8,9,3,1,6,12,0,13,1,19,16,10,1,7,4,19,5,0,5,9,3,4,1,4,58,11,11,0,2,8,5,0,0,15,5,5,20,0,3,0,1,18,9,10,9,1,0,5,41,3,8,4,0,76,38,3,2,1,5,12,0,19,7,2,15,16,27,0,0,18,1,14,9,6,0,3,3,1,1
2016/04/12,20,2,3,1,14,10,0,6,4,4,10,3,7,2,8,16,1,14,8,1,6,4,12,0,7,11,10,1,13,4,2,1,5,2,3,4,22,4,4,3,9,1,1,1,4,35,4,9,0,2,7,2,9,3,15,7,11,17,1,3,0,1,14,7,0,4,2,2,2,23,0,2,0,4,60,22,3,1,4,1,8,3,6,1,6,22,9,3,4,5,24,3,13,37,11,2,0,3,0,2
2016/04/13,12,0,7,3,6,3,4,4,8,6,6,2,5,4,6,8,1,5,11,1,4,3,12,0,5,2,13,1,12,0,17,4,6,3,4,0,16,1,1,7,8,5,1,0,2,43,5,2,3,1,3,3,16,0,7,4,9,8,0,6,0,1,22,7,3,1,1,0,3,20,3,1,6,1,52,41,0,3,2,7,14,2,5,3,0,9,9,2,4,3,41,0,14,1,11,0,1,1,1,1
2016/04/14,10,1,3,0,1,4,1,12,7,7,4,0,14,0,5,4,3,8,7,1,2,6,8,2,4,2,15,1,6,0,7,5,3,2,4,2,23,2,2,3,5,5,2,1,2,30,4,7,3,1,3,16,14,0,14,4,11,18,1,3,1,1,20,4,1,3,0,0,3,14,0,4,3,1,63,29,0,1,4,6,4,1,3,4,1,17,12,5,4,1,29,2,19,1,14,0,1,3,2,2
2016/04/15,9,1,6,2,2,2,7,12,2,4,5,1,21,4,0,5,1,10,6,2,3,4,9,1,0,3,8,0,12,3,11,7,3,8,5,2,29,5,0,5,6,2,1,1,4,44,5,2,0,1,3,2,0,7,4,1,7,22,0,2,1,0,22,6,2,0,0,0,1,31,1,8,9,2,57,33,0,0,2,5,10,1,7,1,3,8,12,11,4,4,31,0,13,21,15,2,1,6,1,5
2016/04/16,19,1,1,0,5,9,3,18,19,11,11,1,21,3,0,8,3,7,17,1,6,10,13,2,5,9,22,0,11,3,13,6,3,5,5,2,36,5,3,12,9,4,4,1,3,65,4,11,6,1,5,3,0,1,11,7,9,27,3,1,0,1,35,8,4,0,0,3,3,46,0,7,13,1,85,28,0,8,1,0,10,1,9,2,5,16,14,11,8,3,35,0,12,13,10,0,1,7,0,3
2016/04/17,6,2,5,1,14,6,3,4,4,15,8,3,9,3,6,11,0,13,14,1,3,1,12,1,8,15,15,1,18,1,1,6,4,8,14,2,58,7,1,9,9,2,5,0,2,81,9,6,7,0,0,6,22,5,13,3,15,28,1,7,0,1,24,4,7,2,0,4,3,49,3,5,5,1,91,60,1,4,4,5,10,1,6,5,0,20,10,7,4,3,57,0,24,26,10,1,0,2,1,1
2016/04/18,10,2,3,2,2,3,3,5,1,10,18,2,2,4,12,9,0,8,8,0,5,1,7,4,3,13,17,2,11,2,9,2,9,7,6,1,37,7,1,7,4,0,1,2,1,59,4,4,4,1,0,2,19,2,10,8,27,19,7,4,0,5,14,12,5,0,1,1,2,31,2,7,0,2,77,31,2,0,3,12,8,4,9,1,0,17,12,10,3,9,24,2,15,61,12,2,0,1,0,0
2016/04/19,4,1,4,3,2,1,5,4,1,6,15,0,13,0,4,7,1,3,3,2,7,5,18,3,4,16,7,4,12,2,9,6,8,2,5,0,18,4,3,9,7,6,5,0,2,56,8,9,3,1,3,3,11,1,11,0,17,17,0,3,0,4,15,5,4,1,2,0,4,31,2,3,10,1,75,25,5,5,4,2,1,2,10,2,0,20,6,2,3,0,25,1,14,6,18,2,0,5,0,2
2016/04/20,3,0,10,6,1,4,12,4,1,1,0,2,3,0,20,7,1,6,3,3,5,5,14,2,2,12,11,1,8,1,15,5,3,3,8,4,27,3,0,7,8,4,1,1,1,29,2,2,1,4,4,1,4,1,8,2,19,18,1,1,1,2,16,6,6,3,3,4,3,27,0,4,5,5,70,25,6,3,6,2,10,2,7,0,0,16,11,10,5,0,33,0,16,19,8,5,2,3,0,0
2016/04/21,5,3,6,4,2,3,4,0,2,3,10,0,5,2,1,8,1,14,8,6,2,1,10,0,2,6,15,1,10,2,4,3,5,5,6,2,24,2,2,5,1,6,0,0,0,46,9,8,1,2,0,13,13,8,6,4,13,17,0,3,0,2,7,2,2,0,1,5,3,26,0,3,9,0,48,23,2,1,0,8,9,0,5,0,0,19,10,11,5,0,23,0,3,10,13,1,3,5,0,0
2016/04/22,5,1,5,9,0,8,3,7,8,1,13,4,17,3,0,6,1,8,5,2,3,5,10,2,2,8,15,2,11,4,9,8,13,5,4,2,22,3,1,11,5,5,2,0,2,35,5,2,0,0,2,3,10,2,7,6,16,16,1,2,0,2,18,1,10,0,4,3,1,30,0,3,9,3,61,37,2,2,1,1,9,0,10,1,0,22,21,8,2,4,20,1,15,2,16,0,1,10,0,3
2016/04/23,21,1,13,11,2,13,3,13,3,1,7,0,22,0,6,13,2,10,19,2,8,4,18,1,4,4,21,2,8,8,21,4,3,4,7,1,37,3,2,9,6,4,5,5,2,61,7,4,4,2,1,1,16,3,10,3,19,19,1,5,1,0,21,8,6,5,2,2,5,33,0,2,1,2,74,28,2,8,2,7,6,1,10,1,1,24,11,6,4,3,42,1,13,1,15,1,1,3,4,2
2016/04/24,19,0,2,2,0,4,4,6,6,3,10,6,19,1,14,11,2,6,9,1,6,7,23,2,7,6,13,0,8,1,11,2,8,2,6,2,29,7,1,10,11,4,1,1,0,39,5,4,4,1,10,0,21,2,16,6,14,20,3,2,0,1,28,9,7,6,2,3,1,36,0,5,14,1,78,41,3,6,3,1,9,6,4,1,1,24,8,9,4,1,40,0,4,3,18,2,5,0,3,1
2016/04/25,34,4,3,15,5,11,4,16,4,5,13,3,7,1,9,8,0,4,8,2,5,1,14,2,3,12,12,0,12,5,16,4,6,3,2,1,20,6,5,7,10,5,2,1,1,46,6,4,5,0,1,2,10,2,17,4,10,20,1,3,0,3,8,7,3,6,3,3,7,32,2,3,11,4,74,36,0,2,4,8,2,3,10,0,0,13,11,20,7,7,35,0,7,2,22,1,1,5,2,3
2016/04/26,16,0,3,5,1,11,2,7,1,4,12,1,7,2,4,5,2,7,13,2,4,12,6,1,4,1,10,2,8,3,5,5,8,3,2,2,15,3,0,5,4,2,4,0,2,38,7,4,5,0,1,5,10,1,7,4,13,13,1,3,3,4,10,2,10,3,1,3,4,30,0,2,7,0,61,22,0,0,3,3,3,0,5,1,2,19,18,17,4,1,31,0,13,10,13,1,0,2,1,0
2016/04/27,8,0,5,5,0,10,3,10,5,2,14,2,14,4,1,9,1,12,7,0,6,6,10,1,3,5,8,0,13,1,12,1,6,1,5,2,14,5,3,11,7,3,3,0,1,26,10,3,2,0,1,4,6,1,7,3,5,10,1,1,0,3,13,7,2,1,4,4,1,34,0,2,6,0,45,23,4,3,0,5,4,0,9,0,0,8,9,17,6,0,28,0,7,0,5,2,1,3,2,1
2016/04/28,29,1,7,6,2,9,7,9,5,3,7,1,13,3,6,4,0,3,1,0,9,2,5,1,1,6,7,0,16,1,4,11,6,2,8,2,19,0,1,10,4,4,3,1,0,42,7,5,2,0,5,12,15,0,11,3,9,20,1,1,0,2,18,3,9,2,1,5,3,28,0,3,11,2,59,22,1,2,1,5,7,1,9,2,1,24,14,24,2,2,35,0,4,10,8,0,0,1,0,0
2016/04/29,11,0,9,4,1,5,4,9,4,3,11,1,3,2,0,7,2,14,4,0,3,8,16,0,5,3,14,1,9,0,11,1,4,3,2,3,18,2,1,4,9,5,3,0,3,51,5,3,2,1,2,2,11,7,11,7,7,13,0,3,3,0,22,6,5,0,1,1,4,34,1,4,5,0,65,22,1,2,0,13,5,4,9,3,0,20,14,23,1,0,39,1,9,4,10,0,1,11,2,1
2016/04/30,20,0,6,7,3,11,1,17,4,6,15,2,7,6,5,12,2,15,10,2,7,9,14,0,6,9,13,0,14,2,7,10,2,5,7,5,20,7,2,13,5,4,3,0,0,63,3,3,4,3,5,4,17,0,5,5,19,34,0,8,2,2,19,6,8,3,2,1,5,37,0,5,6,3,76,23,4,2,3,0,13,1,2,1,3,18,17,36,4,3,42,0,4,4,14,2,0,2,0,2
2016/05/01,24,3,3,6,1,9,6,9,10,4,6,0,14,2,15,10,4,15,14,1,7,12,13,1,3,3,15,4,1,2,15,2,9,6,3,3,29,3,1,12,8,6,3,1,2,80,6,5,8,2,0,4,12,0,15,5,11,33,1,3,2,1,20,10,2,2,1,8,4,38,3,9,8,5,114,56,5,4,1,3,11,3,6,2,2,27,15,27,14,2,51,3,0,5,14,0,1,3,6,5
2016/05/02,20,0,7,2,2,3,13,9,4,3,17,6,18,8,1,12,0,18,18,1,3,4,8,3,5,1,13,1,12,1,8,3,8,3,3,0,13,7,0,8,6,4,3,1,2,47,6,5,7,0,5,7,18,1,3,0,13,23,1,1,0,3,14,8,6,3,1,3,1,28,3,1,9,3,59,38,1,3,2,9,6,0,9,1,3,12,17,16,1,2,29,0,9,4,9,1,1,1,1,3
2016/05/03,13,0,5,5,4,19,3,10,11,2,6,2,14,3,11,9,1,9,11,3,8,1,19,1,4,6,12,2,0,3,7,2,11,3,2,2,23,1,0,6,3,2,4,0,2,37,5,6,2,0,0,5,17,1,8,7,14,9,0,2,0,4,14,8,3,7,5,2,1,26,1,6,9,8,53,30,3,6,5,5,8,3,12,1,2,18,9,19,4,1,32,1,4,25,9,5,0,7,0,4
2016/05/04,5,3,6,2,1,5,5,16,7,2,8,7,7,7,2,6,2,11,15,3,4,7,5,4,3,2,11,3,11,1,9,5,9,1,10,0,14,4,1,10,4,5,1,1,1,37,4,2,0,1,3,3,4,0,17,3,16,14,0,4,4,1,20,5,4,4,3,7,3,35,1,4,8,1,60,26,2,3,7,9,10,6,13,3,2,21,16,26,1,3,44,5,9,28,13,0,1,3,7,1
2016/05/05,13,0,5,2,0,0,4,11,6,2,14,0,5,5,0,8,1,6,9,1,9,2,13,3,2,4,15,1,9,3,18,6,0,2,4,1,19,1,3,6,4,2,3,2,2,30,3,8,0,0,4,10,11,0,7,2,12,9,1,1,2,2,12,4,8,2,0,0,4,20,2,2,4,1,55,20,6,2,1,5,7,2,3,3,0,23,14,24,2,7,37,4,4,5,6,4,1,3,0,2
2016/05/06,14,0,7,2,5,10,6,10,13,0,16,1,6,4,0,1,3,8,8,1,7,11,9,3,4,2,8,0,12,0,4,0,5,5,2,0,21,1,0,5,3,4,3,0,2,31,4,2,0,1,6,4,9,4,10,8,12,16,0,4,1,2,9,7,6,3,2,0,2,30,0,3,8,0,51,28,1,3,4,4,3,0,3,2,0,17,16,19,2,5,25,1,5,7,13,1,1,1,2,1
2016/05/07,18,0,2,6,2,14,2,11,0,3,5,3,7,5,0,11,1,8,19,1,0,10,16,4,3,6,12,1,21,2,9,7,6,3,6,3,19,0,2,13,8,7,6,1,2,48,4,3,0,1,0,1,2,1,9,6,10,16,1,6,2,1,11,11,4,1,4,4,2,26,2,6,6,4,72,34,1,6,1,10,7,0,9,3,0,21,16,38,1,1,35,3,4,9,14,1,0,2,6,4
2016/05/08,12,2,1,3,0,7,1,7,0,8,6,0,3,4,11,6,0,5,14,4,11,2,19,2,6,4,15,0,7,2,14,5,9,3,2,1,23,6,2,11,9,2,1,0,1,57,6,7,5,0,0,2,11,4,11,3,13,16,2,5,0,0,19,7,4,0,1,4,5,31,0,2,19,0,75,42,2,1,0,11,3,3,6,0,3,16,10,21,4,0,35,13,7,12,22,1,5,2,2,2
2016/05/09,13,0,2,5,0,5,2,4,0,4,10,0,16,6,14,13,0,7,10,2,6,1,8,1,8,9,14,0,14,2,6,6,5,3,6,3,34,5,2,11,2,4,3,4,2,57,11,6,6,1,2,6,16,0,18,9,15,13,1,1,2,1,16,6,5,7,0,4,4,44,0,4,2,1,70,46,4,4,0,3,6,3,8,3,1,25,14,44,3,0,36,0,15,26,18,0,1,1,2,3
2016/05/10,13,2,1,1,0,6,3,10,2,3,1,2,12,7,4,9,3,5,6,2,10,4,12,2,6,9,19,4,8,4,13,2,11,2,6,3,17,3,1,6,4,3,1,2,2,37,3,5,2,2,2,12,17,4,4,6,11,15,2,2,3,4,16,3,6,2,1,1,0,27,0,5,3,3,73,34,1,3,0,6,5,1,14,0,3,16,4,20,1,0,29,0,6,10,7,1,2,3,1,5
2016/05/11,3,0,5,1,3,5,5,5,0,1,16,2,9,2,6,8,3,12,12,0,4,5,5,1,1,1,13,4,17,0,11,0,10,6,6,1,20,2,1,5,5,4,3,0,2,55,2,4,10,1,1,1,9,4,12,4,12,16,1,4,2,0,17,8,6,2,0,7,2,37,1,7,6,1,59,22,2,2,0,2,8,1,7,0,4,16,11,24,6,0,23,1,5,8,17,0,0,1,2,2
2016/05/12,10,0,5,1,1,5,7,5,4,1,15,1,5,4,4,3,3,8,8,1,9,11,13,0,3,1,19,0,8,4,20,6,5,2,1,2,13,0,0,8,6,1,1,1,0,39,5,3,1,1,5,2,7,0,4,3,6,19,1,5,2,1,11,3,1,1,0,4,4,33,1,1,8,4,55,26,3,3,1,4,4,1,2,4,1,17,10,19,1,0,15,1,3,1,18,1,1,4,3,0
